{
  "skills_mean": [
    [
      -0.1581033170223236,
      0.5478331446647644
    ],
    [
      0.012210487388074398,
      0.6145234107971191
    ]
  ],
  "skills_cov": [
    [
      [
        0.021734919399023056,
        0.011226367205381393
      ],
      [
        0.011226367205381393,
        0.023848149925470352
      ]
    ],
    [
      [
        0.022681010887026787,
        0.012564321979880333
      ],
      [
        0.012564321979880333,
        0.025739295408129692
      ]
    ]
  ],
  "probs_grid": [
    [
      0.12914378941059113,
      0.14450134336948395,
      0.08445388078689575,
      0.034372907131910324,
      0.010959073901176453,
      0.0029192971996963024,
      0.0006767267477698624,
      0.00014040021051187068,
      2.6610210625221953e-05
    ],
    [
      0.11577831208705902,
      0.12751121819019318,
      0.07333426177501678,
      0.029363607987761497,
      0.009208193980157375,
      0.002412094734609127,
      0.0005497421370819211,
      0.00011211482342332602,
      2.0884252080577426e-05
    ],
    [
      0.05428195744752884,
      0.058827005326747894,
      0.033283669501543045,
      0.013107855804264545,
      0.004042061511427164,
      0.0010409812675788999,
      0.00023321011394727975,
      4.6742970880586654e-05,
      8.555932254239451e-06
    ],
    [
      0.017744535580277443,
      0.018917791545391083,
      0.010527188889682293,
      0.004076704382896423,
      0.0012359214015305042,
      0.000312867749016732,
      6.888424104545265e-05,
      1.3566664165409748e-05,
      2.4397361357841874e-06
    ],
    [
      0.0045495969243347645,
      0.004770401865243912,
      0.0026102536357939243,
      0.00099375587888062,
      0.0002961292921099812,
      7.367090438492596e-05,
      1.5937825082801282e-05,
      3.0838277780276258e-06,
      5.447610647024703e-07
    ],
    [
      0.0009758275118656456,
      0.0010060733184218407,
      0.0005411868332885206,
      0.0002025136782322079,
      5.930495171924122e-05,
      1.4496717994916253e-05,
      3.0810620046395343e-06,
      5.85594420954294e-07,
      1.0159924102026707e-07
    ],
    [
      0.00018237082986161113,
      0.00018483806343283504,
      9.772577323019505e-05,
      3.593698420445435e-05,
      1.034029628499411e-05,
      2.483132448105607e-06,
      5.183895268601191e-07,
      9.676534062919018e-08,
      1.6486399800896834e-08
    ],
    [
      3.054328408325091e-05,
      3.042579919565469e-05,
      1.580796561029274e-05,
      5.711554877052549e-06,
      1.6144510937010637e-06,
      3.8081009279267164e-07,
      7.807694402117704e-08,
      1.4311630103236439e-08,
      2.394119569260056e-09
    ],
    [
      4.67915742774494e-06,
      4.580375389195979e-06,
      2.3381508071906865e-06,
      8.298931675199128e-07,
      2.3041006613766513e-07,
      5.337463093724182e-08,
      1.074590905147943e-08,
      1.933977422652333e-09,
      3.1761518415329704e-10
    ]
  ],
  "probs_results": [
    0.29433107376098633,
    0.29240113496780396,
    0.4132676124572754
  ]
}