{
  "skills_mean": [
    [
      0.11675909161567688,
      0.7316994667053223
    ],
    [
      0.5308631658554077,
      0.7958115339279175
    ]
  ],
  "skills_cov": [
    [
      [
        0.019025253131985664,
        0.00992567092180252
      ],
      [
        0.00992567092180252,
        0.022722791880369186
      ]
    ],
    [
      [
        0.020516054704785347,
        0.01081235520541668
      ],
      [
        0.01081235520541668,
        0.024163255468010902
      ]
    ]
  ],
  "probs_grid": [
    [
      0.07630231976509094,
      0.11730631440877914,
      0.09386137872934341,
      0.052111152559518814,
      0.02258194610476494,
      0.008146325126290321,
      0.0025480773765593767,
      0.0007107224082574248,
      0.00018043816089630127
    ],
    [
      0.07534966617822647,
      0.1141413152217865,
      0.08997541666030884,
      0.04920671507716179,
      0.021001843735575676,
      0.007461215369403362,
      0.002298082457855344,
      0.0006311244796961546,
      0.00015774871280882508
    ],
    [
      0.038753535598516464,
      0.05783301964402199,
      0.0449056476354599,
      0.024187495931982994,
      0.010166281834244728,
      0.0035563542041927576,
      0.0010784694459289312,
      0.0002915839140769094,
      7.174368511186913e-05
    ],
    [
      0.013840122148394585,
      0.020344017073512077,
      0.015557465143501759,
      0.008251904509961605,
      0.003415094455704093,
      0.001176192075945437,
      0.00035113366902805865,
      9.345050784759223e-05,
      2.263186252093874e-05
    ],
    [
      0.0038609320763498545,
      0.005589259788393974,
      0.0042089130729436874,
      0.0021981142926961184,
      0.0008956093806773424,
      0.0003036490234080702,
      8.922880078898743e-05,
      2.33731643675128e-05,
      5.570916073338594e-06
    ],
    [
      0.0008973617805168033,
      0.0012791816843673587,
      0.0009484215406700969,
      0.0004876291786786169,
      0.00019557950145099312,
      6.526834476971999e-05,
      1.887665712274611e-05,
      4.866236849920824e-06,
      1.1413716265451512e-06
    ],
    [
      0.00018099404405802488,
      0.00025402248138561845,
      0.00018541231111157686,
      9.383850556332618e-05,
      3.704495247802697e-05,
      1.2167040949861985e-05,
      3.462980430413154e-06,
      8.784734859546006e-07,
      2.0274218570648372e-07
    ],
    [
      3.2582582207396626e-05,
      4.501746661844663e-05,
      3.234385440009646e-05,
      1.6111576769617386e-05,
      6.259674592001829e-06,
      2.023198248934932e-06,
      5.66632479603868e-07,
      1.4143223836526886e-07,
      3.2114762404944486e-08
    ],
    [
      5.343841166904895e-06,
      7.267494311236078e-06,
      5.1391352826613e-06,
      2.5193733108608285e-06,
      9.63222646532813e-07,
      3.063377960188518e-07,
      8.441511312184957e-08,
      2.0729810756847655e-08,
      4.630775318759106e-09
    ]
  ],
  "probs_results": [
    0.24459850788116455,
    0.24229580163955688,
    0.5131056904792786
  ]
}