{
  "skills_mean": [
    [
      0.7003649473190308,
      1.3647840023040771
    ],
    [
      0.35542312264442444,
      0.7567175626754761
    ]
  ],
  "skills_cov": [
    [
      [
        0.01822875626385212,
        0.011628763750195503
      ],
      [
        0.011628763750195503,
        0.0284473467618227
      ]
    ],
    [
      [
        0.020905839279294014,
        0.012232376262545586
      ],
      [
        0.012232376262545586,
        0.026079537346959114
      ]
    ]
  ],
  "probs_grid": [
    [
      0.07935058325529099,
      0.05744370445609093,
      0.021787090227007866,
      0.005772077478468418,
      0.001201615552417934,
      0.00020965118892490864,
      3.193183147232048e-05,
      4.366629582364112e-06,
      5.472479074342118e-07
    ],
    [
      0.13898919522762299,
      0.09894666075706482,
      0.03689585626125336,
      0.00960790365934372,
      0.0019655516371130943,
      0.0003369371988810599,
      5.041089025326073e-05,
      6.770442723791348e-06,
      8.332044103553926e-07
    ],
    [
      0.12677748501300812,
      0.08874119073152542,
      0.03252831846475601,
      0.00832483358681202,
      0.0016734121600165963,
      0.0002818079083226621,
      4.141269891988486e-05,
      5.462053195515182e-06,
      6.600085953323287e-07
    ],
    [
      0.08028259128332138,
      0.05524681881070137,
      0.0199043657630682,
      0.005005806218832731,
      0.0009886114858090878,
      0.00016353768296539783,
      2.3602771761943586e-05,
      3.0568726288038306e-06,
      3.626561237979331e-07
    ],
    [
      0.039702583104372025,
      0.026856670156121254,
      0.009509258903563023,
      0.0023498330265283585,
      0.00045589954243041575,
      7.40735194995068e-05,
      1.0498692972760182e-05,
      1.3350794461075566e-06,
      1.554950586069026e-07
    ],
    [
      0.016353411599993706,
      0.01087272074073553,
      0.003783024614676833,
      0.0009184392401948571,
      0.0001750343362800777,
      2.7930687792832032e-05,
      3.88729040423641e-06,
      4.853379209635023e-07,
      5.549015114070244e-08
    ],
    [
      0.00584335345774889,
      0.0038180509582161903,
      0.0013052866561338305,
      0.0003113140119239688,
      5.827407949254848e-05,
      9.13197345653316e-06,
      1.2479334827730781e-06,
      1.5296259903152531e-07,
      1.716692388242791e-08
    ],
    [
      0.001862759585492313,
      0.0011960334377363324,
      0.0004017275059595704,
      9.411734208697453e-05,
      1.7302836567978375e-05,
      2.662603947101161e-06,
      3.5724542613024823e-07,
      4.2986400217159826e-08,
      4.735319691917539e-09
    ],
    [
      0.0005407381686381996,
      0.000341147358994931,
      0.00011256903235334903,
      2.5904182621161453e-05,
      4.676902335631894e-06,
      7.066753937579051e-07,
      9.308682535902335e-08,
      1.0995105270694694e-08,
      1.1887962836354404e-09
    ]
  ],
  "probs_results": [
    0.21639478206634521,
    0.6366391777992249,
    0.1469658613204956
  ]
}