{
  "skills_mean": [
    [
      0.33559107780456543,
      0.9168039560317993
    ],
    [
      0.22151321172714233,
      0.5051982998847961
    ]
  ],
  "skills_cov": [
    [
      [
        0.017901621758937836,
        0.009604678489267826
      ],
      [
        0.009604678489267826,
        0.020211022347211838
      ]
    ],
    [
      [
        0.019538648426532745,
        0.010729290544986725
      ],
      [
        0.010729290544986725,
        0.023526711389422417
      ]
    ]
  ],
  "probs_grid": [
    [
      0.07381569594144821,
      0.0719136968255043,
      0.03637455403804779,
      0.012735791504383087,
      0.003472396405413747,
      0.000786346907261759,
      0.0001540588855277747,
      2.685706567717716e-05,
      4.252658527548192e-06
    ],
    [
      0.11700312793254852,
      0.11233887076377869,
      0.05599120259284973,
      0.019314749166369438,
      0.005187679082155228,
      0.0011571284849196672,
      0.00022326679027173668,
      3.832787842839025e-05,
      5.975679869152373e-06
    ],
    [
      0.0963638499379158,
      0.09117162227630615,
      0.0447712279856205,
      0.01521448977291584,
      0.004025069065392017,
      0.0008842187817208469,
      0.00016800723096821457,
      2.8398551876307465e-05,
      4.3591303438006435e-06
    ],
    [
      0.054979369044303894,
      0.05125119909644127,
      0.024793727323412895,
      0.008299297653138638,
      0.002162438351660967,
      0.00046780487173236907,
      8.752223220653832e-05,
      1.4565474884875584e-05,
      2.2010126485838555e-06
    ],
    [
      0.02444373443722725,
      0.022448111325502396,
      0.010697157122194767,
      0.003526663174852729,
      0.0009049206273630261,
      0.00019276370585430413,
      3.5508004657458514e-05,
      5.817476903757779e-06,
      8.653494774080173e-07
    ],
    [
      0.009032407775521278,
      0.008171041496098042,
      0.003835063660517335,
      0.0012451522052288055,
      0.0003146101953461766,
      6.598485924769193e-05,
      1.196619268739596e-05,
      1.9298906863696175e-06,
      2.825641161052772e-07
    ],
    [
      0.002889309311285615,
      0.0025744580198079348,
      0.001189999165944755,
      0.0003804621228482574,
      9.465181938139722e-05,
      1.9544384485925548e-05,
      3.4890877032012213e-06,
      5.538918799175008e-07,
      7.981901006814951e-08
    ],
    [
      0.0008228670340031385,
      0.0007221032865345478,
      0.0003286907740402967,
      0.00010347403440391645,
      2.5344403184135444e-05,
      5.151858204044402e-06,
      9.053178473550361e-07,
      1.4145605575777154e-07,
      2.006190058523316e-08
    ],
    [
      0.00021297068451531231,
      0.0001840476325014606,
      8.249180973507464e-05,
      2.5568229830241762e-05,
      6.16527950114687e-06,
      1.2336558938841335e-06,
      2.1337811517696537e-07,
      3.2813346706461743e-08,
      4.579785883862542e-09
    ]
  ],
  "probs_results": [
    0.2402377426624298,
    0.529030442237854,
    0.23073174059391022
  ]
}