{
  "skills_mean": [
    [
      0.3668553829193115,
      0.9471039175987244
    ],
    [
      0.24671770632266998,
      0.9905421733856201
    ]
  ],
  "skills_cov": [
    [
      [
        0.017606405541300774,
        0.009391301311552525
      ],
      [
        0.009391301311552525,
        0.01997174695134163
      ]
    ],
    [
      [
        0.021381717175245285,
        0.01133491937071085
      ],
      [
        0.01133491937071085,
        0.023329606279730797
      ]
    ]
  ],
  "probs_grid": [
    [
      0.13312385976314545,
      0.12762956321239471,
      0.06363531202077866,
      0.021999428048729897,
      0.005932257976382971,
      0.001330837607383728,
      0.00025871946127153933,
      4.482699660002254e-05,
      7.066135367495008e-06
    ],
    [
      0.13721609115600586,
      0.1298273354768753,
      0.0638657733798027,
      0.021778659895062447,
      0.005791481584310532,
      0.0012810059124603868,
      0.0002454834175296128,
      4.1919447539839894e-05,
      6.511201263492694e-06
    ],
    [
      0.07351908832788467,
      0.06863091886043549,
      0.033302418887615204,
      0.011199397966265678,
      0.0029363990761339664,
      0.0006402502185665071,
      0.00012092333781765774,
      2.0347581084934063e-05,
      3.1138119993556757e-06
    ],
    [
      0.02729956805706024,
      0.02513805218040943,
      0.012029476463794708,
      0.0039887018501758575,
      0.0010309315985068679,
      0.00022154311591293663,
      4.1231887735193595e-05,
      6.8355743678694125e-06,
      1.030438625093666e-06
    ],
    [
      0.00790312234312296,
      0.007176860235631466,
      0.0033862371928989887,
      0.001106836600229144,
      0.00028195459162816405,
      5.970713755232282e-05,
      1.0948244380415417e-05,
      1.787959945431794e-06,
      2.654663830981008e-07
    ],
    [
      0.0019025251967832446,
      0.00170347117818892,
      0.0007923194207251072,
      0.00025525002274662256,
      6.40741636743769e-05,
      1.336831246590009e-05,
      2.4147407202690374e-06,
      3.884109958107729e-07,
      5.6791879643469656e-08
    ],
    [
      0.0003966900985687971,
      0.00035013671731576324,
      0.0001605107681825757,
      5.0955717597389594e-05,
      1.2602573406184092e-05,
      2.5901902063196758e-06,
      4.608243671100354e-07,
      7.299669135818476e-08,
      1.0509530135038858e-08
    ],
    [
      7.368295337073505e-05,
      6.409946217900142e-05,
      2.8956406822544523e-05,
      9.056992894329596e-06,
      2.206633780588163e-06,
      4.4669931753560377e-07,
      7.826522363529875e-08,
      1.2207444832768033e-08,
      1.7303527499734628e-09
    ],
    [
      1.2445239917724393e-05,
      1.0668756658560596e-05,
      4.748485935124336e-06,
      1.4631067415393773e-06,
      3.511054558202886e-07,
      6.999611912306136e-08,
      1.2075855870818941e-08,
      1.854411069146522e-09,
      2.587576264367897e-10
    ]
  ],
  "probs_results": [
    0.3005410134792328,
    0.3693092465400696,
    0.33014968037605286
  ]
}