{
  "skills_mean": [
    [
      -0.295453280210495,
      0.06976407021284103
    ],
    [
      0.11040494590997696,
      0.7164895534515381
    ]
  ],
  "skills_cov": [
    [
      [
        0.021287670359015465,
        0.009700288996100426
      ],
      [
        0.009700288996100426,
        0.021444689482450485
      ]
    ],
    [
      [
        0.01958007737994194,
        0.010270415805280209
      ],
      [
        0.010270415805280209,
        0.023048877716064453
      ]
    ]
  ],
  "probs_grid": [
    [
      0.06672649830579758,
      0.12807434797286987,
      0.12763391435146332,
      0.08804474025964737,
      0.04729127138853073,
      0.021094970405101776,
      0.008139090612530708,
      0.0027935518883168697,
      0.0008706100634299219
    ],
    [
      0.04808737710118294,
      0.09104234725236893,
      0.0894816592335701,
      0.06086960807442665,
      0.032236892729997635,
      0.014176740311086178,
      0.0053920382633805275,
      0.0018241911893710494,
      0.0005603184108622372
    ],
    [
      0.018075237050652504,
      0.03374814987182617,
      0.032706670463085175,
      0.02193540520966053,
      0.01145227625966072,
      0.004964345600455999,
      0.001860985066741705,
      0.0006204764358699322,
      0.00018780975369736552
    ],
    [
      0.004724718630313873,
      0.008697709999978542,
      0.008310019969940186,
      0.005493795033544302,
      0.002827047137543559,
      0.0012077457504346967,
      0.0004461586067918688,
      0.00014657778956461698,
      4.371435716166161e-05
    ],
    [
      0.000966134131886065,
      0.0017532536294311285,
      0.001651091268286109,
      0.0010757832787930965,
      0.0005455400096252561,
      0.00022965189418755472,
      8.358886407222599e-05,
      2.7055677492171526e-05,
      7.9490382631775e-06
    ],
    [
      0.00016484501247759908,
      0.0002948356850538403,
      0.00027362676337361336,
      0.0001756798883434385,
      8.777976472629234e-05,
      3.6405923310667276e-05,
      1.305420846620109e-05,
      4.162260211160174e-06,
      1.204552859235264e-06
    ],
    [
      2.4445238523185253e-05,
      4.308440475142561e-05,
      3.9398331864504144e-05,
      2.492195926606655e-05,
      1.2267551937839016e-05,
      5.011937446397496e-06,
      1.7702005834507872e-06,
      5.559184046433074e-07,
      1.5844970846501383e-07
    ],
    [
      3.2404439025413012e-06,
      5.627036443911493e-06,
      5.069307462690631e-06,
      3.158833806082839e-06,
      1.5315924883907428e-06,
      6.163109560475277e-07,
      2.1438629005388066e-07,
      6.630391169437644e-08,
      1.8610117891171285e-08
    ],
    [
      3.919528808182804e-07,
      6.704885322506016e-07,
      5.949851242803561e-07,
      3.651711040220107e-07,
      1.7437874078041204e-07,
      6.910388350434005e-08,
      2.367142926118504e-08,
      7.208862395913229e-09,
      1.9922976601804976e-09
    ]
  ],
  "probs_results": [
    0.19668011367321014,
    0.12834003567695618,
    0.6749797463417053
  ]
}