{
  "skills_mean": [
    [
      -0.02785700187087059,
      0.7071843147277832
    ],
    [
      0.22187785804271698,
      0.803103506565094
    ]
  ],
  "skills_cov": [
    [
      [
        0.01870180107653141,
        0.009575552307069302
      ],
      [
        0.009575552307069302,
        0.022156815975904465
      ]
    ],
    [
      [
        0.021677449345588684,
        0.01282572653144598
      ],
      [
        0.01282572653144598,
        0.029067177325487137
      ]
    ]
  ],
  "probs_grid": [
    [
      0.12840238213539124,
      0.15064187347888947,
      0.09208746999502182,
      0.0391058549284935,
      0.012977358885109425,
      0.003589424304664135,
      0.0008618795545771718,
      0.00018477621779311448,
      3.6102406738791615e-05
    ],
    [
      0.10880276560783386,
      0.12580044567584991,
      0.07577024400234222,
      0.031695656478405,
      0.01035876851528883,
      0.002821113681420684,
      0.0006668558926321566,
      0.0001407155068591237,
      2.705629594856873e-05
    ],
    [
      0.048234764486551285,
      0.05494648218154907,
      0.032598208636045456,
      0.0134288240224123,
      0.004321161657571793,
      0.001158466562628746,
      0.000269517331616953,
      5.596478149527684e-05,
      1.0587432370812166e-05
    ],
    [
      0.014915604144334793,
      0.016735302284359932,
      0.009777050465345383,
      0.003965381067246199,
      0.0012560243485495448,
      0.0003314007190056145,
      7.586755236843601e-05,
      1.5499394066864625e-05,
      2.8844069674960338e-06
    ],
    [
      0.0036191006656736135,
      0.0039984313771128654,
      0.0022997173946350813,
      0.0009180806227959692,
      0.0002861845714505762,
      7.429879042319953e-05,
      1.673385668254923e-05,
      3.3628091387072345e-06,
      6.155044616207306e-07
    ],
    [
      0.0007349075749516487,
      0.000799297820776701,
      0.0004524812975432724,
      0.00017776188906282187,
      5.4521045967703685e-05,
      1.3924904123996384e-05,
      3.0848591450194363e-06,
      6.096916536080244e-07,
      1.0973663933100397e-07
    ],
    [
      0.00013008530368097126,
      0.000139247888000682,
      7.756951526971534e-05,
      2.9982584237586707e-05,
      9.04623720998643e-06,
      2.272511437695357e-06,
      4.951078267367848e-07,
      9.62208375199225e-08,
      1.7027543819381208e-08
    ],
    [
      2.0643501557060517e-05,
      2.1743659090134315e-05,
      1.1916661605937406e-05,
      4.530922979029128e-06,
      1.3445501281239558e-06,
      3.3216034012184537e-07,
      7.115711753158394e-08,
      1.3596022085948789e-08,
      2.365208473520397e-09
    ],
    [
      2.997870296894689e-06,
      3.1064278118719812e-06,
      1.6746265600886545e-06,
      6.26214500698552e-07,
      1.8273793500611646e-07,
      4.438735956568962e-08,
      9.34839672339649e-09,
      1.7558552389829174e-09,
      3.002326443013459e-10
    ]
  ],
  "probs_results": [
    0.2910725772380829,
    0.2669287323951721,
    0.4419987201690674
  ]
}