{
  "skills_mean": [
    [
      -0.17906859517097473,
      0.47398194670677185
    ],
    [
      0.6761325001716614,
      0.8784022927284241
    ]
  ],
  "skills_cov": [
    [
      [
        0.018702510744333267,
        0.009826255030930042
      ],
      [
        0.009826255030930042,
        0.02229231223464012
      ]
    ],
    [
      [
        0.017340006306767464,
        0.010008326731622219
      ],
      [
        0.010008326731622219,
        0.02336905710399151
      ]
    ]
  ],
  "probs_grid": [
    [
      0.04925379157066345,
      0.10988132655620575,
      0.1270723044872284,
      0.10155805945396423,
      0.06309853494167328,
      0.03250465914607048,
      0.014460116624832153,
      0.005713225342333317,
      0.0020463329274207354
    ],
    [
      0.034174054861068726,
      0.07518550008535385,
      0.08573702722787857,
      0.06756087392568588,
      0.04138316214084625,
      0.0210153479129076,
      0.009215421043336391,
      0.0035887740086764097,
      0.0012668764684349298
    ],
    [
      0.012340454384684563,
      0.026769613847136497,
      0.030095815658569336,
      0.023378828540444374,
      0.014115747064352036,
      0.007065367419272661,
      0.003053518244996667,
      0.0011718968162313104,
      0.00040767062455415726
    ],
    [
      0.003092203289270401,
      0.006612644996494055,
      0.00732816755771637,
      0.0056108892895281315,
      0.0033388547599315643,
      0.0016469532856717706,
      0.0007014082511886954,
      0.0002652511466294527,
      9.091829269891605e-05
    ],
    [
      0.0006048427312634885,
      0.001274893176741898,
      0.001392453908920288,
      0.0010506764519959688,
      0.0006161048077046871,
      0.00029945350252091885,
      0.00012565581710077822,
      4.6817523980280384e-05,
      1.5809557226020843e-05
    ],
    [
      9.85070364549756e-05,
      0.0002046222798526287,
      0.0002202317991759628,
      0.00016374053666368127,
      9.460201545152813e-05,
      4.5300857891561463e-05,
      1.8726901544141583e-05,
      6.873467100376729e-06,
      2.286393964823219e-06
    ],
    [
      1.3914008377469145e-05,
      2.8479138563852757e-05,
      3.0200277251424268e-05,
      2.2121454094303772e-05,
      1.2590920050570276e-05,
      5.939340098848334e-06,
      2.4185210349969566e-06,
      8.743604098526703e-07,
      2.864692305593053e-07
    ],
    [
      1.7531290268379962e-06,
      3.535209543770179e-06,
      3.69313920600689e-06,
      2.6648203856893815e-06,
      1.4940156916054548e-06,
      6.941547212591104e-07,
      2.783986303711572e-07,
      9.912609044704368e-08,
      3.1984470183488156e-08
    ],
    [
      2.011346680319548e-07,
      3.99535252881833e-07,
      4.111270470730233e-07,
      2.921879911355063e-07,
      1.6133940050622186e-07,
      7.382621447504789e-08,
      2.91588744261162e-08,
      1.0224076696374595e-08,
      3.2485594214648472e-09
    ]
  ],
  "probs_results": [
    0.16109734773635864,
    0.09572140872478485,
    0.7431812882423401
  ]
}