{
  "skills_mean": [
    [
      0.6106730699539185,
      1.1939128637313843
    ],
    [
      -0.19818146526813507,
      0.37896212935447693
    ]
  ],
  "skills_cov": [
    [
      [
        0.01879953034222126,
        0.01161040086299181
      ],
      [
        0.01161040086299181,
        0.027568597346544266
      ]
    ],
    [
      [
        0.023981615900993347,
        0.01206856220960617
      ],
      [
        0.01206856220960617,
        0.023868821561336517
      ]
    ]
  ],
  "probs_grid": [
    [
      0.05613561347126961,
      0.028358958661556244,
      0.007523746695369482,
      0.0013976236805319786,
      0.00020449914154596627,
      2.5138746423181146e-05,
      2.7042822239309317e-06,
      2.6183437284998945e-07,
      2.329139547896375e-08
    ],
    [
      0.1277986615896225,
      0.06354185193777084,
      0.016586240381002426,
      0.00303052831441164,
      0.0004360247403383255,
      5.26914227521047e-05,
      5.570798748522066e-06,
      5.299797862790001e-07,
      4.631267103150094e-08
    ],
    [
      0.15118911862373352,
      0.07397338002920151,
      0.018995583057403564,
      0.0034134071320295334,
      0.00048286793753504753,
      5.735796003136784e-05,
      5.959417649137322e-06,
      5.570324219661416e-07,
      4.7814985748573235e-08
    ],
    [
      0.12390892952680588,
      0.05965164303779602,
      0.015067409723997116,
      0.002662521554157138,
      0.00037028815131634474,
      4.3232052121311426e-05,
      4.413829628902022e-06,
      4.053193265463051e-07,
      3.4174124863284305e-08
    ],
    [
      0.07913462817668915,
      0.03748001158237457,
      0.009311256930232048,
      0.0016178584191948175,
      0.00022118515335023403,
      2.537982254580129e-05,
      2.5460574306634953e-06,
      2.296828540693241e-07,
      1.9020443886574867e-08
    ],
    [
      0.04200297221541405,
      0.019569484516978264,
      0.0047812070697546005,
      0.0008167877094820142,
      0.00010976399062201381,
      1.237737978954101e-05,
      1.2199744787722011e-06,
      1.0810980199948972e-07,
      8.79281625287831e-09
    ],
    [
      0.01929786428809166,
      0.00884364452213049,
      0.002124714432284236,
      0.00035684305476024747,
      4.713382077170536e-05,
      5.2228770073270425e-06,
      5.057665930507937e-07,
      4.402474118592181e-08,
      3.5165073075660302e-09
    ],
    [
      0.007892674766480923,
      0.0035573774948716164,
      0.0008403800893574953,
      0.0001387478259857744,
      1.801184225769248e-05,
      1.9611911739048082e-06,
      1.865764431840944e-07,
      1.5952089427173632e-08,
      1.2513149405535273e-09
    ],
    [
      0.00293301185593009,
      0.0013000760227441788,
      0.0003019669384229928,
      4.9006826884578913e-05,
      6.252314051380381e-06,
      6.689061251563544e-07,
      6.251436701631974e-08,
      5.249736645396297e-09,
      4.0439690485172264e-10
    ]
  ],
  "probs_results": [
    0.14189156889915466,
    0.7959347367286682,
    0.06217376887798309
  ]
}