{
  "skills_mean": [
    [
      0.571245014667511,
      1.1401070356369019
    ],
    [
      0.5596166849136353,
      0.9667502641677856
    ]
  ],
  "skills_cov": [
    [
      [
        0.02182706631720066,
        0.012612204067409039
      ],
      [
        0.012612204067409039,
        0.027351325377821922
      ]
    ],
    [
      [
        0.020097732543945312,
        0.012226351536810398
      ],
      [
        0.012226351536810398,
        0.027127975597977638
      ]
    ]
  ],
  "probs_grid": [
    [
      0.09025117754936218,
      0.09767497330904007,
      0.0552530363202095,
      0.021780744194984436,
      0.006730480119585991,
      0.001738854800350964,
      0.0003912095562554896,
      7.882686622906476e-05,
      1.4519952856062446e-05
    ],
    [
      0.11567672342061996,
      0.12295995652675629,
      0.06830377876758575,
      0.0264359749853611,
      0.008019250817596912,
      0.002033536322414875,
      0.00044899273780174553,
      8.877487562131137e-05,
      1.6044139556470327e-05
    ],
    [
      0.07757525146007538,
      0.08097530156373978,
      0.04416423290967941,
      0.016779856756329536,
      0.004996068775653839,
      0.0012433319352567196,
      0.0002693758287932724,
      5.225660061114468e-05,
      9.265117114409804e-06
    ],
    [
      0.036288827657699585,
      0.03719153627753258,
      0.01991284266114235,
      0.007426010444760323,
      0.002169892657548189,
      0.0005298852920532227,
      0.00011263784836046398,
      2.1436218958115205e-05,
      3.7281479308148846e-06
    ],
    [
      0.013319737277925014,
      0.013401214964687824,
      0.0070427702739834785,
      0.0025775847025215626,
      0.0007390669197775424,
      0.00017707621736917645,
      3.6927063774783164e-05,
      6.8935514718759805e-06,
      1.175922420770803e-06
    ],
    [
      0.004091334994882345,
      0.0040404656901955605,
      0.00208393856883049,
      0.0007484254892915487,
      0.00021055102115496993,
      4.949023059452884e-05,
      1.0123731044586748e-05,
      1.8536601373853046e-06,
      3.1010949896881357e-07
    ],
    [
      0.001095348154194653,
      0.0010616526706144214,
      0.0005373273743316531,
      0.0001893425505841151,
      5.2257564675528556e-05,
      1.2049060387653299e-05,
      2.417516725472524e-06,
      4.3412077843640873e-07,
      7.122084610955426e-08
    ],
    [
      0.0002628648653626442,
      0.00025002146139740944,
      0.00012416239769663662,
      4.292409721529111e-05,
      1.1621238627412822e-05,
      2.6282016278855735e-06,
      5.171686439098266e-07,
      9.107287723963964e-08,
      1.4650848534358829e-08
    ],
    [
      5.771640280727297e-05,
      5.3865911468164995e-05,
      2.6244671971653588e-05,
      8.900494322006125e-06,
      2.3636214336875128e-06,
      5.242644647296402e-07,
      1.0116895055034547e-07,
      1.7469774959977258e-08,
      2.755540018384295e-09
    ]
  ],
  "probs_results": [
    0.2656049132347107,
    0.4189486801624298,
    0.3154463469982147
  ]
}