{
  "skills_mean": [
    [
      -0.14879268407821655,
      0.523098886013031
    ],
    [
      0.5431418418884277,
      0.9588162302970886
    ]
  ],
  "skills_cov": [
    [
      [
        0.01885554939508438,
        0.010163559578359127
      ],
      [
        0.010163559578359127,
        0.023073257878422737
      ]
    ],
    [
      [
        0.019300900399684906,
        0.011809957213699818
      ],
      [
        0.011809957213699818,
        0.026300430297851562
      ]
    ]
  ],
  "probs_grid": [
    [
      0.07401398569345474,
      0.1391325443983078,
      0.13595589995384216,
      0.09206882119178772,
      0.04860435053706169,
      0.021333545446395874,
      0.008108701556921005,
      0.002744861412793398,
      0.0008446343708783388
    ],
    [
      0.048743654042482376,
      0.09026243537664413,
      0.08687273412942886,
      0.057935237884521484,
      0.030115652829408646,
      0.01301407627761364,
      0.004869511350989342,
      0.0016225297003984451,
      0.0004914027522318065
    ],
    [
      0.0167562086135149,
      0.03055860847234726,
      0.028961243107914925,
      0.01901629939675331,
      0.009731313213706017,
      0.004139411728829145,
      0.001524442690424621,
      0.0004998926306143403,
      0.00014898463268764317
    ],
    [
      0.004008736461400986,
      0.0071983798407018185,
      0.006716309580951929,
      0.004341084975749254,
      0.002186516998335719,
      0.0009153417777270079,
      0.0003317238006275147,
      0.00010703458247007802,
      3.138595275231637e-05
    ],
    [
      0.0007508390699513257,
      0.0013272396754473448,
      0.0012188978726044297,
      0.0007753677200525999,
      0.0003843164013233036,
      0.0001583082921570167,
      5.6447144743287936e-05,
      1.791837166820187e-05,
      5.1687534323718864e-06
    ],
    [
      0.00011743626237148419,
      0.00020431044686120003,
      0.0001846483355620876,
      0.0001155784193542786,
      5.636460264213383e-05,
      2.2841790269012563e-05,
      8.012005309865344e-06,
      2.5017095595103456e-06,
      7.097954153323371e-07
    ],
    [
      1.5976454960764386e-05,
      2.735081761784386e-05,
      2.4320977900060825e-05,
      1.4977035789343063e-05,
      7.1850467975309584e-06,
      2.8641170501941815e-06,
      9.88110286925803e-07,
      3.0344099855028617e-07,
      8.466724210620669e-08
    ],
    [
      1.9444380541244755e-06,
      3.274956725363154e-06,
      2.864809403035906e-06,
      1.7353239627482253e-06,
      8.188183073798427e-07,
      3.2100973612614325e-07,
      1.0891084656350358e-07,
      3.2888923584550867e-08,
      9.023493063864407e-09
    ],
    [
      2.161096404051932e-07,
      3.5804038134301663e-07,
      3.0805571782366314e-07,
      1.8352038466673548e-07,
      8.515848293200179e-08,
      3.2829429841285673e-08,
      1.0951975326634056e-08,
      3.251773517121137e-09,
      8.771439130583758e-10
    ]
  ],
  "probs_results": [
    0.19810162484645844,
    0.11890634894371033,
    0.6829918622970581
  ]
}