{
  "skills_mean": [
    [
      0.5800958871841431,
      1.1980350017547607
    ],
    [
      -0.21273009479045868,
      0.3475610613822937
    ]
  ],
  "skills_cov": [
    [
      [
        0.019303547218441963,
        0.01209578849375248
      ],
      [
        0.01209578849375248,
        0.02827564626932144
      ]
    ],
    [
      [
        0.02444501593708992,
        0.01249502133578062
      ],
      [
        0.01249502133578062,
        0.024471275508403778
      ]
    ]
  ],
  "probs_grid": [
    [
      0.0565890297293663,
      0.02812633104622364,
      0.007349234074354172,
      0.0013459797482937574,
      0.0001943723764270544,
      2.3606748072779737e-05,
      2.5115821244980907e-06,
      2.4075592364170006e-07,
      2.122521891578799e-08
    ],
    [
      0.12871576845645905,
      0.0629224106669426,
      0.016165317967534065,
      0.002910024020820856,
      0.000412935420172289,
      4.9266785936197266e-05,
      5.147838237462565e-06,
      4.845173862122465e-07,
      4.193161373677867e-08
    ],
    [
      0.15227486193180084,
      0.07320377975702286,
      0.01848875731229782,
      0.0032710458617657423,
      0.0004560552479233593,
      5.3446696256287396e-05,
      5.484225312102353e-06,
      5.067839765615645e-07,
      4.305104539525928e-08
    ],
    [
      0.12491052597761154,
      0.05904458463191986,
      0.014658828265964985,
      0.0025485879741609097,
      0.0003490883391350508,
      4.018222170998342e-05,
      4.048740265716333e-06,
      3.6730062902279315e-07,
      3.062562825562054e-08
    ],
    [
      0.07991601526737213,
      0.037139762192964554,
      0.009062695316970348,
      0.0015482392627745867,
      0.00020832532027270645,
      2.355065407755319e-05,
      2.3299753593164496e-06,
      2.075014151614596e-07,
      1.6981029915541512e-08
    ],
    [
      0.042530033737421036,
      0.019430266693234444,
      0.004659661091864109,
      0.0007821287144906819,
      0.00010337539424654096,
      1.1476539839350153e-05,
      1.1147959639856708e-06,
      9.745634343971687e-08,
      7.827299697282797e-09
    ],
    [
      0.01960858702659607,
      0.008805718272924423,
      0.0020752004347741604,
      0.00034221072564832866,
      4.442608405952342e-05,
      4.843266196985496e-06,
      4.618870548256382e-07,
      3.963465644574171e-08,
      3.124048131297741e-09
    ],
    [
      0.008054734207689762,
      0.003555226605385542,
      0.0008232818217948079,
      0.0001333711843471974,
      1.7005355402943678e-05,
      1.8204113985120784e-06,
      1.704353422837812e-07,
      1.4355080679706589e-08,
      1.1103857833205666e-09
    ],
    [
      0.0030088103376328945,
      0.0013051929417997599,
      0.0002969697234220803,
      4.7258439735742286e-05,
      5.917785983911017e-06,
      6.220229806785937e-07,
      5.7170527867356213e-08,
      4.726179003711195e-09,
      3.587494745715958e-10
    ]
  ],
  "probs_results": [
    0.14109723269939423,
    0.7979679703712463,
    0.06093491241335869
  ]
}