{
  "skills_mean": [
    [
      0.6013305187225342,
      1.0217453241348267
    ],
    [
      0.8144239187240601,
      1.172894835472107
    ]
  ],
  "skills_cov": [
    [
      [
        0.018068257719278336,
        0.010411983355879784
      ],
      [
        0.010411983355879784,
        0.024633726105093956
      ]
    ],
    [
      [
        0.01602071523666382,
        0.00961462501436472
      ],
      [
        0.00961462501436472,
        0.024895697832107544
      ]
    ]
  ],
  "probs_grid": [
    [
      0.06891277432441711,
      0.10572294145822525,
      0.08422345668077469,
      0.046451084315776825,
      0.01995140127837658,
      0.0071179806254804134,
      0.0021970265079289675,
      0.0006033970275893807,
      0.0001505131513113156
    ],
    [
      0.07534731179475784,
      0.11392922699451447,
      0.08944253623485565,
      0.04860733821988106,
      0.02056969702243805,
      0.007229630835354328,
      0.0021981592290103436,
      0.0005946398596279323,
      0.00014608890342060477
    ],
    [
      0.04289139434695244,
      0.0639100968837738,
      0.0494379848241806,
      0.026469988748431206,
      0.01103497575968504,
      0.003820410929620266,
      0.0011441034730523825,
      0.000304815563140437,
      7.374702545348555e-05
    ],
    [
      0.0169479139149189,
      0.024882018566131592,
      0.018962683156132698,
      0.010001649148762226,
      0.004107020795345306,
      0.0014004388358443975,
      0.0004130307643208653,
      0.00010836368892341852,
      2.5816076231421903e-05
    ],
    [
      0.0052291215397417545,
      0.007563267834484577,
      0.005677942652255297,
      0.0029497721698135138,
      0.0011929714819416404,
      0.000400606106268242,
      0.00011634617112576962,
      3.0056511604925618e-05,
      7.050188287394121e-06
    ],
    [
      0.001343703013844788,
      0.0019144356483593583,
      0.0014155885437503457,
      0.0007242864812724292,
      0.00028846311033703387,
      9.53855414991267e-05,
      2.72765573754441e-05,
      6.937748366908636e-06,
      1.602123120392207e-06
    ],
    [
      0.00029952690238133073,
      0.0004203185671940446,
      0.00030608399538323283,
      0.00015422054275404662,
      6.0480673710117117e-05,
      1.9691098714247346e-05,
      5.5438072195101995e-06,
      1.3881614222555072e-06,
      3.1556891144646215e-07
    ],
    [
      5.956977838650346e-05,
      8.232396066887304e-05,
      5.903481360292062e-05,
      2.9288321456988342e-05,
      1.1308899956929963e-05,
      3.624889814091148e-06,
      1.0046738907476538e-06,
      2.4764111117292487e-07,
      5.541390990515538e-08
    ],
    [
      1.0789304724312387e-05,
      1.4682705113955308e-05,
      1.0367276445322204e-05,
      5.064014658273663e-06,
      1.925011474668281e-06,
      6.074226348573575e-07,
      1.6572087702115823e-07,
      4.020738941790114e-08,
      8.855419508790874e-09
    ]
  ],
  "probs_results": [
    0.24360649287700653,
    0.2716323733329773,
    0.4847613573074341
  ]
}