{
  "skills_mean": [
    [
      0.265693724155426,
      0.8845533728599548
    ],
    [
      -0.2774253189563751,
      0.4263956844806671
    ]
  ],
  "skills_cov": [
    [
      [
        0.01784154586493969,
        0.009922089986503124
      ],
      [
        0.009922089986503124,
        0.02427208051085472
      ]
    ],
    [
      [
        0.020614828914403915,
        0.010249359533190727
      ],
      [
        0.010249359533190727,
        0.02125880867242813
      ]
    ]
  ],
  "probs_grid": [
    [
      0.10476965457201004,
      0.06487575173377991,
      0.020969970151782036,
      0.004717397037893534,
      0.0008308627875521779,
      0.0001222041464643553,
      1.5634341252734885e-05,
      1.789460725376557e-06,
      1.87044605581832e-07
    ],
    [
      0.1667420119047165,
      0.10196401923894882,
      0.03253711387515068,
      0.0072238631546497345,
      0.0012553323758766055,
      0.0001821214536903426,
      2.2976821128395386e-05,
      2.5927713522833074e-06,
      2.6712862677413796e-07
    ],
    [
      0.1376209706068039,
      0.08308984339237213,
      0.02617044560611248,
      0.005733359605073929,
      0.0009828523034229875,
      0.00014062730770092458,
      1.7493335690232925e-05,
      1.945904386957409e-06,
      1.9758689973059518e-07
    ],
    [
      0.07853418588638306,
      0.04680541157722473,
      0.014548209495842457,
      0.0031444139312952757,
      0.0005316677852533758,
      7.50131148379296e-05,
      9.199320629704744e-06,
      1.0086141628562473e-06,
      1.0092349356227714e-07
    ],
    [
      0.03485669195652008,
      0.020502835512161255,
      0.006287830416113138,
      0.0013405821518972516,
      0.00022353701933752745,
      3.1095823942450806e-05,
      3.759070068554138e-06,
      4.0618016328153317e-07,
      4.004697018444858e-08
    ],
    [
      0.012833919376134872,
      0.00744902528822422,
      0.0022536548785865307,
      0.0004738867864944041,
      7.791572716087103e-05,
      1.0685034794732928e-05,
      1.2730964726870297e-06,
      1.3555643363361014e-07,
      1.3167667844982134e-08
    ],
    [
      0.004082908388227224,
      0.0023380189668387175,
      0.0006976997246965766,
      0.00014467308938037604,
      2.3451701054000296e-05,
      3.170072886859998e-06,
      3.7223028925836843e-07,
      3.9052117983828794e-08,
      3.7370444516682255e-09
    ],
    [
      0.0011542862048372626,
      0.0006520194001495838,
      0.0001918887865031138,
      3.923209078493528e-05,
      6.269148798310198e-06,
      8.352122904398129e-07,
      9.663820321748062e-08,
      9.988762705859244e-09,
      9.415638269061333e-10
    ],
    [
      0.00029601078131236136,
      0.00016491404676344246,
      4.7857971367193386e-05,
      9.646329999668524e-06,
      1.5193512581390678e-06,
      1.99476346551819e-07,
      2.2740961114209313e-08,
      2.3155815043196526e-09,
      2.14988013502726e-10
    ]
  ],
  "probs_results": [
    0.23632030189037323,
    0.6233697533607483,
    0.14031033217906952
  ]
}