{
  "skills_mean": [
    [
      -0.17906858026981354,
      0.47398194670677185
    ],
    [
      0.6761325001716614,
      0.8784022927284241
    ]
  ],
  "skills_cov": [
    [
      [
        0.018702497705817223,
        0.00982625875622034
      ],
      [
        0.00982625875622034,
        0.022292308509349823
      ]
    ],
    [
      [
        0.017339998856186867,
        0.01000832486897707
      ],
      [
        0.01000832486897707,
        0.023369045928120613
      ]
    ]
  ],
  "probs_grid": [
    [
      0.04925379529595375,
      0.10988131910562515,
      0.1270723044872284,
      0.10155805945396423,
      0.06309854239225388,
      0.03250466287136078,
      0.014460118487477303,
      0.0057132248766720295,
      0.0020463326945900917
    ],
    [
      0.034174054861068726,
      0.07518550753593445,
      0.08573703467845917,
      0.06756087392568588,
      0.041383154690265656,
      0.02101534605026245,
      0.009215421043336391,
      0.0035887735430151224,
      0.0012668762356042862
    ],
    [
      0.012340454384684563,
      0.026769615709781647,
      0.030095815658569336,
      0.023378826677799225,
      0.014115746133029461,
      0.007065366953611374,
      0.003053517546504736,
      0.0011718966998159885,
      0.0004076705954503268
    ],
    [
      0.00309220259077847,
      0.006612644996494055,
      0.007328167092055082,
      0.005610889755189419,
      0.0033388545271009207,
      0.0016469531692564487,
      0.0007014080765657127,
      0.0002652510884217918,
      9.09182708710432e-05
    ],
    [
      0.0006048427312634885,
      0.0012748929439112544,
      0.0013924537925049663,
      0.0010506758699193597,
      0.0006161046330817044,
      0.0002994534152094275,
      0.0001256557588931173,
      4.681751670432277e-05,
      1.5809557226020843e-05
    ],
    [
      9.850700007518753e-05,
      0.00020462226530071348,
      0.00022023177007213235,
      0.00016374049300793558,
      9.460197907174006e-05,
      4.530083606368862e-05,
      1.8726892449194565e-05,
      6.8734648266399745e-06,
      2.2863928279548418e-06
    ],
    [
      1.3914008377469145e-05,
      2.8479131287895143e-05,
      3.0200269975466654e-05,
      2.212145227531437e-05,
      1.259091732208617e-05,
      5.939338734606281e-06,
      2.418520125502255e-06,
      8.743602393224137e-07,
      2.8646911687246757e-07
    ],
    [
      1.7531280036564567e-06,
      3.5352061331650475e-06,
      3.693137614391162e-06,
      2.664818566699978e-06,
      1.494014782110753e-06,
      6.941544938854349e-07,
      2.783984598409006e-07,
      9.912601228734275e-08,
      3.198443465635137e-08
    ],
    [
      2.0113452592340764e-07,
      3.995351391949953e-07,
      4.1112673443421954e-07,
      2.921878206052497e-07,
      1.6133930103023886e-07,
      7.382615763162903e-08,
      2.9158853109834126e-08,
      1.0224071367304077e-08,
      3.248557423063403e-09
    ]
  ],
  "probs_results": [
    0.16109734773635864,
    0.09572140872478485,
    0.7431812286376953
  ]
}