{
  "skills_mean": [
    [
      0.6083467602729797,
      0.8569214940071106
    ],
    [
      0.22191110253334045,
      0.8032238483428955
    ]
  ],
  "skills_cov": [
    [
      [
        0.018277088180184364,
        0.010891551151871681
      ],
      [
        0.010891551151871681,
        0.025256216526031494
      ]
    ],
    [
      [
        0.021552618592977524,
        0.01272508129477501
      ],
      [
        0.01272508129477501,
        0.028944559395313263
      ]
    ]
  ],
  "probs_grid": [
    [
      0.07214021682739258,
      0.07448159903287888,
      0.04017283767461777,
      0.015091520734131336,
      0.004441885277628899,
      0.0010925126262009144,
      0.00023388343106489629,
      4.482086296775378e-05,
      7.8483899415005e-06
    ],
    [
      0.11146826297044754,
      0.11311101168394089,
      0.059951309114694595,
      0.022127995267510414,
      0.006398178171366453,
      0.0015457409899681807,
      0.00032499482040293515,
      6.116081203799695e-05,
      1.051581602951046e-05
    ],
    [
      0.08993951231241226,
      0.08968677371740341,
      0.04670659452676773,
      0.016936102882027626,
      0.004810162354260683,
      0.0011413428001105785,
      0.00023565658193547279,
      4.3546355300350115e-05,
      7.351100521191256e-06
    ],
    [
      0.05051959678530693,
      0.049500443041324615,
      0.02532590925693512,
      0.009020807221531868,
      0.0025163975078612566,
      0.0005863674450665712,
      0.00011888241715496406,
      2.1568897864199243e-05,
      3.574570200726157e-06
    ],
    [
      0.02222164161503315,
      0.02139183133840561,
      0.010751388035714626,
      0.0037613774184137583,
      0.0010304531315341592,
      0.0002357842167839408,
      4.693651862908155e-05,
      8.360363608517218e-06,
      1.3601403452412342e-06
    ],
    [
      0.008163363672792912,
      0.007720038760453463,
      0.0038111426401883364,
      0.0013094855239614844,
      0.00035228373599238694,
      7.914809975773096e-05,
      1.546864768897649e-05,
      2.7048263291362673e-06,
      4.319478250636166e-07
    ],
    [
      0.002608597045764327,
      0.002423237543553114,
      0.001174933509901166,
      0.00039644850767217577,
      0.00010472636495251209,
      2.3101189071894623e-05,
      4.432331024872838e-06,
      7.607889642713417e-07,
      1.1925125420475524e-07
    ],
    [
      0.0007456956664100289,
      0.00068038294557482,
      0.0003239805228076875,
      0.00010734672105172649,
      2.7842363124364056e-05,
      6.029575160937384e-06,
      1.1356493132552714e-06,
      1.9133578632590797e-07,
      2.9435966553137405e-08
    ],
    [
      0.00019463586795609444,
      0.00017441579257138073,
      8.155853720381856e-05,
      2.6534329663263634e-05,
      6.756894890713738e-06,
      1.4364997014126857e-06,
      2.6558265631138056e-07,
      4.391874952602848e-08,
      6.6312364488396724e-09
    ]
  ],
  "probs_results": [
    0.24213047325611115,
    0.5051106810569763,
    0.25275900959968567
  ]
}