{
  "skills_mean": [
    [
      -0.3018534183502197,
      0.295332133769989
    ],
    [
      -0.22669588029384613,
      0.47170186042785645
    ]
  ],
  "skills_cov": [
    [
      [
        0.024059884250164032,
        0.012167797423899174
      ],
      [
        0.012167797423899174,
        0.0254447590559721
      ]
    ],
    [
      [
        0.019668331369757652,
        0.010011913254857063
      ],
      [
        0.010011913254857063,
        0.020096324384212494
      ]
    ]
  ],
  "probs_grid": [
    [
      0.12748503684997559,
      0.14443372189998627,
      0.08536624163389206,
      0.03509248420596123,
      0.01128669735044241,
      0.0030292377341538668,
      0.0007066435064189136,
      0.0001473532320233062,
      2.8036365620209835e-05
    ],
    [
      0.11418778449296951,
      0.1275038868188858,
      0.07425467669963837,
      0.030069738626480103,
      0.009524933993816376,
      0.002517188200727105,
      0.000578074250370264,
      0.00011864874977618456,
      2.2216219804249704e-05
    ],
    [
      0.05332844704389572,
      0.05867350473999977,
      0.033660273998975754,
      0.013424578122794628,
      0.0041871452704072,
      0.0010893566068261862,
      0.00024623810895718634,
      4.9736612709239125e-05,
      9.163339200313203e-06
    ],
    [
      0.017313696444034576,
      0.018764780834317207,
      0.010602111928164959,
      0.004163484089076519,
      0.0012784074060618877,
      0.00032736719003878534,
      7.282121077878401e-05,
      1.447254999220604e-05,
      2.6231425636069616e-06
    ],
    [
      0.004395794123411179,
      0.00469201011583209,
      0.0026102648116648197,
      0.001009113620966673,
      0.00030497353873215616,
      7.685310993110761e-05,
      1.6820775272208266e-05,
      3.2887246561585926e-06,
      5.863212209078483e-07
    ],
    [
      0.0009308958542533219,
      0.0009783486602827907,
      0.0005358031485229731,
      0.00020387570839375257,
      6.063405817258172e-05,
      1.5033952877274714e-05,
      3.237032387914951e-06,
      6.22521895365935e-07,
      1.091514292284046e-07
    ],
    [
      0.0001712692028377205,
      0.00017719506286084652,
      9.55130672082305e-05,
      3.576409653760493e-05,
      1.0465277227922343e-05,
      2.552653768361779e-06,
      5.406134846452915e-07,
      1.022481583845547e-07,
      1.7629302462296437e-08
    ],
    [
      2.8156284315628e-05,
      2.867090006475337e-05,
      1.5207971046038438e-05,
      5.6027756727417e-06,
      1.612822302377026e-06,
      3.8694014392604004e-07,
      8.059252820658003e-08,
      1.4988657426329155e-08,
      2.5409052639702168e-09
    ],
    [
      4.221934887027601e-06,
      4.230488229950424e-06,
      2.2078145320847398e-06,
      8.001465516827011e-07,
      2.2655018483419553e-07,
      5.3453103276979164e-08,
      1.0947584172527058e-08,
      2.0018298130253243e-09,
      3.336133869158431e-10
    ]
  ],
  "probs_results": [
    0.2931380271911621,
    0.2888759970664978,
    0.4179862141609192
  ]
}