{
  "skills_mean": [
    [
      0.31183332204818726,
      1.187253713607788
    ],
    [
      -0.04481805860996246,
      0.24307076632976532
    ]
  ],
  "skills_cov": [
    [
      [
        0.014787602238357067,
        0.008476005867123604
      ],
      [
        0.008476005867123604,
        0.024280713871121407
      ]
    ],
    [
      [
        0.02031288854777813,
        0.009857013821601868
      ],
      [
        0.009857013821601868,
        0.02211856096982956
      ]
    ]
  ],
  "probs_grid": [
    [
      0.07270979881286621,
      0.04222379997372627,
      0.012796729803085327,
      0.0026985974982380867,
      0.0004454607842490077,
      6.139360630186275e-05,
      7.358461516560055e-06,
      7.888887125773181e-07,
      7.722211137206614e-08
    ],
    [
      0.14358778297901154,
      0.08242560178041458,
      0.024686463177204132,
      0.005143222399055958,
      0.0008385575492866337,
      0.00011412139429012313,
      1.3503678928827867e-05,
      1.4289181535787066e-06,
      1.3802946341456845e-07
    ],
    [
      0.1467055231332779,
      0.08323349058628082,
      0.024631047621369362,
      0.005069149658083916,
      0.000816210696939379,
      0.00010967435082420707,
      1.2810440239263698e-05,
      1.3378364656091435e-06,
      1.2751637257224502e-07
    ],
    [
      0.10339146107435226,
      0.05796601250767708,
      0.016946617513895035,
      0.0034447102807462215,
      0.0005476914229802787,
      7.26538710296154e-05,
      8.376186087843962e-06,
      8.63233367454086e-07,
      8.118045968785736e-08
    ],
    [
      0.056539081037044525,
      0.03131912276148796,
      0.009044475853443146,
      0.0018155811121687293,
      0.0002850127057172358,
      3.732165350811556e-05,
      4.2465326259844005e-06,
      4.3183652564948716e-07,
      4.006525244903969e-08
    ],
    [
      0.02558770589530468,
      0.014002387411892414,
      0.003993770573288202,
      0.0007916365284472704,
      0.0001226851891260594,
      1.585690006322693e-05,
      1.7804834442358697e-06,
      1.7864451251625724e-07,
      1.6350423237554423e-08
    ],
    [
      0.009982115589082241,
      0.005395669024437666,
      0.0015197793254628778,
      0.00029742970946244895,
      4.550119410851039e-05,
      5.8041327974933665e-06,
      6.430798862311349e-07,
      6.365728921764457e-08,
      5.747071707418172e-09
    ],
    [
      0.0034523862414062023,
      0.0018430582713335752,
      0.0005125993629917502,
      9.903681348077953e-05,
      1.495429387432523e-05,
      1.8824748622137122e-06,
      2.0579206250204152e-07,
      2.009605282182747e-08,
      1.7895247506061196e-09
    ],
    [
      0.0010805304627865553,
      0.0005696414154954255,
      0.00015642181097064167,
      2.983237209264189e-05,
      4.445767899596831e-06,
      5.52233359485399e-07,
      5.956082205216262e-08,
      5.737330610600111e-09,
      5.038923722722188e-10
    ]
  ],
  "probs_results": [
    0.18364375829696655,
    0.7205734848976135,
    0.09578307718038559
  ]
}