{
  "skills_mean": [
    [
      0.061944715678691864,
      0.450722336769104
    ],
    [
      0.5914943814277649,
      0.8656144142150879
    ]
  ],
  "skills_cov": [
    [
      [
        0.022574476897716522,
        0.010935353115200996
      ],
      [
        0.010935353115200996,
        0.024559861049056053
      ]
    ],
    [
      [
        0.017924988642334938,
        0.010542603209614754
      ],
      [
        0.010542603209614754,
        0.024717148393392563
      ]
    ]
  ],
  "probs_grid": [
    [
      0.046124570071697235,
      0.09728891402482986,
      0.10663630813360214,
      0.08097365498542786,
      0.04791571944952011,
      0.02356569841504097,
      0.010032795369625092,
      0.0038025795947760344,
      0.0013096140464767814
    ],
    [
      0.040861789137125015,
      0.08483918011188507,
      0.09152703732252121,
      0.0684015303850174,
      0.03983340039849281,
      0.019278354942798615,
      0.008076203987002373,
      0.00301188207231462,
      0.0010206076549366117
    ],
    [
      0.01892341859638691,
      0.03866840526461601,
      0.04105375334620476,
      0.03019130788743496,
      0.017300091683864594,
      0.00823817029595375,
      0.003395514562726021,
      0.0012458174023777246,
      0.0004153141053393483
    ],
    [
      0.006107840687036514,
      0.012281625531613827,
      0.012830174528062344,
      0.009283534251153469,
      0.00523366080597043,
      0.0024518321733921766,
      0.0009941416792571545,
      0.0003588079125620425,
      0.00011766139505198225
    ],
    [
      0.0015456205001100898,
      0.0030578814912587404,
      0.0031428076326847076,
      0.0022371376398950815,
      0.0012406677706167102,
      0.0005717286840081215,
      0.0002280227781739086,
      8.094813529169187e-05,
      2.6108395104529336e-05
    ],
    [
      0.000327069777995348,
      0.0006365752196870744,
      0.0006435935501940548,
      0.000450637104222551,
      0.0002458148228470236,
      0.00011141449795104563,
      4.37031158071477e-05,
      1.5258379789884202e-05,
      4.839910161535954e-06
    ],
    [
      6.02828549745027e-05,
      0.00011540927516762167,
      0.00011476651707198471,
      7.90351623436436e-05,
      4.240055932314135e-05,
      1.889981285785325e-05,
      7.290623216249514e-06,
      2.5031345103343483e-06,
      7.807739166310057e-07
    ],
    [
      9.953178960131481e-06,
      1.8741136955213733e-05,
      1.832881389418617e-05,
      1.2413172044034582e-05,
      6.54875020700274e-06,
      2.8704664600809338e-06,
      1.0888137467190973e-06,
      3.675826860671805e-07,
      1.1273746025608489e-07
    ],
    [
      1.5026605524326442e-06,
      2.7825017241411842e-06,
      2.676041731319856e-06,
      1.7821358824221534e-06,
      9.244829470844707e-07,
      3.984373222465365e-07,
      1.4859887187412824e-07,
      4.932422825731919e-08,
      1.4873322129460576e-08
    ]
  ],
  "probs_results": [
    0.18289440870285034,
    0.14265359938144684,
    0.6744521856307983
  ]
}