{
  "skills_mean": [
    [
      0.705124020576477,
      1.146167278289795
    ],
    [
      0.538508415222168,
      0.7993249297142029
    ]
  ],
  "skills_cov": [
    [
      [
        0.018746651709079742,
        0.010555742308497429
      ],
      [
        0.010555742308497429,
        0.025558002293109894
      ]
    ],
    [
      [
        0.019992563873529434,
        0.010413429699838161
      ],
      [
        0.010413429699838161,
        0.023652035742998123
      ]
    ]
  ],
  "probs_grid": [
    [
      0.05963737517595291,
      0.06319931894540787,
      0.034949421882629395,
      0.013446426950395107,
      0.004048842005431652,
      0.0010176626965403557,
      0.00022239043028093874,
      4.345730849308893e-05,
      7.751001248834655e-06
    ],
    [
      0.10154609382152557,
      0.10596608370542526,
      0.05769513547420502,
      0.0218519177287817,
      0.0064764926210045815,
      0.0016020863549783826,
      0.00034452558611519635,
      6.624383968301117e-05,
      1.1624522812780924e-05
    ],
    [
      0.08989643305540085,
      0.09236544370651245,
      0.04950886219739914,
      0.01845763437449932,
      0.005384114570915699,
      0.0013106819242238998,
      0.0002773463202174753,
      5.2467668865574524e-05,
      9.057862371264491e-06
    ],
    [
      0.05516350269317627,
      0.05580062419176102,
      0.02944239415228367,
      0.010803665965795517,
      0.0031014299020171165,
      0.0007429310935549438,
      0.00015467910270672292,
      2.87883394776145e-05,
      4.8890778998611495e-06
    ],
    [
      0.02639363333582878,
      0.02628249302506447,
      0.013649729080498219,
      0.004929375369101763,
      0.0013925234088674188,
      0.0003282175457570702,
      6.72316673444584e-05,
      1.2309691555856261e-05,
      2.05640299100196e-06
    ],
    [
      0.010501863434910774,
      0.010293835774064064,
      0.005261673592031002,
      0.0018699475331231952,
      0.0005197919090278447,
      0.000120540578791406,
      2.4291137378895655e-05,
      4.375065600470407e-06,
      7.189068469415361e-07
    ],
    [
      0.0036193765699863434,
      0.003491843119263649,
      0.001756543293595314,
      0.0006142891361378133,
      0.00016800992307253182,
      3.833164373645559e-05,
      7.598893716931343e-06,
      1.3462555443766178e-06,
      2.1758103230240522e-07
    ],
    [
      0.0011111852945759892,
      0.001055083703249693,
      0.0005223001353442669,
      0.0001797279401216656,
      4.8363188398070633e-05,
      1.0855078471649904e-05,
      2.1168109469726915e-06,
      3.688749075081432e-07,
      5.863527263727519e-08
    ],
    [
      0.00031019042944535613,
      0.0002898548555094749,
      0.00014119425031822175,
      4.7804671339690685e-05,
      1.2655646969506051e-05,
      2.794323563648504e-06,
      5.359972305996052e-07,
      9.186732796706565e-08,
      1.4361826394804211e-08
    ]
  ],
  "probs_results": [
    0.2274995595216751,
    0.5374877452850342,
    0.2350127249956131
  ]
}