{
  "skills_mean": [
    [
      0.24960961937904358,
      0.7832383513450623
    ],
    [
      -0.18239334225654602,
      0.10711356997489929
    ]
  ],
  "skills_cov": [
    [
      [
        0.02043747901916504,
        0.01105477288365364
      ],
      [
        0.01105477288365364,
        0.02338642254471779
      ]
    ],
    [
      [
        0.02082224003970623,
        0.01108329463750124
      ],
      [
        0.01108329463750124,
        0.02116953581571579
      ]
    ]
  ],
  "probs_grid": [
    [
      0.05238845571875572,
      0.0398043729364872,
      0.015767661854624748,
      0.004341752268373966,
      0.0009348823805339634,
      0.00016789986693765968,
      2.6196983526460826e-05,
      3.652342002169462e-06,
      4.6445211410173215e-07
    ],
    [
      0.11060380935668945,
      0.0826995000243187,
      0.03223298490047455,
      0.00873145554214716,
      0.0018492608796805143,
      0.00032662233570590615,
      5.011176835978404e-05,
      6.8690146690641996e-06,
      8.587043680563511e-07
    ],
    [
      0.12125686556100845,
      0.08921447396278381,
      0.034210167825222015,
      0.00911578256636858,
      0.0018988536903634667,
      0.0003298090014141053,
      4.975309275323525e-05,
      6.704745828756131e-06,
      8.239219937422604e-07
    ],
    [
      0.0920308381319046,
      0.06662239134311676,
      0.02513200230896473,
      0.00658696424216032,
      0.0013493930455297232,
      0.00023046460410114378,
      3.418211781536229e-05,
      4.528391855274094e-06,
      5.469894972520706e-07
    ],
    [
      0.05439423769712448,
      0.03874027356505394,
      0.014375542290508747,
      0.0037057148292660713,
      0.0007465395028702915,
      0.00012536815484054387,
      1.8280796211911365e-05,
      2.3806767330825096e-06,
      2.8264790330467804e-07
    ],
    [
      0.026701809838414192,
      0.018708618357777596,
      0.006828551180660725,
      0.001731165568344295,
      0.00034294274519197643,
      5.6624136050231755e-05,
      8.117098332149908e-06,
      1.039073026731785e-06,
      1.2125039461352571e-07
    ],
    [
      0.011338899843394756,
      0.007815101183950901,
      0.002805564319714904,
      0.0006994682480581105,
      0.00013624819985125214,
      2.2117465050541796e-05,
      3.1167835459200433e-06,
      3.9216971003952494e-07,
      4.4976545154895575e-08
    ],
    [
      0.004283732734620571,
      0.0029041776433587074,
      0.0010253778891637921,
      0.0002513898361939937,
      4.8147128836717457e-05,
      7.683887815801427e-06,
      1.0644058647812926e-06,
      1.3163800360871392e-07,
      1.4837260309263911e-08
    ],
    [
      0.0014695771969854832,
      0.0009799582185223699,
      0.0003402692382223904,
      8.203204197343439e-05,
      1.544715451018419e-05,
      2.4235343971668044e-06,
      3.3000131338667416e-07,
      4.011278420534836e-08,
      4.443274637111472e-09
    ]
  ],
  "probs_results": [
    0.17691588401794434,
    0.7055132389068604,
    0.11757104098796844
  ]
}