{
  "skills_mean": [
    [
      0.26855382323265076,
      0.797269344329834
    ],
    [
      -0.11356251686811447,
      0.3095780313014984
    ]
  ],
  "skills_cov": [
    [
      [
        0.0210126843303442,
        0.011438095942139626
      ],
      [
        0.011438095942139626,
        0.023750361055135727
      ]
    ],
    [
      [
        0.02434057556092739,
        0.011814327910542488
      ],
      [
        0.011814327910542488,
        0.022234540432691574
      ]
    ]
  ],
  "probs_grid": [
    [
      0.07167122513055801,
      0.05705197528004646,
      0.023762689903378487,
      0.006904480047523975,
      0.0015743455151095986,
      0.0003004695172421634,
      4.9995134759228677e-05,
      7.45903571441886e-06,
      1.018554257825599e-06
    ],
    [
      0.12764742970466614,
      0.0999324768781662,
      0.04092683643102646,
      0.011690506711602211,
      0.0026200562715530396,
      0.000491408514790237,
      8.033968333620578e-05,
      1.1775467100960668e-05,
      1.5794655610079644e-06
    ],
    [
      0.11827360838651657,
      0.09105335175991058,
      0.03666255995631218,
      0.010294146835803986,
      0.0022674191277474165,
      0.00041788286762312055,
      6.712182948831469e-05,
      9.664275239629205e-06,
      1.2732060667985934e-06
    ],
    [
      0.076008640229702,
      0.05753517150878906,
      0.022773949429392815,
      0.006284984294325113,
      0.0013604075647890568,
      0.00024634538567624986,
      3.8872301956871524e-05,
      5.497562597156502e-06,
      7.113210926945612e-07
    ],
    [
      0.0381101556122303,
      0.02836131863296032,
      0.0110348304733634,
      0.002992879366502166,
      0.0006365604931488633,
      0.00011324859224259853,
      1.7554259102325886e-05,
      2.4384075913985725e-06,
      3.098415959357226e-07
    ],
    [
      0.01590004563331604,
      0.011632040143013,
      0.004448250867426395,
      0.001185587141662836,
      0.0002477621310390532,
      4.33025743404869e-05,
      6.5930644268519245e-06,
      8.994504696602235e-07,
      1.1223352913702911e-07
    ],
    [
      0.005749254487454891,
      0.0041342927142977715,
      0.001553788548335433,
      0.00040693284245207906,
      8.354948658961803e-05,
      1.4344289411383215e-05,
      2.145110329365707e-06,
      2.8739574986502703e-07,
      3.521389402294517e-08
    ],
    [
      0.0018529348308220506,
      0.0013096216134727001,
      0.00048368287389166653,
      0.00012446496111806482,
      2.5104951419052668e-05,
      4.233745130477473e-06,
      6.218241423994186e-07,
      8.181190480627265e-08,
      9.842772819013135e-09
    ],
    [
      0.0005433039623312652,
      0.0003773914650082588,
      0.0001369622623315081,
      3.462704989942722e-05,
      6.86109433445381e-06,
      1.1364884358044947e-06,
      1.6392998247738433e-07,
      2.1178996334469957e-08,
      2.5018100924256714e-09
    ]
  ],
  "probs_results": [
    0.21531787514686584,
    0.6242932677268982,
    0.16038878262043
  ]
}