{
  "skills_mean": [
    [
      0.6721971035003662,
      1.3317869901657104
    ],
    [
      0.3325880765914917,
      0.745351254940033
    ]
  ],
  "skills_cov": [
    [
      [
        0.018772101029753685,
        0.012131500989198685
      ],
      [
        0.012131500989198685,
        0.029138294979929924
      ]
    ],
    [
      [
        0.02146083302795887,
        0.012688763439655304
      ],
      [
        0.012688763439655304,
        0.02661004103720188
      ]
    ]
  ],
  "probs_grid": [
    [
      0.08105573058128357,
      0.059292022138834,
      0.022748049348592758,
      0.0061029186472296715,
      0.0012879461282864213,
      0.00022804491163697094,
      3.5285756894154474e-05,
      4.907189122604905e-06,
      6.260898430809902e-07
    ],
    [
      0.13971351087093353,
      0.10042358189821243,
      0.037849415093660355,
      0.009972979314625263,
      0.0020666224882006645,
      0.00035922747338190675,
      5.45569128007628e-05,
      7.445699793606764e-06,
      9.320914386989898e-07
    ],
    [
      0.12552481889724731,
      0.08864358812570572,
      0.03281605988740921,
      0.00849121157079935,
      0.001727551338262856,
      0.00029476641793735325,
      4.3935498979408294e-05,
      5.883737685508095e-06,
      7.2263253514393e-07
    ],
    [
      0.07836875319480896,
      0.05436520278453827,
      0.019766096025705338,
      0.005021931137889624,
      0.0010030214907601476,
      0.00016797789430711418,
      2.4570110326749273e-05,
      3.228413106626249e-06,
      3.88982073218358e-07
    ],
    [
      0.03824509307742119,
      0.026059091091156006,
      0.009303986094892025,
      0.0023208055645227432,
      0.00045500171836465597,
      7.478424231521785e-05,
      1.0733592716860585e-05,
      1.3836842072123545e-06,
      1.6353914134015213e-07
    ],
    [
      0.015559619292616844,
      0.010412082076072693,
      0.0036501518916338682,
      0.0008938352111726999,
      0.00017199950525537133,
      2.774232234514784e-05,
      3.906826350430492e-06,
      4.940766302752309e-07,
      5.7278832343854447e-08
    ],
    [
      0.005496442783623934,
      0.003611848456785083,
      0.0012431516079232097,
      0.0002988193591590971,
      5.643361873808317e-05,
      8.93179912964115e-06,
      1.234058800037019e-06,
      1.5309325362977688e-07,
      1.7407831620630532e-08
    ],
    [
      0.0017337942263111472,
      0.0011186980409547687,
      0.00037799871643073857,
      8.918216917663813e-05,
      1.652853643463459e-05,
      2.566793909863918e-06,
      3.479171937215142e-07,
      4.23370636326581e-08,
      4.721437019128416e-09
    ],
    [
      0.0004984683473594487,
      0.00031577894696965814,
      0.00010473921429365873,
      2.4253169613075443e-05,
      4.410859219206031e-06,
      6.720609349031292e-07,
      8.936288509175938e-08,
      1.0666062699726808e-08,
      1.1665457488874154e-09
    ]
  ],
  "probs_results": [
    0.2198740541934967,
    0.6282098293304443,
    0.15191619098186493
  ]
}