{
  "skills_mean": [
    [
      0.007470931392163038,
      0.36724361777305603
    ],
    [
      0.3869571387767792,
      0.7411888837814331
    ]
  ],
  "skills_cov": [
    [
      [
        0.018872352316975594,
        0.009899044409394264
      ],
      [
        0.009899044409394264,
        0.020398326218128204
      ]
    ],
    [
      [
        0.019838813692331314,
        0.011233472265303135
      ],
      [
        0.011233472265303135,
        0.023982973769307137
      ]
    ]
  ],
  "probs_grid": [
    [
      0.05502389743924141,
      0.10422659665346146,
      0.1024288460612297,
      0.06962744891643524,
      0.03682679310441017,
      0.016164332628250122,
      0.006132605019956827,
      0.002068305155262351,
      0.0006329567986540496
    ],
    [
      0.05196989327669144,
      0.09691838175058365,
      0.09376423805952072,
      0.06274031102657318,
      0.032662324607372284,
      0.014109978452324867,
      0.005268307402729988,
      0.0017485265852883458,
      0.0005265505169518292
    ],
    [
      0.025554800406098366,
      0.046912781894207,
      0.044673509895801544,
      0.029420606791973114,
      0.015073489397764206,
      0.006408035755157471,
      0.0023543715942651033,
      0.0007688772166147828,
      0.00022781564621254802
    ],
    [
      0.008722265250980854,
      0.015759894624352455,
      0.014770067296922207,
      0.00957243051379919,
      0.00482605118304491,
      0.0020187569316476583,
      0.0007297758129425347,
      0.00023447914281859994,
      6.835076783318073e-05
    ],
    [
      0.002324610948562622,
      0.004133554175496101,
      0.003812141017988324,
      0.0024310555309057236,
      0.0012059299042448401,
      0.0004963022074662149,
      0.00017650627705734223,
      5.579075150308199e-05,
      1.599814640940167e-05
    ],
    [
      0.000515987107064575,
      0.0009028349886648357,
      0.0008192550740204751,
      0.000514021550770849,
      0.00025085292872972786,
      0.00010156143980566412,
      3.553097485564649e-05,
      1.1047221050830558e-05,
      3.115926801910973e-06
    ],
    [
      9.935646085068583e-05,
      0.00017104575817938894,
      0.00015270044968929142,
      9.425252210348845e-05,
      4.5247681555338204e-05,
      1.8019736671703868e-05,
      6.200810730661033e-06,
      1.8962592776006204e-06,
      5.260391162664746e-07
    ],
    [
      1.706982948235236e-05,
      2.8909824322909117e-05,
      2.5389006623299792e-05,
      1.5415047528222203e-05,
      7.278989869519137e-06,
      2.851182216545567e-06,
      9.649551202528528e-07,
      2.902157518747117e-07,
      7.917535072010651e-08
    ],
    [
      2.6709415124059888e-06,
      4.449760126590263e-06,
      3.843851118290331e-06,
      2.2954691303311847e-06,
      1.066058416654414e-06,
      4.106749145194044e-07,
      1.3668618237261398e-07,
      4.0426524350323234e-08,
      1.0845478293219912e-08
    ]
  ],
  "probs_results": [
    0.20761738717556,
    0.1801874190568924,
    0.6121951937675476
  ]
}