{
  "skills_mean": [
    [
      -0.3065589368343353,
      0.02519363909959793
    ],
    [
      0.10859686136245728,
      0.713803768157959
    ]
  ],
  "skills_cov": [
    [
      [
        0.02162308618426323,
        0.010205046273767948
      ],
      [
        0.010205046273767948,
        0.022476378828287125
      ]
    ],
    [
      [
        0.020033201202750206,
        0.010853055864572525
      ],
      [
        0.010853055864572525,
        0.024138860404491425
      ]
    ]
  ],
  "probs_grid": [
    [
      0.061735887080430984,
      0.12308792769908905,
      0.1275617778301239,
      0.09160958230495453,
      0.0512833297252655,
      0.023867158219218254,
      0.009618046693503857,
      0.003451530123129487,
      0.0011258242884650826
    ],
    [
      0.0442686565220356,
      0.08697468042373657,
      0.0888095423579216,
      0.06283308565616608,
      0.03464842587709427,
      0.015882646664977074,
      0.006303511559963226,
      0.002227631863206625,
      0.000715491478331387
    ],
    [
      0.01657737046480179,
      0.03208756819367409,
      0.03227570280432701,
      0.022491982206702232,
      0.012215213850140572,
      0.005514131858944893,
      0.002154942136257887,
      0.0007498262566514313,
      0.00023711264657322317
    ],
    [
      0.004322276450693607,
      0.008240808732807636,
      0.008163866586983204,
      0.005602610297501087,
      0.0029961555264890194,
      0.0013316889526322484,
      0.0005123761366121471,
      0.00017551313794683665,
      5.4635002015857026e-05
    ],
    [
      0.0008827080600894988,
      0.0016573970206081867,
      0.001616813475266099,
      0.001092496095225215,
      0.0005752028664574027,
      0.0002516816311981529,
      9.532293188385665e-05,
      3.214023308828473e-05,
      9.847247383731883e-06
    ],
    [
      0.000150603023939766,
      0.00027843008865602314,
      0.0002674120769370347,
      0.00017788283003028482,
      9.219188359566033e-05,
      3.9705289964331314e-05,
      1.4800961253058631e-05,
      4.911455107503571e-06,
      1.480883724980231e-06
    ],
    [
      2.2359674403560348e-05,
      4.069547139806673e-05,
      3.847431798931211e-05,
      2.519118606869597e-05,
      1.2849885933974292e-05,
      5.446490376925794e-06,
      1.997987737922813e-06,
      6.524138598251739e-07,
      1.9356284042260086e-07
    ],
    [
      2.9711227398365736e-06,
      5.3226694944896735e-06,
      4.952756171405781e-06,
      3.1914221381157404e-06,
      1.6020069324440556e-06,
      6.681651711915038e-07,
      2.411775312793907e-07,
      7.748571562160578e-08,
      2.2618030115495458e-08
    ],
    [
      3.6068354347662535e-07,
      6.359124995469756e-07,
      5.822960815748957e-07,
      3.692155416956666e-07,
      1.8236055154829955e-07,
      7.483343722469726e-08,
      2.6574868527973194e-08,
      8.399577922091339e-09,
      2.4119797270572008e-09
    ]
  ],
  "probs_results": [
    0.18737103044986725,
    0.12014856934547424,
    0.6924805045127869
  ]
}