{
  "skills_mean": [
    [
      0.589721143245697,
      1.1432700157165527
    ],
    [
      -0.1409412920475006,
      0.5722623467445374
    ]
  ],
  "skills_cov": [
    [
      [
        0.02106301859021187,
        0.012056933715939522
      ],
      [
        0.012056933715939522,
        0.02677188254892826
      ]
    ],
    [
      [
        0.021313393488526344,
        0.01067821029573679
      ],
      [
        0.01067821029573679,
        0.022844761610031128
      ]
    ]
  ],
  "probs_grid": [
    [
      0.08278118818998337,
      0.045952148735523224,
      0.013353828340768814,
      0.0027086420450359583,
      0.00043139696936123073,
      5.7542645663488656e-05,
      6.695709089399315e-06,
      6.990505880821729e-07,
      6.684307862769856e-08
    ],
    [
      0.1546613723039627,
      0.08459112793207169,
      0.02421335130929947,
      0.0048361485823988914,
      0.000758228066843003,
      9.95337832137011e-05,
      1.1395268302294426e-05,
      1.170254904536705e-06,
      1.1004595990016242e-07
    ],
    [
      0.15040801465511322,
      0.08103951811790466,
      0.022844307124614716,
      0.004492099396884441,
      0.0006931996904313564,
      8.95419143489562e-05,
      1.0084931091114413e-05,
      1.0186415693169693e-06,
      9.419211011163497e-08
    ],
    [
      0.10150432586669922,
      0.05386580154299736,
      0.014951052144169807,
      0.0028940250631421804,
      0.0004394995339680463,
      5.5855693062767386e-05,
      6.188063707668334e-06,
      6.146786972749396e-07,
      5.588517026922091e-08
    ],
    [
      0.05347120389342308,
      0.02794322744011879,
      0.007635619957000017,
      0.0014546941965818405,
      0.00021737888164352626,
      2.7177835363545455e-05,
      2.9613784136017784e-06,
      2.8926041295562754e-07,
      2.5855467100655005e-08
    ],
    [
      0.023450316861271858,
      0.012066008523106575,
      0.0032454682514071465,
      0.0006084758788347244,
      8.94593758857809e-05,
      1.1001784514519386e-05,
      1.1789343261625618e-06,
      1.1322558179927e-07,
      9.949140178378002e-09
    ],
    [
      0.008917446248233318,
      0.0045169987715780735,
      0.0011957791866734624,
      0.00022059805633034557,
      3.1905932701192796e-05,
      3.859252501570154e-06,
      4.066644976319367e-07,
      3.839844708863893e-08,
      3.3166305257736894e-09
    ],
    [
      0.0030239117331802845,
      0.0015076977433636785,
      0.00039277932955883443,
      7.129102596081793e-05,
      1.0142542123503517e-05,
      1.2065121381965582e-06,
      1.2500657931013848e-07,
      1.160374374364892e-08,
      9.851276461247949e-10
    ],
    [
      0.0009333107736892998,
      0.0004579872766043991,
      0.000117401075840462,
      2.0962759663234465e-05,
      2.933333462351584e-06,
      3.4313188734813593e-07,
      3.495395262120837e-08,
      3.189465802577729e-09,
      2.661301456985399e-10
    ]
  ],
  "probs_results": [
    0.19345323741436005,
    0.7082379460334778,
    0.09830880165100098
  ]
}