{
  "skills_mean": [
    [
      0.6352682709693909,
      0.8882365822792053
    ],
    [
      0.3272339999675751,
      0.9292075634002686
    ]
  ],
  "skills_cov": [
    [
      [
        0.01741301454603672,
        0.01013747975230217
      ],
      [
        0.01013747975230217,
        0.024220475926995277
      ]
    ],
    [
      [
        0.01749619096517563,
        0.009674965403974056
      ],
      [
        0.009674965403974056,
        0.02397870644927025
      ]
    ]
  ],
  "probs_grid": [
    [
      0.07742731273174286,
      0.08535928279161453,
      0.04894004762172699,
      0.019455675035715103,
      0.006032826378941536,
      0.0015562758781015873,
      0.00034788926132023335,
      6.930874951649457e-05,
      1.2561697985802311e-05
    ],
    [
      0.10939393937587738,
      0.11890829354524612,
      0.06720776110887527,
      0.026334743946790695,
      0.008047668263316154,
      0.0020457126665860415,
      0.00045056125964038074,
      8.843081741360947e-05,
      1.578771298227366e-05
    ],
    [
      0.08032537251710892,
      0.08607392758131027,
      0.04795273393392563,
      0.01851808838546276,
      0.005576371215283871,
      0.001396644045598805,
      0.00030304212123155594,
      5.858844451722689e-05,
      1.0302472219336778e-05
    ],
    [
      0.04086726903915405,
      0.04316548630595207,
      0.02370050735771656,
      0.009019074961543083,
      0.00267598289065063,
      0.0006602841895073652,
      0.00014112752978689969,
      2.6874400646192953e-05,
      4.654168606066378e-06
    ],
    [
      0.01620613783597946,
      0.016870485618710518,
      0.009128031320869923,
      0.003422581823542714,
      0.0010004487121477723,
      0.0002431711764074862,
      5.1193674153182656e-05,
      9.60111810854869e-06,
      1.6374290225940058e-06
    ],
    [
      0.0053426348604261875,
      0.005480744410306215,
      0.0029219253920018673,
      0.001079375739209354,
      0.00031080670305527747,
      7.441093475790694e-05,
      1.5428540791617706e-05,
      2.849524207704235e-06,
      4.785371174875763e-07
    ],
    [
      0.001525082509033382,
      0.0015415792586281896,
      0.0008097117533907294,
      0.00029465797706507146,
      8.357413753401488e-05,
      1.970649100258015e-05,
      4.023886049253633e-06,
      7.318142820622597e-07,
      1.2100787216695608e-07
    ],
    [
      0.0003876933769788593,
      0.00038610395858995616,
      0.0001997845247387886,
      7.16133727109991e-05,
      2.000537460844498e-05,
      4.645576609618729e-06,
      9.340936912849429e-07,
      1.6727123863802262e-07,
      2.723161252049522e-08
    ],
    [
      8.958886610344052e-05,
      8.789666753727943e-05,
      4.480059942579828e-05,
      1.5816987797734328e-05,
      4.3515119614312425e-06,
      9.950740604836028e-07,
      1.9701036535479943e-07,
      3.4734920717482964e-08,
      5.5671067755724835e-09
    ]
  ],
  "probs_results": [
    0.2544051706790924,
    0.44991105794906616,
    0.29568353295326233
  ]
}