{
  "skills_mean": [
    [
      0.37858185172080994,
      0.7522969245910645
    ],
    [
      -0.18283380568027496,
      0.4262470602989197
    ]
  ],
  "skills_cov": [
    [
      [
        0.019239619374275208,
        0.010780064389109612
      ],
      [
        0.010780064389109612,
        0.02347435988485813
      ]
    ],
    [
      [
        0.023622212931513786,
        0.01148682739585638
      ],
      [
        0.01148682739585638,
        0.02277018502354622
      ]
    ]
  ],
  "probs_grid": [
    [
      0.07395622879266739,
      0.05741899460554123,
      0.02330687642097473,
      0.006594364996999502,
      0.0014630116056650877,
      0.00027146143838763237,
      4.387855005916208e-05,
      6.354527158691781e-06,
      8.416328682869789e-07
    ],
    [
      0.13096335530281067,
      0.10009243339300156,
      0.039985720068216324,
      0.011132152751088142,
      0.0024297113995999098,
      0.00044344158959575,
      7.04899211996235e-05,
      1.0037711035693064e-05,
      1.3070284694549628e-06
    ],
    [
      0.1205298900604248,
      0.09066888689994812,
      0.03564370796084404,
      0.009763202629983425,
      0.002096148207783699,
      0.0003762544074561447,
      5.8813700889004394e-05,
      8.23427126306342e-06,
      1.0540263701841468e-06
    ],
    [
      0.0768606960773468,
      0.056901704519987106,
      0.022010017186403275,
      0.005930867046117783,
      0.0012524446938186884,
      0.00022108311532065272,
      3.397983164177276e-05,
      4.677047854784178e-06,
      5.884932647859387e-07
    ],
    [
      0.0382019467651844,
      0.02782999910414219,
      0.010590879246592522,
      0.002807207405567169,
      0.0005830223090015352,
      0.00010120037040906027,
      1.5292613170458935e-05,
      2.0692059479188174e-06,
      2.559094696152897e-07
    ],
    [
      0.015784092247486115,
      0.011313768103718758,
      0.004235513973981142,
      0.0011042135301977396,
      0.0002255259605590254,
      3.8490987208206207e-05,
      5.718207830796018e-06,
      7.605423206769046e-07,
      9.244661924867614e-08
    ],
    [
      0.005646592937409878,
      0.003981902729719877,
      0.001466322224587202,
      0.0003759617975447327,
      7.550675218226388e-05,
      1.2670147953031119e-05,
      1.8503523051549564e-06,
      2.418977089746477e-07,
      2.889739825207016e-08
    ],
    [
      0.001798749202862382,
      0.0012478186981752515,
      0.0004519531794358045,
      0.00011395698675187305,
      2.2503503714688122e-05,
      3.712359330165782e-06,
      5.329268333298387e-07,
      6.847524502973101e-08,
      8.038895771278476e-09
    ],
    [
      0.000520804722327739,
      0.0003553826827555895,
      0.0001265924220206216,
      3.13875571009703e-05,
      6.094032869441435e-06,
      9.882853646558942e-07,
      1.394505062535245e-07,
      1.7609700364573655e-08,
      2.031558477000317e-09
    ]
  ],
  "probs_results": [
    0.21632561087608337,
    0.6264960169792175,
    0.15717817842960358
  ]
}