{
  "skills_mean": [
    [
      0.0958050936460495,
      0.7913632988929749
    ],
    [
      0.6953445076942444,
      1.1045747995376587
    ]
  ],
  "skills_cov": [
    [
      [
        0.02511858567595482,
        0.01163476426154375
      ],
      [
        0.01163476426154375,
        0.022185690701007843
      ]
    ],
    [
      [
        0.017680000513792038,
        0.009986674413084984
      ],
      [
        0.009986674413084984,
        0.02355078235268593
      ]
    ]
  ],
  "probs_grid": [
    [
      0.08490677922964096,
      0.14387236535549164,
      0.12648560106754303,
      0.07691936939954758,
      0.036397892981767654,
      0.01429395005106926,
      0.004852334037423134,
      0.0014644196489825845,
      0.0004010592238046229
    ],
    [
      0.06121102347970009,
      0.10220016539096832,
      0.08851886540651321,
      0.05302588641643524,
      0.02471305988729,
      0.009557525627315044,
      0.003194739343598485,
      0.0009492779499851167,
      0.0002559378044679761
    ],
    [
      0.02310894802212715,
      0.03800787404179573,
      0.032424069941043854,
      0.0191281046718359,
      0.008778274059295654,
      0.003342525800690055,
      0.0010999282822012901,
      0.00032171912607736886,
      8.537517715012655e-05
    ],
    [
      0.006091237533837557,
      0.009866463020443916,
      0.008288229815661907,
      0.004814145155251026,
      0.002174998866394162,
      0.0008152318187057972,
      0.00026404790696687996,
      7.600937533425167e-05,
      1.984975278901402e-05
    ],
    [
      0.0012610387057065964,
      0.002011154079809785,
      0.0016632378101348877,
      0.0009509796509519219,
      0.00042288744589313865,
      0.00015599720063619316,
      4.972198439645581e-05,
      1.4083961104915943e-05,
      3.618847358666244e-06
    ],
    [
      0.000218699497054331,
      0.0003433434176258743,
      0.00027948254137299955,
      0.00015726905257906765,
      6.88218351569958e-05,
      2.498088542779442e-05,
      7.83414452598663e-06,
      2.1831581307196757e-06,
      5.51842958884663e-07
    ],
    [
      3.3094704122049734e-05,
      5.1134567911503837e-05,
      4.096105840289965e-05,
      2.268033495056443e-05,
      9.765212780621368e-06,
      3.487198682705639e-06,
      1.0758184316728148e-06,
      2.9490297492884565e-07,
      7.332057805342629e-08
    ],
    [
      4.494298536883434e-06,
      6.832964118075324e-06,
      5.385375970945461e-06,
      2.933632003987441e-06,
      1.2425495015122578e-06,
      4.3646517156048503e-07,
      1.324407037373021e-07,
      3.570603013258733e-08,
      8.73052918848316e-09
    ],
    [
      5.590844125435979e-07,
      8.362525818483846e-07,
      6.483639367615979e-07,
      3.474140726211772e-07,
      1.447308193291974e-07,
      5.0000107165715235e-08,
      1.4920621183023286e-08,
      3.955707317260249e-09,
      9.51075107558097e-10
    ]
  ],
  "probs_results": [
    0.22485041618347168,
    0.1537514477968216,
    0.6213982105255127
  ]
}