{
  "skills_mean": [
    [
      0.21620002388954163,
      0.6016331911087036
    ],
    [
      0.3089793622493744,
      1.1687060594558716
    ]
  ],
  "skills_cov": [
    [
      [
        0.023404814302921295,
        0.012028803117573261
      ],
      [
        0.012028803117573261,
        0.02336221933364868
      ]
    ],
    [
      [
        0.015081675723195076,
        0.008880913257598877
      ],
      [
        0.008880913257598877,
        0.02524012327194214
      ]
    ]
  ],
  "probs_grid": [
    [
      0.11045655608177185,
      0.15578459203243256,
      0.11389727890491486,
      0.05755312740802765,
      0.022610748186707497,
      0.007366309408098459,
      0.0020728667732328176,
      0.0005181814776733518,
      0.0001174636126961559
    ],
    [
      0.0835002139210701,
      0.11617124080657959,
      0.08376891165971756,
      0.041740283370018005,
      0.016167545691132545,
      0.005192201118916273,
      0.0014400540385395288,
      0.000354758114553988,
      7.923878729343414e-05
    ],
    [
      0.033057134598493576,
      0.04535449296236038,
      0.03224577754735947,
      0.015839509665966034,
      0.0060472553595900536,
      0.001913942862302065,
      0.0005230678361840546,
      0.0001269567001145333,
      2.7935109756072052e-05
    ],
    [
      0.009137611836194992,
      0.012359649874269962,
      0.008661787025630474,
      0.004193329252302647,
      0.0015775938518345356,
      0.0004919554921798408,
      0.00013245192531030625,
      3.1666910217609257e-05,
      6.86277689965209e-06
    ],
    [
      0.001983858644962311,
      0.002644750289618969,
      0.0018265122780576348,
      0.0008712636772543192,
      0.0003229264111723751,
      9.919653530232608e-05,
      2.6305078790755942e-05,
      6.193667559273308e-06,
      1.3217703553891624e-06
    ],
    [
      0.00036082262522540987,
      0.00047397788148373365,
      0.00032249814830720425,
      0.00015154070570133626,
      5.5322874686680734e-05,
      1.673665246926248e-05,
      4.370527676655911e-06,
      1.0132554280062323e-06,
      2.1289244500621862e-07
    ],
    [
      5.726313611376099e-05,
      7.410141552099958e-05,
      4.966246342519298e-05,
      2.298323488503229e-05,
      8.262622031907085e-06,
      2.461307758494513e-06,
      6.328062909233267e-07,
      1.4442845497342205e-07,
      2.987110292451689e-08
    ],
    [
      8.155536306730937e-06,
      1.0394281162007246e-05,
      6.860196208435809e-06,
      3.126162937405752e-06,
      1.1065345688621164e-06,
      3.2450083153889864e-07,
      8.212629865056442e-08,
      1.8449583194524166e-08,
      3.7555172305303586e-09
    ],
    [
      1.0640013670126791e-06,
      1.3353175063457456e-06,
      8.67721894337592e-07,
      3.8928277490413166e-07,
      1.3563932554916391e-07,
      3.915283741662279e-08,
      9.75254188517738e-09,
      2.1561230578726054e-09,
      4.318906066114181e-10
    ]
  ],
  "probs_results": [
    0.2634233236312866,
    0.20102235674858093,
    0.5355541110038757
  ]
}