{
  "skills_mean": [
    [
      0.5800958275794983,
      1.1980350017547607
    ],
    [
      -0.21273009479045868,
      0.3475610613822937
    ]
  ],
  "skills_cov": [
    [
      [
        0.019303591921925545,
        0.012095819227397442
      ],
      [
        0.012095819227397442,
        0.02827569656074047
      ]
    ],
    [
      [
        0.02444506250321865,
        0.012495050206780434
      ],
      [
        0.012495050206780434,
        0.024471323937177658
      ]
    ]
  ],
  "probs_grid": [
    [
      0.056589044630527496,
      0.028126340359449387,
      0.0073492382653057575,
      0.0013459810288622975,
      0.00019437266746535897,
      2.360678445256781e-05,
      2.511587354092626e-06,
      2.407566910278547e-07,
      2.1225293522775246e-08
    ],
    [
      0.12871578335762024,
      0.0629224181175232,
      0.016165323555469513,
      0.0029100258834660053,
      0.00041293579852208495,
      4.9266847781836987e-05,
      5.147846422914881e-06,
      4.845185230806237e-07,
      4.193173097633007e-08
    ],
    [
      0.15227484703063965,
      0.07320378720760345,
      0.01848876103758812,
      0.003271047491580248,
      0.00045605553896166384,
      5.344674355001189e-05,
      5.484232588059967e-06,
      5.067850565865228e-07,
      4.3051148423955965e-08
    ],
    [
      0.12491052597761154,
      0.059044573456048965,
      0.01465882733464241,
      0.0025485879741609097,
      0.0003490884555503726,
      4.018223989987746e-05,
      4.048744358442491e-06,
      3.673012543004006e-07,
      3.062569220446676e-08
    ],
    [
      0.07991601526737213,
      0.037139762192964554,
      0.009062694385647774,
      0.0015482394956052303,
      0.00020832537848036736,
      2.3550663172500208e-05,
      2.329976496184827e-06,
      2.0750168516769918e-07,
      1.6981056560894103e-08
    ],
    [
      0.042530033737421036,
      0.019430266693234444,
      0.004659661091864109,
      0.000782128656283021,
      0.00010337543062632903,
      1.1476544386823662e-05,
      1.1147967597935349e-06,
      9.745645002112724e-08,
      7.827312131780673e-09
    ],
    [
      0.019608592614531517,
      0.008805719204246998,
      0.0020752004347741604,
      0.0003422107838559896,
      4.442609861143865e-05,
      4.8432680159749e-06,
      4.618873390427325e-07,
      3.9634702631019536e-08,
      3.1240523501452344e-09
    ],
    [
      0.008054740726947784,
      0.003555228002369404,
      0.0008232821128331125,
      0.0001333712280029431,
      1.7005362678901292e-05,
      1.820411966946267e-06,
      1.7043545597061893e-07,
      1.4355101995988662e-08,
      1.1103874486551035e-09
    ],
    [
      0.0030088128987699747,
      0.0013051936402916908,
      0.00029696986894123256,
      4.725846883957274e-05,
      5.917789621889824e-06,
      6.220233785825258e-07,
      5.7170549183638286e-08,
      4.7261834446032935e-09,
      3.5874994641638125e-10
    ]
  ],
  "probs_results": [
    0.14109724760055542,
    0.7979679703712463,
    0.06093492731451988
  ]
}