{
  "skills_mean": [
    [
      0.29680681228637695,
      1.002334713935852
    ],
    [
      -0.28359514474868774,
      0.0893893763422966
    ]
  ],
  "skills_cov": [
    [
      [
        0.023542707785964012,
        0.012952369637787342
      ],
      [
        0.012952369637787342,
        0.025108393281698227
      ]
    ],
    [
      [
        0.022073745727539062,
        0.01100191194564104
      ],
      [
        0.01100191194564104,
        0.024183807894587517
      ]
    ]
  ],
  "probs_grid": [
    [
      0.05646221339702606,
      0.03160988911986351,
      0.009254122152924538,
      0.0018889440689235926,
      0.0003024205507244915,
      4.050638744956814e-05,
      4.7278758756874595e-06,
      4.946001581629389e-07,
      4.73393519939691e-08
    ],
    [
      0.12485276162624359,
      0.0687633827328682,
      0.019799325615167618,
      0.003973816987127066,
      0.0006254203035496175,
      8.233026892412454e-05,
      9.442484042665455e-06,
      9.704481271910481e-07,
      9.123400701582796e-08
    ],
    [
      0.14407029747962952,
      0.07804824411869049,
      0.022099293768405914,
      0.004360692575573921,
      0.0006745934952050447,
      8.726899250177667e-05,
      9.833983313001227e-06,
      9.928310191753553e-07,
      9.167292347456168e-08
    ],
    [
      0.11565081030130386,
      0.06161816790699959,
      0.017155073583126068,
      0.0033276721369475126,
      0.0005059469840489328,
      6.431500514736399e-05,
      7.12011842551874e-06,
      7.06088201241073e-07,
      6.402871832733581e-08
    ],
    [
      0.07264313101768494,
      0.038060396909713745,
      0.010417843237519264,
      0.0019863357301801443,
      0.0002967937907669693,
      3.706935967784375e-05,
      4.031457592645893e-06,
      3.926712679458433e-07,
      3.496773359756844e-08
    ],
    [
      0.03807665407657623,
      0.019615942612290382,
      0.005278266966342926,
      0.0009891313966363668,
      0.0001452306896680966,
      1.7821288565755822e-05,
      1.9038327536691213e-06,
      1.821228750031878e-07,
      1.592579756959367e-08
    ],
    [
      0.017345456406474113,
      0.00878549087792635,
      0.002323741326108575,
      0.0004279606509953737,
      6.174178270157427e-05,
      7.44307135391864e-06,
      7.810143642927869e-07,
      7.3373684017497e-08,
      6.30020080549798e-09
    ],
    [
      0.00706193083897233,
      0.003516389988362789,
      0.000914166506845504,
      0.0001654492225497961,
      2.3452230379916728e-05,
      2.7773139663622715e-06,
      2.862379631096701e-07,
      2.6407938946704235e-08,
      2.2264277088623885e-09
    ],
    [
      0.0026226360350847244,
      0.001283728634007275,
      0.00032800418557599187,
      5.833330214954913e-05,
      8.123759471345693e-06,
      9.450299671698303e-07,
      9.565881953221833e-08,
      8.666472872675968e-09,
      7.174015270727807e-10
    ]
  ],
  "probs_results": [
    0.1512913852930069,
    0.7752035856246948,
    0.07350501418113708
  ]
}