{
  "skills_mean": [
    [
      0.2677375078201294,
      0.9073902368545532
    ],
    [
      -0.27847790718078613,
      0.3624497056007385
    ]
  ],
  "skills_cov": [
    [
      [
        0.024256667122244835,
        0.014471384696662426
      ],
      [
        0.014471384696662426,
        0.02825244888663292
      ]
    ],
    [
      [
        0.023474665358662605,
        0.011243587359786034
      ],
      [
        0.011243587359786034,
        0.023638218641281128
      ]
    ]
  ],
  "probs_grid": [
    [
      0.09533009678125381,
      0.05823691189289093,
      0.01868402399122715,
      0.0041972012259066105,
      0.0007426640368066728,
      0.00011039986566174775,
      1.4361040484800469e-05,
      1.6813080492283916e-06,
      1.8083102304444765e-07
    ],
    [
      0.1602366864681244,
      0.09620529413223267,
      0.030324773862957954,
      0.006690816953778267,
      0.001162462285719812,
      0.0001696303515927866,
      2.165503792639356e-05,
      2.4874520931916777e-06,
      2.6243256456837116e-07
    ],
    [
      0.14070534706115723,
      0.08300942182540894,
      0.02570219710469246,
      0.0055689080618321896,
      0.0009498772560618818,
      0.00013604355626739562,
      1.7041724277078174e-05,
      1.920394424814731e-06,
      1.9872025802669668e-07
    ],
    [
      0.08605049550533295,
      0.04987315833568573,
      0.015166283585131168,
      0.0032264674082398415,
      0.0005402060924097896,
      7.592716428916901e-05,
      9.331669389212038e-06,
      1.0314965948055033e-06,
      1.0467968536431727e-07
    ],
    [
      0.04122665151953697,
      0.02346997894346714,
      0.007008488290011883,
      0.0014637173153460026,
      0.0002405279374215752,
      3.317242590128444e-05,
      3.99959935748484e-06,
      4.33621835327358e-07,
      4.315255353048997e-08
    ],
    [
      0.016502395272254944,
      0.009226411581039429,
      0.0027050841599702835,
      0.0005545485764741898,
      8.942728891270235e-05,
      1.2100589628971647e-05,
      1.4311249287857208e-06,
      1.5216573956422508e-07,
      1.4848247076315602e-08
    ],
    [
      0.005748039111495018,
      0.003155684331431985,
      0.0009082771139219403,
      0.00018274698231834918,
      2.8917102099512704e-05,
      3.838579686998855e-06,
      4.452791131370759e-07,
      4.642785000896765e-08,
      4.441854883907581e-09
    ],
    [
      0.0017916737124323845,
      0.0009657462942413986,
      0.000272843026323244,
      5.387274723034352e-05,
      8.3637914940482e-06,
      1.0890755675063701e-06,
      1.2390061954192788e-07,
      1.2667532800492154e-08,
      1.188157905396281e-09
    ],
    [
      0.0005100900889374316,
      0.00026991614140570164,
      7.484378147637472e-05,
      1.4500842553388793e-05,
      2.2085982891439926e-06,
      2.820812881054735e-07,
      3.147097515920905e-08,
      3.1547957579647345e-09,
      2.9008256907658847e-10
    ]
  ],
  "probs_results": [
    0.22078388929367065,
    0.651478111743927,
    0.12773798406124115
  ]
}