{
  "skills_mean": [
    [
      0.5333448052406311,
      0.8517297506332397
    ],
    [
      0.5472084283828735,
      1.1604002714157104
    ]
  ],
  "skills_cov": [
    [
      [
        0.01867072470486164,
        0.009927058592438698
      ],
      [
        0.009927058592438698,
        0.02190222218632698
      ]
    ],
    [
      [
        0.019310010597109795,
        0.010756933130323887
      ],
      [
        0.010756933130323887,
        0.025301698595285416
      ]
    ]
  ],
  "probs_grid": [
    [
      0.08423071354627609,
      0.11779254674911499,
      0.08559762686491013,
      0.043093059211969376,
      0.016907239332795143,
      0.005513786803930998,
      0.0015567897353321314,
      0.0003913893015123904,
      8.943382272263989e-05
    ],
    [
      0.08714175224304199,
      0.12009084969758987,
      0.08598543703556061,
      0.04264621436595917,
      0.0164815541356802,
      0.005293880123645067,
      0.0014719823375344276,
      0.0003644042881205678,
      8.198494469979778e-05
    ],
    [
      0.04698564112186432,
      0.06379777193069458,
      0.04500040039420128,
      0.02198420837521553,
      0.008367843925952911,
      0.0026468164287507534,
      0.000724668730981648,
      0.00017662940081208944,
      3.912152169505134e-05
    ],
    [
      0.017603358253836632,
      0.02354605682194233,
      0.016358915716409683,
      0.007870824076235294,
      0.002950147958472371,
      0.0009188131662085652,
      0.0002476689696777612,
      5.942676216363907e-05,
      1.2956362297700252e-05
    ],
    [
      0.005155118182301521,
      0.0067916265688836575,
      0.0046469587832689285,
      0.0022016214206814766,
      0.0008125058375298977,
      0.00024912977823987603,
      6.610638229176402e-05,
      1.5613084542565048e-05,
      3.350329961904208e-06
    ],
    [
      0.0012586084194481373,
      0.001632946077734232,
      0.001100177993066609,
      0.0005131985526531935,
      0.0001864543737610802,
      5.6277247495017946e-05,
      1.4698492122988682e-05,
      3.416666231714771e-06,
      7.215257937787101e-07
    ],
    [
      0.0002668365486897528,
      0.0003408880438655615,
      0.00022612049360759556,
      0.00010383755579823628,
      3.7135712773306295e-05,
      1.1032199836336076e-05,
      2.8357922019495163e-06,
      6.486972097263788e-07,
      1.3480205041105364e-07
    ],
    [
      5.052454071119428e-05,
      6.354712240863591e-05,
      4.1496001358609647e-05,
      1.8756887584459037e-05,
      6.602334906347096e-06,
      1.930322923726635e-06,
      4.882796247329679e-07,
      1.0990812171485231e-07,
      2.2472296024034222e-08
    ],
    [
      8.721272934053559e-06,
      1.0798089533636812e-05,
      6.940456387383165e-06,
      3.0876833534421166e-06,
      1.069601921699359e-06,
      3.077310282151302e-07,
      7.659382106339763e-08,
      1.6963189963803416e-08,
      3.412305327188392e-09
    ]
  ],
  "probs_results": [
    0.25808146595954895,
    0.28013876080513,
    0.4617798328399658
  ]
}