{
  "skills_mean": [
    [
      0.6286996603012085,
      0.8489311337471008
    ],
    [
      0.34004291892051697,
      0.5174893736839294
    ]
  ],
  "skills_cov": [
    [
      [
        0.017829792574048042,
        0.010433808900415897
      ],
      [
        0.010433808900415897,
        0.02395365945994854
      ]
    ],
    [
      [
        0.021614674478769302,
        0.011532021686434746
      ],
      [
        0.011532021686434746,
        0.023685064166784286
      ]
    ]
  ],
  "probs_grid": [
    [
      0.03619874268770218,
      0.042524553835392,
      0.026058409363031387,
      0.011105089448392391,
      0.00370235787704587,
      0.0010299289133399725,
      0.00024899881100282073,
      5.3807343647349626e-05,
      1.0608447155391332e-05
    ],
    [
      0.07487905770540237,
      0.08650005608797073,
      0.0521182157099247,
      0.02183670923113823,
      0.007156959269195795,
      0.001957072876393795,
      0.000465065153548494,
      9.877457341644913e-05,
      1.9138828065479174e-05
    ],
    [
      0.08041901141405106,
      0.09134835749864578,
      0.05411488935351372,
      0.022290349006652832,
      0.007181636989116669,
      0.0019303346052765846,
      0.00045085634337738156,
      9.411080100107938e-05,
      1.792062903405167e-05
    ],
    [
      0.05978339910507202,
      0.06677091121673584,
      0.038888949900865555,
      0.015747448429465294,
      0.004987284541130066,
      0.0013176106149330735,
      0.0003024654579348862,
      6.204855890246108e-05,
      1.161113141279202e-05
    ],
    [
      0.034604303538799286,
      0.037999942898750305,
      0.02175840549170971,
      0.008661204017698765,
      0.0026962747797369957,
      0.0007001422345638275,
      0.00015795882791280746,
      3.1845003832131624e-05,
      5.855991275893757e-06
    ],
    [
      0.016633596271276474,
      0.01795843616127968,
      0.010108869522809982,
      0.003955548163503408,
      0.0012103498447686434,
      0.0003089010715484619,
      6.84911065036431e-05,
      1.3569431757787243e-05,
      2.4520325041521573e-06
    ],
    [
      0.0069155278615653515,
      0.007340458687394857,
      0.0040619452483952045,
      0.0015623517101630569,
      0.0004698832635767758,
      0.00011786212417064235,
      2.5682429622975178e-05,
      5.0001613089989405e-06,
      8.878611197360442e-07
    ],
    [
      0.002557582687586546,
      0.0026688924990594387,
      0.001451803487725556,
      0.0005488870665431023,
      0.00016225264698732644,
      3.999844557256438e-05,
      8.565322787035257e-06,
      1.6387191408284707e-06,
      2.8592663170456944e-07
    ],
    [
      0.0008588136406615376,
      0.0008810375002212822,
      0.00047111642197705805,
      0.00017507570737507194,
      5.0865699449786916e-05,
      1.2323570445005316e-05,
      2.5934014047379605e-06,
      4.875704462392605e-07,
      8.359323544482322e-08
    ]
  ],
  "probs_results": [
    0.19579918682575226,
    0.5959640741348267,
    0.2082369327545166
  ]
}