{
  "skills_mean": [
    [
      0.6762357950210571,
      1.0781803131103516
    ],
    [
      0.3197433650493622,
      0.4794448912143707
    ]
  ],
  "skills_cov": [
    [
      [
        0.018310056999325752,
        0.010459725745022297
      ],
      [
        0.010459725745022297,
        0.024101288989186287
      ]
    ],
    [
      [
        0.020684685558080673,
        0.010422187857329845
      ],
      [
        0.010422187857329845,
        0.021776391193270683
      ]
    ]
  ],
  "probs_grid": [
    [
      0.03912663832306862,
      0.036281753331422806,
      0.017545530572533607,
      0.0058995746076107025,
      0.0015515863196924329,
      0.0003404333838261664,
      6.490638043032959e-05,
      1.1059752978326287e-05,
      1.719207716632809e-06
    ],
    [
      0.0872378796339035,
      0.07964519411325455,
      0.03791559487581253,
      0.012548616155982018,
      0.0032480531372129917,
      0.0007012957357801497,
      0.00013156265777070075,
      2.205584132752847e-05,
      3.3728672406141413e-06
    ],
    [
      0.10085636377334595,
      0.09064996242523193,
      0.04247947409749031,
      0.013837459497153759,
      0.0035247744526714087,
      0.0007488762494176626,
      0.0001382285845465958,
      2.279834916407708e-05,
      3.4296820103918435e-06
    ],
    [
      0.08060439676046371,
      0.07131936401128769,
      0.032896313816308975,
      0.010546320118010044,
      0.0026436469051986933,
      0.0005526672466658056,
      0.00010036656021839008,
      1.6285152014461346e-05,
      2.40991744249186e-06
    ],
    [
      0.050093017518520355,
      0.04363011196255684,
      0.019807642325758934,
      0.00624946691095829,
      0.001541536534205079,
      0.00031708652386441827,
      5.6653279898455366e-05,
      9.042948477144819e-06,
      1.3163338508093148e-06
    ],
    [
      0.02581893466413021,
      0.022135339677333832,
      0.009890537708997726,
      0.003070916049182415,
      0.0007453683647327125,
      0.0001508493151050061,
      2.6515386707615107e-05,
      4.163437097304268e-06,
      5.961302917967259e-07
    ],
    [
      0.011495273560285568,
      0.009700343012809753,
      0.004265705123543739,
      0.0013033512514084578,
      0.00031127326656132936,
      6.197961192810908e-05,
      1.0717630175349768e-05,
      1.6554297417314956e-06,
      2.331430266622192e-07
    ],
    [
      0.004546774551272392,
      0.0037763742730021477,
      0.001634306157939136,
      0.0004913742886856198,
      0.00011546692257979885,
      2.2619784431299195e-05,
      3.847893367492361e-06,
      5.846324029334937e-07,
      8.098575676740438e-08
    ],
    [
      0.0016307684127241373,
      0.0013330705696716905,
      0.0005677450099028647,
      0.0001679690321907401,
      3.8835474697407335e-05,
      7.484686648240313e-06,
      1.2525185866252286e-06,
      1.8719073580086842e-07,
      2.5504519385322055e-08
    ]
  ],
  "probs_results": [
    0.17380404472351074,
    0.6876794099807739,
    0.13851666450500488
  ]
}