{
  "skills_mean": [
    [
      0.38691073656082153,
      0.7411000728607178
    ],
    [
      -0.19815772771835327,
      0.3789166808128357
    ]
  ],
  "skills_cov": [
    [
      [
        0.019939124584197998,
        0.011314370669424534
      ],
      [
        0.011314370669424534,
        0.024082284420728683
      ]
    ],
    [
      [
        0.024080872535705566,
        0.012149221263825893
      ],
      [
        0.012149221263825893,
        0.02396809123456478
      ]
    ]
  ],
  "probs_grid": [
    [
      0.06704790145158768,
      0.052041810005903244,
      0.021137120202183723,
      0.005989314988255501,
      0.0013318985002115369,
      0.0002479285467416048,
      4.023836299893446e-05,
      5.856176358065568e-06,
      7.80132211275486e-07
    ],
    [
      0.12481321394443512,
      0.09526050090789795,
      0.03803648799657822,
      0.010593495331704617,
      0.002315051853656769,
      0.00042341568041592836,
      6.750885222572833e-05,
      9.650456377130467e-06,
      1.2625631597984466e-06
    ],
    [
      0.12092939764261246,
      0.09074372798204422,
      0.03561630845069885,
      0.009748796001076698,
      0.0020934229250997305,
      0.00037616246845573187,
      5.891322507523e-05,
      8.27141229819972e-06,
      1.0626855555528891e-06
    ],
    [
      0.08129914849996567,
      0.059972863644361496,
      0.023135939612984657,
      0.006223143544048071,
      0.0013129923027008772,
      0.0002317699691047892,
      3.5653745726449415e-05,
      4.916096713714069e-06,
      6.202060944815457e-07
    ],
    [
      0.04266015812754631,
      0.030933568254113197,
      0.011727920733392239,
      0.0030997497960925102,
      0.0006425254396162927,
      0.00011141112190671265,
      1.6832798792165704e-05,
      2.279250111314468e-06,
      2.8233969828761474e-07
    ],
    [
      0.018634317442774773,
      0.01328065525740385,
      0.004948021378368139,
      0.0012849475024268031,
      0.00026165429153479636,
      4.4563537812791765e-05,
      6.61241210764274e-06,
      8.792050607553392e-07,
      1.0693270979800218e-07
    ],
    [
      0.007057170383632183,
      0.00494308490306139,
      0.001809661160223186,
      0.00046170817222446203,
      9.235488687409088e-05,
      1.5448946214746684e-05,
      2.251160367450211e-06,
      2.9390582767518936e-07,
      3.509518364808173e-08
    ],
    [
      0.002383136423304677,
      0.0016403811750933528,
      0.0005900656105950475,
      0.00014789689157623798,
      2.905865403590724e-05,
      4.773945875058416e-06,
      6.831094196968479e-07,
      8.756753544503226e-08,
      1.026555818128827e-08
    ],
    [
      0.0007324247271753848,
      0.0004954013274982572,
      0.0001750822993926704,
      4.3108640966238454e-05,
      8.319203516293783e-06,
      1.3422245501715224e-06,
      1.8859242345570237e-07,
      2.3736165033483303e-08,
      2.731703085956383e-09
    ]
  ],
  "probs_results": [
    0.20495066046714783,
    0.6487154960632324,
    0.14633408188819885
  ]
}