{
  "skills_mean": [
    [
      0.3912542462348938,
      0.7850799560546875
    ],
    [
      -0.2127045840024948,
      0.3475193679332733
    ]
  ],
  "skills_cov": [
    [
      [
        0.02023894712328911,
        0.011738167144358158
      ],
      [
        0.011738167144358158,
        0.02486145868897438
      ]
    ],
    [
      [
        0.024544289335608482,
        0.012575650587677956
      ],
      [
        0.012575650587677956,
        0.02457054890692234
      ]
    ]
  ],
  "probs_grid": [
    [
      0.06546938419342041,
      0.04815120995044708,
      0.01855252869427204,
      0.004992731846868992,
      0.0010556915076449513,
      0.0001870675478130579,
      2.8934717192896642e-05,
      4.017916126031196e-06,
      5.112850089972198e-07
    ],
    [
      0.1257624626159668,
      0.09089614450931549,
      0.03440886363387108,
      0.009095855988562107,
      0.0018888411577790976,
      0.00032864706008695066,
      4.9905498599400744e-05,
      6.8023346102563664e-06,
      8.495377983308572e-07
    ],
    [
      0.12581850588321686,
      0.08935368061065674,
      0.03322908282279968,
      0.008627515286207199,
      0.0017593392403796315,
      0.0003005515900440514,
      4.4802320189774036e-05,
      5.993845206830883e-06,
      7.346194479396218e-07
    ],
    [
      0.08739791810512543,
      0.06098105385899544,
      0.02227604016661644,
      0.005680137313902378,
      0.0011373588349670172,
      0.00019075129239354283,
      2.791129554680083e-05,
      3.6648013974627247e-06,
      4.407699805142329e-07
    ],
    [
      0.04741494730114937,
      0.032500606030225754,
      0.011660894379019737,
      0.0029199104756116867,
      0.000574049074202776,
      9.451225923839957e-05,
      1.3573840078606736e-05,
      1.7490895061200717e-06,
      2.0642075071464205e-07
    ],
    [
      0.021426690742373466,
      0.014426946640014648,
      0.0050836545415222645,
      0.0012499633012339473,
      0.0002412609028397128,
      3.8991263863863423e-05,
      5.496141966432333e-06,
      6.949956059543183e-07,
      8.047867794402919e-08
    ],
    [
      0.00840014312416315,
      0.0055553806014359,
      0.0019224017160013318,
      0.00046410824870690703,
      8.794113819021732e-05,
      1.3950460015621502e-05,
      1.9298881852591876e-06,
      2.394692728557857e-07,
      2.7207374131421602e-08
    ],
    [
      0.0029381948988884687,
      0.0019084644736722112,
      0.000648506626021117,
      0.00015371530025731772,
      2.8592297894647345e-05,
      4.4518410504679196e-06,
      6.043883331585675e-07,
      7.35883602942522e-08,
      8.202888146513487e-09
    ],
    [
      0.0009358913521282375,
      0.0005970043712295592,
      0.00019919700571335852,
      4.6354325604625046e-05,
      8.463702215522062e-06,
      1.2933797961522941e-06,
      1.7231310778242914e-07,
      2.058594006371095e-08,
      2.2513075847996333e-09
    ]
  ],
  "probs_results": [
    0.19602951407432556,
    0.6729090809822083,
    0.13106153905391693
  ]
}