{
  "skills_mean": [
    [
      0.3510729968547821,
      0.6911846399307251
    ],
    [
      0.35536983609199524,
      0.7566041350364685
    ]
  ],
  "skills_cov": [
    [
      [
        0.016174782067537308,
        0.008908296003937721
      ],
      [
        0.008908296003937721,
        0.022140057757496834
      ]
    ],
    [
      [
        0.021030932664871216,
        0.012333209626376629
      ],
      [
        0.012333209626376629,
        0.026203090324997902
      ]
    ]
  ],
  "probs_grid": [
    [
      0.06810048222541809,
      0.09280219674110413,
      0.06582582741975784,
      0.03240164369344711,
      0.01245042122900486,
      0.00398324616253376,
      0.0011051278561353683,
      0.0002734652953222394,
      6.160513294162229e-05
    ],
    [
      0.08708402514457703,
      0.11682725697755814,
      0.08156897872686386,
      0.039517223834991455,
      0.01494330633431673,
      0.004704328719526529,
      0.0012841917341575027,
      0.0003126357914879918,
      6.928467337274924e-05
    ],
    [
      0.05792928487062454,
      0.07649719715118408,
      0.052567269653081894,
      0.02506209909915924,
      0.009325516410171986,
      0.0028885265346616507,
      0.0007757501443848014,
      0.0001857835886767134,
      4.049950075568631e-05
    ],
    [
      0.02672605961561203,
      0.03473532572388649,
      0.023489899933338165,
      0.011019878089427948,
      0.004034427925944328,
      0.0012294051703065634,
      0.0003247976419515908,
      7.651316263945773e-05,
      1.6405312635470182e-05
    ],
    [
      0.00961983110755682,
      0.012303944677114487,
      0.008187435567378998,
      0.0037791328504681587,
      0.0013611457543447614,
      0.00040802540024742484,
      0.00010603238479234278,
      2.4567583750467747e-05,
      5.180616426514462e-06
    ],
    [
      0.002881307154893875,
      0.003626280464231968,
      0.0023741840850561857,
      0.0010781182209029794,
      0.00038198556285351515,
      0.00011263170017627999,
      2.8787875635316595e-05,
      6.559934263350442e-06,
      1.3603644219983835e-06
    ],
    [
      0.000747986079659313,
      0.0009262262610718608,
      0.0005965947057120502,
      0.00026650153449736536,
      9.287775901611894e-05,
      2.6935293135466054e-05,
      6.770706477254862e-06,
      1.517250893812161e-06,
      3.0939924045014777e-07
    ],
    [
      0.0001730913354549557,
      0.00021086855849716812,
      0.00013361188757698983,
      5.8708210417535156e-05,
      2.0123683498241007e-05,
      5.739585958508542e-06,
      1.4188124168867944e-06,
      3.126450849322282e-07,
      6.26888621013677e-08
    ],
    [
      3.644617027021013e-05,
      4.3678122892742977e-05,
      2.722285717027262e-05,
      1.17648642117274e-05,
      3.966074018535437e-06,
      1.1124144521090784e-06,
      2.7040434247282974e-07,
      5.858896656718571e-08,
      1.1550599587906163e-08
    ]
  ],
  "probs_results": [
    0.25001564621925354,
    0.35410746932029724,
    0.3958771228790283
  ]
}