{
  "skills_mean": [
    [
      0.6286996603012085,
      0.8489311337471008
    ],
    [
      0.34004291892051697,
      0.5174893736839294
    ]
  ],
  "skills_cov": [
    [
      [
        0.017829855903983116,
        0.01043383963406086
      ],
      [
        0.01043383963406086,
        0.02395373396575451
      ]
    ],
    [
      [
        0.021614739671349525,
        0.011532052420079708
      ],
      [
        0.011532052420079708,
        0.023685144260525703
      ]
    ]
  ],
  "probs_grid": [
    [
      0.03619874268770218,
      0.042524553835392,
      0.026058414950966835,
      0.011105092242360115,
      0.0037023609038442373,
      0.0010299304267391562,
      0.0002489992475602776,
      5.3807492804480717e-05,
      1.0608485354168806e-05
    ],
    [
      0.07487905770540237,
      0.08650001883506775,
      0.0521182119846344,
      0.02183671109378338,
      0.007156962528824806,
      0.0019570747390389442,
      0.00046506585204042494,
      9.877476986730471e-05,
      1.9138886273140088e-05
    ],
    [
      0.08041902631521225,
      0.0913483276963234,
      0.054114874452352524,
      0.022290349006652832,
      0.007181638851761818,
      0.0019303355365991592,
      0.00045085695455782115,
      9.41109683481045e-05,
      1.792067450878676e-05
    ],
    [
      0.059783387929201126,
      0.06677088886499405,
      0.03888893872499466,
      0.015747448429465294,
      0.004987286403775215,
      0.0013176113134250045,
      0.00030246577807702124,
      6.204866076586768e-05,
      1.1611157788138371e-05
    ],
    [
      0.03460431098937988,
      0.037999942898750305,
      0.02175840176641941,
      0.008661204017698765,
      0.0026962757110595703,
      0.0007001425256021321,
      0.00015795901708770543,
      3.1845051125856116e-05,
      5.856004008819582e-06
    ],
    [
      0.01663360372185707,
      0.017958438023924828,
      0.010108871385455132,
      0.003955548629164696,
      0.0012103501940146089,
      0.0003089012170676142,
      6.849116471130401e-05,
      1.3569452676165383e-05,
      2.4520372789993417e-06
    ],
    [
      0.006915534380823374,
      0.007340464275330305,
      0.004061947576701641,
      0.0015623521758243442,
      0.00046988349640741944,
      0.0001178622042061761,
      2.5682453269837424e-05,
      5.000168584956555e-06,
      8.8786282503861e-07
    ],
    [
      0.00255758548155427,
      0.00266889575868845,
      0.0014518050011247396,
      0.0005488875904120505,
      0.00016225282161030918,
      3.9998489228310063e-05,
      8.56533461046638e-06,
      1.6387220966862515e-06,
      2.8592728540388634e-07
    ],
    [
      0.000858815386891365,
      0.0008810390718281269,
      0.0004711172077804804,
      0.00017507598386146128,
      5.086576857138425e-05,
      1.2323592272878159e-05,
      2.593405724837794e-06,
      4.875715831076377e-07,
      8.359348413478074e-08
    ]
  ],
  "probs_results": [
    0.1957990974187851,
    0.5959640145301819,
    0.2082369178533554
  ]
}