{
  "skills_mean": [
    [
      0.5138758420944214,
      0.8280413746833801
    ],
    [
      -0.1135421022772789,
      0.3095223903656006
    ]
  ],
  "skills_cov": [
    [
      [
        0.021180972456932068,
        0.011697898618876934
      ],
      [
        0.011697898618876934,
        0.023777399212121964
      ]
    ],
    [
      [
        0.024489395320415497,
        0.011935438960790634
      ],
      [
        0.011935438960790634,
        0.022384120151400566
      ]
    ]
  ],
  "probs_grid": [
    [
      0.044962167739868164,
      0.03512120991945267,
      0.01435424666851759,
      0.004092546179890633,
      0.0009156608139164746,
      0.00017147601465694606,
      2.7996140488539822e-05,
      4.0984682527778205e-06,
      5.491551746672485e-07
    ],
    [
      0.10028035193681717,
      0.07698172330856323,
      0.03091513365507126,
      0.00865932833403349,
      0.0019030795665457845,
      0.00035002047661691904,
      5.611718734144233e-05,
      8.06624120741617e-06,
      1.0610701792757027e-06
    ],
    [
      0.11630340665578842,
      0.08773656189441681,
      0.0346183255314827,
      0.009525570087134838,
      0.0020562198478728533,
      0.0003714067570399493,
      5.847064312547445e-05,
      8.251719009422231e-06,
      1.0656090125849005e-06
    ],
    [
      0.09350989758968353,
      0.06931578367948532,
      0.026870278641581535,
      0.00726279616355896,
      0.0015398035757243633,
      0.0002731291751842946,
      4.222039569867775e-05,
      5.849815352121368e-06,
      7.415824825329764e-07
    ],
    [
      0.05862780287861824,
      0.04270101711153984,
      0.016261806711554527,
      0.004317427519708872,
      0.0008989780326373875,
      0.00015658714983146638,
      2.376618613197934e-05,
      3.232786411899724e-06,
      4.022942334813706e-07
    ],
    [
      0.03057010844349861,
      0.021876027807593346,
      0.00818405207246542,
      0.002134175505489111,
      0.00043641464435495436,
      7.464394002454355e-05,
      1.1123280273750424e-05,
      1.4853708307782654e-06,
      1.814426155988258e-07
    ],
    [
      0.013807088136672974,
      0.009707119315862656,
      0.003567315172404051,
      0.0009136765729635954,
      0.00018348143203184009,
      3.081502654822543e-05,
      4.508413439907599e-06,
      5.910165441491699e-07,
      7.08650063074856e-08
    ],
    [
      0.005555048584938049,
      0.003836860181763768,
      0.0013850427931174636,
      0.00034840943408198655,
      6.870811921544373e-05,
      1.1330340385029558e-05,
      1.6274874496957636e-06,
      2.0943961942521128e-07,
      2.4649699170709027e-08
    ],
    [
      0.0020320832263678312,
      0.0013788455398753285,
      0.0004889075644314289,
      0.00012078654981451109,
      2.3390844944515266e-05,
      3.7873637666052673e-06,
      5.340943403098208e-07,
      6.747124814410199e-08,
      7.794469070177001e-09
    ]
  ],
  "probs_results": [
    0.16512466967105865,
    0.7239986062049866,
    0.11087654531002045
  ]
}