{
  "skills_mean": [
    [
      0.2654121518135071,
      0.9815441966056824
    ],
    [
      -0.30660492181777954,
      0.025197409093379974
    ]
  ],
  "skills_cov": [
    [
      [
        0.022826790809631348,
        0.012413439340889454
      ],
      [
        0.012413439340889454,
        0.02452327124774456
      ]
    ],
    [
      [
        0.021498316898941994,
        0.010103655979037285
      ],
      [
        0.010103655979037285,
        0.022351855412125587
      ]
    ]
  ],
  "probs_grid": [
    [
      0.05241166427731514,
      0.02924017235636711,
      0.008522003889083862,
      0.0017299680039286613,
      0.0002751736028585583,
      3.658139394246973e-05,
      4.233596428093733e-06,
      4.387030401176162e-07,
      4.155081967383012e-08
    ],
    [
      0.11979936063289642,
      0.06582092493772507,
      0.01888747327029705,
      0.0037741120904684067,
      0.0005907858721911907,
      7.727451884420589e-05,
      8.797314876574092e-06,
      8.965866413745971e-07,
      8.350312441507413e-08
    ],
    [
      0.1425849199295044,
      0.07713991403579712,
      0.021791186183691025,
      0.004285635892301798,
      0.0006601301138289273,
      8.494648500345647e-05,
      9.5122732091113e-06,
      9.533917477710929e-07,
      8.730726364092334e-08
    ],
    [
      0.11780299246311188,
      0.06274821609258652,
      0.0174479428678751,
      0.0033769470173865557,
      0.0005117933615110815,
      6.478604336734861e-05,
      7.135258329071803e-06,
      7.032473945400852e-07,
      6.331782742563519e-08
    ],
    [
      0.0759950578212738,
      0.0398491807281971,
      0.010905769653618336,
      0.0020770167466253042,
      0.00030969001818448305,
      3.85610583180096e-05,
      4.1767038965190295e-06,
      4.0477615925738064e-07,
      3.58297462810242e-08
    ],
    [
      0.04082420468330383,
      0.02107144333422184,
      0.005675218068063259,
      0.001063485280610621,
      0.0001559914235258475,
      1.910404535010457e-05,
      2.0348752514109947e-06,
      1.9389852923268336e-07,
      1.6872968799930277e-08
    ],
    [
      0.019019875675439835,
      0.009662405587732792,
      0.0025608695577830076,
      0.00047213517245836556,
      6.812185165472329e-05,
      8.205135600292124e-06,
      8.594088285462931e-07,
      8.05136508574833e-08,
      6.887359571550178e-09
    ],
    [
      0.007903393357992172,
      0.003951439168304205,
      0.0010304753668606281,
      0.00018690319848246872,
      2.652523835422471e-05,
      3.1420190680364612e-06,
      3.2359548640670255e-07,
      2.980467783686436e-08,
      2.5062014685772738e-09
    ],
    [
      0.002989598549902439,
      0.0014709089882671833,
      0.00037741419509984553,
      6.733962800353765e-05,
      9.399683222000021e-06,
      1.0949397619697265e-06,
      1.108776359615149e-07,
      1.0039715725440601e-08,
      8.298247089477684e-10
    ]
  ],
  "probs_results": [
    0.14409063756465912,
    0.7869178652763367,
    0.06899179518222809
  ]
}