{
  "skills_mean": [
    [
      0.23208396136760712,
      0.5121203064918518
    ],
    [
      -0.21495378017425537,
      0.4662548005580902
    ]
  ],
  "skills_cov": [
    [
      [
        0.019910547882318497,
        0.011029104702174664
      ],
      [
        0.011029104702174664,
        0.023907680064439774
      ]
    ],
    [
      [
        0.021131237968802452,
        0.011400904506444931
      ],
      [
        0.011400904506444931,
        0.024781491607427597
      ]
    ]
  ],
  "probs_grid": [
    [
      0.08390738070011139,
      0.07917368412017822,
      0.03897511586546898,
      0.01334534864872694,
      0.003575457725673914,
      0.0007994482875801623,
      0.00015538238221779466,
      2.7000196496373974e-05,
      4.281593191990396e-06
    ],
    [
      0.12492840737104416,
      0.11601012945175171,
      0.05619189143180847,
      0.018928205594420433,
      0.004988056607544422,
      0.0010968341957777739,
      0.00020962307462468743,
      3.581212877179496e-05,
      5.582619451161008e-06
    ],
    [
      0.09693362563848495,
      0.08857175707817078,
      0.04220667853951454,
      0.013984640128910542,
      0.003624411765486002,
      0.0007836934528313577,
      0.00014725880464538932,
      2.473157837812323e-05,
      3.789527909248136e-06
    ],
    [
      0.05225564166903496,
      0.046976227313280106,
      0.0220197681337595,
      0.007175657898187637,
      0.0018287764396518469,
      0.0003887935308739543,
      7.182002445915714e-05,
      1.185637665912509e-05,
      1.7855400074040517e-06
    ],
    [
      0.02201627753674984,
      0.019469445571303368,
      0.008976005017757416,
      0.002876468002796173,
      0.0007208128808997571,
      0.00015065570187289268,
      2.735648740781471e-05,
      4.438768883119337e-06,
      6.569402444256411e-07
    ],
    [
      0.007731886580586433,
      0.0067252228036522865,
      0.003049159422516823,
      0.0009608078398741782,
      0.00023671127564739436,
      4.863452340941876e-05,
      8.68016741151223e-06,
      1.384165898343781e-06,
      2.0130858047195943e-07
    ],
    [
      0.0023574172519147396,
      0.0020165981259196997,
      0.0008990625501610339,
      0.00027853678329847753,
      6.745955761289224e-05,
      1.3623623999592382e-05,
      2.389725068496773e-06,
      3.744824539353431e-07,
      5.3516011178089684e-08
    ],
    [
      0.0006417704280465841,
      0.000539856671821326,
      0.00023664836771786213,
      7.20761890988797e-05,
      1.7159041817649268e-05,
      3.4058869005093584e-06,
      5.871156076864281e-07,
      9.040642368063345e-08,
      1.2694020057324451e-08
    ],
    [
      0.00015922640159260482,
      0.00013170084275770932,
      5.675817737937905e-05,
      1.6993231838569045e-05,
      3.976336302002892e-06,
      7.756680702186713e-07,
      1.313945574565878e-07,
      1.9879953683243912e-08,
      2.7424313930879407e-09
    ]
  ],
  "probs_results": [
    0.2500992715358734,
    0.5112974047660828,
    0.23860332369804382
  ]
}