{
  "skills_mean": [
    [
      0.5644389390945435,
      1.1604892015457153
    ],
    [
      -0.17910228669643402,
      0.42534536123275757
    ]
  ],
  "skills_cov": [
    [
      [
        0.01998136006295681,
        0.011185046285390854
      ],
      [
        0.011185046285390854,
        0.02567616105079651
      ]
    ],
    [
      [
        0.023200564086437225,
        0.011017943732440472
      ],
      [
        0.011017943732440472,
        0.021998632699251175
      ]
    ]
  ],
  "probs_grid": [
    [
      0.06694867461919785,
      0.03534726798534393,
      0.009777422063052654,
      0.0018891574582085013,
      0.00028682759148068726,
      3.6499804991763085e-05,
      4.0549343793827575e-06,
      4.0449432958666875e-07,
      3.698338701951798e-08
    ],
    [
      0.14017027616500854,
      0.07293456792831421,
      0.019876016303896904,
      0.0037824390456080437,
      0.0005654605338349938,
      7.083292439347133e-05,
      7.744332833681256e-06,
      7.600930871376477e-07,
      6.83627803255149e-08
    ],
    [
      0.15246030688285828,
      0.07816736400127411,
      0.020983736962080002,
      0.003932460211217403,
      0.0005787857226096094,
      7.136155909392983e-05,
      7.677570465602912e-06,
      7.413437970171799e-07,
      6.558340004403362e-08
    ],
    [
      0.11485019326210022,
      0.05801282078027725,
      0.015338446013629436,
      0.002830388257279992,
      0.00041008289554156363,
      4.976062700734474e-05,
      5.267611868475797e-06,
      5.003622050026024e-07,
      4.353573856974435e-08
    ],
    [
      0.06740318983793259,
      0.03353771194815636,
      0.008732403628528118,
      0.001586461323313415,
      0.00022624571283813566,
      2.7015894374926575e-05,
      2.813693527059513e-06,
      2.628979416385846e-07,
      2.249587716107726e-08
    ],
    [
      0.032868240028619766,
      0.016107644885778427,
      0.00412973714992404,
      0.0007385863573290408,
      0.00010366534115746617,
      1.2180285921203904e-05,
      1.2479827091738116e-06,
      1.1469013116993665e-07,
      9.650880095080083e-09
    ],
    [
      0.013870490714907646,
      0.006694161798804998,
      0.0016897708410397172,
      0.0002974715025629848,
      4.108836947125383e-05,
      4.749977961182594e-06,
      4.787436864717165e-07,
      4.327107561152843e-08,
      3.5804370579484157e-09
    ],
    [
      0.0052095865830779076,
      0.002475752029567957,
      0.0006152264541015029,
      0.00010659835970727727,
      1.4488666238321457e-05,
      1.6478441011713585e-06,
      1.6336464625510416e-07,
      1.4521194025007844e-08,
      1.1814462741455145e-09
    ],
    [
      0.0017774853622540832,
      0.0008316948660649359,
      0.00020344505901448429,
      3.469153671176173e-05,
      4.6395102799579035e-06,
      5.190921115172387e-07,
      5.061619035018339e-08,
      4.42444259007857e-09,
      3.5393313280174254e-10
    ]
  ],
  "probs_results": [
    0.164141446352005,
    0.7590296268463135,
    0.07682929933071136
  ]
}