{
  "skills_mean": [
    [
      0.08213046938180923,
      0.4951629638671875
    ],
    [
      0.6082556247711182,
      0.8567931056022644
    ]
  ],
  "skills_cov": [
    [
      [
        0.023105230182409286,
        0.011391771957278252
      ],
      [
        0.011391771957278252,
        0.025243792682886124
      ]
    ],
    [
      [
        0.018402962014079094,
        0.010992755182087421
      ],
      [
        0.010992755182087421,
        0.02538001351058483
      ]
    ]
  ],
  "probs_grid": [
    [
      0.047590456902980804,
      0.0978143960237503,
      0.10457774251699448,
      0.0775376409292221,
      0.044845469295978546,
      0.021578798070549965,
      0.008997178636491299,
      0.0033429379109293222,
      0.0011297521414235234
    ],
    [
      0.04335486888885498,
      0.08764754235744476,
      0.09216334670782089,
      0.06720180809497833,
      0.038221392780542374,
      0.018084585666656494,
      0.00741408159956336,
      0.002708499552682042,
      0.0008999457932077348
    ],
    [
      0.02066732384264469,
      0.04108983278274536,
      0.04248818755149841,
      0.03046318329870701,
      0.017035625874996185,
      0.007924885489046574,
      0.0031941370107233524,
      0.0011471436591818929,
      0.00037469901144504547
    ],
    [
      0.0068732998333871365,
      0.013436883687973022,
      0.013661032542586327,
      0.00962973665446043,
      0.005294141825288534,
      0.002421064767986536,
      0.0009592314017936587,
      0.00033863200224004686,
      0.00010872234270209447
    ],
    [
      0.001793899922631681,
      0.0034478872548788786,
      0.003446125192567706,
      0.002387966262176633,
      0.0012904840987175703,
      0.0005800785729661584,
      0.0002258958265883848,
      7.837959856260568e-05,
      2.4732689780648798e-05
    ],
    [
      0.00039190042298287153,
      0.0007404484786093235,
      0.0007274619420059025,
      0.0004954737378284335,
      0.00026317048468627036,
      0.00011626366176642478,
      4.4496213376987725e-05,
      1.5172618077485822e-05,
      4.705012997874292e-06
    ],
    [
      7.464272493962198e-05,
      0.00013861733896192163,
      0.0001338502042926848,
      8.959697879618034e-05,
      4.6768564061494544e-05,
      2.0304274585214444e-05,
      7.63622756494442e-06,
      2.558676214903244e-06,
      7.796595582476584e-07
    ],
    [
      1.2747578693961259e-05,
      2.3265896743396297e-05,
      2.207800753240008e-05,
      1.4522866877086926e-05,
      7.449250460922485e-06,
      3.1778199627297e-06,
      1.1743302366085118e-06,
      3.866211670811026e-07,
      1.1575107805583684e-07
    ],
    [
      1.9925519154639915e-06,
      3.5736984500545077e-06,
      3.332366986796842e-06,
      2.153876721422421e-06,
      1.0855236496354337e-06,
      4.549880259219208e-07,
      1.651931569313092e-07,
      5.343285991443736e-08,
      1.5716642209895326e-08
    ]
  ],
  "probs_results": [
    0.18897758424282074,
    0.15354666113853455,
    0.6574756503105164
  ]
}