{
  "skills_mean": [
    [
      -0.27843618392944336,
      0.36239537596702576
    ],
    [
      -0.21404506266117096,
      0.4863266944885254
    ]
  ],
  "skills_cov": [
    [
      [
        0.02359897829592228,
        0.011344700120389462
      ],
      [
        0.011344700120389462,
        0.02376249060034752
      ]
    ],
    [
      [
        0.01943141780793667,
        0.00971453357487917
      ],
      [
        0.00971453357487917,
        0.019578203558921814
      ]
    ]
  ],
  "probs_grid": [
    [
      0.134443461894989,
      0.14467619359493256,
      0.08109011501073837,
      0.03156169876456261,
      0.009596103802323341,
      0.002430897206068039,
      0.000534403370693326,
      0.00010485790699021891,
      1.8744758563116193e-05
    ],
    [
      0.12120887637138367,
      0.12870684266090393,
      0.07116487622261047,
      0.027317529544234276,
      0.008189468644559383,
      0.00204507471062243,
      0.00044309982331469655,
      8.567161421524361e-05,
      1.5088232430571225e-05
    ],
    [
      0.0569298230111599,
      0.0596342496573925,
      0.03251923248171806,
      0.012308163568377495,
      0.003637374145910144,
      0.0008952213102020323,
      0.00019112836162094027,
      3.640674549387768e-05,
      6.315797691058833e-06
    ],
    [
      0.0185724887996912,
      0.01918671280145645,
      0.010316147468984127,
      0.0038489943835884333,
      0.0011210569646209478,
      0.0002718755276873708,
      5.7185276091331616e-05,
      1.0729610949056223e-05,
      1.8331616047362331e-06
    ],
    [
      0.004734253045171499,
      0.004822226241230965,
      0.002555851126089692,
      0.0009398244437761605,
      0.0002697264135349542,
      6.444385508075356e-05,
      1.3351652341953013e-05,
      2.4671874143677996e-06,
      4.150681149894808e-07
    ],
    [
      0.0010057371109724045,
      0.001009819912724197,
      0.0005274814320728183,
      0.00019112131849396974,
      5.403770046541467e-05,
      1.2717176105070394e-05,
      2.5948213533411035e-06,
      4.721403286112036e-07,
      7.82024045520302e-08
    ],
    [
      0.0001854679430834949,
      0.00018352489860262722,
      9.44587736739777e-05,
      3.371706043253653e-05,
      9.390049854118843e-06,
      2.1763087261206238e-06,
      4.372496391624736e-07,
      7.832863957446534e-08,
      1.2771359081398259e-08
    ],
    [
      3.053578257095069e-05,
      2.977223448397126e-05,
      1.5095823982846923e-05,
      5.307479113980662e-06,
      1.4556604810422868e-06,
      3.321999884065008e-07,
      6.571006849753758e-08,
      1.1587401260726438e-08,
      1.8595535111742834e-09
    ],
    [
      4.5817218961019535e-06,
      4.400696525408421e-06,
      2.197779622292728e-06,
      7.609628482896369e-07,
      2.0550227475268912e-07,
      4.617154303332427e-08,
      8.990112654316817e-09,
      1.56034418719031e-09,
      2.464283499481468e-10
    ]
  ],
  "probs_results": [
    0.2998048663139343,
    0.30229562520980835,
    0.3978995978832245
  ]
}