{
  "skills_mean": [
    [
      0.38691073656082153,
      0.7411000728607178
    ],
    [
      -0.19815772771835327,
      0.3789167106151581
    ]
  ],
  "skills_cov": [
    [
      [
        0.0199391208589077,
        0.011314363218843937
      ],
      [
        0.011314363218843937,
        0.024082286283373833
      ]
    ],
    [
      [
        0.02408086694777012,
        0.012149217538535595
      ],
      [
        0.012149217538535595,
        0.023968100547790527
      ]
    ]
  ],
  "probs_grid": [
    [
      0.06704790145158768,
      0.052041810005903244,
      0.021137120202183723,
      0.0059893145225942135,
      0.0013318985002115369,
      0.0002479285467416048,
      4.023835208499804e-05,
      5.856174539076164e-06,
      7.801319270583917e-07
    ],
    [
      0.12481321394443512,
      0.09526050090789795,
      0.03803648427128792,
      0.010593493469059467,
      0.002315051620826125,
      0.0004234156513120979,
      6.75088376738131e-05,
      9.650453648646362e-06,
      1.2625629324247711e-06
    ],
    [
      0.12092939764261246,
      0.09074372798204422,
      0.03561630845069885,
      0.009748796001076698,
      0.002093422692269087,
      0.0003761624393519014,
      5.891321779927239e-05,
      8.27141229819972e-06,
      1.0626855555528891e-06
    ],
    [
      0.08129914849996567,
      0.059972867369651794,
      0.023135939612984657,
      0.006223142612725496,
      0.0013129923027008772,
      0.00023176994000095874,
      3.565374208847061e-05,
      4.916095804219367e-06,
      6.202060376381269e-07
    ],
    [
      0.04266015812754631,
      0.030933568254113197,
      0.011727921664714813,
      0.0030997502617537975,
      0.0006425254396162927,
      0.00011141113645862788,
      1.6832804249133915e-05,
      2.279250111314468e-06,
      2.8233969828761474e-07
    ],
    [
      0.018634317442774773,
      0.01328065525740385,
      0.004948021844029427,
      0.0012849475024268031,
      0.00026165429153479636,
      4.456354145077057e-05,
      6.61241210764274e-06,
      8.792051175987581e-07,
      1.0693273111428425e-07
    ],
    [
      0.007057170383632183,
      0.00494308490306139,
      0.001809661160223186,
      0.00046170817222446203,
      9.235488687409088e-05,
      1.544894985272549e-05,
      2.251160822197562e-06,
      2.939058560968988e-07,
      3.5095194306222766e-08
    ],
    [
      0.002383136423304677,
      0.0016403815243393183,
      0.0005900656688027084,
      0.00014789692068006843,
      2.905865403590724e-05,
      4.773946329805767e-06,
      6.831095902271045e-07,
      8.756755676131434e-08,
      1.026556084582353e-08
    ],
    [
      0.0007324246689677238,
      0.0004954013857059181,
      0.0001750822993926704,
      4.310864824219607e-05,
      8.319205335283186e-06,
      1.3422250049188733e-06,
      1.885924376665571e-07,
      2.373617569162434e-08,
      2.7317044182240124e-09
    ]
  ],
  "probs_results": [
    0.20495066046714783,
    0.6487154960632324,
    0.14633408188819885
  ]
}