{
  "skills_mean": [
    [
      0.11675909906625748,
      0.7316994667053223
    ],
    [
      0.5308631658554077,
      0.7958115935325623
    ]
  ],
  "skills_cov": [
    [
      [
        0.019025195389986038,
        0.009925631806254387
      ],
      [
        0.009925631806254387,
        0.022722730413079262
      ]
    ],
    [
      [
        0.02051599510014057,
        0.010812319815158844
      ],
      [
        0.010812319815158844,
        0.02416319213807583
      ]
    ]
  ],
  "probs_grid": [
    [
      0.07630234211683273,
      0.11730628460645676,
      0.0938614010810852,
      0.05211116001009941,
      0.02258194237947464,
      0.00814631674438715,
      0.002548074349761009,
      0.0007107212441042066,
      0.0001804377097869292
    ],
    [
      0.07534963637590408,
      0.1141413226723671,
      0.08997537940740585,
      0.04920671507716179,
      0.021001841872930527,
      0.0074612139724195,
      0.0022980798967182636,
      0.0006311234901659191,
      0.00015774834901094437
    ],
    [
      0.03875352442264557,
      0.0578329972922802,
      0.044905658811330795,
      0.024187494069337845,
      0.01016627624630928,
      0.003556352574378252,
      0.0010784685146063566,
      0.0002915835939347744,
      7.1743517764844e-05
    ],
    [
      0.013840112835168839,
      0.020344020798802376,
      0.015557457692921162,
      0.00825190544128418,
      0.0034150942228734493,
      0.001176192075945437,
      0.00035113331978209317,
      9.345043508801609e-05,
      2.2631833417108282e-05
    ],
    [
      0.0038609281182289124,
      0.005589257460087538,
      0.0042089126072824,
      0.0021981135942041874,
      0.0008956092642620206,
      0.000303648819681257,
      8.922872075345367e-05,
      2.3373140720650554e-05,
      5.57090879738098e-06
    ],
    [
      0.0008973606745712459,
      0.001279180869460106,
      0.0009484209585934877,
      0.00048762894584797323,
      0.00019557937048375607,
      6.526829383801669e-05,
      1.887664257083088e-05,
      4.866231847699964e-06,
      1.1413700349294231e-06
    ],
    [
      0.00018099365115631372,
      0.0002540222485549748,
      0.00018541216559242457,
      9.383841825183481e-05,
      3.704490154632367e-05,
      1.2167032764409669e-05,
      3.4629772471816977e-06,
      8.784727469901554e-07,
      2.027418872785347e-07
    ],
    [
      3.258248761994764e-05,
      4.5017375668976456e-05,
      3.234379619243555e-05,
      1.6111551303765737e-05,
      6.259663678065408e-06,
      2.023195065703476e-06,
      5.666316269525851e-07,
      1.4143211046757642e-07,
      3.211469135067091e-08
    ],
    [
      5.34382343175821e-06,
      7.267472483363235e-06,
      5.139120275998721e-06,
      2.519367399145267e-06,
      9.632204864828964e-07,
      3.0633708547611604e-07,
      8.441494969702035e-08,
      2.072977167699719e-08,
      4.63076377243965e-09
    ]
  ],
  "probs_results": [
    0.24459856748580933,
    0.2422957420349121,
    0.5131056904792786
  ]
}