{
  "skills_mean": [
    [
      0.2654121518135071,
      0.9815442562103271
    ],
    [
      -0.30660489201545715,
      0.025197410956025124
    ]
  ],
  "skills_cov": [
    [
      [
        0.02282678708434105,
        0.012413440272212029
      ],
      [
        0.012413440272212029,
        0.024523258209228516
      ]
    ],
    [
      [
        0.021498313173651695,
        0.010103655979037285
      ],
      [
        0.010103655979037285,
        0.02235184796154499
      ]
    ]
  ],
  "probs_grid": [
    [
      0.052411701530218124,
      0.02924017608165741,
      0.008522003889083862,
      0.0017299688188359141,
      0.00027517369017004967,
      3.6581390304490924e-05,
      4.2335955185990315e-06,
      4.3870301169590675e-07,
      4.1550805462975404e-08
    ],
    [
      0.1197994276881218,
      0.06582091003656387,
      0.018887469545006752,
      0.0037741127889603376,
      0.000590785697568208,
      7.727450429229066e-05,
      8.797313057584688e-06,
      8.965865845311782e-07,
      8.35030959933647e-08
    ],
    [
      0.14258497953414917,
      0.07713987678289413,
      0.021791188046336174,
      0.0042856354266405106,
      0.0006601297645829618,
      8.494650683132932e-05,
      9.512275937595405e-06,
      9.533916909276741e-07,
      8.730724232464127e-08
    ],
    [
      0.11780299991369247,
      0.06274823099374771,
      0.0174479428678751,
      0.003376949345692992,
      0.0005117935361340642,
      6.478605064330623e-05,
      7.1352565100823995e-06,
      7.032476219137607e-07,
      6.331779900392576e-08
    ],
    [
      0.07599510252475739,
      0.03984919190406799,
      0.010905764997005463,
      0.002077016280964017,
      0.00030969007639214396,
      3.85610583180096e-05,
      4.176703441771679e-06,
      4.0477578977515805e-07,
      3.58297462810242e-08
    ],
    [
      0.04082420840859413,
      0.021071450784802437,
      0.005675221793353558,
      0.0010634849313646555,
      0.0001559914235258475,
      1.9104043531115167e-05,
      2.034874796663644e-06,
      1.9389852923268336e-07,
      1.687296347085976e-08
    ],
    [
      0.019019868224859238,
      0.009662404656410217,
      0.0025608695577830076,
      0.00047213525976985693,
      6.81218589306809e-05,
      8.205135600292124e-06,
      8.594091127633874e-07,
      8.051363664662858e-08,
      6.8873577951933385e-09
    ],
    [
      0.007903391495347023,
      0.003951438702642918,
      0.00103047548327595,
      0.0001869030820671469,
      2.652526382007636e-05,
      3.142017476420733e-06,
      3.235953442981554e-07,
      2.9804670731437e-08,
      2.506201246532669e-09
    ],
    [
      0.002989597385749221,
      0.0014709082897752523,
      0.0003774143988266587,
      6.733960617566481e-05,
      9.399678674526513e-06,
      1.0949393072223756e-06,
      1.1087764306694226e-07,
      1.0039713060905342e-08,
      8.29824375880861e-10
    ]
  ],
  "probs_results": [
    0.14409063756465912,
    0.7869178652763367,
    0.0689917802810669
  ]
}