{
  "skills_mean": [
    [
      0.2084842175245285,
      0.614895761013031
    ],
    [
      0.31203481554985046,
      1.1736291646957397
    ]
  ],
  "skills_cov": [
    [
      [
        0.02244235761463642,
        0.011375250294804573
      ],
      [
        0.011375250294804573,
        0.022697610780596733
      ]
    ],
    [
      [
        0.014887098222970963,
        0.00859308335930109
      ],
      [
        0.00859308335930109,
        0.024557961151003838
      ]
    ]
  ],
  "probs_grid": [
    [
      0.11321301758289337,
      0.15812216699123383,
      0.11440104991197586,
      0.05716376751661301,
      0.022191708907485008,
      0.007139049936085939,
      0.00198229867964983,
      0.0004886318929493427,
      0.00010914469021372497
    ],
    [
      0.08445678651332855,
      0.11646894365549088,
      0.0831841230392456,
      0.041024427860975266,
      0.015716152265667915,
      0.004988339729607105,
      0.0013663913123309612,
      0.0003322096890769899,
      7.318043208215386e-05
    ],
    [
      0.03294750675559044,
      0.044847920536994934,
      0.03161097317934036,
      0.015382613055408001,
      0.005813695956021547,
      0.0018201734637841582,
      0.0004917204496450722,
      0.0001178909806185402,
      2.5605360860936344e-05
    ],
    [
      0.008961317129433155,
      0.012036739848554134,
      0.008370457217097282,
      0.00401806365698576,
      0.0014977826504036784,
      0.0004624410066753626,
      0.00012318254448473454,
      2.9116741643520072e-05,
      6.234057309484342e-06
    ],
    [
      0.0019116412149742246,
      0.002533036982640624,
      0.0017374526942148805,
      0.0008225232013501227,
      0.0003023338795173913,
      9.203293302562088e-05,
      2.4167424271581694e-05,
      5.630740361084463e-06,
      1.1881894579346408e-06
    ],
    [
      0.0003411334764678031,
      0.00044580563553608954,
      0.0003015375987160951,
      0.00014074805949348956,
      5.1002411055378616e-05,
      1.5303945474443026e-05,
      3.960918093071086e-06,
      9.094692359212786e-07,
      1.891120149366543e-07
    ],
    [
      5.3042331273900345e-05,
      6.834781379438937e-05,
      4.557692591333762e-05,
      2.0970839614165016e-05,
      7.490009465982439e-06,
      2.2149486085254466e-06,
      5.649075660585368e-07,
      1.278045544950146e-07,
      2.618252814556854e-08
    ],
    [
      7.390999144263333e-06,
      9.388312719238456e-06,
      6.170747383293929e-06,
      2.7982630399492336e-06,
      9.848879471974215e-07,
      2.8698164555862604e-07,
      7.211244934524075e-08,
      1.6072368325126263e-08,
      3.2434430696781646e-09
    ],
    [
      9.420765536560793e-07,
      1.17939896426833e-06,
      7.639280852345109e-07,
      3.4134887982872897e-07,
      1.183716094033116e-07,
      3.3979976166165216e-08,
      8.410983909357128e-09,
      1.8464829665276739e-09,
      3.669982928666826e-10
    ]
  ],
  "probs_results": [
    0.26564401388168335,
    0.20014487206935883,
    0.5342110991477966
  ]
}