{
  "skills_mean": [
    [
      0.6856907606124878,
      1.1169588565826416
    ],
    [
      0.5901326537132263,
      1.1582682132720947
    ]
  ],
  "skills_cov": [
    [
      [
        0.016326533630490303,
        0.008784334175288677
      ],
      [
        0.008784334175288677,
        0.021732833236455917
      ]
    ],
    [
      [
        0.015903424471616745,
        0.00908160675317049
      ],
      [
        0.00908160675317049,
        0.0239933542907238
      ]
    ]
  ],
  "probs_grid": [
    [
      0.09419964253902435,
      0.10689917206764221,
      0.06286074221134186,
      0.02553774230182171,
      0.008063317276537418,
      0.0021104691550135612,
      0.00047696082037873566,
      9.572719864081591e-05,
      1.7416725313523784e-05
    ],
    [
      0.11227628588676453,
      0.12588974833488464,
      0.0731305181980133,
      0.029344981536269188,
      0.009150195866823196,
      0.0023648133501410484,
      0.0005276445299386978,
      0.00010453877621330321,
      1.8773158444673754e-05
    ],
    [
      0.06950891762971878,
      0.07699097692966461,
      0.04417485371232033,
      0.01750536449253559,
      0.005389704369008541,
      0.001375209423713386,
      0.00030289587448351085,
      5.9231802879367024e-05,
      1.0497581570234615e-05
    ],
    [
      0.029800081625580788,
      0.03260150924324989,
      0.018472617492079735,
      0.007227982860058546,
      0.002197070512920618,
      0.000553380697965622,
      0.00012030142534058541,
      2.3216858608066104e-05,
      4.060319042764604e-06
    ],
    [
      0.009952737018465996,
      0.010752566158771515,
      0.006015756633132696,
      0.0023238458670675755,
      0.0006972784758545458,
      0.00017334235599264503,
      3.7189387512626126e-05,
      7.0822379711898975e-06,
      1.2220807548146695e-06
    ],
    [
      0.0027619407046586275,
      0.002946221036836505,
      0.0016272969078272581,
      0.0006205137469805777,
      0.00018376582011114806,
      4.5084463636158034e-05,
      9.544577551423572e-06,
      1.793401679606177e-06,
      3.0530415529028687e-07
    ],
    [
      0.0006633303710259497,
      0.0006985519430600107,
      0.0003808578185271472,
      0.00014333674334920943,
      4.189196988590993e-05,
      1.0141564416699111e-05,
      2.118365046044346e-06,
      3.926851093183359e-07,
      6.594480339572328e-08
    ],
    [
      0.00014180511061567813,
      0.00014740707410965115,
      7.932099106255919e-05,
      2.9460410587489605e-05,
      8.496120244672056e-06,
      2.0293532543291803e-06,
      4.181894723842561e-07,
      7.647070532357247e-08,
      1.266689153567313e-08
    ],
    [
      2.754367596935481e-05,
      2.8258516977075487e-05,
      1.5006222383817658e-05,
      5.499550297827227e-06,
      1.5648356566089205e-06,
      3.687420644382655e-07,
      7.495728482354025e-08,
      1.3519857233745824e-08,
      2.208747407195233e-09
    ]
  ],
  "probs_results": [
    0.2722444236278534,
    0.37927111983299255,
    0.34848466515541077
  ]
}