{
  "skills_mean": [
    [
      0.09428108483552933,
      0.75602787733078
    ],
    [
      0.254356324672699,
      0.8130602240562439
    ]
  ],
  "skills_cov": [
    [
      [
        0.02637997642159462,
        0.012716652825474739
      ],
      [
        0.012716652825474739,
        0.023631518706679344
      ]
    ],
    [
      [
        0.020595265552401543,
        0.011256895959377289
      ],
      [
        0.011256895959377289,
        0.024680916219949722
      ]
    ]
  ],
  "probs_grid": [
    [
      0.11818421632051468,
      0.13694381713867188,
      0.08270484954118729,
      0.03470803052186966,
      0.01138561312109232,
      0.003113884013146162,
      0.00073953194078058,
      0.00015686126425862312,
      3.0331315429066308e-05
    ],
    [
      0.1114935353398323,
      0.12709206342697144,
      0.075491763651371,
      0.031153269112110138,
      0.010047377087175846,
      0.0027011216152459383,
      0.0006304813432507217,
      0.0001314123219344765,
      2.4966315322672017e-05
    ],
    [
      0.055179156363010406,
      0.06185976415872574,
      0.03613000735640526,
      0.014657813124358654,
      0.0046466439962387085,
      0.0012276637135073543,
      0.0002815715270116925,
      5.765950845670886e-05,
      1.0760887562355492e-05
    ],
    [
      0.0190998837351799,
      0.021053079515695572,
      0.012087784707546234,
      0.004819969646632671,
      0.001501549151726067,
      0.0003897963324561715,
      8.78298087627627e-05,
      1.766691275406629e-05,
      3.238315457565477e-06
    ],
    [
      0.005201439838856459,
      0.005635794717818499,
      0.0031802314333617687,
      0.0012461141450330615,
      0.00038140660035423934,
      9.726564167067409e-05,
      2.152675369870849e-05,
      4.252619419276016e-06,
      7.654601859030663e-07
    ],
    [
      0.0011885978747159243,
      0.001265654806047678,
      0.0007017755415290594,
      0.0002701542107388377,
      8.12258294899948e-05,
      2.0345063603599556e-05,
      4.421976882440504e-06,
      8.577902121942316e-07,
      1.5159537269937573e-07
    ],
    [
      0.0002373789466219023,
      0.0002483596035744995,
      0.00013528751151170582,
      5.115679232403636e-05,
      1.5106388673302718e-05,
      3.715736283993465e-06,
      7.929941716611211e-07,
      1.5102685324563936e-07,
      2.6201918856827433e-08
    ],
    [
      4.26116785092745e-05,
      4.379678284749389e-05,
      2.3433274691342376e-05,
      8.702325430931523e-06,
      2.5234473923774203e-06,
      6.0943739299546e-07,
      1.2769002921686479e-07,
      2.3872495091836754e-08,
      4.065278336184974e-09
    ],
    [
      7.017675216047792e-06,
      7.084425305947661e-06,
      3.7225136111374013e-06,
      1.357454493700061e-06,
      3.864737436742871e-07,
      9.163084513374997e-08,
      1.884562728093897e-08,
      3.4581932872868038e-09,
      5.779635658953453e-10
    ]
  ],
  "probs_results": [
    0.28663450479507446,
    0.30038267374038696,
    0.41298308968544006
  ]
}