{
  "skills_mean": [
    [
      -0.09935158491134644,
      0.32929036021232605
    ],
    [
      -0.18236052989959717,
      0.10709430277347565
    ]
  ],
  "skills_cov": [
    [
      [
        0.024066684767603874,
        0.01148461364209652
      ],
      [
        0.01148461364209652,
        0.021689459681510925
      ]
    ],
    [
      [
        0.02097238041460514,
        0.011204704642295837
      ],
      [
        0.011204704642295837,
        0.021319549530744553
      ]
    ]
  ],
  "probs_grid": [
    [
      0.06417177617549896,
      0.07458627969026566,
      0.0451105535030365,
      0.01892831176519394,
      0.006198451388627291,
      0.0016896218294277787,
      0.00039932492654770613,
      8.415791671723127e-05,
      1.6144142136909068e-05
    ],
    [
      0.09845920652151108,
      0.11251851916313171,
      0.06690233200788498,
      0.027594421058893204,
      0.008881588466465473,
      0.0023793012369424105,
      0.000552581564988941,
      0.0001144288617069833,
      2.1566975192399696e-05
    ],
    [
      0.07875989377498627,
      0.08848632127046585,
      0.051718298345804214,
      0.020966505631804466,
      0.00663209380581975,
      0.0017459074733778834,
      0.00039841854595579207,
      8.106099994620308e-05,
      1.5009417438704986e-05
    ],
    [
      0.04379069805145264,
      0.04836269095540047,
      0.027783451601862907,
      0.011069510132074356,
      0.0034408755600452423,
      0.0008900489192456007,
      0.00019955720927100629,
      3.988769094576128e-05,
      7.2553116297058295e-06
    ],
    [
      0.01903662458062172,
      0.020664947107434273,
      0.011667500250041485,
      0.004568173084408045,
      0.0013952851295471191,
      0.00035460724029690027,
      7.810944953234866e-05,
      1.5337072909460403e-05,
      2.7402775231166743e-06
    ],
    [
      0.0069009168073534966,
      0.007362557575106621,
      0.004085109103471041,
      0.0015716517809778452,
      0.0004716541152447462,
      0.00011776512837968767,
      2.5482673663645983e-05,
      4.9149884944199584e-06,
      8.625449368082627e-07
    ],
    [
      0.0021727399434894323,
      0.0022780983708798885,
      0.0012420695275068283,
      0.0004695210955105722,
      0.00013843293709214777,
      3.395567910047248e-05,
      7.217483016574988e-06,
      1.3673376315637142e-06,
      2.3567703522076044e-07
    ],
    [
      0.0006110439426265657,
      0.0006295770290307701,
      0.00033728036214597523,
      0.00012526467617135495,
      3.628300328273326e-05,
      8.742400495975744e-06,
      1.8252592326462036e-06,
      3.3962805900955573e-07,
      5.7491646998641954e-08
    ],
    [
      0.0001566747232573107,
      0.00015862043073866516,
      8.349176641786471e-05,
      3.0463843359029852e-05,
      8.668134796607774e-06,
      2.0515622054517735e-06,
      4.207047652471374e-07,
      7.688201009159457e-08,
      1.2781019798069337e-08
    ]
  ],
  "probs_results": [
    0.24103370308876038,
    0.47056496143341064,
    0.28840118646621704
  ]
}