{
  "skills_mean": [
    [
      0.012214147485792637,
      0.6147075891494751
    ],
    [
      0.5714161992073059,
      1.140448808670044
    ]
  ],
  "skills_cov": [
    [
      [
        0.022431781515479088,
        0.012362773530185223
      ],
      [
        0.012362773530185223,
        0.025491898879408836
      ]
    ],
    [
      [
        0.02157731167972088,
        0.012410681694746017
      ],
      [
        0.012410681694746017,
        0.027104899287223816
      ]
    ]
  ],
  "probs_grid": [
    [
      0.08420141041278839,
      0.14859919250011444,
      0.13688556849956512,
      0.08774460852146149,
      0.044024448841810226,
      0.018439149484038353,
      0.0067146229557693005,
      0.0021862538997083902,
      0.0006496211281046271
    ],
    [
      0.05443642660975456,
      0.09444937855005264,
      0.08552152663469315,
      0.0538768395781517,
      0.02656281366944313,
      0.01093099545687437,
      0.0039104316383600235,
      0.001250658300705254,
      0.0003649966965895146
    ],
    [
      0.018443623557686806,
      0.03145185485482216,
      0.027986066415905952,
      0.01732296496629715,
      0.008390496484935284,
      0.0033916551619768143,
      0.0011916948715224862,
      0.0003743020351976156,
      0.00010726928303483874
    ],
    [
      0.0043662190437316895,
      0.007316116709262133,
      0.006395668722689152,
      0.0038888007402420044,
      0.0018500143196433783,
      0.0007344164769165218,
      0.0002533920924179256,
      7.814587297616526e-05,
      2.1987601940054446e-05
    ],
    [
      0.0008124473388306797,
      0.0013373252004384995,
      0.0011482826666906476,
      0.0006856924155727029,
      0.000320323248161003,
      0.00012485582556109875,
      4.229316982673481e-05,
      1.2804302059521433e-05,
      3.536442136464757e-06
    ],
    [
      0.0001267411862500012,
      0.0002048915921477601,
      0.0001727606577333063,
      0.00010129384463652968,
      4.6457174903480336e-05,
      1.7776281310943887e-05,
      5.910592790314695e-06,
      1.7563473875270574e-06,
      4.760839829032193e-07
    ],
    [
      1.726528353174217e-05,
      2.740619493124541e-05,
      2.2687509044772014e-05,
      1.3058552212896757e-05,
      5.878833690076135e-06,
      2.207832039857749e-06,
      7.204553753581422e-07,
      2.1008985129356006e-07,
      5.588157492297796e-08
    ],
    [
      2.112362153638969e-06,
      3.291713028374943e-06,
      2.674798224688857e-06,
      1.5110762205949868e-06,
      6.676203270217229e-07,
      2.460452321884077e-07,
      7.878315955167636e-08,
      2.2541321698099637e-08,
      5.882531350920317e-09
    ],
    [
      2.3693303319305414e-07,
      3.623875670655252e-07,
      2.8899651738356624e-07,
      1.6021286342038366e-07,
      6.945651875867043e-08,
      2.511520058590122e-08,
      7.889745745615073e-09,
      2.214570304914787e-09,
      5.669320568557623e-10
    ]
  ],
  "probs_results": [
    0.2109529823064804,
    0.1271994262933731,
    0.6618475914001465
  ]
}