{
  "skills_mean": [
    [
      0.44669950008392334,
      0.7126414775848389
    ],
    [
      0.6521176099777222,
      0.8818617463111877
    ]
  ],
  "skills_cov": [
    [
      [
        0.017826542258262634,
        0.009465963579714298
      ],
      [
        0.009465963579714298,
        0.020140280947089195
      ]
    ],
    [
      [
        0.017124507576227188,
        0.009830310009419918
      ],
      [
        0.009830310009419918,
        0.023695051670074463
      ]
    ]
  ],
  "probs_grid": [
    [
      0.04607436805963516,
      0.08161104470491409,
      0.07481563091278076,
      0.04732578247785568,
      0.023237379267811775,
      0.009446178562939167,
      0.0033113129902631044,
      0.0010294840903952718,
      0.0002897569793276489
    ],
    [
      0.057607002556324005,
      0.1005634218454361,
      0.09085024893283844,
      0.05662966147065163,
      0.02739790827035904,
      0.010973474942147732,
      0.00378984771668911,
      0.0011607861379161477,
      0.00032185239251703024
    ],
    [
      0.0374397411942482,
      0.0644061416387558,
      0.057334013283252716,
      0.035212814807891846,
      0.01678486168384552,
      0.006623133551329374,
      0.0022533913142979145,
      0.0006798942922614515,
      0.0001856953458627686
    ],
    [
      0.01686323806643486,
      0.028583969920873642,
      0.025070669129490852,
      0.015169990248978138,
      0.007123736198991537,
      0.002769078826531768,
      0.0009280443773604929,
      0.0002758122282102704,
      7.41984331398271e-05
    ],
    [
      0.005921362433582544,
      0.009888959117233753,
      0.00854503083974123,
      0.005093625281006098,
      0.0023562388960272074,
      0.0009021824225783348,
      0.0002978203119710088,
      8.7177955720108e-05,
      2.3098205929272808e-05
    ],
    [
      0.0017289052484557033,
      0.002844527829438448,
      0.002421348122879863,
      0.0014217712450772524,
      0.0006478263530880213,
      0.0002443141711410135,
      7.943355740280822e-05,
      2.289991607540287e-05,
      5.975387466605753e-06
    ],
    [
      0.0004372043476905674,
      0.000708596664480865,
      0.0005941506242379546,
      0.0003436339902691543,
      0.00015421620628330857,
      5.728026371798478e-05,
      1.8341159375268035e-05,
      5.207213689573109e-06,
      1.3380456493905513e-06
    ],
    [
      9.848313493421301e-05,
      0.0001572243490954861,
      0.00012984838394913822,
      7.396618457278237e-05,
      3.2692143577151e-05,
      1.195846198243089e-05,
      3.7708200579800177e-06,
      1.0542343034103396e-06,
      2.667535454747849e-07
    ],
    [
      2.017076258198358e-05,
      3.1717125239083543e-05,
      2.5798906790441833e-05,
      1.447328850190388e-05,
      6.299800134001998e-06,
      2.269287733724923e-06,
      7.046344308037078e-07,
      1.9398284223370865e-07,
      4.833038502738418e-08
    ]
  ],
  "probs_results": [
    0.2218334972858429,
    0.27147647738456726,
    0.5066899657249451
  ]
}