{
  "skills_mean": [
    [
      0.5896504521369934,
      1.1431329250335693
    ],
    [
      0.5379805564880371,
      0.9467320442199707
    ]
  ],
  "skills_cov": [
    [
      [
        0.021163050085306168,
        0.012137643061578274
      ],
      [
        0.012137643061578274,
        0.026870546862483025
      ]
    ],
    [
      [
        0.019452104344964027,
        0.011728019453585148
      ],
      [
        0.011728019453585148,
        0.02658461406826973
      ]
    ]
  ],
  "probs_grid": [
    [
      0.08821874856948853,
      0.09331213682889938,
      0.05154064670205116,
      0.019819872453808784,
      0.005969076883047819,
      0.001501622493378818,
      0.00032866158289834857,
      6.436742842197418e-05,
      1.1513940080476459e-05
    ],
    [
      0.11716534197330475,
      0.12181537598371506,
      0.06612430512905121,
      0.02498534321784973,
      0.007392579689621925,
      0.0018267889972776175,
      0.0003926953359041363,
      7.552595343440771e-05,
      1.3265551388030872e-05
    ],
    [
      0.08132806420326233,
      0.08309906721115112,
      0.04432341083884239,
      0.01645376719534397,
      0.00478209787979722,
      0.0011606257176026702,
      0.0002450098400004208,
      4.626953523256816e-05,
      7.97895609139232e-06
    ],
    [
      0.03933466598391533,
      0.039492540061473846,
      0.02069503627717495,
      0.007546507753431797,
      0.0021541931200772524,
      0.0005134350503794849,
      0.00010642650886438787,
      1.973255530174356e-05,
      3.3404846817575162e-06
    ],
    [
      0.014910965226590633,
      0.01470845378935337,
      0.007571339141577482,
      0.002711712848395109,
      0.0007601774414069951,
      0.00017790694255381823,
      3.620616553234868e-05,
      6.590110388060566e-06,
      1.0950933528874884e-06
    ],
    [
      0.004725060425698757,
      0.004578592721372843,
      0.002314927289262414,
      0.0008142322767525911,
      0.00022413166880141944,
      5.150051219970919e-05,
      1.0289214515069034e-05,
      1.8383500446361722e-06,
      2.9983263516442094e-07
    ],
    [
      0.001303626224398613,
      0.0012407605536282063,
      0.0006160884513519704,
      0.0002127878542523831,
      5.7509547332301736e-05,
      1.2972886906936765e-05,
      2.544183416830492e-06,
      4.461604419248033e-07,
      7.141634483787129e-08
    ],
    [
      0.00032204826129600406,
      0.0003010353830177337,
      0.00014678321895189583,
      4.9777081585489213e-05,
      1.3207496522227302e-05,
      2.924599812104134e-06,
      5.629661927741836e-07,
      9.689171776017247e-08,
      1.5220043891872592e-08
    ],
    [
      7.271199865499511e-05,
      6.674525502603501e-05,
      3.1955209124134853e-05,
      1.0639089850883465e-05,
      2.7711248549167067e-06,
      6.023051923875755e-07,
      1.1378985220744653e-07,
      1.9219308811102565e-08,
      2.962503131698213e-09
    ]
  ],
  "probs_results": [
    0.2627330422401428,
    0.43816429376602173,
    0.2991027534008026
  ]
}