{
  "skills_mean": [
    [
      0.6139476299285889,
      1.0303292274475098
    ],
    [
      -0.25994956493377686,
      0.4460665285587311
    ]
  ],
  "skills_cov": [
    [
      [
        0.019391179084777832,
        0.011318949982523918
      ],
      [
        0.011318949982523918,
        0.02513751946389675
      ]
    ],
    [
      [
        0.0208479855209589,
        0.010669889859855175
      ],
      [
        0.010669889859855175,
        0.022112639620900154
      ]
    ]
  ],
  "probs_grid": [
    [
      0.06131969019770622,
      0.03400300443172455,
      0.009850787930190563,
      0.001987856114283204,
      0.00031433775438927114,
      4.154484122409485e-05,
      4.780330527864862e-06,
      4.925312282466621e-07,
      4.6385281393668265e-08
    ],
    [
      0.13197490572929382,
      0.07210973650217056,
      0.020578676834702492,
      0.004089696332812309,
      0.0006367344176396728,
      8.283926581498235e-05,
      9.380815754411742e-06,
      9.510254130873363e-07,
      8.81110580053246e-08
    ],
    [
      0.1474875956773758,
      0.07939259707927704,
      0.022315889596939087,
      0.004367115907371044,
      0.0006693737232126296,
      8.571539365220815e-05,
      9.551810762786772e-06,
      9.527408906251367e-07,
      8.683002050702271e-08
    ],
    [
      0.11409865319728851,
      0.060501694679260254,
      0.01674785651266575,
      0.0032269770745187998,
      0.00048688988317735493,
      6.136084266472608e-05,
      6.728251264576102e-06,
      6.602280109291314e-07,
      5.918537482330066e-08
    ],
    [
      0.06873328983783722,
      0.03589729219675064,
      0.009784976951777935,
      0.001856123679317534,
      0.0002756518078967929,
      3.418634150875732e-05,
      3.6881817777612014e-06,
      3.560193988505489e-07,
      3.138980986250317e-08
    ],
    [
      0.034386616200208664,
      0.017686447128653526,
      0.004746780265122652,
      0.0008863674593158066,
      0.00012955295096617192,
      1.5810122931725346e-05,
      1.678072294453159e-06,
      1.5933514418975392e-07,
      1.3816397803623204e-08
    ],
    [
      0.014880581758916378,
      0.007536705583333969,
      0.001991394441574812,
      0.00036601649480871856,
      5.264749052003026e-05,
      6.321624368865741e-06,
      6.600700430681172e-07,
      6.16458493141181e-08,
      5.2568935871022404e-09
    ],
    [
      0.005728439893573523,
      0.0028567055705934763,
      0.000743052049074322,
      0.0001344174233963713,
      1.9025856090593152e-05,
      2.2476469894172624e-06,
      2.3085969758085412e-07,
      2.1205540434721115e-08,
      1.778256653039989e-09
    ],
    [
      0.0020023270044475794,
      0.0009830875787883997,
      0.00025170310982502997,
      4.4811040424974635e-05,
      6.24101767243701e-06,
      7.253463536471827e-07,
      7.328242190851597e-08,
      6.620122672273965e-09,
      5.458969942750969e-10
    ]
  ],
  "probs_results": [
    0.1595017910003662,
    0.7630531191825867,
    0.0774451494216919
  ]
}