{
  "skills_mean": [
    [
      0.24125753343105316,
      0.8226337432861328
    ],
    [
      0.009160294197499752,
      0.7286258935928345
    ]
  ],
  "skills_cov": [
    [
      [
        0.020340148359537125,
        0.011020584963262081
      ],
      [
        0.011020584963262081,
        0.024322696030139923
      ]
    ],
    [
      [
        0.018275488168001175,
        0.00914980098605156
      ],
      [
        0.00914980098605156,
        0.021393053233623505
      ]
    ]
  ],
  "probs_grid": [
    [
      0.12707851827144623,
      0.10944531857967377,
      0.049083080142736435,
      0.015282400883734226,
      0.0037162508815526962,
      0.0007527918205596507,
      0.00013231317279860377,
      2.075377597066108e-05,
      2.965399517051992e-06
    ],
    [
      0.14878690242767334,
      0.12651869654655457,
      0.05600615590810776,
      0.01720796525478363,
      0.004128295462578535,
      0.0008248366066254675,
      0.00014296469453256577,
      2.2108826669864357e-05,
      3.113938873866573e-06
    ],
    [
      0.09060347825288773,
      0.07604873925447464,
      0.033221468329429626,
      0.010070547461509705,
      0.0023830593563616276,
      0.0004695459210779518,
      8.02407885203138e-05,
      1.2232180779392365e-05,
      1.6980081909423461e-06
    ],
    [
      0.038257889449596405,
      0.0316900759935379,
      0.013658437877893448,
      0.004084012936800718,
      0.0009530738461762667,
      0.00018515616829972714,
      3.119171378784813e-05,
      4.686533429776318e-06,
      6.410847959159582e-07
    ],
    [
      0.012601266615092754,
      0.010298537090420723,
      0.004378388170152903,
      0.001291124732233584,
      0.00029708919464610517,
      5.689751560566947e-05,
      9.447336196899414e-06,
      1.3988162663736148e-06,
      1.8853482686154166e-07
    ],
    [
      0.003453186945989728,
      0.0027838745154440403,
      0.001167252310551703,
      0.00033939621062017977,
      7.698927947785705e-05,
      1.453322602174012e-05,
      2.378084900556132e-06,
      3.4694141959334956e-07,
      4.6067683001638216e-08
    ],
    [
      0.0008200362208299339,
      0.0006519968155771494,
      0.0002695608127396554,
      7.727024785708636e-05,
      1.7277065126108937e-05,
      3.214109483451466e-06,
      5.182189397601178e-07,
      7.448372230101086e-08,
      9.742167073056862e-09
    ],
    [
      0.0001735611294861883,
      0.00013607159780804068,
      5.5462500313296914e-05,
      1.5671035725972615e-05,
      3.4532113204477355e-06,
      6.330094493023353e-07,
      1.0055213550685949e-07,
      1.423648665621613e-08,
      1.8339990637272763e-09
    ],
    [
      3.3419255487388e-05,
      2.5830857339315116e-05,
      1.0378164006397128e-05,
      2.889978077291744e-06,
      6.275163286773022e-07,
      1.133312110823681e-07,
      1.7733860602220375e-08,
      2.473010907166895e-09,
      3.137435866662486e-10
    ]
  ],
  "probs_results": [
    0.2912200093269348,
    0.4377409517765045,
    0.2710390090942383
  ]
}