{
  "skills_mean": [
    [
      0.33559104800224304,
      0.9168039560317993
    ],
    [
      0.22151319682598114,
      0.5051982998847961
    ]
  ],
  "skills_cov": [
    [
      [
        0.017901670187711716,
        0.009604712948203087
      ],
      [
        0.009604712948203087,
        0.020211078226566315
      ]
    ],
    [
      [
        0.019538702443242073,
        0.010729329660534859
      ],
      [
        0.010729329660534859,
        0.023526769131422043
      ]
    ]
  ],
  "probs_grid": [
    [
      0.07381569594144821,
      0.0719136968255043,
      0.03637456148862839,
      0.012735799886286259,
      0.003472398268058896,
      0.0007863479549996555,
      0.00015405916201416403,
      2.6857132979785092e-05,
      4.2526726247160695e-06
    ],
    [
      0.11700312048196793,
      0.11233885586261749,
      0.05599121004343033,
      0.019314752891659737,
      0.005187679547816515,
      0.0011571296490728855,
      0.0002232671104138717,
      3.83279548259452e-05,
      5.975693056825548e-06
    ],
    [
      0.0963638424873352,
      0.09117160737514496,
      0.0447712242603302,
      0.015214486047625542,
      0.004025070928037167,
      0.0008842190727591515,
      0.0001680073473835364,
      2.8398591894074343e-05,
      4.3591380745056085e-06
    ],
    [
      0.054979365319013596,
      0.05125119537115097,
      0.024793725460767746,
      0.008299297653138638,
      0.002162439050152898,
      0.0004678050463553518,
      8.752231951802969e-05,
      1.4565491255780216e-05,
      2.2010162865626626e-06
    ],
    [
      0.02444373443722725,
      0.022448113188147545,
      0.010697157122194767,
      0.003526662476360798,
      0.000904920743778348,
      0.0001927637349581346,
      3.550801920937374e-05,
      5.817481451231288e-06,
      8.65350386902719e-07
    ],
    [
      0.009032411500811577,
      0.008171044290065765,
      0.003835064824670553,
      0.0012451520888134837,
      0.00031461025355383754,
      6.598486652364954e-05,
      1.1966195415880065e-05,
      1.9298918232379947e-06,
      2.8256442874408094e-07
    ],
    [
      0.002889312570914626,
      0.0025744589511305094,
      0.001189999282360077,
      0.00038046209374442697,
      9.46518121054396e-05,
      1.954438630491495e-05,
      3.4890883853222476e-06,
      5.538921072911762e-07,
      7.981908112242309e-08
    ],
    [
      0.0008228679653257132,
      0.000722103810403496,
      0.00032869097776710987,
      0.00010347408533561975,
      2.5344412279082462e-05,
      5.151859113539103e-06,
      9.05318302102387e-07,
      1.4145616944460926e-07,
      2.0061916572444716e-08
    ],
    [
      0.00021297106286510825,
      0.00018404789443593472,
      8.249188249465078e-05,
      2.5568246201146394e-05,
      6.165284048620379e-06,
      1.2336564623183222e-06,
      2.133781578095295e-07,
      3.2813368022743816e-08,
      4.5797889924870105e-09
    ]
  ],
  "probs_results": [
    0.24023771286010742,
    0.5290303230285645,
    0.2307317852973938
  ]
}