{
  "skills_mean": [
    [
      0.5726335048675537,
      0.8463667631149292
    ],
    [
      0.5882615447044373,
      1.169917345046997
    ]
  ],
  "skills_cov": [
    [
      [
        0.01967371441423893,
        0.010017190128564835
      ],
      [
        0.010017190128564835,
        0.022886741906404495
      ]
    ],
    [
      [
        0.016918186098337173,
        0.010104299522936344
      ],
      [
        0.010104299522936344,
        0.0257493257522583
      ]
    ]
  ],
  "probs_grid": [
    [
      0.07642696797847748,
      0.11181607097387314,
      0.08489424735307693,
      0.044593919068574905,
      0.01823125220835209,
      0.006187219638377428,
      0.0018155428115278482,
      0.0004737478739116341,
      0.00011221097520319745
    ],
    [
      0.08132029324769974,
      0.11727753281593323,
      0.08775857090950012,
      0.04542902484536171,
      0.01830078288912773,
      0.006119221914559603,
      0.0017689252272248268,
      0.0004546849231701344,
      0.0001060768190654926
    ],
    [
      0.045152805745601654,
      0.06417739391326904,
      0.04732425510883331,
      0.024138178676366806,
      0.009580093435943127,
      0.003155588172376156,
      0.0008985355962067842,
      0.0002274778817081824,
      5.2265470003476366e-05
    ],
    [
      0.0174424946308136,
      0.024429507553577423,
      0.017749056220054626,
      0.008918814361095428,
      0.0034868919756263494,
      0.0011312877759337425,
      0.00031725800363346934,
      7.909778651082888e-05,
      1.7895905330078676e-05
    ],
    [
      0.00527335237711668,
      0.00727669894695282,
      0.005208217538893223,
      0.0025779244024306536,
      0.0009926795028150082,
      0.00031718428363092244,
      8.759561023907736e-05,
      2.1504560208995827e-05,
      4.790531420439947e-06
    ],
    [
      0.0013307940680533648,
      0.0018089903751388192,
      0.001275335787795484,
      0.0006217240006662905,
      0.00023577018873766065,
      7.418343011522666e-05,
      2.0172406948404387e-05,
      4.875891590927495e-06,
      1.0693628382796305e-06
    ],
    [
      0.0002919908438343555,
      0.00039094322710298,
      0.0002714437432587147,
      0.00013031387061346322,
      4.8661200708011165e-05,
      1.5075332157721277e-05,
      4.03600142817595e-06,
      9.60395823312865e-07,
      2.0734570682634512e-07
    ],
    [
      5.7287077652290463e-05,
      7.553802424808964e-05,
      5.1648352382471785e-05,
      2.4414915969828144e-05,
      8.976362551038619e-06,
      2.737818022069405e-06,
      7.215689947770443e-07,
      1.6901955746106978e-07,
      3.591826569504519e-08
    ],
    [
      1.0258529982820619e-05,
      1.3320098332769703e-05,
      8.967568646767177e-06,
      4.173639354121406e-06,
      1.5106660384844872e-06,
      4.535756374934863e-07,
      1.1767147611863038e-07,
      2.713007418719826e-08,
      5.674464453875316e-09
    ]
  ],
  "probs_results": [
    0.2510407269001007,
    0.27731332182884216,
    0.47164610028266907
  ]
}