{
  "skills_mean": [
    [
      0.26557597517967224,
      0.9150952696800232
    ],
    [
      -0.2599185109138489,
      0.44601312279701233
    ]
  ],
  "skills_cov": [
    [
      [
        0.018174776807427406,
        0.010319224558770657
      ],
      [
        0.010319224558770657,
        0.025021826848387718
      ]
    ],
    [
      [
        0.02094794251024723,
        0.010750859044492245
      ],
      [
        0.010750859044492245,
        0.022212298586964607
      ]
    ]
  ],
  "probs_grid": [
    [
      0.10891418904066086,
      0.06663215905427933,
      0.021300271153450012,
      0.004743597004562616,
      0.0008279121830128133,
      0.00012078728468623012,
      1.5343495761044323e-05,
      1.7454390217608307e-06,
      1.8150620917367633e-07
    ],
    [
      0.1699811816215515,
      0.10263405740261078,
      0.03236977010965347,
      0.007110052742063999,
      0.0012235759058967233,
      0.00017596573161426932,
      2.2028070816304535e-05,
      2.4688472421985352e-06,
      2.528812785840273e-07
    ],
    [
      0.1377371847629547,
      0.08206075429916382,
      0.02552938461303711,
      0.00552970077842474,
      0.0009381352574564517,
      0.00013296976976562291,
      1.6401476386818103e-05,
      1.8108332824340323e-06,
      1.8267613199896005e-07
    ],
    [
      0.07725698500871658,
      0.04540698230266571,
      0.013931581750512123,
      0.002975167939439416,
      0.0004975188057869673,
      6.94898481015116e-05,
      8.444450031674933e-06,
      9.18308899144904e-07,
      9.122640420855532e-08
    ],
    [
      0.033742424100637436,
      0.019560309126973152,
      0.005917597562074661,
      0.0012457548873499036,
      0.0002053036296274513,
      2.825333649525419e-05,
      3.3820683711383026e-06,
      3.622163831096259e-07,
      3.5430652189916145e-08
    ],
    [
      0.012239297851920128,
      0.006996617652475834,
      0.0020867695566266775,
      0.00043298042146489024,
      7.031276618363336e-05,
      9.532563126413152e-06,
      1.1239045534239267e-06,
      1.1853123993432746e-07,
      1.141501648760368e-08
    ],
    [
      0.0038403135258704424,
      0.0021644809748977423,
      0.0006363351130858064,
      0.0001301129232160747,
      2.0817449694732204e-05,
      2.7800263069366338e-06,
      3.227930847060634e-07,
      3.351950894625588e-08,
      3.177816676469547e-09
    ],
    [
      0.0010720143327489495,
      0.0005956217646598816,
      0.0001725762413116172,
      3.4769273042911664e-05,
      5.480076652020216e-06,
      7.207777912299207e-07,
      8.241072890768919e-08,
      8.425217856711242e-09,
      7.862451245621571e-10
    ],
    [
      0.0002717507304623723,
      0.00014881817332934588,
      4.24896388722118e-05,
      8.433704351773486e-06,
      1.3093033430777723e-06,
      1.6958928483745694e-07,
      1.90915532272129e-08,
      1.921410586191996e-09,
      1.764835499962203e-10
    ]
  ],
  "probs_results": [
    0.24030189216136932,
    0.617902934551239,
    0.1417950987815857
  ]
}