{
  "skills_mean": [
    [
      0.2656937539577484,
      0.8845533132553101
    ],
    [
      -0.2774253189563751,
      0.4263956546783447
    ]
  ],
  "skills_cov": [
    [
      [
        0.017841612920165062,
        0.009922124445438385
      ],
      [
        0.009922124445438385,
        0.02427215874195099
      ]
    ],
    [
      [
        0.020614895969629288,
        0.010249389335513115
      ],
      [
        0.010249389335513115,
        0.021258873865008354
      ]
    ]
  ],
  "probs_grid": [
    [
      0.10476963967084885,
      0.0648757591843605,
      0.02096998691558838,
      0.0047174012288451195,
      0.0008308636024594307,
      0.00012220436474308372,
      1.563438490848057e-05,
      1.7894683423946844e-06,
      1.870456429742262e-07
    ],
    [
      0.16674202680587769,
      0.10196401923894882,
      0.03253713250160217,
      0.007223870605230331,
      0.0012553338892757893,
      0.00018212180293630809,
      2.2976888431003317e-05,
      2.592780447230325e-06,
      2.671297920642246e-07
    ],
    [
      0.13762089610099792,
      0.08308987319469452,
      0.026170462369918823,
      0.005733362399041653,
      0.000982853351160884,
      0.000140627525979653,
      1.7493381164968014e-05,
      1.945910071299295e-06,
      1.9758770974931394e-07
    ],
    [
      0.07853419333696365,
      0.046805426478385925,
      0.01454821415245533,
      0.003144417656585574,
      0.000531668309122324,
      7.501324580516666e-05,
      9.199343367072288e-06,
      1.0086173460877035e-06,
      1.0092400515304689e-07
    ],
    [
      0.034856706857681274,
      0.020502852275967598,
      0.006287836469709873,
      0.0013405829668045044,
      0.0002235373540315777,
      3.1095874874154106e-05,
      3.75907893612748e-06,
      4.0618152752358583e-07,
      4.004711939842309e-08
    ],
    [
      0.012833932414650917,
      0.00744903227314353,
      0.0022536565084010363,
      0.00047388748498633504,
      7.791588723193854e-05,
      1.068505662260577e-05,
      1.2730997696053237e-06,
      1.355568599592516e-07,
      1.3167722023865736e-08
    ],
    [
      0.004082913976162672,
      0.002338021295145154,
      0.0006977005396038294,
      0.0001446733222110197,
      2.3451741071767174e-05,
      3.1700797080702614e-06,
      3.722313692833268e-07,
      3.905223877609387e-08,
      3.737057330255311e-09
    ],
    [
      0.0011542894644662738,
      0.0006520209717564285,
      0.00019188910664524883,
      3.9232152630575e-05,
      6.26916016699397e-06,
      8.352140525857976e-07,
      9.663846611829285e-08,
      9.988798232996032e-09,
      9.41567379619812e-10
    ],
    [
      0.0002960115089081228,
      0.00016491445421706885,
      4.785806959262118e-05,
      9.646356375014875e-06,
      1.5193550098047126e-06,
      1.9947688656429818e-07,
      2.274102506305553e-08,
      2.3155903861038496e-09,
      2.1498897107008474e-10
    ]
  ],
  "probs_results": [
    0.23632025718688965,
    0.6233696341514587,
    0.1403103768825531
  ]
}