{
  "skills_mean": [
    [
      0.3945465683937073,
      0.5962164998054504
    ],
    [
      0.08167262375354767,
      0.7267417311668396
    ]
  ],
  "skills_cov": [
    [
      [
        0.020507967099547386,
        0.010681203566491604
      ],
      [
        0.010681203566491604,
        0.021749770268797874
      ]
    ],
    [
      [
        0.0271025151014328,
        0.013272062875330448
      ],
      [
        0.013272062875330448,
        0.024284321814775467
      ]
    ]
  ],
  "probs_grid": [
    [
      0.0771324634552002,
      0.08885790407657623,
      0.05356504023075104,
      0.022526197135448456,
      0.007433978840708733,
      0.0020533441565930843,
      0.0004944093525409698,
      0.00010672783537302166,
      2.108311491610948e-05
    ],
    [
      0.10536079853773117,
      0.11925589293241501,
      0.0706213042140007,
      0.029170671477913857,
      0.009454162791371346,
      0.0025641899555921555,
      0.0006061915773898363,
      0.0001284660684177652,
      2.4910932552302256e-05
    ],
    [
      0.07501412183046341,
      0.08341175317764282,
      0.04851754009723663,
      0.019681671634316444,
      0.006263725459575653,
      0.0016680150292813778,
      0.0003871241642627865,
      8.053304918576032e-05,
      1.5327805158449337e-05
    ],
    [
      0.037113115191459656,
      0.04053598642349243,
      0.023156696930527687,
      0.009224526584148407,
      0.002882458968088031,
      0.0007535758195444942,
      0.0001716827682685107,
      3.5055541957262903e-05,
      6.54830864732503e-06
    ],
    [
      0.014353025704622269,
      0.015396968461573124,
      0.008637496270239353,
      0.0033784264232963324,
      0.0010364280315116048,
      0.0002659864258021116,
      5.947989484411664e-05,
      1.1919816643057857e-05,
      2.185110815844382e-06
    ],
    [
      0.004627811256796122,
      0.004875276703387499,
      0.00268549588508904,
      0.00103126117028296,
      0.00031057014712132514,
      7.823461055522785e-05,
      1.7170586943393573e-05,
      3.3769129004213028e-06,
      6.074672000977444e-07
    ],
    [
      0.001295706839300692,
      0.001340353162959218,
      0.0007248976035043597,
      0.00027327495627105236,
      8.07831747806631e-05,
      1.997307117562741e-05,
      4.302029992686585e-06,
      8.3025656749669e-07,
      1.4654953872650367e-07
    ],
    [
      0.0003239849174860865,
      0.0003290686581749469,
      0.00017471845785621554,
      6.465559272328392e-05,
      1.875961788755376e-05,
      4.551984147838084e-06,
      9.621477374821552e-07,
      1.8220320896489284e-07,
      3.155512118269144e-08
    ],
    [
      7.38474409445189e-05,
      7.363947224803269e-05,
      3.8381673221010715e-05,
      1.3941295947006438e-05,
      3.969971658079885e-06,
      9.453404459236481e-07,
      1.9607145418376604e-07,
      3.643157953092668e-08,
      6.190249646209622e-09
    ]
  ],
  "probs_results": [
    0.25526711344718933,
    0.4247746765613556,
    0.31995803117752075
  ]
}