{
  "skills_mean": [
    [
      0.37691032886505127,
      0.665884256362915
    ],
    [
      0.42689475417137146,
      0.6229162216186523
    ]
  ],
  "skills_cov": [
    [
      [
        0.01960955560207367,
        0.010901682078838348
      ],
      [
        0.010901682078838348,
        0.02191339060664177
      ]
    ],
    [
      [
        0.021248962730169296,
        0.0113082779571414
      ],
      [
        0.0113082779571414,
        0.02256927266716957
      ]
    ]
  ],
  "probs_grid": [
    [
      0.04745875298976898,
      0.07123812288045883,
      0.055639225989580154,
      0.030145496129989624,
      0.012745273299515247,
      0.004484848119318485,
      0.0013680541887879372,
      0.00037205376429483294,
      9.207951370626688e-05
    ],
    [
      0.07085131108760834,
      0.10455834120512009,
      0.08027955144643784,
      0.042755257338285446,
      0.017767559736967087,
      0.006144820246845484,
      0.001842134865000844,
      0.0004923305823467672,
      0.00011973643267992884
    ],
    [
      0.05498970299959183,
      0.07977563142776489,
      0.060208652168512344,
      0.03151758760213852,
      0.01287272572517395,
      0.004375255201011896,
      0.0012889675563201308,
      0.00033851739135570824,
      8.08972617960535e-05
    ],
    [
      0.0295814648270607,
      0.0421845018863678,
      0.03129331022500992,
      0.016099922358989716,
      0.006462348159402609,
      0.0021584676578640938,
      0.0006248591816984117,
      0.00016124917601700872,
      3.786232991842553e-05
    ],
    [
      0.012407342903316021,
      0.017391014844179153,
      0.01267953496426344,
      0.006410988513380289,
      0.002528789918869734,
      0.0008299718610942364,
      0.00023608696938026696,
      5.986022370052524e-05,
      1.3809574738843367e-05
    ],
    [
      0.004327611997723579,
      0.005961818154901266,
      0.004271787125617266,
      0.0021225304808467627,
      0.000822691828943789,
      0.00026531293406151235,
      7.415068830596283e-05,
      1.8471799194230698e-05,
      4.186593741906108e-06
    ],
    [
      0.0013074256712570786,
      0.001770131173543632,
      0.001246417174115777,
      0.0006085640052333474,
      0.00023177235561888665,
      7.343970355577767e-05,
      2.0165720343356952e-05,
      4.9353070608049165e-06,
      1.0988907206410659e-06
    ],
    [
      0.0003518665034789592,
      0.0004681667487602681,
      0.0003239386423956603,
      0.0001554111368022859,
      5.815519398311153e-05,
      1.810445246519521e-05,
      4.883986548520625e-06,
      1.174253384306212e-06,
      2.5684551019367063e-07
    ],
    [
      8.610789518570527e-05,
      0.00011258448648732156,
      7.654636283405125e-05,
      3.6082841688767076e-05,
      1.3265967027109582e-05,
      4.057372734678211e-06,
      1.075281716111931e-06,
      2.5396812475264596e-07,
      5.456853813257112e-08
    ]
  ],
  "probs_results": [
    0.23118539154529572,
    0.38209259510040283,
    0.3867221474647522
  ]
}