{
  "skills_mean": [
    [
      0.7102416157722473,
      1.3743222951889038
    ],
    [
      -0.25987210869789124,
      0.3845626413822174
    ]
  ],
  "skills_cov": [
    [
      [
        0.01722891628742218,
        0.01081446185708046
      ],
      [
        0.01081446185708046,
        0.027489691972732544
      ]
    ],
    [
      [
        0.0228760726749897,
        0.010618952102959156
      ],
      [
        0.010618952102959156,
        0.02255457080900669
      ]
    ]
  ],
  "probs_grid": [
    [
      0.04992756247520447,
      0.01989738456904888,
      0.004161202348768711,
      0.0006088833324611187,
      7.012607238721102e-05,
      6.780598596378695e-06,
      5.733391503781604e-07,
      4.360396843594572e-08,
      3.0447169230285454e-09
    ],
    [
      0.12406279891729355,
      0.04879346489906311,
      0.010066582821309566,
      0.0014525678707286716,
      0.00016491975111421198,
      1.5714922483311966e-05,
      1.3091059827274876e-06,
      9.805830103459812e-08,
      6.741929681197689e-09
    ],
    [
      0.1597803384065628,
      0.062005795538425446,
      0.012617742642760277,
      0.0017952094785869122,
      0.00020090372709091753,
      1.8863835066440515e-05,
      1.5479922694794368e-06,
      1.141919767633226e-07,
      7.730017514973042e-09
    ],
    [
      0.14219149947166443,
      0.054437801241874695,
      0.010924845933914185,
      0.001532393740490079,
      0.000169016610016115,
      1.5636114767403342e-05,
      1.2638744237847277e-06,
      9.181047744277748e-08,
      6.118576756364291e-09
    ],
    [
      0.09835413843393326,
      0.037142492830753326,
      0.007350084837526083,
      0.0010162867838516831,
      0.00011046223517041653,
      1.006767251965357e-05,
      8.0149834502663e-07,
      5.732965036031601e-08,
      3.7611540548709854e-09
    ],
    [
      0.05639682710170746,
      0.021005012094974518,
      0.004098220262676477,
      0.000558520550839603,
      5.9817935834871605e-05,
      5.3706012295151595e-06,
      4.210759811940079e-07,
      2.9654778188614728e-08,
      1.915108072125804e-09
    ],
    [
      0.027921145781874657,
      0.010254948399960995,
      0.001972450641915202,
      0.0002649256493896246,
      2.7955718906014226e-05,
      2.4723053684283514e-06,
      1.908849611709229e-07,
      1.3235336382422247e-08,
      8.413272301055486e-10
    ],
    [
      0.012274562381207943,
      0.004445147234946489,
      0.0008427749271504581,
      0.00011154769163113087,
      1.1596414879022632e-05,
      1.0100944791702204e-06,
      7.679518176928468e-08,
      5.242037914854336e-09,
      3.279742033512889e-10
    ],
    [
      0.004890687298029661,
      0.001746147172525525,
      0.0003262984100729227,
      4.255562453181483e-05,
      4.358150363259483e-06,
      3.738667260222428e-07,
      2.798749676458101e-08,
      1.8806605162069445e-09,
      1.1580787717679897e-10
    ]
  ],
  "probs_results": [
    0.11342129856348038,
    0.8477702140808105,
    0.03880878537893295
  ]
}