{
  "skills_mean": [
    [
      0.5362558960914612,
      0.8596150875091553
    ],
    [
      0.2656078338623047,
      0.9152050018310547
    ]
  ],
  "skills_cov": [
    [
      [
        0.02149386517703533,
        0.011759706772863865
      ],
      [
        0.011759706772863865,
        0.025634020566940308
      ]
    ],
    [
      [
        0.018074091523885727,
        0.010238119401037693
      ],
      [
        0.010238119401037693,
        0.024922793731093407
      ]
    ]
  ],
  "probs_grid": [
    [
      0.08990862220525742,
      0.09598274528980255,
      0.05338602140545845,
      0.02062591165304184,
      0.0062269000336527824,
      0.0015667465049773455,
      0.0003422070585656911,
      6.673320604022592e-05,
      1.1859745427500457e-05
    ],
    [
      0.1169164851307869,
      0.12288417667150497,
      0.06727916747331619,
      0.025582466274499893,
      0.00759990094229579,
      0.001881381031125784,
      0.00040424763574264944,
      7.753957470413297e-05,
      1.355272706859978e-05
    ],
    [
      0.0793776735663414,
      0.08212380856275558,
      0.044251713901758194,
      0.016557669267058372,
      0.00483956141397357,
      0.0011785689275711775,
      0.0002490850747562945,
      4.6988494432298467e-05,
      8.076287485891953e-06
    ],
    [
      0.03751136735081673,
      0.03819538652896881,
      0.020252568647265434,
      0.007455755490809679,
      0.002143774414435029,
      0.0005135114770382643,
      0.00010673589713405818,
      1.980022898351308e-05,
      3.3462529245298356e-06
    ],
    [
      0.013879554346203804,
      0.013907002285122871,
      0.00725516164675355,
      0.0026274886913597584,
      0.000743107870221138,
      0.00017506179574411362,
      3.5782286431640387e-05,
      6.526733159262221e-06,
      1.084441350940324e-06
    ],
    [
      0.004288608208298683,
      0.004227867815643549,
      0.002169803250581026,
      0.000772930565290153,
      0.00021499193098861724,
      4.9805788876255974e-05,
      1.0009799552790355e-05,
      1.7950475239558727e-06,
      2.9320099770302477e-07
    ],
    [
      0.001152558601461351,
      0.001117783016525209,
      0.0005642694886773825,
      0.0001976884377654642,
      5.40735709364526e-05,
      1.231728310813196e-05,
      2.433806230328628e-06,
      4.2905904251711036e-07,
      6.888837589258401e-08
    ],
    [
      0.00027707553817890584,
      0.0002643191837705672,
      0.00013123135431669652,
      4.5212593249743804e-05,
      1.2160184269305319e-05,
      2.723323632380925e-06,
      5.28998896243138e-07,
      9.167019499045637e-08,
      1.446638453472815e-08
    ],
    [
      6.081666288082488e-05,
      5.7061064580921084e-05,
      2.7860096452059224e-05,
      9.438174856768455e-06,
      2.495767375876312e-06,
      5.494816264217661e-07,
      1.0491946511592687e-07,
      1.787049974666388e-08,
      2.7716469119809517e-09
    ]
  ],
  "probs_results": [
    0.2653084099292755,
    0.4277314841747284,
    0.30696022510528564
  ]
}