{
  "skills_mean": [
    [
      0.09105277806520462,
      0.6816147565841675
    ],
    [
      0.2968601882457733,
      1.0025149583816528
    ]
  ],
  "skills_cov": [
    [
      [
        0.02005537413060665,
        0.011003611609339714
      ],
      [
        0.011003611609339714,
        0.024550186470150948
      ]
    ],
    [
      [
        0.023393558338284492,
        0.012831632047891617
      ],
      [
        0.012831632047891617,
        0.024959804490208626
      ]
    ]
  ],
  "probs_grid": [
    [
      0.12113101035356522,
      0.15578171610832214,
      0.10474826395511627,
      0.04909481480717659,
      0.01804199069738388,
      0.005544573534280062,
      0.0014840866206213832,
      0.0003558237513061613,
      7.79991751187481e-05
    ],
    [
      0.09547179192304611,
      0.12084715068340302,
      0.07995709031820297,
      0.03686665743589401,
      0.013325248844921589,
      0.004026830196380615,
      0.0010596852516755462,
      0.0002497465757187456,
      5.38061503903009e-05
    ],
    [
      0.039268504828214645,
      0.048909109085798264,
      0.031834036111831665,
      0.014436251483857632,
      0.0051308865658938885,
      0.0015243829693645239,
      0.0003943162446375936,
      9.133415733231232e-05,
      1.9335984688950703e-05
    ],
    [
      0.01123774517327547,
      0.0137688759714365,
      0.008814116008579731,
      0.003930338658392429,
      0.0013733248924836516,
      0.0004010535485576838,
      0.00010195490176556632,
      2.320519524801057e-05,
      4.826645181310596e-06
    ],
    [
      0.002517143962904811,
      0.003033173270523548,
      0.0019092283910140395,
      0.0008369618444703519,
      0.00028745317831635475,
      8.249761594925076e-05,
      2.0607469195965677e-05,
      4.608041308529209e-06,
      9.41527844133816e-07
    ],
    [
      0.00047068897401914,
      0.000557692488655448,
      0.00034509864053688943,
      0.00014869631559122354,
      5.018769297748804e-05,
      1.4152675248624291e-05,
      3.473161768852151e-06,
      7.628881348864525e-07,
      1.5309721845824242e-07
    ],
    [
      7.653477950952947e-05,
      8.91453237272799e-05,
      5.421846071840264e-05,
      2.2957818146096542e-05,
      7.613510206283536e-06,
      2.1092055249027908e-06,
      5.084377789899008e-07,
      1.0968581420911505e-07,
      2.1616349599185014e-08
    ],
    [
      1.1129845916002523e-05,
      1.2741490536427591e-05,
      7.615288723172853e-06,
      3.168238890793873e-06,
      1.0321793979528593e-06,
      2.808738770454511e-07,
      6.64960708718354e-08,
      1.4087094157844149e-08,
      2.725947467752121e-09
    ],
    [
      1.4775789622945013e-06,
      1.6622281009404105e-06,
      9.761046158018871e-07,
      3.9893470216156857e-07,
      1.2765907797529508e-07,
      3.411641458228587e-08,
      7.93139687260691e-09,
      1.6497853083663472e-09,
      3.134222326117708e-10
    ]
  ],
  "probs_results": [
    0.27805590629577637,
    0.22764155268669128,
    0.4943024218082428
  ]
}