{
  "skills_mean": [
    [
      0.6106730699539185,
      1.1939128637313843
    ],
    [
      -0.19818148016929626,
      0.37896212935447693
    ]
  ],
  "skills_cov": [
    [
      [
        0.018799468874931335,
        0.011610363610088825
      ],
      [
        0.011610363610088825,
        0.027568528428673744
      ]
    ],
    [
      [
        0.023981552571058273,
        0.01206852588802576
      ],
      [
        0.01206852588802576,
        0.02386876568198204
      ]
    ]
  ],
  "probs_grid": [
    [
      0.05613561347126961,
      0.028358951210975647,
      0.0075237443670630455,
      0.0013976223999634385,
      0.0002044987923000008,
      2.5138695491477847e-05,
      2.7042749479733175e-06,
      2.618334065118688e-07,
      2.3291292450267065e-08
    ],
    [
      0.1277986615896225,
      0.06354185938835144,
      0.016586240381002426,
      0.0030305269174277782,
      0.0004360241873655468,
      5.269134635454975e-05,
      5.570784651354188e-06,
      5.299781378198531e-07,
      4.6312482737675964e-08
    ],
    [
      0.1511891782283783,
      0.07397338002920151,
      0.018995584920048714,
      0.003413405967876315,
      0.00048286758828908205,
      5.735790909966454e-05,
      5.959407644695602e-06,
      5.570309440372512e-07,
      4.7814836534598726e-08
    ],
    [
      0.12390898168087006,
      0.05965164303779602,
      0.015067409723997116,
      0.002662520855665207,
      0.000370287976693362,
      4.3232030293438584e-05,
      4.4138228076917585e-06,
      4.053183886298939e-07,
      3.41740253873013e-08
    ],
    [
      0.07913463562726974,
      0.03748001530766487,
      0.009311256930232048,
      0.0016178584191948175,
      0.00022118509514257312,
      2.537980799388606e-05,
      2.5460540200583637e-06,
      2.2968237090026378e-07,
      1.9020399477653882e-08
    ],
    [
      0.04200296103954315,
      0.019569484516978264,
      0.004781206604093313,
      0.0008167877094820142,
      0.00010976396151818335,
      1.2377372513583396e-05,
      1.219972887156473e-06,
      1.0810961725837842e-07,
      8.792794048417818e-09
    ],
    [
      0.019297854974865913,
      0.008843639865517616,
      0.0021247132681310177,
      0.00035684293834492564,
      4.7133802581811324e-05,
      5.2228729146008845e-06,
      5.057659677731863e-07,
      4.40246594735072e-08,
      3.5164999800940677e-09
    ],
    [
      0.007892666384577751,
      0.0035573760978877544,
      0.0008403797983191907,
      0.00013874775322619826,
      1.801183316274546e-05,
      1.9611902644101065e-06,
      1.8657621581041894e-07,
      1.5952053900036844e-08,
      1.2513123870405707e-09
    ],
    [
      0.002933006500825286,
      0.0013000748585909605,
      0.0003019666764885187,
      4.900679414276965e-05,
      6.2523081396648195e-06,
      6.689057840958412e-07,
      6.25142888566188e-08,
      5.249729095879729e-09,
      4.043960999400298e-10
    ]
  ],
  "probs_results": [
    0.14189156889915466,
    0.7959347367286682,
    0.0621737502515316
  ]
}