{
  "skills_mean": [
    [
      -0.21491515636444092,
      0.466170996427536
    ],
    [
      0.23841744661331177,
      0.701648473739624
    ]
  ],
  "skills_cov": [
    [
      [
        0.021281134337186813,
        0.011522125452756882
      ],
      [
        0.011522125452756882,
        0.024930069223046303
      ]
    ],
    [
      [
        0.020368287339806557,
        0.011893263086676598
      ],
      [
        0.011893263086676598,
        0.02582663670182228
      ]
    ]
  ],
  "probs_grid": [
    [
      0.09776777029037476,
      0.1459825336933136,
      0.11365777999162674,
      0.061515163630247116,
      0.026034731417894363,
      0.009189448319375515,
      0.00281751761212945,
      0.0007717286935076118,
      0.0001927442499436438
    ],
    [
      0.07694601267576218,
      0.11305180937051773,
      0.08659251779317856,
      0.04609903693199158,
      0.019187603145837784,
      0.00665961904451251,
      0.002007512841373682,
      0.000540545501280576,
      0.00013270087947603315
    ],
    [
      0.03166206553578377,
      0.04576239734888077,
      0.03447578102350235,
      0.018049173057079315,
      0.007386728189885616,
      0.0025204934645444155,
      0.0007468668045476079,
      0.0001976575149456039,
      4.768741564475931e-05
    ],
    [
      0.009081708267331123,
      0.012909616343677044,
      0.009563671424984932,
      0.004922750871628523,
      0.001980530098080635,
      0.0006642582593485713,
      0.0001934477040776983,
      5.0310049118706957e-05,
      1.1926731531275436e-05
    ],
    [
      0.0020426581613719463,
      0.0028551046270877123,
      0.002079447964206338,
      0.0010521674994379282,
      0.0004160589596722275,
      0.00013713665248360485,
      3.92441033909563e-05,
      1.0028006727225147e-05,
      2.3355478333542123e-06
    ],
    [
      0.0003842581936623901,
      0.0005280067562125623,
      0.0003780023253057152,
      0.00018797632947098464,
      7.304516475414857e-05,
      2.3656977646169253e-05,
      6.651248895650497e-06,
      1.669644916546531e-06,
      3.8197956087060447e-07
    ],
    [
      6.297192885540426e-05,
      8.504891593474895e-05,
      5.983731898595579e-05,
      2.9239887226140127e-05,
      1.1163723684148863e-05,
      3.5520204164640745e-06,
      9.81013386081031e-07,
      2.418867097730981e-07,
      5.4351062317437027e-08
    ],
    [
      9.246341505786404e-06,
      1.227206303155981e-05,
      8.48385661811335e-06,
      4.073045602126513e-06,
      1.5276657450158382e-06,
      4.774489639203239e-07,
      1.295145750646043e-07,
      3.136250725788159e-08,
      6.920351403039149e-09
    ],
    [
      1.2416886647770298e-06,
      1.6192418570426526e-06,
      1.0997367780873901e-06,
      5.186434464121703e-07,
      1.9106829540760373e-07,
      5.8648531364724477e-08,
      1.562359841500438e-08,
      3.7151000054080896e-09,
      8.049210187266453e-10
    ]
  ],
  "probs_results": [
    0.25068753957748413,
    0.19582131505012512,
    0.5534914135932922
  ]
}