{
  "skills_mean": [
    [
      0.3912542760372162,
      0.7850800156593323
    ],
    [
      -0.212704598903656,
      0.3475193977355957
    ]
  ],
  "skills_cov": [
    [
      [
        0.020238904282450676,
        0.011738138273358345
      ],
      [
        0.011738138273358345,
        0.024861419573426247
      ]
    ],
    [
      [
        0.02454424276947975,
        0.012575622648000717
      ],
      [
        0.012575622648000717,
        0.02457050420343876
      ]
    ]
  ],
  "probs_grid": [
    [
      0.06546938419342041,
      0.048151206225156784,
      0.018552521243691444,
      0.004992728121578693,
      0.0010556905763223767,
      0.0001870672858785838,
      2.8934662623214535e-05,
      4.017907485831529e-06,
      5.112834742249106e-07
    ],
    [
      0.125762477517128,
      0.09089616686105728,
      0.03440885990858078,
      0.009095853194594383,
      0.0018888398772105575,
      0.0003286467690486461,
      4.9905433115782216e-05,
      6.802322786825243e-06,
      8.495356951243593e-07
    ],
    [
      0.12581855058670044,
      0.08935368061065674,
      0.033229079097509384,
      0.008627512492239475,
      0.0017593385418877006,
      0.00030055135721340775,
      4.480226925807074e-05,
      5.993835202389164e-06,
      7.346178563238936e-07
    ],
    [
      0.08739793300628662,
      0.060981061309576035,
      0.02227604202926159,
      0.005680136848241091,
      0.0011373586021363735,
      0.00019075116142630577,
      2.791127008094918e-05,
      3.6647970773628913e-06,
      4.4076929839320655e-07
    ],
    [
      0.04741494730114937,
      0.032500606030225754,
      0.011660894379019737,
      0.0029199100099503994,
      0.0005740489577874541,
      9.45122228586115e-05,
      1.3573828255175613e-05,
      1.7490874597569928e-06,
      2.0642038123241946e-07
    ],
    [
      0.021426688879728317,
      0.014426946640014648,
      0.0050836531445384026,
      0.0012499629519879818,
      0.00024126084463205189,
      3.899124203599058e-05,
      5.496139237948228e-06,
      6.94994923833292e-07,
      8.047856425719147e-08
    ],
    [
      0.008400138467550278,
      0.005555377807468176,
      0.0019224014831706882,
      0.00046410810318775475,
      8.794110181042925e-05,
      1.395045364915859e-05,
      1.9298870483908104e-06,
      2.3946907390381966e-07,
      2.7207342156998493e-08
    ],
    [
      0.002938192570582032,
      0.001908463309518993,
      0.0006485063349828124,
      0.00015371525660157204,
      2.8592286980710924e-05,
      4.451839231478516e-06,
      6.043880489414732e-07,
      7.358830345083334e-08,
      8.20287926472929e-09
    ],
    [
      0.0009358901297673583,
      0.0005970037309452891,
      0.00019919681653846055,
      4.6354289224836975e-05,
      8.463694030069746e-06,
      1.2933787729707547e-06,
      1.7231292304131784e-07,
      2.058591341835836e-08,
      2.2513044761751644e-09
    ]
  ],
  "probs_results": [
    0.19602951407432556,
    0.6729089617729187,
    0.13106147944927216
  ]
}