{
  "skills_mean": [
    [
      0.012214147485792637,
      0.6147075891494751
    ],
    [
      0.5714161992073059,
      1.1404486894607544
    ]
  ],
  "skills_cov": [
    [
      [
        0.022431835532188416,
        0.012362808920443058
      ],
      [
        0.012362808920443058,
        0.025491951033473015
      ]
    ],
    [
      [
        0.021577373147010803,
        0.012410718016326427
      ],
      [
        0.012410718016326427,
        0.027104947715997696
      ]
    ]
  ],
  "probs_grid": [
    [
      0.08420141786336899,
      0.14859914779663086,
      0.13688555359840393,
      0.08774460852146149,
      0.04402445629239082,
      0.01843916065990925,
      0.006714629475027323,
      0.0021862571593374014,
      0.0006496224668808281
    ],
    [
      0.05443642660975456,
      0.09444936364889145,
      0.08552151918411255,
      0.0538768395781517,
      0.02656281553208828,
      0.010930999182164669,
      0.003910434432327747,
      0.0012506598141044378,
      0.00036499733687378466
    ],
    [
      0.018443632870912552,
      0.03145185485482216,
      0.0279860682785511,
      0.01732296496629715,
      0.008390499278903008,
      0.003391656558960676,
      0.0011916958028450608,
      0.000374302442651242,
      0.0001072694212780334
    ],
    [
      0.004366222303360701,
      0.00731612229719758,
      0.006395671516656876,
      0.00388880237005651,
      0.0018500152509659529,
      0.0007344168843701482,
      0.0002533922961447388,
      7.814595301169902e-05,
      2.1987636500853114e-05
    ],
    [
      0.0008124485029838979,
      0.0013373264810070395,
      0.0011482835980132222,
      0.0006856927648186684,
      0.0003203233645763248,
      0.0001248558983206749,
      4.229320984450169e-05,
      1.280431570194196e-05,
      3.5364466839382658e-06
    ],
    [
      0.00012674141908064485,
      0.0002048918977379799,
      0.00017276090511586517,
      0.00010129396832780913,
      4.645722219720483e-05,
      1.777629404386971e-05,
      5.910599156777607e-06,
      1.756350002324325e-06,
      4.7608469344595505e-07
    ],
    [
      1.7265325368498452e-05,
      2.7406244043959305e-05,
      2.2687541786581278e-05,
      1.3058568583801389e-05,
      5.8788400565390475e-06,
      2.207834086220828e-06,
      7.204560006357497e-07,
      2.100901639323638e-07,
      5.588166018810625e-08
    ],
    [
      2.112368747475557e-06,
      3.2917214412009344e-06,
      2.674804363778094e-06,
      1.5110790627659298e-06,
      6.676216344203567e-07,
      2.4604557324892085e-07,
      7.878329455479616e-08,
      2.2541362554306943e-08,
      5.882542009061353e-09
    ],
    [
      2.3693394268775592e-07,
      3.623887607773213e-07,
      2.8899728476972086e-07,
      1.6021324711346097e-07,
      6.945666086721758e-08,
      2.5115244994822206e-08,
      7.889762621005048e-09,
      2.2145751898960953e-09,
      5.669332225899382e-10
    ]
  ],
  "probs_results": [
    0.210953027009964,
    0.1271994560956955,
    0.6618475914001465
  ]
}