{
  "skills_mean": [
    [
      0.5361916422843933,
      0.8595120310783386
    ],
    [
      0.613874077796936,
      1.0302057266235352
    ]
  ],
  "skills_cov": [
    [
      [
        0.02159377932548523,
        0.011840460821986198
      ],
      [
        0.011840460821986198,
        0.025732936337590218
      ]
    ],
    [
      [
        0.019491523504257202,
        0.011399774812161922
      ],
      [
        0.011399774812161922,
        0.025236494839191437
      ]
    ]
  ],
  "probs_grid": [
    [
      0.06665409356355667,
      0.09869610518217087,
      0.07618654519319534,
      0.040874820202589035,
      0.017145035788416862,
      0.0059966095723211765,
      0.0018215276068076491,
      0.0004942094092257321,
      0.00012224512465763837
    ],
    [
      0.07852549850940704,
      0.11428309977054596,
      0.08669747412204742,
      0.04570705071091652,
      0.01883740723133087,
      0.006472969427704811,
      0.00193157815374434,
      0.0005147931515239179,
      0.0001250745408469811
    ],
    [
      0.04831806570291519,
      0.06910619884729385,
      0.05151450261473656,
      0.026683896780014038,
      0.01080409623682499,
      0.003646991215646267,
      0.0010689871851354837,
      0.00027982774190604687,
      6.677239434793591e-05
    ],
    [
      0.020702507346868515,
      0.02909436821937561,
      0.021308567374944687,
      0.01084337942302227,
      0.004312759265303612,
      0.0014299380127340555,
      0.00041165921720676124,
      0.00010583014955045655,
      2.4799479433568195e-05
    ],
    [
      0.006948032882064581,
      0.00959341786801815,
      0.00690241577103734,
      0.003450267482548952,
      0.001347870216704905,
      0.0004389155947137624,
      0.000124091180623509,
      3.132741403533146e-05,
      7.2084894782165065e-06
    ],
    [
      0.0019481027266010642,
      0.002642405219376087,
      0.0018675064202398062,
      0.0009168758406303823,
      0.0003517768927849829,
      0.00011249395902268589,
      3.123123315162957e-05,
      7.74187265051296e-06,
      1.7491026937932475e-06
    ],
    [
      0.00047528688446618617,
      0.0006332483608275652,
      0.00043957046000286937,
      0.00021194924192968756,
      7.985648699104786e-05,
      2.507624594727531e-05,
      6.835739895905135e-06,
      1.6637177395750768e-06,
      3.690317385007802e-07
    ],
    [
      0.0001037724141497165,
      0.00013579687220044434,
      9.257529745809734e-05,
      4.383446503197774e-05,
      1.621730552869849e-05,
      5.000189048587345e-06,
      1.3382523320615292e-06,
      3.1976935588318156e-07,
      6.963127674453062e-08
    ],
    [
      2.069645961455535e-05,
      2.6598352633300237e-05,
      1.780638558557257e-05,
      8.279002940980718e-06,
      3.0074090773268836e-06,
      9.103812317334814e-07,
      2.392064288869733e-07,
      5.611078535139313e-08,
      1.1994089277322928e-08
    ]
  ],
  "probs_results": [
    0.24479123950004578,
    0.30405277013778687,
    0.4511560797691345
  ]
}