{
  "skills_mean": [
    [
      0.08214277029037476,
      0.4952371418476105
    ],
    [
      -0.027861174196004868,
      0.7072901725769043
    ]
  ],
  "skills_cov": [
    [
      [
        0.022980844601988792,
        0.011290714144706726
      ],
      [
        0.011290714144706726,
        0.02512003667652607
      ]
    ],
    [
      [
        0.018576154485344887,
        0.009473958984017372
      ],
      [
        0.009473958984017372,
        0.022032206878066063
      ]
    ]
  ],
  "probs_grid": [
    [
      0.11081522703170776,
      0.12571826577186584,
      0.074310302734375,
      0.030511030927300453,
      0.00978902168571949,
      0.002617516089230776,
      0.0006075716228224337,
      0.00012590982078108937,
      2.3778808099450544e-05
    ],
    [
      0.11420629173517227,
      0.12777774035930634,
      0.07446901500225067,
      0.030141295865178108,
      0.009530988521873951,
      0.002511314582079649,
      0.0005743109504692256,
      0.00011724016076186672,
      2.180761657655239e-05
    ],
    [
      0.06140680983662605,
      0.06773992627859116,
      0.03891690447926521,
      0.015524327754974365,
      0.0048372321762144566,
      0.001255720853805542,
      0.0002828795404639095,
      5.687569500878453e-05,
      1.0418211786600295e-05
    ],
    [
      0.022965963929891586,
      0.024973468855023384,
      0.014140159823000431,
      0.005558161064982414,
      0.001706254086457193,
      0.00043631167500279844,
      9.680459334049374e-05,
      1.916684050229378e-05,
      3.456902959442232e-06
    ],
    [
      0.006720665842294693,
      0.007202473934739828,
      0.004018401727080345,
      0.0015561539912596345,
      0.00047056147013790905,
      0.00011851008457597345,
      2.589274663478136e-05,
      5.047741979069542e-06,
      8.962809943113825e-07
    ],
    [
      0.001641314709559083,
      0.0017332076095044613,
      0.0009526614448986948,
      0.0003633990418165922,
      0.0001082250164472498,
      2.684014725673478e-05,
      5.773871635028627e-06,
      1.108131073124241e-06,
      1.9368259529528586e-07
    ],
    [
      0.00034842919558286667,
      0.00036247874959371984,
      0.00019625044660642743,
      7.37277659936808e-05,
      2.16216103581246e-05,
      5.279589004203444e-06,
      1.1181031140949926e-06,
      2.1122868076872692e-07,
      3.633720524476303e-08
    ],
    [
      6.612650759052485e-05,
      6.776074587833136e-05,
      3.613065928220749e-05,
      1.3366096027311869e-05,
      3.859326170640998e-06,
      9.277223398385104e-07,
      1.933938733600371e-07,
      3.595900111008632e-08,
      6.087708559476823e-09
    ],
    [
      1.1452206308604218e-05,
      1.1557305697351694e-05,
      6.068173206585925e-06,
      2.21020263779792e-06,
      6.282459139583807e-07,
      1.4865345576708933e-07,
      3.0499261782779286e-08,
      5.580817585837394e-09,
      9.297023151333406e-10
    ]
  ],
  "probs_results": [
    0.28357216715812683,
    0.3309638798236847,
    0.38546398282051086
  ]
}