{
  "skills_mean": [
    [
      0.5712449550628662,
      1.1401070356369019
    ],
    [
      0.55961674451828,
      0.9667502641677856
    ]
  ],
  "skills_cov": [
    [
      [
        0.02182699926197529,
        0.012612169608473778
      ],
      [
        0.012612169608473778,
        0.027351265773177147
      ]
    ],
    [
      [
        0.02009766921401024,
        0.012226318009197712
      ],
      [
        0.012226318009197712,
        0.027127915993332863
      ]
    ]
  ],
  "probs_grid": [
    [
      0.09025118499994278,
      0.09767500311136246,
      0.0552530437707901,
      0.021780742332339287,
      0.006730478256940842,
      0.0017388534033671021,
      0.00039120911969803274,
      7.882671343395486e-05,
      1.4519917385769077e-05
    ],
    [
      0.11567673087120056,
      0.12295997887849808,
      0.06830377876758575,
      0.0264359749853611,
      0.008019249886274338,
      0.0020335351582616568,
      0.00044899224303662777,
      8.877475193003193e-05,
      1.6044103176682256e-05
    ],
    [
      0.07757524400949478,
      0.08097531646490097,
      0.04416424036026001,
      0.016779862344264984,
      0.00499606691300869,
      0.0012433315860107541,
      0.00026937556685879827,
      5.225653512752615e-05,
      9.265098015021067e-06
    ],
    [
      0.03628882020711899,
      0.037191540002822876,
      0.0199128445237875,
      0.0074260118417441845,
      0.002169892657548189,
      0.0005298851756379008,
      0.00011263775377301499,
      2.143620076822117e-05,
      3.728142473846674e-06
    ],
    [
      0.013319727964699268,
      0.013401211239397526,
      0.007042767945677042,
      0.0025775842368602753,
      0.0007390667451545596,
      0.00017707617371343076,
      3.692703467095271e-05,
      6.8935437411710154e-06,
      1.1759207154682372e-06
    ],
    [
      0.004091329872608185,
      0.004040462430566549,
      0.002083937404677272,
      0.0007484249654226005,
      0.00021055089018773288,
      4.9490186938783154e-05,
      1.0123721040145028e-05,
      1.8536577499617124e-06,
      3.101089589563344e-07
    ],
    [
      0.0010953460587188601,
      0.0010616511572152376,
      0.0005373267340473831,
      0.00018934237596113235,
      5.225751374382526e-05,
      1.204905038321158e-05,
      2.4175135422410676e-06,
      4.341200963153824e-07,
      7.122071821186182e-08
    ],
    [
      0.0002628641959745437,
      0.00025002099573612213,
      0.00012416220852173865,
      4.2924042645609006e-05,
      1.1621224075497594e-05,
      2.6281979899067665e-06,
      5.171679617888003e-07,
      9.107271381481041e-08,
      1.465081833629256e-08
    ],
    [
      5.771621727035381e-05,
      5.38657586730551e-05,
      2.6244617401971482e-05,
      8.90047613211209e-06,
      2.3636171135876793e-06,
      5.242634983915195e-07,
      1.011687444929521e-07,
      1.7469732327413112e-08,
      2.755533801135357e-09
    ]
  ],
  "probs_results": [
    0.2656049430370331,
    0.4189486801624298,
    0.3154464066028595
  ]
}