{
  "skills_mean": [
    [
      0.6139476895332336,
      1.0303292274475098
    ],
    [
      -0.25994962453842163,
      0.44606658816337585
    ]
  ],
  "skills_cov": [
    [
      [
        0.019391104578971863,
        0.011318918317556381
      ],
      [
        0.011318918317556381,
        0.02513745427131653
      ]
    ],
    [
      [
        0.020847918465733528,
        0.010669858194887638
      ],
      [
        0.010669858194887638,
        0.022112570703029633
      ]
    ]
  ],
  "probs_grid": [
    [
      0.061319734901189804,
      0.03400300070643425,
      0.009850782342255116,
      0.001987854950129986,
      0.0003143373178318143,
      4.1544764826539904e-05,
      4.780315066454932e-06,
      4.925292955704208e-07,
      4.6385039809138107e-08
    ],
    [
      0.1319749355316162,
      0.07210975140333176,
      0.02057865634560585,
      0.004089693538844585,
      0.0006367338937707245,
      8.283912029583007e-05,
      9.380792107549496e-06,
      9.510222298558801e-07,
      8.8110688523102e-08
    ],
    [
      0.14748768508434296,
      0.07939260452985764,
      0.022315900772809982,
      0.004367114510387182,
      0.0006693731993436813,
      8.571524085709825e-05,
      9.55178893491393e-06,
      9.527377642370993e-07,
      8.682976471163784e-08
    ],
    [
      0.11409877240657806,
      0.060501717031002045,
      0.01674785278737545,
      0.0032269766088575125,
      0.000486889824969694,
      6.136076990514994e-05,
      6.728241714881733e-06,
      6.602260782528901e-07,
      5.9185158107766256e-08
    ],
    [
      0.0687333196401596,
      0.03589729592204094,
      0.00978497788310051,
      0.001856123679317534,
      0.0002756516041699797,
      3.418630876694806e-05,
      3.6881763207929907e-06,
      3.56018546199266e-07,
      3.1389735255515916e-08
    ],
    [
      0.03438660129904747,
      0.017686450853943825,
      0.0047467779368162155,
      0.0008863674011081457,
      0.00012955287820659578,
      1.581010474183131e-05,
      1.6780696796558914e-06,
      1.5933487418351433e-07,
      1.381634895381012e-08
    ],
    [
      0.014880572445690632,
      0.007536700926721096,
      0.0019913921132683754,
      0.00036601623287424445,
      5.2647472330136225e-05,
      6.321617547655478e-06,
      6.600691904168343e-07,
      6.164570720557094e-08,
      5.256877155801476e-09
    ],
    [
      0.005728435702621937,
      0.0028567027766257524,
      0.000743051350582391,
      0.00013441724877338856,
      1.9025830624741502e-05,
      2.2476428966911044e-06,
      2.3085927125521266e-07,
      2.1205488920372773e-08,
      1.7782512129471684e-09
    ],
    [
      0.002002324676141143,
      0.0009830869967117906,
      0.00025170284789055586,
      4.481099676922895e-05,
      6.241008122742642e-06,
      7.2534498940513e-07,
      7.328223716740467e-08,
      6.620105352794781e-09,
      5.458953844517112e-10
    ]
  ],
  "probs_results": [
    0.1595017910003662,
    0.7630530595779419,
    0.07744508981704712
  ]
}