{
  "skills_mean": [
    [
      0.6721971035003662,
      1.331786870956421
    ],
    [
      0.3325880765914917,
      0.7453513145446777
    ]
  ],
  "skills_cov": [
    [
      [
        0.01877213455736637,
        0.012131516821682453
      ],
      [
        0.012131516821682453,
        0.02913833223283291
      ]
    ],
    [
      [
        0.021460872143507004,
        0.01268877275288105
      ],
      [
        0.01268877275288105,
        0.02661006711423397
      ]
    ]
  ],
  "probs_grid": [
    [
      0.08105573803186417,
      0.059292033314704895,
      0.022748058661818504,
      0.006102920975536108,
      0.0012879474088549614,
      0.00022804526088293642,
      3.528582601575181e-05,
      4.907201400783379e-06,
      6.260918326006504e-07
    ],
    [
      0.13971348106861115,
      0.10042360424995422,
      0.03784942254424095,
      0.009972983971238136,
      0.00206662411801517,
      0.00035922793904319406,
      5.455698919831775e-05,
      7.445714800269343e-06,
      9.320939966528385e-07
    ],
    [
      0.12552480399608612,
      0.08864357322454453,
      0.03281606361269951,
      0.008491214364767075,
      0.001727552618831396,
      0.0002947667380794883,
      4.393556810100563e-05,
      5.883747689949814e-06,
      7.226344678201713e-07
    ],
    [
      0.07836874574422836,
      0.05436520278453827,
      0.019766097888350487,
      0.005021933000534773,
      0.0010030220728367567,
      0.0001679780543781817,
      2.4570143068558536e-05,
      3.228418336220784e-06,
      3.889830395564786e-07
    ],
    [
      0.03824508935213089,
      0.026059087365865707,
      0.009303988888859749,
      0.002320805797353387,
      0.00045500192209146917,
      7.478430052287877e-05,
      1.0733604540291708e-05,
      1.3836857988280826e-06,
      1.635394824006653e-07
    ],
    [
      0.01555961836129427,
      0.010412083007395267,
      0.003650152822956443,
      0.0008938356768339872,
      0.00017199960711877793,
      2.7742344173020683e-05,
      3.90683044315665e-06,
      4.94077369239676e-07,
      5.7278953136119526e-08
    ],
    [
      0.005496443249285221,
      0.00361184892244637,
      0.0012431519571691751,
      0.0002988194755744189,
      5.643365147989243e-05,
      8.931806405598763e-06,
      1.2340601642790716e-06,
      1.5309350942516176e-07,
      1.740786714776732e-08
    ],
    [
      0.001733794342726469,
      0.0011186980409547687,
      0.00037799886194989085,
      8.918218372855335e-05,
      1.6528543710592203e-05,
      2.566795501479646e-06,
      3.479175916254462e-07,
      4.233711692336328e-08,
      4.721445012734193e-09
    ],
    [
      0.0004984685219824314,
      0.0003157790342811495,
      0.00010473926522536203,
      2.4253176889033057e-05,
      4.410861038195435e-06,
      6.720613896504801e-07,
      8.93629987785971e-08,
      1.0666079575116783e-08,
      1.1665479693334646e-09
    ]
  ],
  "probs_results": [
    0.21987412869930267,
    0.6282098293304443,
    0.1519162356853485
  ]
}