{
  "skills_mean": [
    [
      0.3326478898525238,
      0.7454853057861328
    ],
    [
      -0.00871098879724741,
      0.4083993434906006
    ]
  ],
  "skills_cov": [
    [
      [
        0.02131096087396145,
        0.012567944824695587
      ],
      [
        0.012567944824695587,
        0.026462020352482796
      ]
    ],
    [
      [
        0.020442230626940727,
        0.010166331194341183
      ],
      [
        0.010166331194341183,
        0.02060941979289055
      ]
    ]
  ],
  "probs_grid": [
    [
      0.06658455729484558,
      0.06151173636317253,
      0.02969442680478096,
      0.00998694822192192,
      0.0026324025820940733,
      0.0005800004000775516,
      0.00011126375466119498,
      1.9112891095574014e-05,
      3.00097690342227e-06
    ],
    [
      0.11527451872825623,
      0.10473432391881943,
      0.049716584384441376,
      0.016439300030469894,
      0.00425951462239027,
      0.0009224244276992977,
      0.00017389713320881128,
      2.9352630008361302e-05,
      4.5280867198016495e-06
    ],
    [
      0.10371092706918716,
      0.0926625058054924,
      0.04324816167354584,
      0.014058290049433708,
      0.003580369520932436,
      0.0007620032993145287,
      0.00014116289094090462,
      2.341126491955947e-05,
      3.5480820770317223e-06
    ],
    [
      0.06464627385139465,
      0.05679410696029663,
      0.026060154661536217,
      0.008326958864927292,
      0.002084319246932864,
      0.0004359311715234071,
      7.935096073197201e-05,
      1.2929343029099982e-05,
      1.9249434899393236e-06
    ],
    [
      0.03140505775809288,
      0.027126822620630264,
      0.012236160226166248,
      0.0038429386913776398,
      0.0009453459642827511,
      0.0001942843955475837,
      3.4746681194519624e-05,
      5.561985290114535e-06,
      8.134258564496122e-07
    ],
    [
      0.012681660242378712,
      0.010769057087600231,
      0.00477486802265048,
      0.0014738591853529215,
      0.0003562889469321817,
      7.194728095782921e-05,
      1.2641658940992784e-05,
      1.987868017749861e-06,
      2.855608158824907e-07
    ],
    [
      0.00443358113989234,
      0.0037010428495705128,
      0.0016129221767187119,
      0.0004892768920399249,
      0.00011622298916336149,
      2.3059130398905836e-05,
      3.980361270805588e-06,
      6.148225679680763e-07,
      8.674848572809424e-08
    ],
    [
      0.0013801364693790674,
      0.0011324738152325153,
      0.00048505840823054314,
      0.0001445954549126327,
      3.374875450390391e-05,
      6.578454303962644e-06,
      1.1155037782373256e-06,
      1.6924714429933374e-07,
      2.3453894826275246e-08
    ],
    [
      0.00039046601159498096,
      0.00031491840491071343,
      0.00013256040983833373,
      3.8830206904094666e-05,
      8.904628884920385e-06,
      1.7052017255991814e-06,
      2.8403411533872713e-07,
      4.2327755522819643e-08,
      5.760801169429897e-09
    ]
  ],
  "probs_results": [
    0.2239833027124405,
    0.5784380435943604,
    0.19757868349552155
  ]
}