{
  "skills_mean": [
    [
      0.5596837997436523,
      0.9668661952018738
    ],
    [
      0.012211951427161694,
      0.6145970821380615
    ]
  ],
  "skills_cov": [
    [
      [
        0.01999744400382042,
        0.01214565895497799
      ],
      [
        0.01214565895497799,
        0.02702937088906765
      ]
    ],
    [
      [
        0.02258133701980114,
        0.01248371321707964
      ],
      [
        0.01248371321707964,
        0.02564035914838314
      ]
    ]
  ],
  "probs_grid": [
    [
      0.07599160075187683,
      0.05806265398859978,
      0.0232451930642128,
      0.006501070223748684,
      0.0014288093661889434,
      0.0002632073010317981,
      4.2330204450991005e-05,
      6.112664777901955e-06,
      8.090140681815683e-07
    ],
    [
      0.1332540661096573,
      0.10004046559333801,
      0.03934376686811447,
      0.010806812904775143,
      0.0023322172928601503,
      0.00042178580770269036,
      6.658346683252603e-05,
      9.436189429834485e-06,
      1.2254761259100633e-06
    ],
    [
      0.12181449681520462,
      0.08984581381082535,
      0.03470615670084953,
      0.009361529722809792,
      0.001983592053875327,
      0.00035215215757489204,
      5.4561402066610754e-05,
      7.58800115363556e-06,
      9.669016662883223e-07
    ],
    [
      0.0773935467004776,
      0.05607278272509575,
      0.02127247117459774,
      0.0056341649033129215,
      0.0011719937901943922,
      0.000204229072551243,
      3.105386713286862e-05,
      4.237731445755344e-06,
      5.297881671140203e-07
    ],
    [
      0.03844090923666954,
      0.027355119585990906,
      0.010190957225859165,
      0.0026500513777136803,
      0.0005411282763816416,
      9.254845645045862e-05,
      1.3809424672217574e-05,
      1.8490009097149596e-06,
      2.2677203048715455e-07
    ],
    [
      0.015919705852866173,
      0.011125808581709862,
      0.004069822374731302,
      0.001038970542140305,
      0.00020823923114221543,
      3.495221244520508e-05,
      5.117497948958771e-06,
      6.722544867443503e-07,
      8.088023406571665e-08
    ],
    [
      0.005725272931158543,
      0.003929183352738619,
      0.0014111566124483943,
      0.0003536352887749672,
      6.956575089134276e-05,
      1.1458295375632588e-05,
      1.6460821825603489e-06,
      2.1213666911990003e-07,
      2.5035491901803653e-08
    ],
    [
      0.0018388605676591396,
      0.001239158445969224,
      0.00043691194150596857,
      0.00010747191117843613,
      2.0748469978570938e-05,
      3.3534804515511496e-06,
      4.726617817141232e-07,
      5.975573458272265e-08,
      6.917194816935535e-09
    ],
    [
      0.0005383719108067453,
      0.0003562039346434176,
      0.00012329038872849196,
      2.9766153602395207e-05,
      5.63947514820029e-06,
      8.94354457159352e-07,
      1.2367031843041332e-07,
      1.53369494881872e-08,
      1.7413273045718825e-09
    ]
  ],
  "probs_results": [
    0.21703192591667175,
    0.6270904541015625,
    0.15587767958641052
  ]
}