{
  "skills_mean": [
    [
      -0.018504466861486435,
      0.38377171754837036
    ],
    [
      0.7105921506881714,
      1.3853254318237305
    ]
  ],
  "skills_cov": [
    [
      [
        0.01996840350329876,
        0.00960132572799921
      ],
      [
        0.00960132572799921,
        0.019615644589066505
      ]
    ],
    [
      [
        0.01783093437552452,
        0.011257559061050415
      ],
      [
        0.011257559061050415,
        0.027926379814743996
      ]
    ]
  ],
  "probs_grid": [
    [
      0.04475122690200806,
      0.11199787259101868,
      0.14498941600322723,
      0.12944355607032776,
      0.08965010195970535,
      0.051372479647397995,
      0.025368893519043922,
      0.011103271506726742,
      0.004396278411149979
    ],
    [
      0.022317133843898773,
      0.05507977679371834,
      0.07030995190143585,
      0.06188872084021568,
      0.042255960404872894,
      0.023868918418884277,
      0.011617980897426605,
      0.0050115459598600864,
      0.0019555327016860247
    ],
    [
      0.005825464613735676,
      0.014174613170325756,
      0.017836805433034897,
      0.015475687570869923,
      0.01041417196393013,
      0.005797362886369228,
      0.00278070499189198,
      0.00118192785885185,
      0.0004544123657979071
    ],
    [
      0.0010612176265567541,
      0.0025450552348047495,
      0.0031562643125653267,
      0.0026985970325767994,
      0.001789403846487403,
      0.0009814683580771089,
      0.00046380129060707986,
      0.00019420958415139467,
      7.355402340181172e-05
    ],
    [
      0.00015177375462371856,
      0.00035866801044903696,
      0.0004382628249004483,
      0.00036917297984473407,
      0.00024115621636155993,
      0.00013029700494371355,
      6.06499525019899e-05,
      2.5014052880578674e-05,
      9.330642569693737e-06
    ],
    [
      1.8176833691541106e-05,
      4.231697676004842e-05,
      5.093582149129361e-05,
      4.226235978421755e-05,
      2.7191188564756885e-05,
      1.4469151210505515e-05,
      6.63274204271147e-06,
      2.6938771497952985e-06,
      9.894998811432743e-07
    ],
    [
      1.8987982457474573e-06,
      4.353900749265449e-06,
      5.161314220458735e-06,
      4.2173101064690854e-06,
      2.671949687282904e-06,
      1.4000296459926176e-06,
      6.319155545497779e-07,
      2.5269426373597526e-07,
      9.138322809576493e-08
    ],
    [
      1.7794798168324633e-07,
      4.0179534721573873e-07,
      4.689983654770913e-07,
      3.773162404741015e-07,
      2.3536063054052647e-07,
      1.2141059357873019e-07,
      5.3947609046645084e-08,
      2.123656450692124e-08,
      7.559884274144224e-09
    ],
    [
      1.5271989894927174e-08,
      3.394951519908318e-08,
      3.9012242325497937e-08,
      3.089678557444131e-08,
      1.8971368476172756e-08,
      9.6329415555374e-09,
      4.2130285926589295e-09,
      1.632339152735085e-09,
      5.719139051230115e-10
    ]
  ],
  "probs_results": [
    0.12107113748788834,
    0.050788331776857376,
    0.8281406760215759
  ]
}