{
  "skills_mean": [
    [
      0.536255955696106,
      0.8596150279045105
    ],
    [
      0.2656078040599823,
      0.9152049422264099
    ]
  ],
  "skills_cov": [
    [
      [
        0.021493852138519287,
        0.011759714223444462
      ],
      [
        0.011759714223444462,
        0.025634003803133965
      ]
    ],
    [
      [
        0.01807408593595028,
        0.01023812498897314
      ],
      [
        0.01023812498897314,
        0.024922776967287064
      ]
    ]
  ],
  "probs_grid": [
    [
      0.08990859985351562,
      0.09598273038864136,
      0.05338601768016815,
      0.02062591165304184,
      0.006226899567991495,
      0.0015667462721467018,
      0.00034220702946186066,
      6.673318421235308e-05,
      1.1859736332553439e-05
    ],
    [
      0.1169164851307869,
      0.12288417667150497,
      0.0672791600227356,
      0.025582468137145042,
      0.00759990094229579,
      0.0018813806818798184,
      0.00040424763574264944,
      7.753955287626013e-05,
      1.3552724340115674e-05
    ],
    [
      0.0793776735663414,
      0.08212381601333618,
      0.04425171762704849,
      0.01655767112970352,
      0.00483956141397357,
      0.0011785686947405338,
      0.0002490850165486336,
      4.6988494432298467e-05,
      8.076284757407848e-06
    ],
    [
      0.037511371076107025,
      0.03819539397954941,
      0.020252563059329987,
      0.007455756887793541,
      0.0021437746472656727,
      0.0005135114188306034,
      0.00010673586803022772,
      1.9800225345534272e-05,
      3.346251105540432e-06
    ],
    [
      0.013879557140171528,
      0.01390700601041317,
      0.007255163509398699,
      0.002627488924190402,
      0.0007431079284287989,
      0.00017506181029602885,
      3.578228279366158e-05,
      6.526731340272818e-06,
      1.0844406688192976e-06
    ],
    [
      0.004288610070943832,
      0.004227869212627411,
      0.0021698037162423134,
      0.0007729306817054749,
      0.00021499197464436293,
      4.980579615221359e-05,
      1.0009800462285057e-05,
      1.7950469555216841e-06,
      2.9320088401618705e-07
    ],
    [
      0.0011525590671226382,
      0.0011177832493558526,
      0.0005642694886773825,
      0.00019768852507695556,
      5.407356729847379e-05,
      1.2317284927121364e-05,
      2.433805775581277e-06,
      4.290590140954009e-07,
      6.888836168172929e-08
    ],
    [
      0.0002770756254903972,
      0.000264319300185889,
      0.0001312313979724422,
      4.521260780165903e-05,
      1.2160184269305319e-05,
      2.723322495512548e-06,
      5.28998896243138e-07,
      9.167016656874694e-08,
      1.4466375652943952e-08
    ],
    [
      6.0816691984655336e-05,
      5.706109732273035e-05,
      2.7860111003974453e-05,
      9.43817758525256e-06,
      2.495767375876312e-06,
      5.494816264217661e-07,
      1.0491948643220894e-07,
      1.7870494417593363e-08,
      2.771645579713322e-09
    ]
  ],
  "probs_results": [
    0.2653083801269531,
    0.42773154377937317,
    0.30696022510528564
  ]
}