{
  "skills_mean": [
    [
      0.5954152345657349,
      1.0181198120117188
    ],
    [
      0.3789314925670624,
      0.7483786344528198
    ]
  ],
  "skills_cov": [
    [
      [
        0.01850540190935135,
        0.01081443578004837
      ],
      [
        0.01081443578004837,
        0.025225551798939705
      ]
    ],
    [
      [
        0.018706586211919785,
        0.010394692420959473
      ],
      [
        0.010394692420959473,
        0.02305901236832142
      ]
    ]
  ],
  "probs_grid": [
    [
      0.06787019968032837,
      0.0697554275393486,
      0.037359800189733505,
      0.013901730068027973,
      0.004042907617986202,
      0.0009801137493923306,
      0.00020630622748285532,
      3.877950439346023e-05,
      6.644552286161343e-06
    ],
    [
      0.10945449769496918,
      0.11076687276363373,
      0.05840449035167694,
      0.02139226160943508,
      0.006123049650341272,
      0.0014607651391997933,
      0.0003025475307367742,
      5.595147013082169e-05,
      9.430982572666835e-06
    ],
    [
      0.09172117710113525,
      0.09138449281454086,
      0.04743194207549095,
      0.017099469900131226,
      0.004816567990928888,
      0.0011306817177683115,
      0.0002304056251887232,
      4.191827974864282e-05,
      6.950199804123258e-06
    ],
    [
      0.053245991468429565,
      0.05222387984395027,
      0.026679962873458862,
      0.0094657763838768,
      0.0026237089186906815,
      0.0006059979205019772,
      0.00012148652604082599,
      2.174190194637049e-05,
      3.545750359990052e-06
    ],
    [
      0.024087855592370033,
      0.023254962638020515,
      0.011692509986460209,
      0.004082244820892811,
      0.00111333595123142,
      0.00025298778200522065,
      4.989169246982783e-05,
      8.782649274508003e-06,
      1.4087157751419e-06
    ],
    [
      0.009057117626070976,
      0.00860600732266903,
      0.004258254077285528,
      0.0014628737699240446,
      0.0003925251658074558,
      8.774588059168309e-05,
      1.7021451640175655e-05,
      2.9470879781001713e-06,
      4.6489071792166214e-07
    ],
    [
      0.002948136068880558,
      0.002756866393610835,
      0.0013422939227893949,
      0.0004537050554063171,
      0.00011976670793956146,
      2.6336119844927453e-05,
      5.024984147894429e-06,
      8.556650072932825e-07,
      1.3273830745674786e-07
    ],
    [
      0.0008543995791114867,
      0.0007862322381697595,
      0.00037666232674382627,
      0.00012525585771072656,
      3.252622627769597e-05,
      7.035228463792009e-06,
      1.3202263744460652e-06,
      2.2108832808953593e-07,
      3.372639767462715e-08
    ],
    [
      0.00022502949286717921,
      0.00020376007887534797,
      9.60417091846466e-05,
      3.141937850159593e-05,
      8.025645001907833e-06,
      1.707373257886502e-06,
      3.1511012821283657e-07,
      5.1892630636984904e-08,
      7.78396014311511e-09
    ]
  ],
  "probs_results": [
    0.23678384721279144,
    0.5220954418182373,
    0.24112069606781006
  ]
}