{
  "skills_mean": [
    [
      -0.018186744302511215,
      0.3859512209892273
    ],
    [
      0.3511255979537964,
      0.6912881731987
    ]
  ],
  "skills_cov": [
    [
      [
        0.020259464159607887,
        0.009924797341227531
      ],
      [
        0.009924797341227531,
        0.020162083208560944
      ]
    ],
    [
      [
        0.016048366203904152,
        0.008806521072983742
      ],
      [
        0.008806521072983742,
        0.022015448659658432
      ]
    ]
  ],
  "probs_grid": [
    [
      0.0595204196870327,
      0.10752926766872406,
      0.10045371949672699,
      0.06469838321208954,
      0.03231704607605934,
      0.013352976180613041,
      0.004753670189529657,
      0.0014996397076174617,
      0.00042792968451976776
    ],
    [
      0.05722041800618172,
      0.10198543220758438,
      0.09398555010557175,
      0.059707917273044586,
      0.02941543608903885,
      0.01198647078126669,
      0.004208029713481665,
      0.0013090058928355575,
      0.00036830134922638535
    ],
    [
      0.028627727180719376,
      0.05033066123723984,
      0.04574829339981079,
      0.02866334840655327,
      0.01392569113522768,
      0.005595582537353039,
      0.0019369297660887241,
      0.0005940579576417804,
      0.00016478393808938563
    ],
    [
      0.009937730617821217,
      0.01723172888159752,
      0.015446468256413937,
      0.009543422609567642,
      0.00457175774499774,
      0.0018112146062776446,
      0.0006181123899295926,
      0.0001868890249170363,
      5.1102935685776174e-05
    ],
    [
      0.002692649606615305,
      0.004604230634868145,
      0.004069656133651733,
      0.0024791343603283167,
      0.0011708876118063927,
      0.00045730790589004755,
      0.00015384583093691617,
      4.585169881465845e-05,
      1.2357971172605176e-05
    ],
    [
      0.0006073885015211999,
      0.001024053432047367,
      0.000892419193405658,
      0.0005359523347578943,
      0.00024953234242275357,
      9.606793173588812e-05,
      3.1855746783548966e-05,
      9.357639100926463e-06,
      2.485673803676036e-06
    ],
    [
      0.00011880847887368873,
      0.00019748261547647417,
      0.0001696562540018931,
      0.00010043675865745172,
      4.609258394339122e-05,
      1.7490227037342265e-05,
      5.71600821785978e-06,
      1.6547649011044996e-06,
      4.3317047015989374e-07
    ],
    [
      2.0726614820887335e-05,
      3.396136889932677e-05,
      2.875892459996976e-05,
      1.6780864825705066e-05,
      7.590075711050304e-06,
      2.8384331471897895e-06,
      9.141604664364422e-07,
      2.607900739803881e-07,
      6.726956769398384e-08
    ],
    [
      3.291804887339822e-06,
      5.316421720635844e-06,
      4.437190909811761e-06,
      2.551672878325917e-06,
      1.1373862207619823e-06,
      4.191492450900114e-07,
      1.3302057766395592e-07,
      3.7391618690207906e-08,
      9.503206221950222e-09
    ]
  ],
  "probs_results": [
    0.21814760565757751,
    0.1967981904745102,
    0.5850547552108765
  ]
}