{
  "skills_mean": [
    [
      0.06194472312927246,
      0.4507223069667816
    ],
    [
      0.5914945006370544,
      0.8656144142150879
    ]
  ],
  "skills_cov": [
    [
      [
        0.02257440984249115,
        0.010935327969491482
      ],
      [
        0.010935327969491482,
        0.024559803307056427
      ]
    ],
    [
      [
        0.017924915999174118,
        0.01054257433861494
      ],
      [
        0.01054257433861494,
        0.02471707947552204
      ]
    ]
  ],
  "probs_grid": [
    [
      0.04612455889582634,
      0.09728892892599106,
      0.10663632303476334,
      0.08097362518310547,
      0.047915685921907425,
      0.023565707728266716,
      0.010032793506979942,
      0.0038025756366550922,
      0.0013096118345856667
    ],
    [
      0.040861763060092926,
      0.08483913540840149,
      0.09152700752019882,
      0.06840154528617859,
      0.03983341529965401,
      0.019278353080153465,
      0.0080761993303895,
      0.003011880209669471,
      0.0010206073056906462
    ],
    [
      0.018923398107290268,
      0.03866838663816452,
      0.04105374217033386,
      0.030191313475370407,
      0.017300095409154892,
      0.00823817029595375,
      0.0033955166582018137,
      0.0012458174023777246,
      0.00041531395982019603
    ],
    [
      0.006107835564762354,
      0.012281617149710655,
      0.012830170802772045,
      0.009283534251153469,
      0.005233657080680132,
      0.0024518331047147512,
      0.00099414202850312,
      0.0003588079707697034,
      0.00011766139505198225
    ],
    [
      0.001545617007650435,
      0.003057877067476511,
      0.0031428062357008457,
      0.002237137174233794,
      0.0012406676542013884,
      0.0005717287422157824,
      0.00022802271996624768,
      8.094808435998857e-05,
      2.6108373276656494e-05
    ],
    [
      0.00032706884667277336,
      0.0006365742883644998,
      0.0006435928517021239,
      0.0004506364930421114,
      0.00024581464822404087,
      0.00011141441791551188,
      4.370308306533843e-05,
      1.5258369785442483e-05,
      4.839905159315094e-06
    ],
    [
      6.028271309332922e-05,
      0.00011540906416485086,
      0.00011476632789708674,
      7.903507503215224e-05,
      4.240051930537447e-05,
      1.8899794667959213e-05,
      7.290616849786602e-06,
      2.5031299628608394e-06,
      7.807732913533982e-07
    ],
    [
      9.953143489838112e-06,
      1.8741080566542223e-05,
      1.83287793333875e-05,
      1.2413146578182932e-05,
      6.548743385792477e-06,
      2.8704612304863986e-06,
      1.088811814042856e-06,
      3.675821460547013e-07,
      1.127372897258283e-07
    ],
    [
      1.5026538449092186e-06,
      2.7824921744468156e-06,
      2.676034000614891e-06,
      1.7821309938881313e-06,
      9.244812417819048e-07,
      3.984365832820913e-07,
      1.4859858765703393e-07,
      4.93241429921909e-08,
      1.4873295484107985e-08
    ]
  ],
  "probs_results": [
    0.18289437890052795,
    0.14265355467796326,
    0.6744521856307983
  ]
}