{
  "skills_mean": [
    [
      0.26769742369651794,
      0.9072543382644653
    ],
    [
      0.7702593803405762,
      1.1051108837127686
    ]
  ],
  "skills_cov": [
    [
      [
        0.024380747228860855,
        0.01457151584327221
      ],
      [
        0.01457151584327221,
        0.02837531641125679
      ]
    ],
    [
      [
        0.01729416474699974,
        0.010680112056434155
      ],
      [
        0.010680112056434155,
        0.026301279664039612
      ]
    ]
  ],
  "probs_grid": [
    [
      0.0793445035815239,
      0.1292565017938614,
      0.10979291796684265,
      0.06482909619808197,
      0.02993229404091835,
      0.011525432579219341,
      0.003854729700833559,
      0.0011516617378219962,
      0.00031372185912914574
    ],
    [
      0.06769129633903503,
      0.10827358067035675,
      0.09029009193181992,
      0.052333276718854904,
      0.023715980350971222,
      0.00896203052252531,
      0.002941371873021126,
      0.0008622860186733305,
      0.00023046678688842803
    ],
    [
      0.030282985419034958,
      0.0475497767329216,
      0.03891999274492264,
      0.022139495238661766,
      0.009845581836998463,
      0.00365069811232388,
      0.0011755757732316852,
      0.00033810309832915664,
      8.864886331139132e-05
    ],
    [
      0.009471497498452663,
      0.014596257358789444,
      0.011724337935447693,
      0.006544243078678846,
      0.0028553989250212908,
      0.0010387147776782513,
      0.00032811835990287364,
      9.256707562599331e-05,
      2.3805660021025687e-05
    ],
    [
      0.002329746261239052,
      0.003523081773892045,
      0.0027766043785959482,
      0.001520498306490481,
      0.0006508104270324111,
      0.00023222492018248886,
      7.195077341748402e-05,
      1.9907867681467906e-05,
      5.020939170208294e-06
    ],
    [
      0.0004806820652447641,
      0.0007131599122658372,
      0.0005513784126378596,
      0.00029617760446853936,
      0.00012434109521564096,
      4.351396637503058e-05,
      1.3221611879998818e-05,
      3.5873645174433477e-06,
      8.871837735568988e-07
    ],
    [
      8.664706547278911e-05,
      0.00012610363774001598,
      9.562975901644677e-05,
      5.038035669713281e-05,
      2.0742168999277055e-05,
      7.118151188478805e-06,
      2.120768385793781e-06,
      5.641946927426034e-07,
      1.368008923918751e-07
    ],
    [
      1.4034216292202473e-05,
      2.0032754036947154e-05,
      1.4898631889082026e-05,
      7.696956345171202e-06,
      3.107303882643464e-06,
      1.0455354413352325e-06,
      3.0540789452970785e-07,
      7.96539580960598e-08,
      1.8933794976305762e-08
    ],
    [
      2.084828793158522e-06,
      2.9183745482441736e-06,
      2.1282810394041007e-06,
      1.0780761385831283e-06,
      4.2670902189456683e-07,
      1.4075909859911917e-07,
      4.030717093428393e-08,
      1.0305066133753371e-08,
      2.401062015877642e-09
    ]
  ],
  "probs_results": [
    0.23382951319217682,
    0.19413048028945923,
    0.5720399618148804
  ]
}