{
  "skills_mean": [
    [
      0.31198808550834656,
      1.1734533309936523
    ],
    [
      -0.03174880892038345,
      0.2505686581134796
    ]
  ],
  "skills_cov": [
    [
      [
        0.015013867057859898,
        0.008694937452673912
      ],
      [
        0.008694937452673912,
        0.02468184381723404
      ]
    ],
    [
      [
        0.020717153325676918,
        0.010502821765840054
      ],
      [
        0.010502821765840054,
        0.023461952805519104
      ]
    ]
  ],
  "probs_grid": [
    [
      0.07264767587184906,
      0.043359920382499695,
      0.013515367172658443,
      0.002933325944468379,
      0.0004986770218238235,
      7.082928641466424e-05,
      8.75483874551719e-06,
      9.685840041129268e-07,
      9.790659305508598e-08
    ],
    [
      0.1422761082649231,
      0.08387334644794464,
      0.025814654305577278,
      0.005530779715627432,
      0.0009279476362280548,
      0.00013004457287024707,
      1.5856425306992605e-05,
      1.7301373418376897e-06,
      1.7244661876247847e-07
    ],
    [
      0.14435577392578125,
      0.08403858542442322,
      0.025536268949508667,
      0.005400126334279776,
      0.0008940535481087863,
      0.000123610720038414,
      1.486620294599561e-05,
      1.599625875314814e-06,
      1.571999348470854e-07
    ],
    [
      0.10116460919380188,
      0.0581510104238987,
      0.01744253560900688,
      0.0036401974502950907,
      0.000594640092458576,
      8.110027556540444e-05,
      9.619505362934433e-06,
      1.0206413207924925e-06,
      9.88848327665437e-08
    ],
    [
      0.055084388703107834,
      0.03125912323594093,
      0.009254305623471737,
      0.0019057841273024678,
      0.0003071303362958133,
      4.131624518777244e-05,
      4.8327669901482295e-06,
      5.055683800492261e-07,
      4.8286270981634516e-08
    ],
    [
      0.024855446070432663,
      0.013922881335020065,
      0.00406775763258338,
      0.0008265111828222871,
      0.00013139253132976592,
      1.7432335880585015e-05,
      2.010645857808413e-06,
      2.0737070371978916e-07,
      1.9522934380233892e-08
    ],
    [
      0.009680421091616154,
      0.0053518530912697315,
      0.001542897429317236,
      0.0003092761617153883,
      4.849507604376413e-05,
      6.344963367155287e-06,
      7.215680852823425e-07,
      7.336394958201709e-08,
      6.807745034365098e-09
    ],
    [
      0.0033468645997345448,
      0.0018259865464642644,
      0.0005193839315325022,
      0.00010269963968312368,
      1.588210761838127e-05,
      2.049030854323064e-06,
      2.2973665636527585e-07,
      2.3024885109634852e-08,
      2.105773111438225e-09
    ],
    [
      0.0010484892409294844,
      0.0005644471384584904,
      0.00015838968101888895,
      3.089132223976776e-05,
      4.71113207822782e-06,
      5.99293173308979e-07,
      6.624032522495327e-08,
      6.5436758234227455e-09,
      5.897970445367662e-10
    ]
  ],
  "probs_results": [
    0.18615348637104034,
    0.7137973308563232,
    0.10004927963018417
  ]
}