{
  "skills_mean": [
    [
      0.37705716490745544,
      0.6661437153816223
    ],
    [
      0.11908014118671417,
      0.7920283675193787
    ]
  ],
  "skills_cov": [
    [
      [
        0.019283225759863853,
        0.010638408362865448
      ],
      [
        0.010638408362865448,
        0.02158886007964611
      ]
    ],
    [
      [
        0.02784343808889389,
        0.013837420381605625
      ],
      [
        0.013837420381605625,
        0.024926714599132538
      ]
    ]
  ],
  "probs_grid": [
    [
      0.08914968371391296,
      0.09938479959964752,
      0.05801162123680115,
      0.02363736741244793,
      0.007562716491520405,
      0.0020264252088963985,
      0.00047362453187815845,
      9.93047360680066e-05,
      1.906499710457865e-05
    ],
    [
      0.11264575272798538,
      0.12336336076259613,
      0.07072475552558899,
      0.028298957273364067,
      0.008889849297702312,
      0.0023384499363601208,
      0.0005364795797504485,
      0.00011039674427593127,
      2.079891783068888e-05
    ],
    [
      0.07416240125894547,
      0.07977382093667984,
      0.04491318389773369,
      0.017645319923758507,
      0.005441813729703426,
      0.0014050957979634404,
      0.0003163757501170039,
      6.38890196569264e-05,
      1.1810912837972865e-05
    ],
    [
      0.033917978405952454,
      0.035830263048410416,
      0.019807687029242516,
      0.007639960385859013,
      0.002312829252332449,
      0.0005861183162778616,
      0.00012951134704053402,
      2.5662959160399623e-05,
      4.654727035813266e-06
    ],
    [
      0.012121847830712795,
      0.012574037536978722,
      0.0068245530128479,
      0.002583937020972371,
      0.0007677575340494514,
      0.00019094102026429027,
      4.14003043260891e-05,
      8.048896233958658e-06,
      1.4322349670692347e-06
    ],
    [
      0.003610689425840974,
      0.003677290165796876,
      0.0019592612516134977,
      0.0007281196303665638,
      0.00021231913706287742,
      5.18149281560909e-05,
      1.1023003025911748e-05,
      2.1024595753260655e-06,
      3.669937882477825e-07
    ],
    [
      0.0009336452931165695,
      0.0009334724163636565,
      0.00048818421782925725,
      0.00017805413517635316,
      5.094958032714203e-05,
      1.2199917364341673e-05,
      2.546269570302684e-06,
      4.76420808581679e-07,
      8.157181241585931e-08
    ],
    [
      0.00021554433624260128,
      0.00021153964917175472,
      0.00010857957386178896,
      3.886271224473603e-05,
      1.0911509889410809e-05,
      2.5633878522057785e-06,
      5.248425054560357e-07,
      9.632521624780566e-08,
      1.617616085525242e-08
    ],
    [
      4.534883191809058e-05,
      4.368314330349676e-05,
      2.2004120182828046e-05,
      7.728007403784432e-06,
      2.128855157934595e-06,
      4.906303843199566e-07,
      9.853800264636448e-08,
      1.7738145174917008e-08,
      2.9214572982994014e-09
    ]
  ],
  "probs_results": [
    0.2658994197845459,
    0.40375322103500366,
    0.33034729957580566
  ]
}