{
  "skills_mean": [
    [
      0.3271816074848175,
      0.8367365598678589
    ],
    [
      0.5030524134635925,
      0.8131304979324341
    ]
  ],
  "skills_cov": [
    [
      [
        0.019779115915298462,
        0.010642847046256065
      ],
      [
        0.010642847046256065,
        0.02303127385675907
      ]
    ],
    [
      [
        0.019364599138498306,
        0.010535507462918758
      ],
      [
        0.010535507462918758,
        0.022771675139665604
      ]
    ]
  ],
  "probs_grid": [
    [
      0.07496283948421478,
      0.10222930461168289,
      0.07251887023448944,
      0.0356760248541832,
      0.013692050240933895,
      0.0043723685666918755,
      0.0012100719613954425,
      0.0002985007013194263,
      6.699347432004288e-05
    ],
    [
      0.08879607915878296,
      0.1192401796579361,
      0.0832795575261116,
      0.04033197462558746,
      0.015236161649227142,
      0.004788619000464678,
      0.0013042056234553456,
      0.00031657825456932187,
      6.99084994266741e-05
    ],
    [
      0.05473287031054497,
      0.07236240059137344,
      0.049751922488212585,
      0.023716453462839127,
      0.00881771370768547,
      0.0027272524312138557,
      0.000730892235878855,
      0.0001745585905155167,
      3.792338611674495e-05
    ],
    [
      0.02340545505285263,
      0.030462021008133888,
      0.020614858716726303,
      0.009671540930867195,
      0.0035385957453399897,
      0.0010769265936687589,
      0.0002839620574377477,
      6.672008021268994e-05,
      1.4259249837778043e-05
    ],
    [
      0.007811260875314474,
      0.010006552562117577,
      0.006664659827947617,
      0.0030769340228289366,
      0.0011077314848080277,
      0.00033168785739690065,
      8.604113099863753e-05,
      1.9886967493221164e-05,
      4.180635187367443e-06
    ],
    [
      0.0021699813660234213,
      0.002735827350988984,
      0.0017930991016328335,
      0.0008145587053149939,
      0.00028851907700300217,
      8.498978422721848e-05,
      2.1687203116016462e-05,
      4.930526301905047e-06,
      1.0194420383413672e-06
    ],
    [
      0.0005226557841524482,
      0.0006484392797574401,
      0.0004181774565950036,
      0.0001869010302470997,
      6.512644904432818e-05,
      1.8871498468797654e-05,
      4.736580194730777e-06,
      1.059117948898347e-06,
      2.1536401106914127e-07
    ],
    [
      0.00011225338676013052,
      0.00013703390141017735,
      8.694632560946047e-05,
      3.822914368356578e-05,
      1.3103721357765608e-05,
      3.7347547277022386e-06,
      9.219468779519957e-07,
      2.0274030987366132e-07,
      4.054110647189191e-08
    ],
    [
      2.194443004555069e-05,
      2.635639248182997e-05,
      1.6451334886369295e-05,
      7.11537313691224e-06,
      2.3989146029634867e-06,
      6.724582704009663e-07,
      1.6325293472618796e-07,
      3.530345793478773e-08,
      6.9417311898689604e-09
    ]
  ],
  "probs_results": [
    0.2548409700393677,
    0.328084260225296,
    0.41707468032836914
  ]
}