{
  "skills_mean": [
    [
      0.2653723955154419,
      0.9813972115516663
    ],
    [
      0.8005757927894592,
      0.813348650932312
    ]
  ],
  "skills_cov": [
    [
      [
        0.022951234132051468,
        0.012514169327914715
      ],
      [
        0.012514169327914715,
        0.02464720420539379
      ]
    ],
    [
      [
        0.017803167924284935,
        0.010318624787032604
      ],
      [
        0.010318624787032604,
        0.023076094686985016
      ]
    ]
  ],
  "probs_grid": [
    [
      0.0641937330365181,
      0.10111919790506363,
      0.08282768726348877,
      0.047034647315740585,
      0.02082919143140316,
      0.007672293111681938,
      0.0024482770822942257,
      0.0006960939499549568,
      0.0001799926394596696
    ],
    [
      0.07199780642986298,
      0.11149754375219345,
      0.08977743238210678,
      0.050110336393117905,
      0.0218102615326643,
      0.007895087823271751,
      0.0024757280480116606,
      0.0006916571292094886,
      0.00017572414071764797
    ],
    [
      0.042149096727371216,
      0.06416202336549759,
      0.05077863112092018,
      0.027854973450303078,
      0.011914101429283619,
      0.004237878601998091,
      0.0013057338073849678,
      0.0003584053774829954,
      8.945853187469766e-05
    ],
    [
      0.01717129908502102,
      0.02569090574979782,
      0.01998152583837509,
      0.010771077126264572,
      0.0045268046669662,
      0.0015820530243217945,
      0.00047889479901641607,
      0.00012913570390082896,
      3.166328679071739e-05
    ],
    [
      0.005476200021803379,
      0.00805172324180603,
      0.006153653375804424,
      0.0032592902425676584,
      0.001345805125311017,
      0.00046207013656385243,
      0.00013740277790930122,
      3.639531132648699e-05,
      8.765481652517337e-06
    ],
    [
      0.0014581651194021106,
      0.002106686355546117,
      0.0015819449909031391,
      0.0008231803658418357,
      0.00033391552278771996,
      0.00011262009502388537,
      3.289509186288342e-05,
      8.558239642297849e-06,
      2.0244019651727285e-06
    ],
    [
      0.00033765501575544477,
      0.00047929619904607534,
      0.0003535888681653887,
      0.00018074791296385229,
      7.202052074717358e-05,
      2.385886364209e-05,
      6.844693416496739e-06,
      1.7489345509602572e-06,
      4.0628589204061427e-07
    ],
    [
      6.993122951826081e-05,
      9.752078767633066e-05,
      7.067312981234863e-05,
      3.548630411387421e-05,
      1.388824330206262e-05,
      4.518748482951196e-06,
      1.2731388778775e-06,
      3.1946777312441554e-07,
      7.287818704071469e-08
    ],
    [
      1.322243406320922e-05,
      1.8113156329491176e-05,
      1.289365809498122e-05,
      6.3588463490305e-06,
      2.4441808363917517e-06,
      7.809941280356725e-07,
      2.1608575195841695e-07,
      5.3244850306555236e-08,
      1.1926944765150438e-08
    ]
  ],
  "probs_results": [
    0.23874442279338837,
    0.2722351849079132,
    0.48902055621147156
  ]
}