{
  "skills_mean": [
    [
      0.7003650069236755,
      1.3647840023040771
    ],
    [
      0.35542306303977966,
      0.7567175030708313
    ]
  ],
  "skills_cov": [
    [
      [
        0.018228836357593536,
        0.011628811247646809
      ],
      [
        0.011628811247646809,
        0.028447428718209267
      ]
    ],
    [
      [
        0.020905928686261177,
        0.012232420034706593
      ],
      [
        0.012232420034706593,
        0.02607961930334568
      ]
    ]
  ],
  "probs_grid": [
    [
      0.0793505609035492,
      0.05744370073080063,
      0.021787093952298164,
      0.005772083066403866,
      0.0012016169494017959,
      0.00020965155272278935,
      3.193191878381185e-05,
      4.366645498521393e-06,
      5.472503517012228e-07
    ],
    [
      0.13898910582065582,
      0.09894661605358124,
      0.03689585626125336,
      0.009607905521988869,
      0.0019655521027743816,
      0.0003369375772308558,
      5.041099211666733e-05,
      6.770463187422138e-06,
      8.332081620210374e-07
    ],
    [
      0.12677745521068573,
      0.08874116092920303,
      0.03252830728888512,
      0.008324832655489445,
      0.0016734134405851364,
      0.0002818080538418144,
      4.141278986935504e-05,
      5.462068656925112e-06,
      6.600109827559208e-07
    ],
    [
      0.08028262108564377,
      0.055246803909540176,
      0.019904358312487602,
      0.005005805753171444,
      0.0009886118350550532,
      0.00016353779938071966,
      2.3602797227795236e-05,
      3.0568799047614448e-06,
      3.6265728908801975e-07
    ],
    [
      0.03970261290669441,
      0.026856666430830956,
      0.00950926449149847,
      0.002349832560867071,
      0.00045589989167638123,
      7.407359953504056e-05,
      1.0498702977201901e-05,
      1.3350819472179865e-06,
      1.5549537124570634e-07
    ],
    [
      0.016353415325284004,
      0.010872718878090382,
      0.0037830243818461895,
      0.0009184396476484835,
      0.00017503445269539952,
      2.793072781059891e-05,
      3.887297225446673e-06,
      4.853389441450418e-07,
      5.549029324924959e-08
    ],
    [
      0.005843362770974636,
      0.003818055149167776,
      0.0013052878202870488,
      0.0003113143320661038,
      5.827411951031536e-05,
      9.131985279964283e-06,
      1.2479353017624817e-06,
      1.529628690377649e-07,
      1.7166968291348894e-08
    ],
    [
      0.0018627629615366459,
      0.0011960354167968035,
      0.00040172782610170543,
      9.411748760612682e-05,
      1.7302863852819428e-05,
      2.6626089493220206e-06,
      3.5724607982956513e-07,
      4.298650324585651e-08,
      4.735334790950674e-09
    ],
    [
      0.0005407397984527051,
      0.00034114826121367514,
      0.00011256929428782314,
      2.590422627690714e-05,
      4.676913704315666e-06,
      7.066770422170521e-07,
      9.308705983812615e-08,
      1.0995135468760964e-08,
      1.1887999473714217e-09
    ]
  ],
  "probs_results": [
    0.21639473736286163,
    0.6366391181945801,
    0.1469659060239792
  ]
}