{
  "skills_mean": [
    [
      0.5596762895584106,
      0.8547507524490356
    ],
    [
      0.631948709487915,
      1.0502046346664429
    ]
  ],
  "skills_cov": [
    [
      [
        0.021008970215916634,
        0.011330356821417809
      ],
      [
        0.011330356821417809,
        0.02502465434372425
      ]
    ],
    [
      [
        0.018766965717077255,
        0.010901357978582382
      ],
      [
        0.010901357978582382,
        0.024772854521870613
      ]
    ]
  ],
  "probs_grid": [
    [
      0.06421395391225815,
      0.09717769175767899,
      0.07656996697187424,
      0.04187954217195511,
      0.01788569986820221,
      0.0063614132814109325,
      0.0019625748973339796,
      0.0005401442758738995,
      0.00013536571350414306
    ],
    [
      0.07590234279632568,
      0.11298681795597076,
      0.0875600129365921,
      0.04709659144282341,
      0.019778402522206306,
      0.006916678976267576,
      0.002097940305247903,
      0.0005676321452483535,
      0.00013983852113597095
    ],
    [
      0.046816978603601456,
      0.06854114681482315,
      0.05223456025123596,
      0.02762656845152378,
      0.01140707265585661,
      0.003921831492334604,
      0.00116938934661448,
      0.0003110119141638279,
      7.531006122007966e-05
    ],
    [
      0.02008979581296444,
      0.028922947123646736,
      0.021673258394002914,
      0.011270089074969292,
      0.004574785009026527,
      0.0015461330767720938,
      0.0004531547601800412,
      0.00011845812696265057,
      2.819129622366745e-05
    ],
    [
      0.006746603175997734,
      0.00955034326761961,
      0.007035997696220875,
      0.003596790134906769,
      0.0014351881109178066,
      0.0004767628852277994,
      0.00013733758532907814,
      3.528315937728621e-05,
      8.251879080489744e-06
    ],
    [
      0.00189112382940948,
      0.0026319159660488367,
      0.0019061517668887973,
      0.0009578306344337761,
      0.0003756560035981238,
      0.0001226479944307357,
      3.472125172265805e-05,
      8.76587819220731e-06,
      2.0145550934103085e-06
    ],
    [
      0.00046085676876828074,
      0.0006305089918896556,
      0.0004488615377340466,
      0.0002216891007265076,
      8.545045420760289e-05,
      2.741721436905209e-05,
      7.627279501321027e-06,
      1.8921542732641683e-06,
      4.2727234017547744e-07
    ],
    [
      0.00010041845234809443,
      0.00013504261733032763,
      9.449046046938747e-05,
      4.5865148422308266e-05,
      1.7373409718857147e-05,
      5.477693775901571e-06,
      1.4973447832744569e-06,
      3.6497485211839376e-07,
      8.097376991145211e-08
    ],
    [
      1.9969698769273236e-05,
      2.6395069653517567e-05,
      1.8150978576159105e-05,
      8.658107617520727e-06,
      3.22272967423487e-06,
      9.9840838174714e-07,
      2.6815092724064016e-07,
      6.421623766073026e-08,
      1.3996855230402616e-08
    ]
  ],
  "probs_results": [
    0.2423028200864792,
    0.2990305721759796,
    0.4586666226387024
  ]
}