{
  "skills_mean": [
    [
      0.5897210240364075,
      1.143269658088684
    ],
    [
      -0.14094126224517822,
      0.5722622275352478
    ]
  ],
  "skills_cov": [
    [
      [
        0.021063169464468956,
        0.012057017534971237
      ],
      [
        0.012057017534971237,
        0.026772016659379005
      ]
    ],
    [
      [
        0.021313540637493134,
        0.010678292252123356
      ],
      [
        0.010678292252123356,
        0.022844897583127022
      ]
    ]
  ],
  "probs_grid": [
    [
      0.08278116583824158,
      0.04595218226313591,
      0.013353850692510605,
      0.0027086485642939806,
      0.00043139851186424494,
      5.754295489168726e-05,
      6.695757292618509e-06,
      6.990569545450853e-07,
      6.684388864641733e-08
    ],
    [
      0.15466129779815674,
      0.08459115028381348,
      0.02421336993575096,
      0.00483615742996335,
      0.000758230104111135,
      9.953424159903079e-05,
      1.139533742389176e-05,
      1.1702643405442359e-06,
      1.1004708255768492e-07
    ],
    [
      0.15040795505046844,
      0.08103949576616287,
      0.02284431643784046,
      0.004492104519158602,
      0.0006932014948688447,
      8.954227087087929e-05,
      1.008498566079652e-05,
      1.0186487315877457e-06,
      9.419293434120846e-08
    ],
    [
      0.10150431096553802,
      0.05386579781770706,
      0.014951057732105255,
      0.002894028788432479,
      0.00043950043618679047,
      5.585586768575013e-05,
      6.188093266246142e-06,
      6.146825057840033e-07,
      5.588563922742651e-08
    ],
    [
      0.053471218794584274,
      0.02794322930276394,
      0.007635622750967741,
      0.0014546960592269897,
      0.0002173793182009831,
      2.7177922675036825e-05,
      2.961390919153928e-06,
      2.8926208983648394e-07,
      2.585565894719366e-08
    ],
    [
      0.0234503336250782,
      0.01206601969897747,
      0.0032454710453748703,
      0.0006084765773266554,
      8.945954323280603e-05,
      1.1001818165823352e-05,
      1.1789393283834215e-06,
      1.1322620707687747e-07,
      9.949211232651578e-09
    ],
    [
      0.008917459286749363,
      0.004517005290836096,
      0.0011957811657339334,
      0.00022059849288780242,
      3.190601273672655e-05,
      3.85926568924333e-06,
      4.066661176693742e-07,
      3.8398646040604945e-08,
      3.3166540625018115e-09
    ],
    [
      0.0030239196494221687,
      0.0015077012358233333,
      0.0003927801444660872,
      7.129119330784306e-05,
      1.0142568498849869e-05,
      1.2065164582963916e-06,
      1.2500711932261765e-07,
      1.1603812133387237e-08,
      9.851345295075475e-10
    ],
    [
      0.0009333148482255638,
      0.00045798911014571786,
      0.0001174014832940884,
      2.0962836060789414e-05,
      2.9333446036616806e-06,
      3.431333652770263e-07,
      3.4954119598751276e-08,
      3.189483344101518e-09,
      2.661320053221061e-10
    ]
  ],
  "probs_results": [
    0.19345323741436005,
    0.7082377672195435,
    0.09830891340970993
  ]
}