{
  "skills_mean": [
    [
      0.5800958275794983,
      1.1980351209640503
    ],
    [
      -0.21273009479045868,
      0.3475610315799713
    ]
  ],
  "skills_cov": [
    [
      [
        0.019303591921925545,
        0.012095811776816845
      ],
      [
        0.012095811776816845,
        0.02827569469809532
      ]
    ],
    [
      [
        0.02444506250321865,
        0.012495042756199837
      ],
      [
        0.012495042756199837,
        0.024471323937177658
      ]
    ]
  ],
  "probs_grid": [
    [
      0.056589044630527496,
      0.028126338496804237,
      0.007349235936999321,
      0.0013459805632010102,
      0.00019437256560195237,
      2.3606773538631387e-05,
      2.511585762476898e-06,
      2.4075637838905095e-07,
      2.1225268653779494e-08
    ],
    [
      0.12871579825878143,
      0.0629224106669426,
      0.016165321692824364,
      0.002910024719312787,
      0.0004129356238991022,
      4.926681504002772e-05,
      5.147842784936074e-06,
      4.845180683332728e-07,
      4.193168834376593e-08
    ],
    [
      0.15227486193180084,
      0.07320377975702286,
      0.01848875917494297,
      0.0032710465602576733,
      0.00045605533523485065,
      5.344671444618143e-05,
      5.484228495333809e-06,
      5.067845449957531e-07,
      4.305110579139182e-08
    ],
    [
      0.12491052597761154,
      0.059044573456048965,
      0.014658824540674686,
      0.002548587042838335,
      0.0003490883100312203,
      4.018222898594104e-05,
      4.048741629958386e-06,
      3.6730091323988745e-07,
      3.062566023004365e-08
    ],
    [
      0.07991601526737213,
      0.037139758467674255,
      0.009062693454325199,
      0.001548239029943943,
      0.00020832532027270645,
      2.3550652258563787e-05,
      2.329975586690125e-06,
      2.0750154305915203e-07,
      1.6981047679109906e-08
    ],
    [
      0.04253004118800163,
      0.019430266693234444,
      0.004659660160541534,
      0.0007821284234523773,
      0.00010337539424654096,
      1.1476539839350153e-05,
      1.1147961913593463e-06,
      9.745640738856309e-08,
      7.827306802710154e-09
    ],
    [
      0.019608594477176666,
      0.008805719204246998,
      0.002075199969112873,
      0.0003422106965444982,
      4.442608405952342e-05,
      4.843266651732847e-06,
      4.618871685124759e-07,
      3.963468486745114e-08,
      3.124050573788395e-09
    ],
    [
      0.008054740726947784,
      0.003555228002369404,
      0.0008232820546254516,
      0.00013337119889911264,
      1.7005359040922485e-05,
      1.8204115121989162e-06,
      1.7043539912720007e-07,
      1.4355098443274983e-08,
      1.1103870045658937e-09
    ],
    [
      0.0030088131316006184,
      0.0013051936402916908,
      0.0002969698398374021,
      4.725845792563632e-05,
      5.917788257647771e-06,
      6.220231512088503e-07,
      5.717054207821093e-08,
      4.726183000514084e-09,
      3.5874980763850317e-10
    ]
  ],
  "probs_results": [
    0.14109720289707184,
    0.7979678511619568,
    0.06093491241335869
  ]
}