{
  "skills_mean": [
    [
      0.4423699676990509,
      0.6974165439605713
    ],
    [
      -0.08250663429498672,
      0.3122340142726898
    ]
  ],
  "skills_cov": [
    [
      [
        0.018334737047553062,
        0.00978933833539486
      ],
      [
        0.00978933833539486,
        0.02043292671442032
      ]
    ],
    [
      [
        0.022820716723799706,
        0.010502907447516918
      ],
      [
        0.010502907447516918,
        0.020431729033589363
      ]
    ]
  ],
  "probs_grid": [
    [
      0.046068985015153885,
      0.04171767830848694,
      0.01967592164874077,
      0.006444201339036226,
      0.0016487346729263663,
      0.0003514658019412309,
      6.502311589429155e-05,
      1.073772455129074e-05,
      1.6156307083292631e-06
    ],
    [
      0.09672348201274872,
      0.08628588914871216,
      0.040085624903440475,
      0.012929974123835564,
      0.0032576066441833973,
      0.0006837509572505951,
      0.00012453753151930869,
      2.024491004704032e-05,
      2.9982879823364783e-06
    ],
    [
      0.10520168393850327,
      0.09244698286056519,
      0.042300332337617874,
      0.013436867855489254,
      0.003333424450829625,
      0.0006888597272336483,
      0.00012351686018519104,
      1.9764693206525408e-05,
      2.881069121940527e-06
    ],
    [
      0.07902773469686508,
      0.06840380281209946,
      0.030825059860944748,
      0.009642197750508785,
      0.00235523609444499,
      0.00047917210031300783,
      8.457803050987422e-05,
      1.3321360711415764e-05,
      1.9111666915705428e-06
    ],
    [
      0.04612261429429054,
      0.03932023048400879,
      0.01744958944618702,
      0.005374646745622158,
      0.0012925597839057446,
      0.00025888235541060567,
      4.4979911763221025e-05,
      6.97296718499274e-06,
      9.845458635027171e-07
    ],
    [
      0.022305481135845184,
      0.018727872520685196,
      0.008184240199625492,
      0.0024820605758577585,
      0.0005876704817637801,
      0.00011586715845623985,
      1.9815630366792902e-05,
      3.0234111818572273e-06,
      4.201142473903019e-07
    ],
    [
      0.009310157038271427,
      0.007698114961385727,
      0.003312624990940094,
      0.0009891329100355506,
      0.00023055641213431954,
      4.4746644562110305e-05,
      7.532210474892054e-06,
      1.131062163040042e-06,
      1.5466565628230455e-07
    ],
    [
      0.0034493717830628157,
      0.0028086365200579166,
      0.0011900389799848199,
      0.0003498427686281502,
      8.027481089811772e-05,
      1.5335677744587883e-05,
      2.5407639441255014e-06,
      3.754817043954972e-07,
      5.0526633543768185e-08
    ],
    [
      0.0011578936828300357,
      0.0009283951367251575,
      0.00038730917731299996,
      0.00011209394142497331,
      2.531959216867108e-05,
      4.761089257954154e-06,
      7.763429152873869e-07,
      1.1290845947087291e-07,
      1.4951019977615942e-08
    ]
  ],
  "probs_results": [
    0.18591991066932678,
    0.6660196185112,
    0.14806021749973297
  ]
}