{
  "skills_mean": [
    [
      -0.3065589964389801,
      0.025193635374307632
    ],
    [
      0.10859686136245728,
      0.713803768157959
    ]
  ],
  "skills_cov": [
    [
      [
        0.0216231606900692,
        0.010205069556832314
      ],
      [
        0.010205069556832314,
        0.02247644029557705
      ]
    ],
    [
      [
        0.02003328688442707,
        0.010853081941604614
      ],
      [
        0.010853081941604614,
        0.024138927459716797
      ]
    ]
  ],
  "probs_grid": [
    [
      0.061735861003398895,
      0.12308784574270248,
      0.1275617480278015,
      0.09160947799682617,
      0.05128331109881401,
      0.023867156356573105,
      0.009618054144084454,
      0.0034515331499278545,
      0.0011258265003561974
    ],
    [
      0.0442686602473259,
      0.08697465062141418,
      0.0888095423579216,
      0.06283306330442429,
      0.03464842587709427,
      0.015882650390267372,
      0.006303516682237387,
      0.002227633725851774,
      0.000715492875315249
    ],
    [
      0.01657736673951149,
      0.03208756446838379,
      0.03227568417787552,
      0.022491971030831337,
      0.012215212918817997,
      0.005514129064977169,
      0.0021549437660723925,
      0.0007498271879740059,
      0.0002371129230596125
    ],
    [
      0.004322278779000044,
      0.008240809664130211,
      0.00816386565566063,
      0.005602610297501087,
      0.0029961566906422377,
      0.0013316889526322484,
      0.0005123764276504517,
      0.00017551328346598893,
      5.463507113745436e-05
    ],
    [
      0.000882708583958447,
      0.0016573983011767268,
      0.0016168130096048117,
      0.001092496095225215,
      0.0005752031574957073,
      0.0002516817767173052,
      9.532299009151757e-05,
      3.2140251278178766e-05,
      9.847265573625918e-06
    ],
    [
      0.00015060327132232487,
      0.0002784304379019886,
      0.00026741233887150884,
      0.00017788290278986096,
      9.219195635523647e-05,
      3.9705333620077e-05,
      1.4800976714468561e-05,
      4.911459200229729e-06,
      1.4808864534643362e-06
    ],
    [
      2.235971624031663e-05,
      4.069555507157929e-05,
      3.847437983495183e-05,
      2.519121699151583e-05,
      1.2849895938416012e-05,
      5.446494469651952e-06,
      1.997990466406918e-06,
      6.524150535369699e-07,
      1.935632667482423e-07
    ],
    [
      2.9711325169046177e-06,
      5.322683591657551e-06,
      4.952769359078957e-06,
      3.1914287319523282e-06,
      1.6020103430491872e-06,
      6.681661943730433e-07,
      2.411779291833227e-07,
      7.748589325728972e-08,
      2.2618102946125873e-08
    ],
    [
      3.6068485087525914e-07,
      6.359145459100546e-07,
      5.822979574077181e-07,
      3.6921659329891554e-07,
      1.8236107734992402e-07,
      7.483365749294535e-08,
      2.6574946687674128e-08,
      8.399601014730251e-09,
      2.4119866104399534e-09
    ]
  ],
  "probs_results": [
    0.18737101554870605,
    0.12014863640069962,
    0.6924805045127869
  ]
}