{
  "skills_mean": [
    [
      -0.1581033170223236,
      0.547833263874054
    ],
    [
      0.012210487388074398,
      0.6145234107971191
    ]
  ],
  "skills_cov": [
    [
      [
        0.02173485793173313,
        0.011226333677768707
      ],
      [
        0.011226333677768707,
        0.023848088458180428
      ]
    ],
    [
      [
        0.02268095314502716,
        0.012564290314912796
      ],
      [
        0.012564290314912796,
        0.025739235803484917
      ]
    ]
  ],
  "probs_grid": [
    [
      0.12914380431175232,
      0.14450137317180634,
      0.08445388078689575,
      0.03437289595603943,
      0.010959065519273281,
      0.0029192932415753603,
      0.0006767254672013223,
      0.0001403998612659052,
      2.6610125132719986e-05
    ],
    [
      0.11577833443880081,
      0.12751124799251556,
      0.07333426177501678,
      0.0293636005371809,
      0.009208188392221928,
      0.002412091940641403,
      0.0005497413221746683,
      0.00011211459059268236,
      2.08841884159483e-05
    ],
    [
      0.054281964898109436,
      0.058827005326747894,
      0.03328366577625275,
      0.013107852078974247,
      0.00404205871745944,
      0.0010409803362563252,
      0.00023320982290897518,
      4.674287265515886e-05,
      8.555907697882503e-06
    ],
    [
      0.017744529992341995,
      0.018917789682745934,
      0.010527188889682293,
      0.004076702520251274,
      0.0012359207030385733,
      0.0003128675161860883,
      6.888416828587651e-05,
      1.3566640518547501e-05,
      2.4397299966949504e-06
    ],
    [
      0.0045495955273509026,
      0.0047704000025987625,
      0.002610252471640706,
      0.0009937555296346545,
      0.00029612917569465935,
      7.367084617726505e-05,
      1.5937810530886054e-05,
      3.0838225484330906e-06,
      5.447598141472554e-07
    ],
    [
      0.000975826580543071,
      0.001006072387099266,
      0.0005411863676272333,
      0.00020251350360922515,
      5.930489714955911e-05,
      1.4496700714516919e-05,
      3.0810581392870517e-06,
      5.855933409293357e-07,
      1.0159897101402748e-07
    ],
    [
      0.00018237053882330656,
      0.00018483780149836093,
      9.772567136678845e-05,
      3.5936951462645084e-05,
      1.0340284461562987e-05,
      2.4831288101268e-06,
      5.183888447390927e-07,
      9.67651700989336e-08,
      1.6486358944689528e-08
    ],
    [
      3.054320768569596e-05,
      3.0425735531025566e-05,
      1.580793468747288e-05,
      5.711543963116128e-06,
      1.6144482515301206e-06,
      3.8080926856309816e-07,
      7.807677349092046e-08,
      1.4311592799742812e-08,
      2.394113129966513e-09
    ],
    [
      4.6791433305770624e-06,
      4.580364475259557e-06,
      2.338145350222476e-06,
      8.298913485305093e-07,
      2.3040963981202367e-07,
      5.337451014497674e-08,
      1.0745884182483678e-08,
      1.93397231562642e-09,
      3.1761432373045295e-10
    ]
  ],
  "probs_results": [
    0.2943311035633087,
    0.29240113496780396,
    0.413267582654953
  ]
}