{
  "skills_mean": [
    [
      0.007470931392163038,
      0.36724361777305603
    ],
    [
      0.3869571089744568,
      0.7411888837814331
    ]
  ],
  "skills_cov": [
    [
      [
        0.018872348591685295,
        0.009899050928652287
      ],
      [
        0.009899050928652287,
        0.02039831317961216
      ]
    ],
    [
      [
        0.019838808104395866,
        0.011233479715883732
      ],
      [
        0.011233479715883732,
        0.02398296259343624
      ]
    ]
  ],
  "probs_grid": [
    [
      0.0550239272415638,
      0.10422663390636444,
      0.1024288609623909,
      0.06962746381759644,
      0.03682680055499077,
      0.016164327040314674,
      0.006132605019956827,
      0.0020683056209236383,
      0.0006329568568617105
    ],
    [
      0.05196989327669144,
      0.09691840410232544,
      0.09376431256532669,
      0.06274031847715378,
      0.032662324607372284,
      0.014109986834228039,
      0.005268309731036425,
      0.0017485275166109204,
      0.0005265502841211855
    ],
    [
      0.025554800406098366,
      0.04691281542181969,
      0.04467351362109184,
      0.029420647770166397,
      0.015073488466441631,
      0.006408038083463907,
      0.0023543713614344597,
      0.0007688772166147828,
      0.0002278156316606328
    ],
    [
      0.008722265250980854,
      0.015759896486997604,
      0.014770062640309334,
      0.00957243237644434,
      0.004826050717383623,
      0.00201875576749444,
      0.0007297754636965692,
      0.00023447908461093903,
      6.835073872935027e-05
    ],
    [
      0.0023246114142239094,
      0.004133554641157389,
      0.003812141250818968,
      0.0024310550652444363,
      0.0012059301370754838,
      0.0004963019164279103,
      0.00017650614609010518,
      5.579074422712438e-05,
      1.599814095243346e-05
    ],
    [
      0.0005159869906492531,
      0.0009028351632878184,
      0.0008192550740204751,
      0.0005140218418091536,
      0.0002508528414182365,
      0.00010156146890949458,
      3.553095302777365e-05,
      1.1047223779314663e-05,
      3.1159233913058415e-06
    ],
    [
      9.935646812664345e-05,
      0.00017104580183513463,
      0.00015270047879312187,
      9.425256575923413e-05,
      4.5247656089486554e-05,
      1.801973849069327e-05,
      6.200807092682226e-06,
      1.8962589365401072e-06,
      5.260387183625426e-07
    ],
    [
      1.7069842215278186e-05,
      2.8909822503919713e-05,
      2.53890102612786e-05,
      1.541505662316922e-05,
      7.278989869519137e-06,
      2.851183353413944e-06,
      9.649548928791774e-07,
      2.9021560976616456e-07,
      7.917527256040557e-08
    ],
    [
      2.6709408302849624e-06,
      4.449756943358807e-06,
      3.843848389806226e-06,
      2.295468220836483e-06,
      1.0660577345333877e-06,
      4.106745166154724e-07,
      1.3668606868577626e-07,
      4.042649948132748e-08,
      1.0845464082365197e-08
    ]
  ],
  "probs_results": [
    0.2076173573732376,
    0.18018738925457,
    0.6121951937675476
  ]
}