{
  "skills_mean": [
    [
      -0.1125321090221405,
      0.2966803312301636
    ],
    [
      -0.23439981043338776,
      0.027007535099983215
    ]
  ],
  "skills_cov": [
    [
      [
        0.02350575290620327,
        0.010892893187701702
      ],
      [
        0.010892893187701702,
        0.02077610418200493
      ]
    ],
    [
      [
        0.02052302286028862,
        0.010654001496732235
      ],
      [
        0.010654001496732235,
        0.020425954833626747
      ]
    ]
  ],
  "probs_grid": [
    [
      0.0590963177382946,
      0.06751303374767303,
      0.04008742794394493,
      0.016494376584887505,
      0.0052904910407960415,
      0.0014108798932284117,
      0.00032584925065748394,
      6.703186227241531e-05,
      1.2537389920908026e-05
    ],
    [
      0.09650567173957825,
      0.1084946021437645,
      0.06338754296302795,
      0.025659989565610886,
      0.008096466772258282,
      0.00212385063059628,
      0.00048244031495414674,
      9.760277316672727e-05,
      1.795171010599006e-05
    ],
    [
      0.08205071836709976,
      0.09076524525880814,
      0.0521731860935688,
      0.020777074620127678,
      0.006448563188314438,
      0.0016637512017041445,
      0.0003716766950674355,
      7.394425483653322e-05,
      1.3373142792261206e-05
    ],
    [
      0.04842185974121094,
      0.05270104855298996,
      0.029801558703184128,
      0.011674072593450546,
      0.0035637246910482645,
      0.0009042585152201355,
      0.00019865253125317395,
      3.886170816258527e-05,
      6.910451247676974e-06
    ],
    [
      0.022311873733997345,
      0.023889930918812752,
      0.013288935646414757,
      0.0051201810128986835,
      0.0015372235793620348,
      0.00038358039455488324,
      8.2861450209748e-05,
      1.59382452693535e-05,
      2.786460299830651e-06
    ],
    [
      0.008561388589441776,
      0.009017571806907654,
      0.004933856427669525,
      0.0018696548650041223,
      0.0005520177073776722,
      0.0001354486303171143,
      2.8769858545274474e-05,
      5.4407582865678705e-06,
      9.351363132736878e-07
    ],
    [
      0.0028493378777056932,
      0.002952047623693943,
      0.0015885886969044805,
      0.0005920208641327918,
      0.0001718861749395728,
      4.147044455748983e-05,
      8.660529601911549e-06,
      1.6101877235996653e-06,
      2.720643408338219e-07
    ],
    [
      0.00084589549805969,
      0.000861987704411149,
      0.0004561981186270714,
      0.00016718740516807884,
      4.7730420192237943e-05,
      1.1322597856633365e-05,
      2.324723027413711e-06,
      4.2490486862334365e-07,
      7.057431616885879e-08
    ],
    [
      0.00022864546917844564,
      0.0002291535201948136,
      0.0001192663621623069,
      4.298036219552159e-05,
      1.2065002920280676e-05,
      2.8139070309407543e-06,
      5.679825108018122e-07,
      1.0205290124076782e-07,
      1.6661797275219214e-08
    ]
  ],
  "probs_results": [
    0.23316997289657593,
    0.5011226534843445,
    0.26570752263069153
  ]
}