{
  "skills_mean": [
    [
      0.6139476299285889,
      1.0303292274475098
    ],
    [
      -0.25994959473609924,
      0.4460665285587311
    ]
  ],
  "skills_cov": [
    [
      [
        0.019391167908906937,
        0.011318948119878769
      ],
      [
        0.011318948119878769,
        0.025137512013316154
      ]
    ],
    [
      [
        0.020847974345088005,
        0.010669891722500324
      ],
      [
        0.010669891722500324,
        0.022112637758255005
      ]
    ]
  ],
  "probs_grid": [
    [
      0.06131969019770622,
      0.03400300070643425,
      0.009850787930190563,
      0.0019878563471138477,
      0.0003143377252854407,
      4.1544837586116046e-05,
      4.780327344633406e-06,
      4.925310577164055e-07,
      4.6385252971958835e-08
    ],
    [
      0.13197490572929382,
      0.07210973650217056,
      0.020578676834702492,
      0.004089696332812309,
      0.0006367343012243509,
      8.283924398710951e-05,
      9.380812116432935e-06,
      9.510250720268232e-07,
      8.811101537276045e-08
    ],
    [
      0.1474875956773758,
      0.07939259707927704,
      0.022315891459584236,
      0.004367116838693619,
      0.0006693737232126296,
      8.571537910029292e-05,
      9.551807124807965e-06,
      9.527404358777858e-07,
      8.682998497988592e-08
    ],
    [
      0.11409866809844971,
      0.060501694679260254,
      0.01674785651266575,
      0.0032269770745187998,
      0.0004868898540735245,
      6.136082811281085e-05,
      6.7282480813446455e-06,
      6.60227783555456e-07,
      5.9185339296163875e-08
    ],
    [
      0.06873328983783722,
      0.03589729219675064,
      0.00978497788310051,
      0.001856123679317534,
      0.0002756517205853015,
      3.418633423279971e-05,
      3.688180640892824e-06,
      3.5601917147687345e-07,
      3.13897885462211e-08
    ],
    [
      0.034386616200208664,
      0.017686447128653526,
      0.004746780265122652,
      0.0008863674593158066,
      0.00012955295096617192,
      1.581011565576773e-05,
      1.678071498645295e-06,
      1.5933507313548034e-07,
      1.3816392474552686e-08
    ],
    [
      0.014880582690238953,
      0.007536705583333969,
      0.001991394441574812,
      0.00036601649480871856,
      5.264748688205145e-05,
      6.32162345937104e-06,
      6.600699293812795e-07,
      6.164581378698131e-08,
      5.2568904784777715e-09
    ],
    [
      0.005728439893573523,
      0.0028567055705934763,
      0.000743052049074322,
      0.00013441740884445608,
      1.9025854271603748e-05,
      2.247645852548885e-06,
      2.3085962652658054e-07,
      2.1205533329293758e-08,
      1.7782560979284767e-09
    ],
    [
      0.0020023270044475794,
      0.0009830875787883997,
      0.0002517030807211995,
      4.4811040424974635e-05,
      6.2410172176896594e-06,
      7.253463536471827e-07,
      7.32824005922339e-08,
      6.620118675471076e-09,
      5.458967722304919e-10
    ]
  ],
  "probs_results": [
    0.1595017910003662,
    0.7630531191825867,
    0.0774451419711113
  ]
}