{
  "skills_mean": [
    [
      0.5841055512428284,
      1.0144964456558228
    ],
    [
      -0.24659430980682373,
      0.48538604378700256
    ]
  ],
  "skills_cov": [
    [
      [
        0.01982077956199646,
        0.011723513714969158
      ],
      [
        0.011723513714969158,
        0.025710580870509148
      ]
    ],
    [
      [
        0.02118961326777935,
        0.011140908114612103
      ],
      [
        0.011140908114612103,
        0.022974954918026924
      ]
    ]
  ],
  "probs_grid": [
    [
      0.06970641016960144,
      0.03971850872039795,
      0.0118333138525486,
      0.002457738621160388,
      0.00040032833931036294,
      5.4545376769965515e-05,
      6.4754440245451406e-06,
      6.88913701196725e-07,
      6.704654964551082e-08
    ],
    [
      0.14062541723251343,
      0.07890387624502182,
      0.023142263293266296,
      0.004730592016130686,
      0.0007581732934340835,
      0.00010162034595850855,
      1.1864965927088633e-05,
      1.2412087926350068e-06,
      1.1875548011630599e-07
    ],
    [
      0.14749504625797272,
      0.0814812034368515,
      0.023523181676864624,
      0.00473181763663888,
      0.0007461057393811643,
      9.836356912273914e-05,
      1.129403699451359e-05,
      1.161634372692788e-06,
      1.0925399607231157e-07
    ],
    [
      0.10722590982913971,
      0.05831246078014374,
      0.01656808890402317,
      0.00327923777513206,
      0.0005086453747935593,
      6.595159356947988e-05,
      7.44608269087621e-06,
      7.529245635851112e-07,
      6.960543430523103e-08
    ],
    [
      0.06077559292316437,
      0.03253219649195671,
      0.009095833636820316,
      0.0017711755353957415,
      0.00027022650465369225,
      3.4456596040399745e-05,
      3.824933173746103e-06,
      3.8020274928385334e-07,
      3.454601937846746e-08
    ],
    [
      0.028644314035773277,
      0.015090042725205421,
      0.0041513326577842236,
      0.0007952052401378751,
      0.00011932392226299271,
      1.4961241504352074e-05,
      1.6327977618857403e-06,
      1.5953615672970045e-07,
      1.4246327673106407e-08
    ],
    [
      0.011692247353494167,
      0.006061325315386057,
      0.0016405389178544283,
      0.0003091069811489433,
      4.561422611004673e-05,
      5.623418928735191e-06,
      6.033175168340676e-07,
      5.793993551606036e-08,
      5.0845856414127866e-09
    ],
    [
      0.0042509231716394424,
      0.0021683264058083296,
      0.000577328959479928,
      0.00010698857659008354,
      1.5525187336606905e-05,
      1.8817615909938468e-06,
      1.9845471399548842e-07,
      1.8731466155941234e-08,
      1.6153184345668592e-09
    ],
    [
      0.001405038288794458,
      0.0007051142165437341,
      0.00018467134214006364,
      3.365661177667789e-05,
      4.802260718861362e-06,
      5.722316700484953e-07,
      5.931892488320045e-08,
      5.502467370632758e-09,
      4.662628061424812e-10
    ]
  ],
  "probs_results": [
    0.17587071657180786,
    0.734611988067627,
    0.08951746672391891
  ]
}