{
  "skills_mean": [
    [
      0.837254524230957,
      1.229063630104065
    ],
    [
      0.7322825193405151,
      1.322143793106079
    ]
  ],
  "skills_cov": [
    [
      [
        0.014660071581602097,
        0.008283453993499279
      ],
      [
        0.008283453993499279,
        0.02262268401682377
      ]
    ],
    [
      [
        0.015283163636922836,
        0.0091332932934165
      ],
      [
        0.0091332932934165,
        0.025116873905062675
      ]
    ]
  ],
  "probs_grid": [
    [
      0.09238746017217636,
      0.10780544579029083,
      0.06519971042871475,
      0.027248580008745193,
      0.008852478116750717,
      0.002384584629908204,
      0.0005547417677007616,
      0.00011463251576060429,
      2.1477913833223283e-05
    ],
    [
      0.10887729376554489,
      0.12557168304920197,
      0.07504966855049133,
      0.03099047765135765,
      0.009946340695023537,
      0.0026464357506483793,
      0.0006080356542952359,
      0.00012407331087160856,
      2.2953059669816867e-05
    ],
    [
      0.06661517173051834,
      0.07592329382896423,
      0.044834207743406296,
      0.018289413303136826,
      0.005798052996397018,
      0.001523587154224515,
      0.0003456727135926485,
      6.964506610529497e-05,
      1.2719707228825428e-05
    ],
    [
      0.028211912140250206,
      0.031769249588251114,
      0.018533097580075264,
      0.007467619143426418,
      0.0023380222264677286,
      0.0006066819769330323,
      0.0001359039597446099,
      2.7032083380618133e-05,
      4.873490524914814e-06
    ],
    [
      0.009303383529186249,
      0.010349440388381481,
      0.00596345029771328,
      0.00237307813949883,
      0.0007336731068789959,
      0.0001879686606116593,
      4.156960858381353e-05,
      8.16195552033605e-06,
      1.4523791378451278e-06
    ],
    [
      0.002547990996390581,
      0.0027996806893497705,
      0.0015931816305965185,
      0.0006260371883399785,
      0.00019109866116195917,
      4.833448110730387e-05,
      1.0551540981396101e-05,
      2.0448280793061713e-06,
      3.591049164697324e-07
    ],
    [
      0.0006036736886017025,
      0.0006550648249685764,
      0.0003680927911773324,
      0.0001428090181434527,
      4.303547029849142e-05,
      1.0744628525571898e-05,
      2.315100800842629e-06,
      4.427791395755776e-07,
      7.673385482576123e-08
    ],
    [
      0.00012725009582936764,
      0.00013634900096803904,
      7.564576662844047e-05,
      2.8972968721063808e-05,
      8.618395440862514e-06,
      2.123773583662114e-06,
      4.5160692252466106e-07,
      8.523354466660749e-08,
      1.4574842666092991e-08
    ],
    [
      2.436065005895216e-05,
      2.577141458459664e-05,
      1.411489301972324e-05,
      5.3363637562142685e-06,
      1.5667261550333933e-06,
      3.8101876498330967e-07,
      7.99519739302923e-08,
      1.4889173449716964e-08,
      2.511991281650694e-09
    ]
  ],
  "probs_results": [
    0.2710532546043396,
    0.367962509393692,
    0.36098429560661316
  ]
}