{
  "skills_mean": [
    [
      0.3769780993461609,
      0.6660040020942688
    ],
    [
      0.2599278688430786,
      0.8048832416534424
    ]
  ],
  "skills_cov": [
    [
      [
        0.019458938390016556,
        0.010780168697237968
      ],
      [
        0.010780168697237968,
        0.021763604134321213
      ]
    ],
    [
      [
        0.021674510091543198,
        0.012307381257414818
      ],
      [
        0.012307381257414818,
        0.026259222999215126
      ]
    ]
  ],
  "probs_grid": [
    [
      0.07668319344520569,
      0.09791570901870728,
      0.06509837508201599,
      0.030044013634324074,
      0.010827615857124329,
      0.0032500207889825106,
      0.0008462671539746225,
      0.00019660360703710467,
      4.15959584643133e-05
    ],
    [
      0.0958036258816719,
      0.12026701122522354,
      0.07859913259744644,
      0.035653647035360336,
      0.012627745978534222,
      0.0037245864514261484,
      0.0009529139497317374,
      0.00021749564621131867,
      4.5204847992863506e-05
    ],
    [
      0.0624493770301342,
      0.0770622193813324,
      0.04950010031461716,
      0.022066492587327957,
      0.007679754868149757,
      0.0022255945950746536,
      0.0005594044923782349,
      0.00012542602780740708,
      2.5606535928091034e-05
    ],
    [
      0.028316376730799675,
      0.03434322029352188,
      0.021679166704416275,
      0.009496361948549747,
      0.003247223561629653,
      0.0009245032561011612,
      0.000228268196224235,
      5.027210499974899e-05,
      1.0080351785290986e-05
    ],
    [
      0.010046673938632011,
      0.011974590830504894,
      0.007427573204040527,
      0.0031966783571988344,
      0.0010738587006926537,
      0.0003003276069648564,
      7.28359300410375e-05,
      1.5754518244648352e-05,
      3.102406253674417e-06
    ],
    [
      0.0029748661909252405,
      0.0034840938169509172,
      0.002123303944244981,
      0.0008977501420304179,
      0.0002962459984701127,
      8.137855911627412e-05,
      1.9383540347917005e-05,
      4.1174771467922255e-06,
      7.962173640407855e-07
    ],
    [
      0.0007656961679458618,
      0.0008810811559669673,
      0.0005275087896734476,
      0.00021908925555180758,
      7.101104711182415e-05,
      1.9158153008902445e-05,
      4.4813805288868025e-06,
      9.34785873596411e-07,
      1.7749447067672008e-07
    ],
    [
      0.00017618850688450038,
      0.0001991731987800449,
      0.00011713714775396511,
      4.778536822414026e-05,
      1.5211428035399877e-05,
      4.030246600450482e-06,
      9.257418014385621e-07,
      1.8960906800202793e-07,
      3.534856318765378e-08
    ],
    [
      3.699451553984545e-05,
      4.108138455194421e-05,
      2.373127244936768e-05,
      9.508110451861285e-06,
      2.97238284474588e-06,
      7.733341362836654e-07,
      1.744189859209655e-07,
      3.5075288451480446e-08,
      6.4198384386315865e-09
    ]
  ],
  "probs_results": [
    0.25712132453918457,
    0.36525604128837585,
    0.37762272357940674
  ]
}