{
  "skills_mean": [
    [
      0.3912542760372162,
      0.7850800156593323
    ],
    [
      -0.212704598903656,
      0.3475193977355957
    ]
  ],
  "skills_cov": [
    [
      [
        0.020238887518644333,
        0.011738132685422897
      ],
      [
        0.011738132685422897,
        0.024861399084329605
      ]
    ],
    [
      [
        0.02454422414302826,
        0.012575613334774971
      ],
      [
        0.012575613334774971,
        0.024570470675826073
      ]
    ]
  ],
  "probs_grid": [
    [
      0.06546937674283981,
      0.04815119877457619,
      0.018552519381046295,
      0.004992727190256119,
      0.0010556902270764112,
      0.00018706716946326196,
      2.893463897635229e-05,
      4.017902028863318e-06,
      5.112827921038843e-07
    ],
    [
      0.125762477517128,
      0.09089616686105728,
      0.03440885618329048,
      0.009095852263271809,
      0.0018888391787186265,
      0.0003286466235294938,
      4.9905407649930567e-05,
      6.802316875109682e-06,
      8.495347287862387e-07
    ],
    [
      0.12581853568553925,
      0.08935368806123734,
      0.033229079097509384,
      0.008627512492239475,
      0.001759338192641735,
      0.00030055124079808593,
      4.4802247430197895e-05,
      5.993830654915655e-06,
      7.346170605160296e-07
    ],
    [
      0.08739791810512543,
      0.06098106503486633,
      0.02227604016661644,
      0.0056801363825798035,
      0.001137358252890408,
      0.00019075110321864486,
      2.7911257348023355e-05,
      3.6647941215051105e-06,
      4.407687583807274e-07
    ],
    [
      0.04741494357585907,
      0.032500606030225754,
      0.011660893447697163,
      0.002919909544289112,
      0.0005740487831644714,
      9.451219375478104e-05,
      1.35738218887127e-05,
      1.7490859818281024e-06,
      2.0642015385874402e-07
    ],
    [
      0.02142668142914772,
      0.014426941983401775,
      0.0050836531445384026,
      0.0012499627191573381,
      0.00024126078642439097,
      3.8991223846096545e-05,
      5.496134690474719e-06,
      6.949942417122656e-07,
      8.047846478120846e-08
    ],
    [
      0.008400136604905128,
      0.005555376876145601,
      0.0019224011339247227,
      0.0004641079867724329,
      8.794106543064117e-05,
      1.3950450011179782e-05,
      1.929885911522433e-06,
      2.3946887495185365e-07,
      2.7207308406218544e-08
    ],
    [
      0.0029381909407675266,
      0.0019084622617810965,
      0.0006485060439445078,
      0.00015371515473816544,
      2.859226515283808e-05,
      4.451836957741762e-06,
      6.043874236638658e-07,
      7.358821108027769e-08,
      8.202865942052995e-09
    ],
    [
      0.0009358896058984101,
      0.0005970034399069846,
      0.0001991966855712235,
      4.635424556909129e-05,
      8.463689482596237e-06,
      1.2933777497892152e-06,
      1.7231276672191598e-07,
      2.0585890325719447e-08,
      2.2513013675506954e-09
    ]
  ],
  "probs_results": [
    0.19602951407432556,
    0.6729089617729187,
    0.13106147944927216
  ]
}