{
  "skills_mean": [
    [
      0.31183332204818726,
      1.1872535943984985
    ],
    [
      -0.044818054884672165,
      0.24307075142860413
    ]
  ],
  "skills_cov": [
    [
      [
        0.014787661843001842,
        0.008476045913994312
      ],
      [
        0.008476045913994312,
        0.02428077720105648
      ]
    ],
    [
      [
        0.020312948152422905,
        0.009857052005827427
      ],
      [
        0.009857052005827427,
        0.022118616849184036
      ]
    ]
  ],
  "probs_grid": [
    [
      0.07270979136228561,
      0.04222381114959717,
      0.01279673632234335,
      0.0026985995937138796,
      0.0004454614536371082,
      6.13937372690998e-05,
      7.358481525443494e-06,
      7.888917821219366e-07,
      7.722250927599816e-08
    ],
    [
      0.14358773827552795,
      0.08242560178041458,
      0.024686472490429878,
      0.005143225193023682,
      0.0008385585970245302,
      0.00011412157618906349,
      1.3503714399121236e-05,
      1.4289233831732417e-06,
      1.3803003184875706e-07
    ],
    [
      0.1467054784297943,
      0.08323346823453903,
      0.024631060659885406,
      0.005069151520729065,
      0.0008162115118466318,
      0.00010967453272314742,
      1.2810469343094155e-05,
      1.3378406720221392e-06,
      1.2751686995216005e-07
    ],
    [
      0.10339145362377167,
      0.05796601623296738,
      0.016946619376540184,
      0.003444711910560727,
      0.0005476918304339051,
      7.265395834110677e-05,
      8.376203368243296e-06,
      8.632357548776781e-07,
      8.118071548324224e-08
    ],
    [
      0.056539084762334824,
      0.03131912276148796,
      0.009044475853443146,
      0.0018155814614146948,
      0.000285012909444049,
      3.732168988790363e-05,
      4.246539901942015e-06,
      4.3183746356589836e-07,
      4.006536613587741e-08
    ],
    [
      0.025587711483240128,
      0.014002387411892414,
      0.003993772901594639,
      0.0007916369941085577,
      0.00012268524733372033,
      1.5856912796152756e-05,
      1.7804865137804882e-06,
      1.7864498147446284e-07,
      1.635046764647541e-08
    ],
    [
      0.009982123970985413,
      0.00539567181840539,
      0.0015197800239548087,
      0.0002974297967739403,
      4.550123412627727e-05,
      5.80413961870363e-06,
      6.430809662560932e-07,
      6.365739579905494e-08,
      5.747086362362097e-09
    ],
    [
      0.003452389035373926,
      0.001843059784732759,
      0.0005125997704453766,
      9.903690806822851e-05,
      1.4954302969272248e-05,
      1.8824766812031157e-06,
      2.0579237514084525e-07,
      2.0096088348964258e-08,
      1.7895288584313107e-09
    ],
    [
      0.0010805322090163827,
      0.000569642405025661,
      0.0001564220292493701,
      2.9832401196472347e-05,
      4.44577244707034e-06,
      5.52234155293263e-07,
      5.956091087000459e-08,
      5.737339936473518e-09,
      5.038936490286972e-10
    ]
  ],
  "probs_results": [
    0.18364374339580536,
    0.7205733060836792,
    0.09578309208154678
  ]
}