{
  "skills_mean": [
    [
      0.33234089612960815,
      0.9005423784255981
    ],
    [
      0.23204225301742554,
      0.5120283365249634
    ]
  ],
  "skills_cov": [
    [
      [
        0.018253840506076813,
        0.009892926551401615
      ],
      [
        0.009892926551401615,
        0.02057744935154915
      ]
    ],
    [
      [
        0.020060904324054718,
        0.011150465346872807
      ],
      [
        0.011150465346872807,
        0.02405659668147564
      ]
    ]
  ],
  "probs_grid": [
    [
      0.07299597561359406,
      0.07299359142780304,
      0.03792435675859451,
      0.013649514876306057,
      0.003828352550044656,
      0.0008924984722398221,
      0.0001801390026230365,
      3.237593045923859e-05,
      5.2890727602061816e-06
    ],
    [
      0.11463887989521027,
      0.11290263384580612,
      0.057764217257499695,
      0.020469974726438522,
      0.005652138032019138,
      0.0012970402603968978,
      0.00025765967438928783,
      4.557262946036644e-05,
      7.325842489080969e-06
    ],
    [
      0.09361905604600906,
      0.09079598635435104,
      0.045739319175481796,
      0.015957217663526535,
      0.0043371631763875484,
      0.000979594886302948,
      0.0001915090688271448,
      3.333106724312529e-05,
      5.271816917229444e-06
    ],
    [
      0.05300230532884598,
      0.05061447620391846,
      0.025102457031607628,
      0.00862076599150896,
      0.0023062319960445166,
      0.0005126272444613278,
      9.86175291473046e-05,
      1.6888003301573917e-05,
      2.6279108169546816e-06
    ],
    [
      0.02340097352862358,
      0.02200102061033249,
      0.010741288773715496,
      0.003630817634984851,
      0.0009559359168633819,
      0.00020909603335894644,
      3.957953231292777e-05,
      6.6684283410722855e-06,
      1.0208061667071888e-06
    ],
    [
      0.008593442849814892,
      0.007953522726893425,
      0.0038221043068915606,
      0.0012715348275378346,
      0.000329443602822721,
      7.090551662258804e-05,
      1.3205126379034482e-05,
      2.188724238294526e-06,
      3.2958431006591127e-07
    ],
    [
      0.0027338718064129353,
      0.0024906459730118513,
      0.0011779980268329382,
      0.0003856650728266686,
      9.832320210989565e-05,
      2.0821076759602875e-05,
      3.81479458155809e-06,
      6.219917736416392e-07,
      9.212704554784068e-08
    ],
    [
      0.0007749167853035033,
      0.0006948510417714715,
      0.0003234278119634837,
      0.00010419538739370182,
      2.6136925953323953e-05,
      5.445259830594296e-06,
      9.81436869551544e-07,
      1.5740290848498262e-07,
      2.2930594312242647e-08
    ],
    [
      0.00019975850591436028,
      0.00017628258501645178,
      8.074479410424829e-05,
      2.5595254555810243e-05,
      6.316774943115888e-06,
      1.2946363767696312e-06,
      2.295304994959224e-07,
      3.620779764901272e-08,
      5.1877613316264615e-09
    ]
  ],
  "probs_results": [
    0.24132609367370605,
    0.5189234614372253,
    0.23975032567977905
  ]
}