{
  "skills_mean": [
    [
      0.08165793120861053,
      0.7266110181808472
    ],
    [
      0.2875256836414337,
      0.8440068364143372
    ]
  ],
  "skills_cov": [
    [
      [
        0.027250396087765694,
        0.013392678461968899
      ],
      [
        0.013392678461968899,
        0.02443322353065014
      ]
    ],
    [
      [
        0.021164657548069954,
        0.011798657476902008
      ],
      [
        0.011798657476902008,
        0.025485659018158913
      ]
    ]
  ],
  "probs_grid": [
    [
      0.1140599176287651,
      0.14013874530792236,
      0.08983689546585083,
      0.040061045438051224,
      0.013978894799947739,
      0.0040709166787564754,
      0.0010305388132110238,
      0.00023322652850765735,
      4.81659262732137e-05
    ],
    [
      0.10345578193664551,
      0.12490655481815338,
      0.0786680355668068,
      0.034458719193935394,
      0.011808785609900951,
      0.003376815700903535,
      0.000839256274048239,
      0.000186449135071598,
      3.779343387577683e-05
    ],
    [
      0.04930255934596062,
      0.058476876467466354,
      0.0361742302775383,
      0.015560556203126907,
      0.005235808901488781,
      0.0014698432059958577,
      0.0003585753438528627,
      7.818258018232882e-05,
      1.555161907162983e-05
    ],
    [
      0.01645776256918907,
      0.019171537831425667,
      0.011645748279988766,
      0.004918321035802364,
      0.0016245462466031313,
      0.00044762357720173895,
      0.00010716611723182723,
      2.2928081307327375e-05,
      4.4746957428287715e-06
    ],
    [
      0.004328764509409666,
      0.004951273091137409,
      0.0029527267906814814,
      0.0012240586802363396,
      0.00039681143243797123,
      0.00010729349014582112,
      2.5204120902344584e-05,
      5.290349690767471e-06,
      1.012827965496399e-06
    ],
    [
      0.000956812989898026,
      0.0010743604507297277,
      0.0006288691074587405,
      0.0002558474079705775,
      8.138535486068577e-05,
      2.1590563846984878e-05,
      4.975533556716982e-06,
      1.0244302757200785e-06,
      1.92362037410021e-07
    ],
    [
      0.00018511265807319432,
      0.0002040043327724561,
      0.00011718401947291568,
      4.6778844989603385e-05,
      1.459891973354388e-05,
      3.7992076613591053e-06,
      8.587667821302603e-07,
      1.7341233160550473e-07,
      3.193283859559415e-08
    ],
    [
      3.2238200219580904e-05,
      3.486357309157029e-05,
      1.964902548934333e-05,
      7.694980922678951e-06,
      2.355661536057596e-06,
      6.012724611537124e-07,
      1.3328902070952608e-07,
      2.6393566443516647e-08,
      4.765579486587512e-09
    ],
    [
      5.15855708727031e-06,
      5.473327291838359e-06,
      3.0261346637416864e-06,
      1.1624423450484755e-06,
      3.4901552226074273e-07,
      8.736267886888527e-08,
      1.899019075324304e-08,
      3.6870040354131106e-09,
      6.52672138556909e-10
    ]
  ],
  "probs_results": [
    0.28048619627952576,
    0.27565643191337585,
    0.4438571333885193
  ]
}