{
  "skills_mean": [
    [
      0.6661374568939209,
      1.0979036092758179
    ],
    [
      -0.019796473905444145,
      0.2410956174135208
    ]
  ],
  "skills_cov": [
    [
      [
        0.02117806114256382,
        0.012512966059148312
      ],
      [
        0.012512966059148312,
        0.02802285924553871
      ]
    ],
    [
      [
        0.021095100790262222,
        0.010964189656078815
      ],
      [
        0.010964189656078815,
        0.02433096617460251
      ]
    ]
  ],
  "probs_grid": [
    [
      0.029782265424728394,
      0.019825700670480728,
      0.006911399308592081,
      0.0016822381876409054,
      0.00032160559203475714,
      5.150844299350865e-05,
      7.1987124101724476e-06,
      9.029427019413561e-07,
      1.0375774905924118e-07
    ],
    [
      0.08051814883947372,
      0.05269768834114075,
      0.01805812492966652,
      0.004319758620113134,
      0.0008114964584819973,
      0.00012769173190463334,
      1.753051947162021e-05,
      2.15970385397668e-06,
      2.437198247662309e-07
    ],
    [
      0.11329352855682373,
      0.07289592921733856,
      0.024552995339035988,
      0.005772122647613287,
      0.0010654552606865764,
      0.00016470857372041792,
      2.221208887931425e-05,
      2.6876336960413028e-06,
      2.978461282054923e-07
    ],
    [
      0.11059962958097458,
      0.06995674222707748,
      0.02315959334373474,
      0.0053504277020692825,
      0.0009703875402919948,
      0.00014737286255694926,
      1.952181992237456e-05,
      2.31991589316749e-06,
      2.5247047119592025e-07
    ],
    [
      0.08425838500261307,
      0.05238993093371391,
      0.017046399414539337,
      0.003869925159960985,
      0.000689610606059432,
      0.0001028862243401818,
      1.3386917089519557e-05,
      1.562415036460152e-06,
      1.6697265436960151e-07
    ],
    [
      0.05342334136366844,
      0.032651934772729874,
      0.010441531427204609,
      0.002329351846128702,
      0.0004078233032487333,
      5.977209730190225e-05,
      7.639000614290126e-06,
      8.756119882491475e-07,
      9.188989480435339e-08
    ],
    [
      0.029359737411141396,
      0.017638489603996277,
      0.005543412175029516,
      0.0012151817791163921,
      0.0002090293710352853,
      3.0095565307419747e-05,
      3.7779120702907676e-06,
      4.2528890276116726e-07,
      4.382745188991066e-08
    ],
    [
      0.014382223598659039,
      0.008492938242852688,
      0.0026231762021780014,
      0.0005650408565998077,
      9.549302922096103e-05,
      1.3506216419045813e-05,
      1.6653046941428329e-06,
      1.8411267888041039e-07,
      1.8631741482977304e-08
    ],
    [
      0.006409435998648405,
      0.0037202259991317987,
      0.00112924724817276,
      0.00023901629901956767,
      3.968667806475423e-05,
      5.514096301340032e-06,
      6.678009754068626e-07,
      7.250995537333438e-08,
      7.2057484423737606e-09
    ]
  ],
  "probs_results": [
    0.11398879438638687,
    0.82512366771698,
    0.06088723614811897
  ]
}