{
  "skills_mean": [
    [
      0.3510729968547821,
      0.6911845803260803
    ],
    [
      0.35536980628967285,
      0.7566040754318237
    ]
  ],
  "skills_cov": [
    [
      [
        0.01617484912276268,
        0.008908338844776154
      ],
      [
        0.008908338844776154,
        0.0221401434391737
      ]
    ],
    [
      [
        0.021031010895967484,
        0.012333248741924763
      ],
      [
        0.012333248741924763,
        0.026203157380223274
      ]
    ]
  ],
  "probs_grid": [
    [
      0.0681004598736763,
      0.09280218183994293,
      0.06582582741975784,
      0.032401639968156815,
      0.012450428679585457,
      0.0039832498878240585,
      0.0011051298351958394,
      0.0002734660520218313,
      6.160535849630833e-05
    ],
    [
      0.08708401769399643,
      0.11682723462581635,
      0.08156897127628326,
      0.039517227560281754,
      0.014943309128284454,
      0.0047043319791555405,
      0.00128419348038733,
      0.0003126366063952446,
      6.928490620339289e-05
    ],
    [
      0.05792930722236633,
      0.07649717479944229,
      0.0525672622025013,
      0.02506210282444954,
      0.00932551734149456,
      0.002888528862968087,
      0.0007757510174997151,
      0.00018578395247459412,
      4.0499624446965754e-05
    ],
    [
      0.026726065203547478,
      0.03473532944917679,
      0.023489899933338165,
      0.011019879952073097,
      0.004034428391605616,
      0.0012294059852138162,
      0.0003247980203013867,
      7.651330815861002e-05,
      1.640535811020527e-05
    ],
    [
      0.009619835764169693,
      0.012303948402404785,
      0.008187438361346722,
      0.0037791335489600897,
      0.0013611463364213705,
      0.00040802566218189895,
      0.00010603248665574938,
      2.4567629225202836e-05,
      5.1806287046929356e-06
    ],
    [
      0.0028813104145228863,
      0.0036262839566916227,
      0.002374185947701335,
      0.0010781188029795885,
      0.00038198582478798926,
      0.00011263181659160182,
      2.8787915653083473e-05,
      6.559945177286863e-06,
      1.3603679462903528e-06
    ],
    [
      0.0007479873020201921,
      0.00092622748343274,
      0.0005965954042039812,
      0.00026650194195099175,
      9.287787543144077e-05,
      2.6935334972222336e-05,
      6.7707164816965815e-06,
      1.5172539633567794e-06,
      3.093999225711741e-07
    ],
    [
      0.00017309178656432778,
      0.00021086903871037066,
      0.0001336121349595487,
      5.8708312280941755e-05,
      2.012371078308206e-05,
      5.739594143960858e-06,
      1.4188152590577374e-06,
      3.126458238966734e-07,
      6.268903263162429e-08
    ],
    [
      3.6446290323510766e-05,
      4.367826477391645e-05,
      2.722291355894413e-05,
      1.1764887858589645e-05,
      3.966081294493051e-06,
      1.1124164984721574e-06,
      2.704049677504372e-07,
      5.8589122886587575e-08,
      1.1550633338686112e-08
    ]
  ],
  "probs_results": [
    0.2500155568122864,
    0.35410746932029724,
    0.39587709307670593
  ]
}