{
  "skills_mean": [
    [
      0.3913765251636505,
      0.9736462235450745
    ],
    [
      0.5715786814689636,
      1.1818557977676392
    ]
  ],
  "skills_cov": [
    [
      [
        0.017470577731728554,
        0.009260072372853756
      ],
      [
        0.009260072372853756,
        0.019769102334976196
      ]
    ],
    [
      [
        0.017139900475740433,
        0.010362941771745682
      ],
      [
        0.010362941771745682,
        0.026231298223137856
      ]
    ]
  ],
  "probs_grid": [
    [
      0.11220011860132217,
      0.1429908275604248,
      0.09435199201107025,
      0.04297724738717079,
      0.015201983042061329,
      0.0044539007358253,
      0.0011258042650297284,
      0.00025250870385207236,
      5.129907367518172e-05
    ],
    [
      0.09888431429862976,
      0.12441346794366837,
      0.0810319036245346,
      0.036426179111003876,
      0.012713742442429066,
      0.0036748808342963457,
      0.0009162842179648578,
      0.0002026966685662046,
      4.060916762682609e-05
    ],
    [
      0.045424845069646835,
      0.05640902742743492,
      0.036255888640880585,
      0.016080781817436218,
      0.005536951124668121,
      0.0015786311123520136,
      0.00038819233304820955,
      8.468078885925934e-05,
      1.6727435649954714e-05
    ],
    [
      0.014501216821372509,
      0.01776931807398796,
      0.011267909780144691,
      0.004930022172629833,
      0.0016742761945351958,
      0.00047075169277377427,
      0.0001141448228736408,
      2.454926652717404e-05,
      4.780526978720445e-06
    ],
    [
      0.0036189788952469826,
      0.0043748728930950165,
      0.0027364480774849653,
      0.001180812600068748,
      0.00039544751052744687,
      0.00010962957458104938,
      2.6206756956526078e-05,
      5.556049018196063e-06,
      1.0664140290828072e-06
    ],
    [
      0.0007530749426223338,
      0.0008979212725535035,
      0.0005538869882002473,
      0.00023567797325085849,
      7.781734893796965e-05,
      2.1267333067953587e-05,
      5.011252596887061e-06,
      1.047127511810686e-06,
      1.9806822137979907e-07
    ],
    [
      0.00013610058522317559,
      0.0001600271207280457,
      9.733173646964133e-05,
      4.082977829966694e-05,
      1.3289490198076237e-05,
      3.5798911994788796e-06,
      8.313454031849687e-07,
      1.7118618700351362e-07,
      3.190623942828097e-08
    ],
    [
      2.1971294700051658e-05,
      2.5470691980444826e-05,
      1.527219319541473e-05,
      6.315004156931536e-06,
      2.025848289122223e-06,
      5.378047376325412e-07,
      1.2306911401083198e-07,
      2.496935991302962e-08,
      4.585060775497141e-09
    ],
    [
      3.2340592497348553e-06,
      3.6957935662940145e-06,
      2.184208824473899e-06,
      8.901139949557546e-07,
      2.813929143030691e-07,
      7.360757336982715e-08,
      1.659576120971451e-08,
      3.3171612123794603e-09,
      6.000371866043963e-10
    ]
  ],
  "probs_results": [
    0.278224915266037,
    0.2592266798019409,
    0.4625481963157654
  ]
}