{
  "skills_mean": [
    [
      -0.19766104221343994,
      0.4817623496055603
    ],
    [
      0.22490526735782623,
      0.6896761059761047
    ]
  ],
  "skills_cov": [
    [
      [
        0.021678099408745766,
        0.012055984698235989
      ],
      [
        0.012055984698235989,
        0.025916602462530136
      ]
    ],
    [
      [
        0.02092882990837097,
        0.012450570240616798
      ],
      [
        0.012450570240616798,
        0.026650909334421158
      ]
    ]
  ],
  "probs_grid": [
    [
      0.09962420910596848,
      0.1447315663099289,
      0.10978779941797256,
      0.05797295644879341,
      0.023970521986484528,
      0.008277208544313908,
      0.0024860871490091085,
      0.0006679603247903287,
      0.00016386288916692138
    ],
    [
      0.08066029101610184,
      0.11519645154476166,
      0.08588719367980957,
      0.04456787928938866,
      0.018106115981936455,
      0.006142109166830778,
      0.0018120722379535437,
      0.00047816772712394595,
      0.00011519413237692788
    ],
    [
      0.034179627895355225,
      0.04797554016113281,
      0.03514843061566353,
      0.01791946217417717,
      0.007151343394070864,
      0.0023827499244362116,
      0.0006903650937601924,
      0.00017888522415887564,
      4.231251296005212e-05
    ],
    [
      0.010106418281793594,
      0.013938677497208118,
      0.010032477788627148,
      0.005024136509746313,
      0.0019692324567586184,
      0.0006443229503929615,
      0.00018330206512473524,
      4.663140862248838e-05,
      1.082791368389735e-05
    ],
    [
      0.002345695160329342,
      0.0031781361903995275,
      0.0022468252573162317,
      0.0011050216853618622,
      0.0004253016668371856,
      0.00013662844139616936,
      3.815873424173333e-05,
      9.529037015454378e-06,
      2.1717921754316194e-06
    ],
    [
      0.00045581237645819783,
      0.0006065606721676886,
      0.0004211106279399246,
      0.00020335969747975469,
      7.684307638555765e-05,
      2.4233318981714547e-05,
      6.643298092967598e-06,
      1.6282270962619805e-06,
      3.6418524018699827e-07
    ],
    [
      7.723875751253217e-05,
      0.00010093149467138574,
      6.880088039906695e-05,
      3.261775054852478e-05,
      1.209859510709066e-05,
      3.744875812117243e-06,
      1.0075337968373788e-06,
      2.423277294383297e-07,
      5.318473839110993e-08
    ],
    [
      1.1738646207959391e-05,
      1.5060330952110235e-05,
      1.0077957085741218e-05,
      4.689780325861648e-06,
      1.7072849232135923e-06,
      5.186058160688845e-07,
      1.3691416711480997e-07,
      3.231052048136007e-08,
      6.957385334516175e-09
    ],
    [
      1.6332448922184994e-06,
      2.05693140742369e-06,
      1.3510104963643244e-06,
      6.170092206048139e-07,
      2.204214979428798e-07,
      6.569815269585888e-08,
      1.701743279625134e-08,
      3.9398946327651174e-09,
      8.322436073626704e-10
    ]
  ],
  "probs_results": [
    0.25546860694885254,
    0.20789794623851776,
    0.5366335511207581
  ]
}