{
  "skills_mean": [
    [
      0.4423699975013733,
      0.6974166035652161
    ],
    [
      -0.08250663429498672,
      0.3122340142726898
    ]
  ],
  "skills_cov": [
    [
      [
        0.018334684893488884,
        0.00978930201381445
      ],
      [
        0.00978930201381445,
        0.020432867109775543
      ]
    ],
    [
      [
        0.022820662707090378,
        0.010502871125936508
      ],
      [
        0.010502871125936508,
        0.020431673154234886
      ]
    ]
  ],
  "probs_grid": [
    [
      0.04606897383928299,
      0.04171765223145485,
      0.01967591792345047,
      0.006444192491471767,
      0.0016487318789586425,
      0.00035146495793014765,
      6.50229339953512e-05,
      1.0737688171502668e-05,
      1.6156243418663507e-06
    ],
    [
      0.09672344475984573,
      0.08628585934638977,
      0.04008558765053749,
      0.01292997132986784,
      0.0032576038502156734,
      0.000683750316966325,
      0.00012453719682525843,
      2.024484274443239e-05,
      2.9982761589053553e-06
    ],
    [
      0.10520166158676147,
      0.0924469605088234,
      0.04230032116174698,
      0.013436858542263508,
      0.0033334235195070505,
      0.0006888587959110737,
      0.00012351672921795398,
      1.9764644093811512e-05,
      2.8810611638618866e-06
    ],
    [
      0.07902773469686508,
      0.06840380281209946,
      0.03082505241036415,
      0.009642195887863636,
      0.00235523609444499,
      0.0004791714309249073,
      8.457795047434047e-05,
      1.3321339793037623e-05,
      1.911161689349683e-06
    ],
    [
      0.04612262547016144,
      0.039320219308137894,
      0.017449581995606422,
      0.005374645348638296,
      0.0012925592018291354,
      0.00025888215168379247,
      4.4979839003644884e-05,
      6.972952178330161e-06,
      9.845432487054495e-07
    ],
    [
      0.02230546623468399,
      0.0187278650701046,
      0.008184240199625492,
      0.002482060343027115,
      0.0005876703071407974,
      0.00011586706386879086,
      1.9815604900941253e-05,
      3.023406861757394e-06,
      4.2011353684756614e-07
    ],
    [
      0.009310153312981129,
      0.007698110304772854,
      0.0033126226626336575,
      0.0009891324443742633,
      0.00023055632482282817,
      4.4746608182322234e-05,
      7.532200015702983e-06,
      1.1310606851111515e-06,
      1.5466535785435553e-07
    ],
    [
      0.0034493666607886553,
      0.002808633027598262,
      0.0011900383979082108,
      0.0003498425066936761,
      8.027472358662635e-05,
      1.533566137368325e-05,
      2.5407593966519926e-06,
      3.754811075395992e-07,
      5.0526548278639893e-08
    ],
    [
      0.0011578920530155301,
      0.0009283937979489565,
      0.000387308798963204,
      0.00011209385411348194,
      2.531956670281943e-05,
      4.761082436743891e-06,
      7.763421194795228e-07,
      1.1290825341347954e-07,
      1.495099333226335e-08
    ]
  ],
  "probs_results": [
    0.18591991066932678,
    0.6660196185112,
    0.14806018769741058
  ]
}