{
  "skills_mean": [
    [
      -0.22677063941955566,
      0.47185736894607544
    ],
    [
      0.287963330745697,
      0.9286221861839294
    ]
  ],
  "skills_cov": [
    [
      [
        0.019392259418964386,
        0.00978855974972248
      ],
      [
        0.00978855974972248,
        0.019820544868707657
      ]
    ],
    [
      [
        0.02331341989338398,
        0.01365861389786005
      ],
      [
        0.01365861389786005,
        0.027078935876488686
      ]
    ]
  ],
  "probs_grid": [
    [
      0.10807546228170395,
      0.16791822016239166,
      0.1357770562171936,
      0.07617435604333878,
      0.03335440531373024,
      0.012157432734966278,
      0.003841982688754797,
      0.0010826278012245893,
      0.00027766250423155725
    ],
    [
      0.06761480867862701,
      0.10345717519521713,
      0.08236517012119293,
      0.04548754543066025,
      0.019602922722697258,
      0.007030990440398455,
      0.0021860767155885696,
      0.0006059792940504849,
      0.0001528629509266466
    ],
    [
      0.022110190242528915,
      0.03330620378255844,
      0.02609970048069954,
      0.014185037463903427,
      0.006014905869960785,
      0.002122379606589675,
      0.0006490884115919471,
      0.00017695638234727085,
      4.3895845010410994e-05
    ],
    [
      0.005038473289459944,
      0.007469963748008013,
      0.005760177504271269,
      0.0030800846870988607,
      0.0012847604230046272,
      0.0004458735347725451,
      0.00013409912935458124,
      3.594712325138971e-05,
      8.766853170527611e-06
    ],
    [
      0.000900107144843787,
      0.0013130478328093886,
      0.0009960720781236887,
      0.0005238907760940492,
      0.0002149108040612191,
      7.334058318519965e-05,
      2.1686932086595334e-05,
      5.7150787142745685e-06,
      1.3700547469852609e-06
    ],
    [
      0.00013445747026707977,
      0.00019294099183753133,
      0.00014395266771316528,
      7.445437222486362e-05,
      3.00308529403992e-05,
      1.0075268619402777e-05,
      2.9285988603078295e-06,
      7.585495040984824e-07,
      1.7871185775675258e-07
    ],
    [
      1.749353759805672e-05,
      2.4686714823474176e-05,
      1.811095353332348e-05,
      9.209472409565933e-06,
      3.6515621104626916e-06,
      1.2041519994454575e-06,
      3.439922693360131e-07,
      8.755699809626094e-08,
      2.026914280861547e-08
    ],
    [
      2.0388390566949965e-06,
      2.8288736757531296e-06,
      2.0402230802574195e-06,
      1.0197683195656282e-06,
      3.9739600765642535e-07,
      1.2878201971489034e-07,
      3.614977472921055e-08,
      9.0403950991913e-09,
      2.0560395608271165e-09
    ],
    [
      2.1728565968714975e-07,
      2.963542158340715e-07,
      2.1007279826790182e-07,
      1.0318984067225756e-07,
      3.951420524117566e-08,
      1.2581529595934171e-08,
      3.4696794326549707e-09,
      8.523861616538397e-10,
      1.9041818122289556e-10
    ]
  ],
  "probs_results": [
    0.24097318947315216,
    0.1457139402627945,
    0.6133131980895996
  ]
}