{
  "skills_mean": [
    [
      0.47305113077163696,
      0.8006862998008728
    ],
    [
      -0.09936945140361786,
      0.329349547624588
    ]
  ],
  "skills_cov": [
    [
      [
        0.020014844834804535,
        0.01096013467758894
      ],
      [
        0.01096013467758894,
        0.0231618732213974
      ]
    ],
    [
      [
        0.023917706683278084,
        0.011363341473042965
      ],
      [
        0.011363341473042965,
        0.021539637818932533
      ]
    ]
  ],
  "probs_grid": [
    [
      0.04960748180747032,
      0.040136657655239105,
      0.016974087804555893,
      0.005002602934837341,
      0.0011558334808796644,
      0.00022329759667627513,
      3.7571666325675324e-05,
      5.662750481860712e-06,
      7.803804464856512e-07
    ],
    [
      0.10497547686100006,
      0.08355769515037537,
      0.03475840762257576,
      0.010074546560645103,
      0.0022888293024152517,
      0.00043473741970956326,
      7.190657197497785e-05,
      1.0652343917172402e-05,
      1.4427187124965712e-06
    ],
    [
      0.11534475535154343,
      0.09031577408313751,
      0.03695135563611984,
      0.010532228276133537,
      0.002352701034396887,
      0.00043931667460128665,
      7.14264388079755e-05,
      1.0399709026387427e-05,
      1.3841817008142243e-06
    ],
    [
      0.08773376792669296,
      0.067571721971035,
      0.02718902938067913,
      0.007620410528033972,
      0.0016736187972128391,
      0.00030721313669346273,
      4.9095036956714466e-05,
      7.025284503470175e-06,
      9.188638045998232e-07
    ],
    [
      0.051963284611701965,
      0.03936373069882393,
      0.015576070174574852,
      0.004292504861950874,
      0.0009268217836506665,
      0.0001672357029747218,
      2.6267725843354128e-05,
      3.693972303153714e-06,
      4.7476427766923734e-07
    ],
    [
      0.025560155510902405,
      0.01904304139316082,
      0.007409774698317051,
      0.0020077156368643045,
      0.0004261599970050156,
      7.558489596704021e-05,
      1.1668239494611043e-05,
      1.6125161437230418e-06,
      2.0364315389542753e-07
    ],
    [
      0.010875316336750984,
      0.007968243211507797,
      0.0030487021431326866,
      0.000812148442491889,
      0.0001694617239991203,
      2.9542370612034574e-05,
      4.482044005271746e-06,
      6.086776238589664e-07,
      7.553021674766569e-08
    ],
    [
      0.0041163405403494835,
      0.0029659054707735777,
      0.0011157657718285918,
      0.0002922117128036916,
      5.993527520331554e-05,
      1.0269573976984248e-05,
      1.5311912875404232e-06,
      2.0433382985629578e-07,
      2.491317907526991e-08
    ],
    [
      0.0014147157780826092,
      0.0010023533832281828,
      0.000370750785805285,
      9.545416833134368e-05,
      1.92448242160026e-05,
      3.240906607970828e-06,
      4.7487336019003124e-07,
      6.226977689038904e-08,
      7.459536099929664e-09
    ]
  ],
  "probs_results": [
    0.17897267639636993,
    0.6940311193466187,
    0.12699642777442932
  ]
}