{
  "skills_mean": [
    [
      0.2084842026233673,
      0.6148957014083862
    ],
    [
      0.31203481554985046,
      1.1736291646957397
    ]
  ],
  "skills_cov": [
    [
      [
        0.022442344576120377,
        0.011375254951417446
      ],
      [
        0.011375254951417446,
        0.02269761823117733
      ]
    ],
    [
      [
        0.014887088909745216,
        0.00859308522194624
      ],
      [
        0.00859308522194624,
        0.02455795370042324
      ]
    ]
  ],
  "probs_grid": [
    [
      0.113212950527668,
      0.1581221967935562,
      0.11440110206604004,
      0.0571637824177742,
      0.022191708907485008,
      0.0071390550583601,
      0.001982298446819186,
      0.0004886320675723255,
      0.00010914477752521634
    ],
    [
      0.08445673435926437,
      0.11646892875432968,
      0.08318408578634262,
      0.041024401783943176,
      0.015716152265667915,
      0.004988339729607105,
      0.0013663904974237084,
      0.0003322096017654985,
      7.318043935811147e-05
    ],
    [
      0.03294750675559044,
      0.044847916811704636,
      0.03161097317934036,
      0.015382613055408001,
      0.0058136992156505585,
      0.001820172881707549,
      0.0004917203332297504,
      0.00011789104610215873,
      2.5605357222957537e-05
    ],
    [
      0.008961314335465431,
      0.012036739848554134,
      0.008370454423129559,
      0.004018063191324472,
      0.0014977824175730348,
      0.00046244103577919304,
      0.00012318245717324317,
      2.9116734367562458e-05,
      6.234052762010833e-06
    ],
    [
      0.0019116399344056845,
      0.0025330341886729,
      0.0017374522285535932,
      0.0008225231431424618,
      0.00030233379220589995,
      9.203288936987519e-05,
      2.4167402443708852e-05,
      5.630741725326516e-06,
      1.1881892305609654e-06
    ],
    [
      0.0003411330690141767,
      0.00044580522808246315,
      0.0003015375114046037,
      0.0001407479721819982,
      5.100238922750577e-05,
      1.530394729343243e-05,
      3.960919002565788e-06,
      9.094690085476032e-07,
      1.891119154606713e-07
    ],
    [
      5.3042316721985117e-05,
      6.834778469055891e-05,
      4.5576893171528354e-05,
      2.0970828700228594e-05,
      7.490004463761579e-06,
      2.214946789536043e-06,
      5.649072249980236e-07,
      1.2780448344074102e-07,
      2.6182519263784343e-08
    ],
    [
      7.390996415779227e-06,
      9.388306352775544e-06,
      6.170743290567771e-06,
      2.7982619030808564e-06,
      9.848872650763951e-07,
      2.8698138976324117e-07,
      7.211244223981339e-08,
      1.6072359443342066e-08,
      3.243442181499745e-09
    ],
    [
      9.420756441613776e-07,
      1.179397372652602e-06,
      7.639278010174166e-07,
      3.4134859561163466e-07,
      1.1837141045134558e-07,
      3.397996550802418e-08,
      8.41097946846503e-09,
      1.8464814122154394e-09,
      3.669977099995947e-10
    ]
  ],
  "probs_results": [
    0.26564401388168335,
    0.20014485716819763,
    0.5342112183570862
  ]
}