{
  "skills_mean": [
    [
      0.42714932560920715,
      0.6945468783378601
    ],
    [
      0.3944756090641022,
      0.5961092710494995
    ]
  ],
  "skills_cov": [
    [
      [
        0.019149012863636017,
        0.01050264947116375
      ],
      [
        0.01050264947116375,
        0.0213925801217556
      ]
    ],
    [
      [
        0.02065821923315525,
        0.010802747681736946
      ],
      [
        0.010802747681736946,
        0.021899579092860222
      ]
    ]
  ],
  "probs_grid": [
    [
      0.04610521346330643,
      0.06547299772500992,
      0.04833719879388809,
      0.02473505400121212,
      0.009869013912975788,
      0.00327458162792027,
      0.0009411294595338404,
      0.00024096251581795514,
      5.610098742181435e-05
    ],
    [
      0.07386743277311325,
      0.10320284217596054,
      0.07495471835136414,
      0.03772962465882301,
      0.014806834049522877,
      0.004832062404602766,
      0.001365796779282391,
      0.00034389077336527407,
      7.873214781284332e-05
    ],
    [
      0.06145915016531944,
      0.08447293192148209,
      0.060350410640239716,
      0.029880279675126076,
      0.011533292010426521,
      0.003701543901115656,
      0.0010288892081007361,
      0.00025474774884060025,
      5.734911246690899e-05
    ],
    [
      0.035404108464717865,
      0.04786801338195801,
      0.03363824263215065,
      0.016380587592720985,
      0.00621812092140317,
      0.001962553011253476,
      0.0005364304524846375,
      0.00013059828779660165,
      2.890776886488311e-05
    ],
    [
      0.01588437333703041,
      0.021124839782714844,
      0.014600859023630619,
      0.006992618087679148,
      0.0026103868149220943,
      0.0008101675775833428,
      0.0002177455899072811,
      5.212339237914421e-05,
      1.1343528058205266e-05
    ],
    [
      0.005920056719332933,
      0.0077437967993319035,
      0.005263932980597019,
      0.002479204908013344,
      0.000910100294277072,
      0.00027774370391853154,
      7.339716103160754e-05,
      1.727432209008839e-05,
      3.6960198031010805e-06
    ],
    [
      0.0019090155838057399,
      0.002455940470099449,
      0.001641808426938951,
      0.000760400842409581,
      0.00027447930187918246,
      8.2362414104864e-05,
      2.1399560864665546e-05,
      4.951599294145126e-06,
      1.0415445785838529e-06
    ],
    [
      0.0005477903760038316,
      0.000693076173774898,
      0.00045563033199869096,
      0.00020750593103002757,
      7.364922930719331e-05,
      2.172868698835373e-05,
      5.55049700778909e-06,
      1.2626236411961145e-06,
      2.6108895667675824e-07
    ],
    [
      0.0001427753159077838,
      0.0001776470016920939,
      0.00011484113929327577,
      5.14274652232416e-05,
      1.794676427380182e-05,
      5.205713932809886e-06,
      1.3073298532617628e-06,
      2.9235656029413803e-07,
      5.942845859863155e-08
    ]
  ],
  "probs_results": [
    0.228999525308609,
    0.42736271023750305,
    0.3436378836631775
  ]
}