{
  "skills_mean": [
    [
      0.2495647370815277,
      0.783097505569458
    ],
    [
      0.47296610474586487,
      0.800542414188385
    ]
  ],
  "skills_cov": [
    [
      [
        0.020587695762515068,
        0.011176152154803276
      ],
      [
        0.011176152154803276,
        0.02353557199239731
      ]
    ],
    [
      [
        0.02016514725983143,
        0.011081512086093426
      ],
      [
        0.011081512086093426,
        0.023311041295528412
      ]
    ]
  ],
  "probs_grid": [
    [
      0.07811145484447479,
      0.1087612509727478,
      0.07885948568582535,
      0.039696626365184784,
      0.015605783089995384,
      0.0051101744174957275,
      0.0014517409726977348,
      0.00036798909422941506,
      8.495346992276609e-05
    ],
    [
      0.08706685900688171,
      0.11928011476993561,
      0.08508305251598358,
      0.04212906211614609,
      0.016289211809635162,
      0.005245513748377562,
      0.0014653250109404325,
      0.000365199928637594,
      8.288759272545576e-05
    ],
    [
      0.050565093755722046,
      0.06814813613891602,
      0.047814562916755676,
      0.023285018280148506,
      0.008853665553033352,
      0.0028034523129463196,
      0.0007699781563133001,
      0.00018865795573219657,
      4.2091844079550356e-05
    ],
    [
      0.020399319007992744,
      0.027042295783758163,
      0.018660372123122215,
      0.008936287835240364,
      0.003341004019603133,
      0.0010401034960523248,
      0.00028083479264751077,
      6.763935380149633e-05,
      1.48333665492828e-05
    ],
    [
      0.0064308480359613895,
      0.008384188637137413,
      0.005689208395779133,
      0.0026788893155753613,
      0.0009846823522821069,
      0.00030135316774249077,
      7.998189539648592e-05,
      1.893418448162265e-05,
      4.08094410886406e-06
    ],
    [
      0.0016896743327379227,
      0.0021662309300154448,
      0.0014452937757596374,
      0.0006690744194202125,
      0.00024176237639039755,
      7.272806396940723e-05,
      1.8972090401803143e-05,
      4.4140110730950255e-06,
      9.349320180263021e-07
    ],
    [
      0.00038540104287676513,
      0.00048581574810668826,
      0.0003186645917594433,
      0.00014501727127935737,
      5.1506423915270716e-05,
      1.5228770280373283e-05,
      3.904211098415544e-06,
      8.926363648242841e-07,
      1.8578690230697248e-07
    ],
    [
      7.848668610677123e-05,
      9.726639837026596e-05,
      6.27176123089157e-05,
      2.8054259018972516e-05,
      9.793218850973062e-06,
      2.8456267955334624e-06,
      7.169064701884054e-07,
      1.6106065459098318e-07,
      3.293724404329623e-08
    ],
    [
      1.456696008972358e-05,
      1.7745926015777513e-05,
      1.124725258705439e-05,
      4.94467622047523e-06,
      1.6963275584203075e-06,
      4.843658416575636e-07,
      1.1990505299763754e-07,
      2.6467620983794404e-08,
      5.317851492492309e-09
    ]
  ],
  "probs_results": [
    0.2552220821380615,
    0.30303114652633667,
    0.4417467713356018
  ]
}