{
  "skills_mean": [
    [
      0.005025704391300678,
      0.7240586280822754
    ],
    [
      0.2193765640258789,
      0.83387291431427
    ]
  ],
  "skills_cov": [
    [
      [
        0.018364926800131798,
        0.009283716790378094
      ],
      [
        0.009283716790378094,
        0.021707959473133087
      ]
    ],
    [
      [
        0.021120470017194748,
        0.01213102601468563
      ],
      [
        0.01213102601468563,
        0.02780860662460327
      ]
    ]
  ],
  "probs_grid": [
    [
      0.13121093809604645,
      0.1511133313179016,
      0.0906052365899086,
      0.03770753741264343,
      0.012253115884959698,
      0.0033159099984914064,
      0.0007783737382851541,
      0.0001630051847314462,
      3.1085506634553894e-05
    ],
    [
      0.11130404472351074,
      0.1264503449201584,
      0.07477137446403503,
      0.03068101592361927,
      0.009827636182308197,
      0.002621033461764455,
      0.0006062311003915966,
      0.00012506867642514408,
      2.3492279069614597e-05
    ],
    [
      0.049327459186315536,
      0.05526385456323624,
      0.032217882573604584,
      0.013030915521085262,
      0.004113440401852131,
      0.0010809189407154918,
      0.0002462869742885232,
      5.0044633098877966e-05,
      9.256951670977287e-06
    ],
    [
      0.015226932242512703,
      0.016818365082144737,
      0.009664137847721577,
      0.0038518873043358326,
      0.0011979847913607955,
      0.000310103059746325,
      6.958968151593581e-05,
      1.392451213177992e-05,
      2.5359540813951753e-06
    ],
    [
      0.003683023154735565,
      0.004009378142654896,
      0.002270225901156664,
      0.0008914740174077451,
      0.00027310868608765304,
      6.962484621908516e-05,
      1.538529795652721e-05,
      3.0309363410196966e-06,
      5.433890919448459e-07
    ],
    [
      0.0007444923394359648,
      0.0007985907723195851,
      0.000445476733148098,
      0.00017230396042577922,
      5.1985087338835e-05,
      1.3049499102635309e-05,
      2.838935643012519e-06,
      5.505332296706911e-07,
      9.714387516623901e-08
    ],
    [
      0.0001310013176407665,
      0.00013842896441929042,
      7.605690916534513e-05,
      2.8969900085940026e-05,
      8.605970833741594e-06,
      2.126758090525982e-06,
      4.554295571779221e-07,
      8.692236264096209e-08,
      1.5093535310484185e-08
    ],
    [
      2.0637144189095125e-05,
      2.147785562556237e-05,
      1.1620417353697121e-05,
      4.357941634225426e-06,
      1.2744429795930046e-06,
      3.100018375334912e-07,
      6.533321794677249e-08,
      1.227033319395332e-08,
      2.096405049556438e-09
    ],
    [
      2.9709831323998515e-06,
      3.0446742584899766e-06,
      1.6218265272982535e-06,
      5.987330382595246e-07,
      1.7233814730843733e-07,
      4.125495678408697e-08,
      8.55545856381923e-09,
      1.5809221709517374e-09,
      2.6572113953626797e-10
    ]
  ],
  "probs_results": [
    0.2940225601196289,
    0.2711296081542969,
    0.43484780192375183
  ]
}