{
  "skills_mean": [
    [
      -0.3065589368343353,
      0.02519363723695278
    ],
    [
      0.10859686136245728,
      0.7138037085533142
    ]
  ],
  "skills_cov": [
    [
      [
        0.0216231606900692,
        0.010205082595348358
      ],
      [
        0.010205082595348358,
        0.022476447746157646
      ]
    ],
    [
      [
        0.020033277571201324,
        0.010853089392185211
      ],
      [
        0.010853089392185211,
        0.024138914421200752
      ]
    ]
  ],
  "probs_grid": [
    [
      0.0617358572781086,
      0.12308783829212189,
      0.1275617480278015,
      0.09160947799682617,
      0.05128331109881401,
      0.023867156356573105,
      0.009618055075407028,
      0.0034515331499278545,
      0.0011258262675255537
    ],
    [
      0.0442686565220356,
      0.08697465807199478,
      0.0888095423579216,
      0.06283306330442429,
      0.03464842587709427,
      0.015882650390267372,
      0.006303516216576099,
      0.0022276341915130615,
      0.0007154927588999271
    ],
    [
      0.016577372327446938,
      0.032087575644254684,
      0.032275691628456116,
      0.022491972893476486,
      0.012215216644108295,
      0.005514129996299744,
      0.0021549437660723925,
      0.0007498273625969887,
      0.00023711289395578206
    ],
    [
      0.004322279244661331,
      0.008240810595452785,
      0.008163867518305779,
      0.005602611228823662,
      0.0029961569234728813,
      0.0013316889526322484,
      0.0005123763694427907,
      0.0001755133125698194,
      5.463504930958152e-05
    ],
    [
      0.000882709224242717,
      0.0016573989996686578,
      0.001616813475266099,
      0.0010924964444711804,
      0.0005752032739110291,
      0.0002516818349249661,
      9.532299009151757e-05,
      3.214025855413638e-05,
      9.847264664131217e-06
    ],
    [
      0.00015060337318573147,
      0.00027843061252497137,
      0.00026741239707916975,
      0.00017788299010135233,
      9.219197818310931e-05,
      3.9705337258055806e-05,
      1.480098126194207e-05,
      4.9114596549770795e-06,
      1.4808862260906608e-06
    ],
    [
      2.2359725335263647e-05,
      4.069557326147333e-05,
      3.8474390748888254e-05,
      2.5191226086462848e-05,
      1.284990048588952e-05,
      5.446495379146654e-06,
      1.9979906937805936e-06,
      6.524152240672265e-07,
      1.9356323832653288e-07
    ],
    [
      2.971135245388723e-06,
      5.322687684383709e-06,
      4.952772997057764e-06,
      3.1914305509417318e-06,
      1.6020106841097004e-06,
      6.68166308059881e-07,
      2.4117798602674156e-07,
      7.748588615186236e-08,
      2.2618104722482713e-08
    ],
    [
      3.6068502140551573e-07,
      6.359148301271489e-07,
      5.822982416248124e-07,
      3.692167354074627e-07,
      1.823611484041976e-07,
      7.483367880922742e-08,
      2.6574953793101486e-08,
      8.399598350194992e-09,
      2.4119861663507436e-09
    ]
  ],
  "probs_results": [
    0.18737103044986725,
    0.1201486587524414,
    0.6924805045127869
  ]
}