{
  "skills_mean": [
    [
      -0.2835526466369629,
      0.08937598019838333
    ],
    [
      0.09102276712656021,
      0.681390106678009
    ]
  ],
  "skills_cov": [
    [
      [
        0.022198479622602463,
        0.011103112250566483
      ],
      [
        0.011103112250566483,
        0.024307917803525925
      ]
    ],
    [
      [
        0.02033102884888649,
        0.011226169764995575
      ],
      [
        0.011226169764995575,
        0.024822870269417763
      ]
    ]
  ],
  "probs_grid": [
    [
      0.06934851408004761,
      0.12806247174739838,
      0.1231686919927597,
      0.0822538435459137,
      0.04290280118584633,
      0.01864054799079895,
      0.007026564329862595,
      0.0023632575757801533,
      0.0007238578982651234
    ],
    [
      0.052406977862119675,
      0.09526859223842621,
      0.090186707675457,
      0.05927293747663498,
      0.03042229264974594,
      0.013005389831960201,
      0.00482306070625782,
      0.001595756271854043,
      0.0004807831428479403
    ],
    [
      0.020704451948404312,
      0.03704286366701126,
      0.0345081128180027,
      0.02231549844145775,
      0.011268488131463528,
      0.004738888703286648,
      0.0017286826623603702,
      0.0005625517223961651,
      0.00016669242177158594
    ],
    [
      0.005701314192265272,
      0.010037052445113659,
      0.009199429303407669,
      0.005852425470948219,
      0.0029069671873003244,
      0.0012024182360619307,
      0.0004313820390962064,
      0.00013805220078211278,
      4.0225502743851393e-05
    ],
    [
      0.0012309764279052615,
      0.002131995977833867,
      0.0019221981056034565,
      0.0012027780758216977,
      0.0005875717615708709,
      0.0002390066656516865,
      8.43171656015329e-05,
      2.653177216416225e-05,
      7.60091324991663e-06
    ],
    [
      0.00022227397130336612,
      0.0003786614688578993,
      0.00033577129943296313,
      0.0002066189917968586,
      9.925376070896164e-05,
      3.969744284404442e-05,
      1.3769037650490645e-05,
      4.25952111982042e-06,
      1.1996145303783123e-06
    ],
    [
      3.4961583878612146e-05,
      5.857389987795614e-05,
      5.1074675866402686e-05,
      3.0903163860784844e-05,
      1.4595362699765246e-05,
      5.738967047363985e-06,
      1.95681104742107e-06,
      5.950505510554649e-07,
      1.6472512243126403e-07
    ],
    [
      4.9267641770711634e-06,
      8.116244316624943e-06,
      6.958220183150843e-06,
      4.13905581808649e-06,
      1.921703187690582e-06,
      7.427599939546781e-07,
      2.489317125764501e-07,
      7.44007948583203e-08,
      2.0242053366814616e-08
    ],
    [
      6.34926095699484e-07,
      1.0283262099619606e-06,
      8.666668236401165e-07,
      5.067578285888885e-07,
      2.3125978998450591e-07,
      8.785154648194293e-08,
      2.8936314677707742e-08,
      8.499252857063766e-09,
      2.272364518773884e-09
    ]
  ],
  "probs_results": [
    0.20571760833263397,
    0.14312592148780823,
    0.6511566042900085
  ]
}