{
  "skills_mean": [
    [
      0.5597845315933228,
      0.9670400619506836
    ],
    [
      -0.15815070271492004,
      0.5479974746704102
    ]
  ],
  "skills_cov": [
    [
      [
        0.019846944138407707,
        0.012024595402181149
      ],
      [
        0.012024595402181149,
        0.02688140980899334
      ]
    ],
    [
      [
        0.021485114470124245,
        0.011024011299014091
      ],
      [
        0.011024011299014091,
        0.023599611595273018
      ]
    ]
  ],
  "probs_grid": [
    [
      0.07598400861024857,
      0.04924411699175835,
      0.01670815609395504,
      0.003956958651542664,
      0.0007358381990343332,
      0.00011460253153927624,
      1.5570378309348598e-05,
      1.8980346112584812e-06,
      2.119016215829106e-07
    ],
    [
      0.14160673320293427,
      0.09033343195915222,
      0.030160563066601753,
      0.0070271603763103485,
      0.0012853016378358006,
      0.00019684502331074327,
      2.6293339033145458e-05,
      3.150512611682643e-06,
      3.4566969020488614e-07
    ],
    [
      0.13730888068675995,
      0.08620404452085495,
      0.02831866592168808,
      0.0064902761951088905,
      0.0011674549896270037,
      0.00017579983978066593,
      2.3084003260009922e-05,
      2.7185405997443013e-06,
      2.9310814397831564e-07
    ],
    [
      0.09235358238220215,
      0.05705372989177704,
      0.018438491970300674,
      0.0041563548147678375,
      0.0007351771928369999,
      0.000108838859887328,
      1.4047746844880749e-05,
      1.6258553614534321e-06,
      1.7224648729552428e-07
    ],
    [
      0.04846735671162605,
      0.029459301382303238,
      0.009364967234432697,
      0.002076063072308898,
      0.0003610581625252962,
      5.254615825833753e-05,
      6.665839464403689e-06,
      7.58133126055327e-07,
      7.891460285236462e-08
    ],
    [
      0.02116698957979679,
      0.01265671569854021,
      0.003957287408411503,
      0.0008626479539088905,
      0.00014749773254152387,
      2.1100009689689614e-05,
      2.630585186125245e-06,
      2.939851242445002e-07,
      3.006427462537431e-08
    ],
    [
      0.008012259379029274,
      0.004712551832199097,
      0.0014490386238321662,
      0.000310581672238186,
      5.2204079111106694e-05,
      7.340061074501136e-06,
      8.992752213998756e-07,
      9.874570849888187e-08,
      9.920406718322283e-09
    ],
    [
      0.0027034219820052385,
      0.0015638991026207805,
      0.00047286596964113414,
      9.964502532966435e-05,
      1.646363853069488e-05,
      2.2750284642825136e-06,
      2.738884177233558e-07,
      2.954778999253449e-08,
      2.9160636128011674e-09
    ],
    [
      0.0008299086475744843,
      0.00047214748337864876,
      0.00014037013170309365,
      2.907897942350246e-05,
      4.722363883047365e-06,
      6.412943207578792e-07,
      7.585972383594708e-08,
      8.040140997422895e-09,
      7.794249134995823e-10
    ]
  ],
  "probs_results": [
    0.1992872953414917,
    0.682386577129364,
    0.11832594126462936
  ]
}