{
  "skills_mean": [
    [
      0.6892194151878357,
      1.1132892370224
    ],
    [
      0.35821592807769775,
      1.2038850784301758
    ]
  ],
  "skills_cov": [
    [
      [
        0.017305735498666763,
        0.009707492776215076
      ],
      [
        0.009707492776215076,
        0.02321724407374859
      ]
    ],
    [
      [
        0.014399291016161442,
        0.008024342358112335
      ],
      [
        0.008024342358112335,
        0.023237546905875206
      ]
    ]
  ],
  "probs_grid": [
    [
      0.12485206127166748,
      0.1136246994137764,
      0.053599365055561066,
      0.01747344434261322,
      0.004428571090102196,
      0.0009307334548793733,
      0.00016895553562790155,
      2.7247095204074867e-05,
      3.984759587183362e-06
    ],
    [
      0.1423725187778473,
      0.12818312644958496,
      0.05980547517538071,
      0.019278965890407562,
      0.0048305680975317955,
      0.0010034582810476422,
      0.00018001145508605987,
      2.8682678021141328e-05,
      4.143777005083393e-06
    ],
    [
      0.08435676246881485,
      0.07511749863624573,
      0.0346553809940815,
      0.011044339276850224,
      0.002735218731686473,
      0.0005614960682578385,
      9.952233085641637e-05,
      1.5665213140891865e-05,
      2.2353024178300984e-06
    ],
    [
      0.03462480008602142,
      0.030487410724163055,
      0.013905005529522896,
      0.004380004480481148,
      0.0010719585698097944,
      0.0002174222463509068,
      3.806920722126961e-05,
      5.9185249483562075e-06,
      8.340039130416699e-07
    ],
    [
      0.011075232177972794,
      0.009640486910939217,
      0.004345878027379513,
      0.0013527796836569905,
      0.00032711404492147267,
      6.554194987984374e-05,
      1.1334748705849051e-05,
      1.74022670762497e-06,
      2.421308806788147e-07
    ],
    [
      0.0029445237014442682,
      0.0025332653895020485,
      0.0011284928768873215,
      0.00034706591395661235,
      8.290373079944402e-05,
      1.6406444046879187e-05,
      2.8019455839967122e-06,
      4.247590084105468e-07,
      5.834641925162032e-08
    ],
    [
      0.0006777517264708877,
      0.0005761922802776098,
      0.00025359587743878365,
      7.704422750975937e-05,
      1.8176842786488123e-05,
      3.552293037500931e-06,
      5.990194154037454e-07,
      8.964985198645081e-08,
      1.2155952688885918e-08
    ],
    [
      0.00013890658738091588,
      0.00011667227954603732,
      5.072477870271541e-05,
      1.5220492059597746e-05,
      3.546117795849568e-06,
      6.84268798067933e-07,
      1.1391546905770156e-07,
      1.682900396815512e-08,
      2.2522128606539127e-09
    ],
    [
      2.5875788196572103e-05,
      2.1468784325406887e-05,
      9.2185864559724e-06,
      2.7315743409417337e-06,
      6.283717084443197e-07,
      1.197046799461532e-07,
      1.967121221468915e-08,
      2.8682500818888457e-09,
      3.7881386916183146e-10
    ]
  ],
  "probs_results": [
    0.2924191951751709,
    0.4163132309913635,
    0.29126760363578796
  ]
}