{
  "skills_mean": [
    [
      0.5842105746269226,
      1.014678955078125
    ],
    [
      0.28065794706344604,
      0.9547457098960876
    ]
  ],
  "skills_cov": [
    [
      [
        0.019670279696583748,
        0.011602327227592468
      ],
      [
        0.011602327227592468,
        0.02556220442056656
      ]
    ],
    [
      [
        0.018203245475888252,
        0.010496937669813633
      ],
      [
        0.010496937669813633,
        0.02554008550941944
      ]
    ]
  ],
  "probs_grid": [
    [
      0.10223978012800217,
      0.09548036754131317,
      0.046469949185848236,
      0.015714744105935097,
      0.004153790418058634,
      0.0009153437567874789,
      0.00017515580111648887,
      2.9934310077806003e-05,
      4.663809704652522e-06
    ],
    [
      0.13378523290157318,
      0.12305010110139847,
      0.05896943807601929,
      0.019631851464509964,
      0.005107578355818987,
      0.0011076255468651652,
      0.00020854412287008017,
      3.506212669890374e-05,
      5.373290605348302e-06
    ],
    [
      0.09130512923002243,
      0.08269168436527252,
      0.03901328891515732,
      0.01278409268707037,
      0.0032731706742197275,
      0.0006984215578995645,
      0.0001293671812163666,
      2.1394405848695897e-05,
      3.2246048249362502e-06
    ],
    [
      0.04332885518670082,
      0.03863278776407242,
      0.017940586432814598,
      0.0057855634950101376,
      0.0014575459063053131,
      0.0003059701411984861,
      5.5747743317624554e-05,
      9.067406608664896e-06,
      1.3439408803606057e-06
    ],
    [
      0.0160828847438097,
      0.014114946126937866,
      0.006450873799622059,
      0.0020469746086746454,
      0.0005073455395177007,
      0.00010476331226527691,
      1.8773420379147865e-05,
      3.002797029694193e-06,
      4.3761676238318614e-07
    ],
    [
      0.004980102181434631,
      0.0043014963157474995,
      0.0019344224128872156,
      0.0006039038416929543,
      0.0001472363801440224,
      2.990293432958424e-05,
      5.269648227113066e-06,
      8.28783925044263e-07,
      1.1874998762095856e-07
    ],
    [
      0.001339927432127297,
      0.0011388412676751614,
      0.0005038784584030509,
      0.00015474141400773078,
      3.7106965464772657e-05,
      7.411319529637694e-06,
      1.2842457408623886e-06,
      1.9858153166296688e-07,
      2.7971228888645783e-08
    ],
    [
      0.0003221656079404056,
      0.00026940208044834435,
      0.00011725653894245625,
      3.541836849763058e-05,
      8.352720215043519e-06,
      1.6404443385908962e-06,
      2.794816964524216e-07,
      4.2484671780584904e-08,
      5.882263565126777e-09
    ],
    [
      7.065389945637435e-05,
      5.8122153859585524e-05,
      2.4882763682398945e-05,
      7.3918090492952615e-06,
      1.7141690022981493e-06,
      3.310062481887144e-07,
      5.544028880422047e-08,
      8.284234631616982e-09,
      1.1273700861735847e-09
    ]
  ],
  "probs_results": [
    0.2706391215324402,
    0.4624669849872589,
    0.2668938934803009
  ]
}