{
  "skills_mean": [
    [
      -0.018186748027801514,
      0.3859512209892273
    ],
    [
      0.3511255979537964,
      0.6912882328033447
    ]
  ],
  "skills_cov": [
    [
      [
        0.020259391516447067,
        0.009924772195518017
      ],
      [
        0.009924772195518017,
        0.020162027329206467
      ]
    ],
    [
      [
        0.016048302873969078,
        0.008806491270661354
      ],
      [
        0.008806491270661354,
        0.02201537787914276
      ]
    ]
  ],
  "probs_grid": [
    [
      0.059520427137613297,
      0.10752929747104645,
      0.10045373439788818,
      0.06469837576150894,
      0.032317034900188446,
      0.013352968730032444,
      0.004753665532916784,
      0.0014996371464803815,
      0.0004279287240933627
    ],
    [
      0.05722041055560112,
      0.10198544710874557,
      0.09398557245731354,
      0.05970791354775429,
      0.02941543608903885,
      0.01198646705597639,
      0.0042080264538526535,
      0.0013090043794363737,
      0.00036830062163062394
    ],
    [
      0.02862771414220333,
      0.05033065751194954,
      0.04574829712510109,
      0.02866334095597267,
      0.013925688341259956,
      0.005595580209046602,
      0.0019369283691048622,
      0.0005940570845268667,
      0.00016478364705108106
    ],
    [
      0.009937725029885769,
      0.01723172329366207,
      0.015446463599801064,
      0.00954341795295477,
      0.0045717558823525906,
      0.0018112139077857137,
      0.0006181118078529835,
      0.00018688880663830787,
      5.110283018439077e-05
    ],
    [
      0.0026926465798169374,
      0.004604227840900421,
      0.0040696547366678715,
      0.0024791329633444548,
      0.0011708871461451054,
      0.00045730776037089527,
      0.00015384562721010298,
      4.585164788295515e-05,
      1.235795298271114e-05
    ],
    [
      0.0006073876284062862,
      0.0010240519186481833,
      0.000892418494913727,
      0.0005359517526812851,
      0.00024953202228061855,
      9.606783714843914e-05,
      3.1855710403760895e-05,
      9.357623639516532e-06,
      2.4856692562025273e-06
    ],
    [
      0.00011880814417963848,
      0.00019748217891901731,
      0.00016965593385975808,
      0.0001004365403787233,
      4.609251118381508e-05,
      1.749018883856479e-05,
      5.715996394428657e-06,
      1.654761035752017e-06,
      4.3316927644809766e-07
    ],
    [
      2.072654024232179e-05,
      3.396127431187779e-05,
      2.8758846383425407e-05,
      1.6780822988948785e-05,
      7.590057521156268e-06,
      2.8384274628479034e-06,
      9.14158533760201e-07,
      2.6078944870278065e-07,
      6.726937584744519e-08
    ],
    [
      3.2917903354245936e-06,
      5.316402621247107e-06,
      4.437175903149182e-06,
      2.55166423812625e-06,
      1.1373823554094997e-06,
      4.19147966113087e-07,
      1.3302020818173332e-07,
      3.7391501450656506e-08,
      9.503171582991854e-09
    ]
  ],
  "probs_results": [
    0.2181476503610611,
    0.19679810106754303,
    0.5850549340248108
  ]
}