{
  "skills_mean": [
    [
      0.5726335048675537,
      0.8463666439056396
    ],
    [
      0.5882614850997925,
      1.1699172258377075
    ]
  ],
  "skills_cov": [
    [
      [
        0.019673781469464302,
        0.01001722738146782
      ],
      [
        0.01001722738146782,
        0.022886818274855614
      ]
    ],
    [
      [
        0.0169182438403368,
        0.01010433305054903
      ],
      [
        0.01010433305054903,
        0.025749394670128822
      ]
    ]
  ],
  "probs_grid": [
    [
      0.07642694562673569,
      0.11181605607271194,
      0.08489423990249634,
      0.044593922793865204,
      0.018231263384222984,
      0.006187226623296738,
      0.0018155452562496066,
      0.00047374892164953053,
      0.00011221133900107816
    ],
    [
      0.08132028579711914,
      0.11727751046419144,
      0.08775856345891953,
      0.04542902857065201,
      0.018300790339708328,
      0.006119228433817625,
      0.0017689274391159415,
      0.0004546857380773872,
      0.00010607708099996671
    ],
    [
      0.04515281692147255,
      0.06417739391326904,
      0.04732425883412361,
      0.024138184264302254,
      0.009580097161233425,
      0.0031555905006825924,
      0.000898536469321698,
      0.0002274782455060631,
      5.226560460869223e-05
    ],
    [
      0.017442502081394196,
      0.02442951314151287,
      0.017749063670635223,
      0.008918817155063152,
      0.0034868945367634296,
      0.0011312887072563171,
      0.0003172583528794348,
      7.909793202998117e-05,
      1.7895947166834958e-05
    ],
    [
      0.005273361224681139,
      0.007276705466210842,
      0.005208220798522234,
      0.0025779257994145155,
      0.0009926805505529046,
      0.00031718469108454883,
      8.759571937844157e-05,
      2.150460386474151e-05,
      4.790544153365772e-06
    ],
    [
      0.0013307961635291576,
      0.001808992470614612,
      0.001275337184779346,
      0.0006217249319888651,
      0.00023577045067213476,
      7.418351015076041e-05,
      2.017244514718186e-05,
      4.875902050116565e-06,
      1.0693655667637358e-06
    ],
    [
      0.000291991513222456,
      0.0003909440420102328,
      0.000271444208920002,
      0.00013031413254793733,
      4.866128074354492e-05,
      1.5075354895088822e-05,
      4.036009613628266e-06,
      9.603980970496195e-07,
      2.073463463148073e-07
    ],
    [
      5.7287274103146046e-05,
      7.553821342298761e-05,
      5.164848334970884e-05,
      2.4414966901531443e-05,
      8.976382559922058e-06,
      2.737824161158642e-06,
      7.215703590190969e-07,
      1.6902002641927538e-07,
      3.591838293459659e-08
    ],
    [
      1.0258577276545111e-05,
      1.3320144716999494e-05,
      8.967599569587037e-06,
      4.173651177552529e-06,
      1.5106708133316715e-06,
      4.535768596269918e-07,
      1.1767184560085298e-07,
      2.7130159452326552e-08,
      5.6744848819789695e-09
    ]
  ],
  "probs_results": [
    0.25104066729545593,
    0.27731332182884216,
    0.4716460406780243
  ]
}