{
  "skills_mean": [
    [
      -0.008709423243999481,
      0.4083259403705597
    ],
    [
      0.3721897006034851,
      0.72182297706604
    ]
  ],
  "skills_cov": [
    [
      [
        0.02059241756796837,
        0.010288010351359844
      ],
      [
        0.010288010351359844,
        0.020759543403983116
      ]
    ],
    [
      [
        0.01624416373670101,
        0.009154622443020344
      ],
      [
        0.009154622443020344,
        0.02282530814409256
      ]
    ]
  ],
  "probs_grid": [
    [
      0.060833849012851715,
      0.10968808084726334,
      0.10234077274799347,
      0.06587503850460052,
      0.03290765732526779,
      0.013607324101030827,
      0.004851125180721283,
      0.0015335794305428863,
      0.0004388165834825486
    ],
    [
      0.05734763294458389,
      0.1019580140709877,
      0.09379052370786667,
      0.05951668694615364,
      0.029307864606380463,
      0.011945190839469433,
      0.004197226837277412,
      0.0013076586183160543,
      0.00036873144563287497
    ],
    [
      0.02816367708146572,
      0.04936475679278374,
      0.044764719903469086,
      0.02800004556775093,
      0.01358974352478981,
      0.005458755884319544,
      0.0018901883158832788,
      0.0005802962114103138,
      0.00016123190289363265
    ],
    [
      0.009606830775737762,
      0.016598287969827652,
      0.014835421927273273,
      0.009145443327724934,
      0.004374271258711815,
      0.0017314301803708076,
      0.0005907502491027117,
      0.00017869345901999623,
      4.891529897577129e-05
    ],
    [
      0.002560433465987444,
      0.004360034130513668,
      0.0038404676597565413,
      0.0023329926189035177,
      0.001099530141800642,
      0.0004288149066269398,
      0.00014414667384698987,
      4.295560211176053e-05,
      1.1583570994844195e-05
    ],
    [
      0.0005687082884833217,
      0.0009543340420350432,
      0.0008283159113489091,
      0.0004957867786288261,
      0.00023021262313704938,
      8.845141564961523e-05,
      2.9290504244272597e-05,
      8.598151907790452e-06,
      2.283856247231597e-06
    ],
    [
      0.00010964965622406453,
      0.0001812998962122947,
      0.00015503908798564225,
      9.142370981862769e-05,
      4.1820025217020884e-05,
      1.5827963579795323e-05,
      5.162834895600099e-06,
      1.4927427400834858e-06,
      3.905228140865802e-07
    ],
    [
      1.8874296074500307e-05,
      3.074599226238206e-05,
      2.5901832486852072e-05,
      1.5045924556034151e-05,
      6.7793639573210385e-06,
      2.527261358409305e-06,
      8.119154131236428e-07,
      2.3119818592931551e-07,
      5.9566616528172744e-08
    ],
    [
      2.960757456094143e-06,
      4.7511625780316535e-06,
      3.942695911973715e-06,
      2.2558342607226223e-06,
      1.001102077680116e-06,
      3.67551223234841e-07,
      1.1628814888808847e-07,
      3.260965186768772e-08,
      8.273388196755604e-09
    ]
  ],
  "probs_results": [
    0.21797284483909607,
    0.19286760687828064,
    0.5891594290733337
  ]
}