{
  "skills_mean": [
    [
      0.5380449295043945,
      0.946845531463623
    ],
    [
      0.00721808522939682,
      0.5917258262634277
    ]
  ],
  "skills_cov": [
    [
      [
        0.019351815804839134,
        0.011647301726043224
      ],
      [
        0.011647301726043224,
        0.02648603357374668
      ]
    ],
    [
      [
        0.022219402715563774,
        0.011945151723921299
      ],
      [
        0.011945151723921299,
        0.02463984489440918
      ]
    ]
  ],
  "probs_grid": [
    [
      0.07497397065162659,
      0.05804181098937988,
      0.023525165393948555,
      0.006655742414295673,
      0.0014786163810640574,
      0.0002751103602349758,
      4.465257006813772e-05,
      6.5023959905374795e-06,
      8.671756290823396e-07
    ],
    [
      0.13182005286216736,
      0.10035104304552078,
      0.03998757153749466,
      0.01112010795623064,
      0.002427737694233656,
      0.00044381883344613016,
      7.076553447404876e-05,
      1.0121730156242847e-05,
      1.325646849181794e-06
    ],
    [
      0.12065734714269638,
      0.09031181037425995,
      0.035375725477933884,
      0.009668491780757904,
      0.0020741396583616734,
      0.00037252099718898535,
      5.8344910939922556e-05,
      8.196037015295587e-06,
      1.0540996981944772e-06
    ],
    [
      0.07665077596902847,
      0.056403111666440964,
      0.02171553485095501,
      0.005832386668771505,
      0.001229330780915916,
      0.0002168952632928267,
      3.3365748095093295e-05,
      4.60293722426286e-06,
      5.81278641220706e-07
    ],
    [
      0.03801636025309563,
      0.027498096227645874,
      0.01040471252053976,
      0.002745901932939887,
      0.0005686047952622175,
      9.854247764451429e-05,
      1.4888069017615635e-05,
      2.01684633793775e-06,
      2.5007128101606213e-07
    ],
    [
      0.01569971814751625,
      0.011161502450704575,
      0.004150183871388435,
      0.0010761221637949347,
      0.00021890377684030682,
      3.726177601492964e-05,
      5.5285431699303444e-06,
      7.353885393968085e-07,
      8.95203271511491e-08
    ],
    [
      0.00562279811128974,
      0.003928623627871275,
      0.0014353659935295582,
      0.0003656455664895475,
      7.306088082259521e-05,
      1.2214099115226418e-05,
      1.7795574649426271e-06,
      2.3241427982156893e-07,
      2.7775181266065374e-08
    ],
    [
      0.001796103548258543,
      0.0012332095066085458,
      0.00044269184581935406,
      0.00011078223178628832,
      2.1741880118497647e-05,
      3.569537284420221e-06,
      5.10669906361727e-07,
      6.548037134734841e-08,
      7.681961733396747e-09
    ],
    [
      0.0005223042680881917,
      0.00035238111740909517,
      0.00012427623732946813,
      3.054901389987208e-05,
      5.888432042411296e-06,
      9.493525112702628e-07,
      1.3335525750335364e-07,
      1.6787279122354448e-08,
      1.9332515588388333e-09
    ]
  ],
  "probs_results": [
    0.21722039580345154,
    0.6248418688774109,
    0.15793758630752563
  ]
}