{
  "skills_mean": [
    [
      0.38691073656082153,
      0.7411000728607178
    ],
    [
      -0.19815774261951447,
      0.3789167106151581
    ]
  ],
  "skills_cov": [
    [
      [
        0.019939078018069267,
        0.011314340867102146
      ],
      [
        0.011314340867102146,
        0.024082237854599953
      ]
    ],
    [
      [
        0.024080820381641388,
        0.01214919239282608
      ],
      [
        0.01214919239282608,
        0.023968039080500603
      ]
    ]
  ],
  "probs_grid": [
    [
      0.06704791635274887,
      0.05204183980822563,
      0.021137120202183723,
      0.005989314988255501,
      0.0013318982673808932,
      0.0002479283430147916,
      4.023830115329474e-05,
      5.856162715645041e-06,
      7.80129369104543e-07
    ],
    [
      0.1248132511973381,
      0.09526057541370392,
      0.03803647682070732,
      0.01059349812567234,
      0.002315049758180976,
      0.00042341541848145425,
      6.750875763827935e-05,
      9.650440006225836e-06,
      1.2625602039406658e-06
    ],
    [
      0.12092943489551544,
      0.09074380248785019,
      0.03561631962656975,
      0.009748794138431549,
      0.002093422459438443,
      0.0003761624393519014,
      5.891319233342074e-05,
      8.271403203252703e-06,
      1.0626833955029724e-06
    ],
    [
      0.08129920810461044,
      0.05997288599610329,
      0.02313593402504921,
      0.0062231444753706455,
      0.0013129926519468427,
      0.00023176994000095874,
      3.5653709346661344e-05,
      4.916090801998507e-06,
      6.20205184986844e-07
    ],
    [
      0.04266016557812691,
      0.030933579429984093,
      0.011727924458682537,
      0.003099750494584441,
      0.0006425254396162927,
      0.00011141113645862788,
      1.6832789697218686e-05,
      2.2792478375777137e-06,
      2.8233932880539214e-07
    ],
    [
      0.018634317442774773,
      0.013280658051371574,
      0.0049480232410132885,
      0.0012849473860114813,
      0.0002616542624309659,
      4.456355964066461e-05,
      6.612408924411284e-06,
      8.792042649474752e-07,
      1.0693260321659181e-07
    ],
    [
      0.00705716572701931,
      0.004943083040416241,
      0.0018096608109772205,
      0.0004617079102899879,
      9.235485049430281e-05,
      1.544894439575728e-05,
      2.2511585484608077e-06,
      2.939055150363856e-07,
      3.509514456823126e-08
    ],
    [
      0.0023831352591514587,
      0.0016403801273554564,
      0.0005900654359720647,
      0.0001478968479204923,
      2.90586340270238e-05,
      4.773944056069013e-06,
      6.831090786363347e-07,
      8.756743596904926e-08,
      1.0265548411325653e-08
    ],
    [
      0.0007324235630221665,
      0.0004954008036293089,
      0.00017508206656202674,
      4.310858275857754e-05,
      8.319195330841467e-06,
      1.342224322797847e-06,
      1.8859229555800994e-07,
      2.373614016448755e-08,
      2.7317010875549386e-09
    ]
  ],
  "probs_results": [
    0.20495069026947021,
    0.6487154364585876,
    0.14633405208587646
  ]
}