{
  "skills_mean": [
    [
      0.705124020576477,
      1.1461671590805054
    ],
    [
      0.538508415222168,
      0.7993248701095581
    ]
  ],
  "skills_cov": [
    [
      [
        0.018746642395853996,
        0.010555749759078026
      ],
      [
        0.010555749759078026,
        0.025558000430464745
      ]
    ],
    [
      [
        0.01999255083501339,
        0.010413429699838161
      ],
      [
        0.010413429699838161,
        0.023652030155062675
      ]
    ]
  ],
  "probs_grid": [
    [
      0.059637364000082016,
      0.06319931149482727,
      0.034949421882629395,
      0.013446426950395107,
      0.004048842936754227,
      0.0010176628129556775,
      0.00022239050304051489,
      4.345733759691939e-05,
      7.751006705802865e-06
    ],
    [
      0.10154607146978378,
      0.10596606135368347,
      0.05769513547420502,
      0.021851921454072,
      0.006476494017988443,
      0.0016020865878090262,
      0.0003445256734266877,
      6.624387606279925e-05,
      1.1624530088738538e-05
    ],
    [
      0.08989642560482025,
      0.09236544370651245,
      0.04950886219739914,
      0.01845763623714447,
      0.005384116433560848,
      0.0013106823898851871,
      0.0002773464366327971,
      5.246768705546856e-05,
      9.057867828232702e-06
    ],
    [
      0.05516349896788597,
      0.05580062419176102,
      0.029442397877573967,
      0.010803667828440666,
      0.003101430833339691,
      0.0007429314428009093,
      0.00015467916091438383,
      2.878835039155092e-05,
      4.889080173597904e-06
    ],
    [
      0.026393631473183632,
      0.026282494887709618,
      0.013649733737111092,
      0.004929376766085625,
      0.0013925237581133842,
      0.00032821769127622247,
      6.723169644828886e-05,
      1.2309697012824472e-05,
      2.0564043552440125e-06
    ],
    [
      0.010501863434910774,
      0.010293838568031788,
      0.005261674523353577,
      0.0018699479987844825,
      0.0005197920836508274,
      0.00012054062244715169,
      2.429115011182148e-05,
      4.375067874207161e-06,
      7.189072448454681e-07
    ],
    [
      0.0036193765699863434,
      0.0034918435849249363,
      0.0017565437592566013,
      0.0006142893107607961,
      0.0001680099667282775,
      3.8331661926349625e-05,
      7.598896445415448e-06,
      1.3462563401844818e-06,
      2.1758117441095237e-07
    ],
    [
      0.0011111856438219547,
      0.0010550839360803366,
      0.0005223003099672496,
      0.00017972805653698742,
      4.836321386392228e-05,
      1.0855083019123413e-05,
      2.1168120838410687e-06,
      3.688750780383998e-07,
      5.863531882255302e-08
    ],
    [
      0.00031019042944535613,
      0.00028985488461330533,
      0.0001411942794220522,
      4.78046786156483e-05,
      1.2655650607484858e-05,
      2.794324018395855e-06,
      5.35997344286443e-07,
      9.186734217792036e-08,
      1.436183261205315e-08
    ]
  ],
  "probs_results": [
    0.22749954462051392,
    0.537487804889679,
    0.23501276969909668
  ]
}