{
  "skills_mean": [
    [
      0.5954152941703796,
      1.0181198120117188
    ],
    [
      0.3789314925670624,
      0.748378574848175
    ]
  ],
  "skills_cov": [
    [
      [
        0.01850539818406105,
        0.010814439505338669
      ],
      [
        0.010814439505338669,
        0.025225548073649406
      ]
    ],
    [
      [
        0.01870657317340374,
        0.010394693352282047
      ],
      [
        0.010394693352282047,
        0.023059003055095673
      ]
    ]
  ],
  "probs_grid": [
    [
      0.06787016987800598,
      0.06975538283586502,
      0.03735978528857231,
      0.013901721686124802,
      0.004042907152324915,
      0.0009801131673157215,
      0.00020630612561944872,
      3.8779489841545e-05,
      6.644548193435185e-06
    ],
    [
      0.1094544529914856,
      0.11076686531305313,
      0.058404479175806046,
      0.021392246708273888,
      0.006123048719018698,
      0.0014607642078772187,
      0.0003025474725291133,
      5.595143375103362e-05,
      9.430978934688028e-06
    ],
    [
      0.09172117710113525,
      0.0913844183087349,
      0.04743194952607155,
      0.017099475488066673,
      0.004816567525267601,
      0.0011306817177683115,
      0.00023040553787723184,
      4.191825428279117e-05,
      6.9501948019023985e-06
    ],
    [
      0.053245995193719864,
      0.05222390592098236,
      0.02667997032403946,
      0.009465779177844524,
      0.002623707987368107,
      0.0006059976876713336,
      0.00012148654786869884,
      2.1741878299508244e-05,
      3.5457471767585957e-06
    ],
    [
      0.02408785931766033,
      0.02325495518743992,
      0.011692517437040806,
      0.004082244820892811,
      0.0011133357184007764,
      0.00025298778200522065,
      4.989168155589141e-05,
      8.782645636529196e-06,
      1.4087149793340359e-06
    ],
    [
      0.009057117626070976,
      0.008606008253991604,
      0.004258253611624241,
      0.00146287411917001,
      0.0003925250784959644,
      8.774584421189502e-05,
      1.7021451640175655e-05,
      2.9470866138581187e-06,
      4.648904052828584e-07
    ],
    [
      0.002948138630017638,
      0.0027568666264414787,
      0.0013422936899587512,
      0.00045370496809482574,
      0.00011976670066360384,
      2.6336110749980435e-05,
      5.0249823289050255e-06,
      8.556651209801203e-07,
      1.3273827903503843e-07
    ],
    [
      0.0008544002776034176,
      0.0007862326456233859,
      0.0003766623849514872,
      0.0001252559304703027,
      3.2526219001738355e-05,
      7.0352275542973075e-06,
      1.3202262607592274e-06,
      2.210883849329548e-07,
      3.3726387016486115e-08
    ],
    [
      0.00022502952197100967,
      0.00020376026805024594,
      9.604178922018036e-05,
      3.141938941553235e-05,
      8.025649549381342e-06,
      1.7073721210181247e-06,
      3.151102418996743e-07,
      5.189267682226273e-08,
      7.78395925493669e-09
    ]
  ],
  "probs_results": [
    0.23678383231163025,
    0.5220953822135925,
    0.2411206066608429
  ]
}