{
  "skills_mean": [
    [
      0.3945465385913849,
      0.5962164402008057
    ],
    [
      0.08167261630296707,
      0.7267416715621948
    ]
  ],
  "skills_cov": [
    [
      [
        0.020508022978901863,
        0.01068123895674944
      ],
      [
        0.01068123895674944,
        0.02174982614815235
      ]
    ],
    [
      [
        0.027102574706077576,
        0.013272098265588284
      ],
      [
        0.013272098265588284,
        0.024284379556775093
      ]
    ]
  ],
  "probs_grid": [
    [
      0.07713243365287781,
      0.08885786682367325,
      0.05356504023075104,
      0.022526191547513008,
      0.007433983031660318,
      0.002053346950560808,
      0.0004944099928252399,
      0.00010672805365175009,
      2.1083173123770393e-05
    ],
    [
      0.10536078363656998,
      0.11925581842660904,
      0.0706212967634201,
      0.02917066402733326,
      0.009454164654016495,
      0.0025641904212534428,
      0.0006061921594664454,
      0.00012846635945606977,
      2.4910992578952573e-05
    ],
    [
      0.07501408457756042,
      0.08341164141893387,
      0.04851752147078514,
      0.019681671634316444,
      0.006263728253543377,
      0.0016680157277733088,
      0.0003871243097819388,
      8.053316560108215e-05,
      1.5327836081269197e-05
    ],
    [
      0.03711313009262085,
      0.04053597152233124,
      0.02315668575465679,
      0.009224525652825832,
      0.002882456872612238,
      0.0007535759941674769,
      0.00017168289923574775,
      3.5055578337050974e-05,
      6.5483191065141e-06
    ],
    [
      0.014353025704622269,
      0.015396961942315102,
      0.008637499064207077,
      0.0033784257248044014,
      0.001036427915096283,
      0.0002659864549059421,
      5.9479956689756364e-05,
      1.1919832104467787e-05,
      2.1851144538231893e-06
    ],
    [
      0.004627815447747707,
      0.004875279497355223,
      0.0026854965835809708,
      0.00103126117028296,
      0.00031057020532898605,
      7.823462510714307e-05,
      1.71706014953088e-05,
      3.3769167657737853e-06,
      6.074681095924461e-07
    ],
    [
      0.0012957084691151977,
      0.0013403539778664708,
      0.0007248978363350034,
      0.0002732751308940351,
      8.07831747806631e-05,
      1.9973093003500253e-05,
      4.3020345401600935e-06,
      8.302577043650672e-07,
      1.465497518893244e-07
    ],
    [
      0.00032398561597801745,
      0.00032906894921325147,
      0.00017471866158302873,
      6.465565093094483e-05,
      1.875962334452197e-05,
      4.55198733106954e-06,
      9.621485332900193e-07,
      1.822034647602777e-07,
      3.155516381525558e-08
    ],
    [
      7.384760829154402e-05,
      7.363960321526974e-05,
      3.8381724152714014e-05,
      1.394131231791107e-05,
      3.96997938878485e-06,
      9.453415259486064e-07,
      1.9607178103342449e-07,
      3.643162216349083e-08,
      6.1902638570643376e-09
    ]
  ],
  "probs_results": [
    0.25526708364486694,
    0.4247746765613556,
    0.3199580907821655
  ]
}