{
  "skills_mean": [
    [
      0.0074700359255075455,
      0.3671995997428894
    ],
    [
      0.6105998754501343,
      1.1937696933746338
    ]
  ],
  "skills_cov": [
    [
      [
        0.018972890451550484,
        0.00998025294393301
      ],
      [
        0.00998025294393301,
        0.020498497411608696
      ]
    ],
    [
      [
        0.01890002191066742,
        0.011691160500049591
      ],
      [
        0.011691160500049591,
        0.027666976675391197
      ]
    ]
  ],
  "probs_grid": [
    [
      0.0486135371029377,
      0.11263047903776169,
      0.13522520661354065,
      0.11216448992490768,
      0.0723026692867279,
      0.03863081708550453,
      0.017818540334701538,
      0.007297135423868895,
      0.002708177315071225
    ],
    [
      0.029908694326877594,
      0.06824938952922821,
      0.08069723099470139,
      0.0659133568406105,
      0.041836097836494446,
      0.022007714956998825,
      0.009993687272071838,
      0.004028927534818649,
      0.0014718747697770596
    ],
    [
      0.009617718867957592,
      0.021611148491501808,
      0.025159507989883423,
      0.020232202485203743,
      0.012641917914152145,
      0.006546312943100929,
      0.002926028100773692,
      0.0011610385263338685,
      0.00041745443013496697
    ],
    [
      0.0021552718244493008,
      0.004767824430018663,
      0.005464107729494572,
      0.004325150512158871,
      0.002659986261278391,
      0.0013556363992393017,
      0.0005963187431916595,
      0.00023285002680495381,
      8.238482405431569e-05
    ],
    [
      0.00037863614852540195,
      0.0008244493510574102,
      0.0009299373487010598,
      0.0007244267617352307,
      0.0004384332278277725,
      0.00021987232321407646,
      9.516682621324435e-05,
      3.656298213172704e-05,
      1.2727744433504995e-05
    ],
    [
      5.5621076171519235e-05,
      0.0001191854607895948,
      0.00013228884199634194,
      0.00010140182712348178,
      6.038229912519455e-05,
      2.9792618079227395e-05,
      1.2686236914305482e-05,
      4.794897449755808e-06,
      1.6419564872194314e-06
    ],
    [
      7.116421784303384e-06,
      1.500406870036386e-05,
      1.638489447941538e-05,
      1.2355908438621555e-05,
      7.238078524096636e-06,
      3.513054480208666e-06,
      1.4714714779984206e-06,
      5.470458859235805e-07,
      1.842536505591852e-07
    ],
    [
      8.156448529916815e-07,
      1.6917565517360345e-06,
      1.8173399212173535e-06,
      1.3480521374731325e-06,
      7.767344527565001e-07,
      3.7079294656905404e-07,
      1.5274912357199355e-07,
      5.584882956100046e-08,
      1.8499342502309446e-08
    ],
    [
      8.548487784310055e-08,
      1.743996307368434e-07,
      1.8426378289859713e-07,
      1.3442635804494785e-07,
      7.617364161660589e-08,
      3.576017348905225e-08,
      1.4486593258311586e-08,
      5.208435460701821e-09,
      1.6964556426302124e-09
    ]
  ],
  "probs_results": [
    0.14715571701526642,
    0.07709766179323196,
    0.7757464647293091
  ]
}