{
  "skills_mean": [
    [
      0.7102415561676025,
      1.3743220567703247
    ],
    [
      -0.2598721385002136,
      0.38456258177757263
    ]
  ],
  "skills_cov": [
    [
      [
        0.01722906529903412,
        0.010814543813467026
      ],
      [
        0.010814543813467026,
        0.027489829808473587
      ]
    ],
    [
      [
        0.02287621609866619,
        0.01061903964728117
      ],
      [
        0.01061903964728117,
        0.02255471609532833
      ]
    ]
  ],
  "probs_grid": [
    [
      0.049927569925785065,
      0.019897406920790672,
      0.004161210730671883,
      0.000608885136898607,
      7.012639252934605e-05,
      6.780644980608486e-06,
      5.733436978516693e-07,
      4.360440897244189e-08,
      3.0447553367451974e-09
    ],
    [
      0.12406277656555176,
      0.04879351332783699,
      0.010066593065857887,
      0.0014525711303576827,
      0.00016492034774273634,
      1.571500069985632e-05,
      1.3091142818666412e-06,
      9.805920342387253e-08,
      6.742008284987833e-09
    ],
    [
      0.1597803235054016,
      0.06200582534074783,
      0.012617753818631172,
      0.001795211574062705,
      0.00020090420730412006,
      1.8863916920963675e-05,
      1.548001137052779e-06,
      1.141928649417423e-07,
      7.730092121960297e-09
    ],
    [
      0.14219145476818085,
      0.0544377900660038,
      0.010924854315817356,
      0.0015323958359658718,
      0.00016901697381399572,
      1.5636176613043062e-05,
      1.2638807902476401e-06,
      9.181111693123967e-08,
      6.118628270712634e-09
    ],
    [
      0.09835413098335266,
      0.03714248165488243,
      0.007350084837526083,
      0.0010162877151742578,
      0.00011046245344914496,
      1.0067700713989325e-05,
      8.01501585101505e-07,
      5.7329955893692386e-08,
      3.761181144312786e-09
    ],
    [
      0.05639686435461044,
      0.021005012094974518,
      0.004098222590982914,
      0.0005585210747085512,
      5.9818037698278204e-05,
      5.370615781430388e-06,
      4.210775443880266e-07,
      2.9654927402589237e-08,
      1.91512050662368e-09
    ],
    [
      0.027921177446842194,
      0.010254965163767338,
      0.0019724532030522823,
      0.0002649259113240987,
      2.7955764380749315e-05,
      2.4723117348912638e-06,
      1.9088555802682095e-07,
      1.3235397666733206e-08,
      8.41332614687218e-10
    ],
    [
      0.012274586595594883,
      0.004445154219865799,
      0.0008427757420577109,
      0.00011154789535794407,
      1.1596438525884878e-05,
      1.0100974350280012e-06,
      7.679545888095163e-08,
      5.242067668831396e-09,
      3.27976146241582e-10
    ],
    [
      0.0048907045274972916,
      0.0017461514798924327,
      0.0003262991667725146,
      4.255573367117904e-05,
      4.358162186690606e-06,
      3.7386786289062e-07,
      2.7987626438630286e-08,
      1.8806700641249563e-09,
      1.1580860576065888e-10
    ]
  ],
  "probs_results": [
    0.11342135816812515,
    0.8477702140808105,
    0.03880883753299713
  ]
}