{
  "skills_mean": [
    [
      0.09428108483552933,
      0.7560278177261353
    ],
    [
      0.254356324672699,
      0.8130602240562439
    ]
  ],
  "skills_cov": [
    [
      [
        0.026379967108368874,
        0.012716665863990784
      ],
      [
        0.012716665863990784,
        0.02363152615725994
      ]
    ],
    [
      [
        0.020595256239175797,
        0.011256903409957886
      ],
      [
        0.011256903409957886,
        0.024680903181433678
      ]
    ]
  ],
  "probs_grid": [
    [
      0.11818420886993408,
      0.13694380223751068,
      0.08270484954118729,
      0.03470803424715996,
      0.011385614983737469,
      0.003113884711638093,
      0.0007395322318188846,
      0.00015686129336245358,
      3.033133179997094e-05
    ],
    [
      0.11149352788925171,
      0.12709206342697144,
      0.0754917711019516,
      0.031153270974755287,
      0.010047378949820995,
      0.0027011223137378693,
      0.0006304815760813653,
      0.0001314123801421374,
      2.4966320779640228e-05
    ],
    [
      0.055179156363010406,
      0.06185976043343544,
      0.03612999990582466,
      0.014657813124358654,
      0.004646642599254847,
      0.0012276637135073543,
      0.000281571556115523,
      5.7659530284581706e-05,
      1.0760892109829001e-05
    ],
    [
      0.0190998837351799,
      0.021053079515695572,
      0.012087784707546234,
      0.004819970112293959,
      0.001501549151726067,
      0.0003897963324561715,
      8.782982331467792e-05,
      1.7666916392045096e-05,
      3.238315457565477e-06
    ],
    [
      0.005201439838856459,
      0.005635794717818499,
      0.003180231200531125,
      0.0012461141450330615,
      0.0003814065712504089,
      9.72656489466317e-05,
      2.15267591556767e-05,
      4.252619874023367e-06,
      7.654601859030663e-07
    ],
    [
      0.0011885976418852806,
      0.0012656545732170343,
      0.0007017753086984158,
      0.0002701541525311768,
      8.12258294899948e-05,
      2.034505632764194e-05,
      4.421976882440504e-06,
      8.577900985073939e-07,
      1.5159535848852101e-07
    ],
    [
      0.00023737893206998706,
      0.0002483595162630081,
      0.00013528746785596013,
      5.115677777212113e-05,
      1.5106380487850402e-05,
      3.7157344650040613e-06,
      7.929937169137702e-07,
      1.5102683903478464e-07,
      2.6201911751400075e-08
    ],
    [
      4.261166031938046e-05,
      4.379676465759985e-05,
      2.343326559639536e-05,
      8.702320883458015e-06,
      2.523446255509043e-06,
      6.094370519349468e-07,
      1.276899581625912e-07,
      2.387248088098204e-08,
      4.065275227560505e-09
    ],
    [
      7.017671578068985e-06,
      7.0844166657479946e-06,
      3.722510882653296e-06,
      1.357453243144846e-06,
      3.864733741920645e-07,
      9.163076697404904e-08,
      1.884560241194322e-08,
      3.4581884023054954e-09,
      5.779628442503792e-10
    ]
  ],
  "probs_results": [
    0.28663450479507446,
    0.30038267374038696,
    0.41298308968544006
  ]
}