{
  "skills_mean": [
    [
      -0.11284833401441574,
      0.6037015914916992
    ],
    [
      0.6238410472869873,
      0.8563559651374817
    ]
  ],
  "skills_cov": [
    [
      [
        0.01938951201736927,
        0.010698939673602581
      ],
      [
        0.010698939673602581,
        0.02392522245645523
      ]
    ],
    [
      [
        0.01847512647509575,
        0.01108540128916502
      ],
      [
        0.01108540128916502,
        0.024968376383185387
      ]
    ]
  ],
  "probs_grid": [
    [
      0.06714631617069244,
      0.12645339965820312,
      0.12379047274589539,
      0.08398143202066422,
      0.04441416636109352,
      0.01952897012233734,
      0.0074358792044222355,
      0.0025215104687958956,
      0.0007772549870423973
    ],
    [
      0.050561968237161636,
      0.0937671959400177,
      0.09037946909666061,
      0.06036366894841194,
      0.031425006687641144,
      0.013600354082882404,
      0.005096582695841789,
      0.0017007723217830062,
      0.0005158858257345855
    ],
    [
      0.019855555146932602,
      0.03625267744064331,
      0.03439835458993912,
      0.022613806650042534,
      0.011586666107177734,
      0.004934883676469326,
      0.0018197492463514209,
      0.0005975159583613276,
      0.00017831854347605258
    ],
    [
      0.005421449430286884,
      0.009743648581206799,
      0.009099527262151241,
      0.005887203849852085,
      0.002968289889395237,
      0.0012439371785148978,
      0.0004513065505307168,
      0.00014578601985704154,
      4.2799641960300505e-05
    ],
    [
      0.001157858525402844,
      0.0020480076782405376,
      0.001882145064882934,
      0.001198189682327211,
      0.0005943827563896775,
      0.00024505623150616884,
      8.746079402044415e-05,
      2.7790900276158936e-05,
      8.024992894206662e-06
    ],
    [
      0.0002063044667011127,
      0.00035907101118937135,
      0.00032467974233441055,
      0.00020334881264716387,
      9.923384641297162e-05,
      4.0244252886623144e-05,
      1.4127503163763322e-05,
      4.4151001930003986e-06,
      1.253844061466225e-06
    ],
    [
      3.194330201949924e-05,
      5.4698699386790395e-05,
      4.865616574534215e-05,
      2.9976006771903485e-05,
      1.4388232557394076e-05,
      5.73899524169974e-06,
      1.9813144263025606e-06,
      6.089177873036533e-07,
      1.7004688857014116e-07
    ],
    [
      4.420583081810037e-06,
      7.446220479323529e-06,
      6.515071618196089e-06,
      3.947690402128501e-06,
      1.863517013589444e-06,
      7.309527063625865e-07,
      2.481463070580503e-07,
      7.498774579062228e-08,
      2.0589981275520586e-08
    ],
    [
      5.581316600000719e-07,
      9.246764420822728e-07,
      7.956745093906648e-07,
      4.741216343973065e-07,
      2.2008012479091121e-07,
      8.488100178283275e-08,
      2.8332056700719477e-08,
      8.41758129865866e-09,
      2.2722683734599514e-09
    ]
  ],
  "probs_results": [
    0.20195293426513672,
    0.13870781660079956,
    0.6593393087387085
  ]
}