{
  "skills_mean": [
    [
      0.24960961937904358,
      0.7832382917404175
    ],
    [
      -0.18239332735538483,
      0.1071135625243187
    ]
  ],
  "skills_cov": [
    [
      [
        0.02043755166232586,
        0.011054813861846924
      ],
      [
        0.011054813861846924,
        0.023386502638459206
      ]
    ],
    [
      [
        0.02082230895757675,
        0.011083335615694523
      ],
      [
        0.011083335615694523,
        0.021169601008296013
      ]
    ]
  ],
  "probs_grid": [
    [
      0.05238844081759453,
      0.039804376661777496,
      0.015767665579915047,
      0.004341755993664265,
      0.000934883370064199,
      0.0001679002307355404,
      2.6197058105026372e-05,
      3.652357918326743e-06,
      4.6445452994703373e-07
    ],
    [
      0.11060376465320587,
      0.08269954472780228,
      0.03223298117518425,
      0.008731463924050331,
      0.001849261811003089,
      0.0003266229177825153,
      5.011188841308467e-05,
      6.8690346779476386e-06,
      8.587085176259279e-07
    ],
    [
      0.12125682830810547,
      0.08921440690755844,
      0.03421015664935112,
      0.009115781635046005,
      0.0018988550873473287,
      0.00032980943797156215,
      4.9753201892599463e-05,
      6.704766747134272e-06,
      8.239252338171354e-07
    ],
    [
      0.09203076362609863,
      0.06662233918905258,
      0.025131989270448685,
      0.006586967967450619,
      0.0013493930455297232,
      0.00023046477872412652,
      3.418216874706559e-05,
      4.52840504294727e-06,
      5.469917141454061e-07
    ],
    [
      0.05439423769712448,
      0.03874026611447334,
      0.014375540427863598,
      0.0037057134322822094,
      0.0007465397357009351,
      0.00012536828580778092,
      1.828082895372063e-05,
      2.3806821900507202e-06,
      2.8264864226912323e-07
    ],
    [
      0.02670181542634964,
      0.018708614632487297,
      0.006828554440289736,
      0.0017311659175902605,
      0.00034294291981495917,
      5.662419061991386e-05,
      8.117111065075733e-06,
      1.0390756415290525e-06,
      1.2125070725232945e-07
    ],
    [
      0.011338900774717331,
      0.007815105840563774,
      0.0028055659495294094,
      0.0006994684226810932,
      0.0001362482289550826,
      2.2117479602457024e-05,
      3.1167892302619293e-06,
      3.9217064795593615e-07,
      4.4976665947160654e-08
    ],
    [
      0.004283736925572157,
      0.0029041790403425694,
      0.0010253781219944358,
      0.00025138992350548506,
      4.8147154302569106e-05,
      7.683893272769637e-06,
      1.0644074563970207e-06,
      1.3163831624751765e-07,
      1.4837306494541735e-08
    ],
    [
      0.0014695791760459542,
      0.0009799593826755881,
      0.0003402697038836777,
      8.20321511127986e-05,
      1.5447181795025244e-05,
      2.4235384898929624e-06,
      3.3000188182086276e-07,
      4.0112858812335617e-08,
      4.443286183430928e-09
    ]
  ],
  "probs_results": [
    0.1769159436225891,
    0.705513060092926,
    0.11757110804319382
  ]
}