{
  "skills_mean": [
    [
      -0.008708118461072445,
      0.40826475620269775
    ],
    [
      0.6720963716506958,
      1.331587314605713
    ]
  ],
  "skills_cov": [
    [
      [
        0.020717613399028778,
        0.010389422997832298
      ],
      [
        0.010389422997832298,
        0.020884687080979347
      ]
    ],
    [
      [
        0.01889784261584282,
        0.012232363224029541
      ],
      [
        0.012232363224029541,
        0.02926093153655529
      ]
    ]
  ],
  "probs_grid": [
    [
      0.05056603252887726,
      0.1191391572356224,
      0.14550405740737915,
      0.1228037104010582,
      0.08056878298521042,
      0.04382462054491043,
      0.020584583282470703,
      0.008586558513343334,
      0.003246752545237541
    ],
    [
      0.02685348130762577,
      0.06229914724826813,
      0.0749097391963005,
      0.062239110469818115,
      0.040194254368543625,
      0.021518941968679428,
      0.00994749553501606,
      0.004083442036062479,
      0.0015193644212558866
    ],
    [
      0.007477992679923773,
      0.017077714204788208,
      0.020211732015013695,
      0.01652737706899643,
      0.01050366647541523,
      0.0055334786884486675,
      0.0025168575812131166,
      0.0010165042476728559,
      0.00037209640140645206
    ],
    [
      0.0014559036353603005,
      0.003272086149081588,
      0.003810700261965394,
      0.0030660072807222605,
      0.0019170924788340926,
      0.000993576250039041,
      0.00044456246541813016,
      0.0001766151108313352,
      6.359090184560046e-05
    ],
    [
      0.00022293395886663347,
      0.0004929542192257941,
      0.0005647909129038453,
      0.0004470157728064805,
      0.0002749335253611207,
      0.0001401496265316382,
      6.16741890553385e-05,
      2.4096532797557302e-05,
      8.532110769010615e-06
    ],
    [
      2.8636713977903128e-05,
      6.22857769485563e-05,
      7.018945325398818e-05,
      5.4635878768749535e-05,
      3.304648998891935e-05,
      1.6565563782933168e-05,
      7.168209322117036e-06,
      2.7538083031686256e-06,
      9.587132581145852e-07
    ],
    [
      3.21424749927246e-06,
      6.875173312437255e-06,
      7.6185983743926045e-06,
      5.831249382026726e-06,
      3.4678803331189556e-06,
      1.7091363133658888e-06,
      7.27096164609975e-07,
      2.7460401952339453e-07,
      9.398041100894261e-08
    ],
    [
      3.2423150742033613e-07,
      6.818790438956057e-07,
      7.428807862197573e-07,
      5.589861871158064e-07,
      3.267952877195057e-07,
      1.5832145550120913e-07,
      6.620457071448982e-08,
      2.457644932007952e-08,
      8.26706436640734e-09
    ],
    [
      3.0004073892087035e-08,
      6.20289810626673e-08,
      6.642691374736387e-08,
      4.9129358359323305e-08,
      2.822995348594759e-08,
      1.3441577628725554e-08,
      5.524046109428582e-09,
      2.0152692847830167e-09,
      6.661883822367543e-10
    ]
  ],
  "probs_results": [
    0.1367945522069931,
    0.06211939454078674,
    0.8010862469673157
  ]
}