{
  "skills_mean": [
    [
      0.3785818815231323,
      0.7522969245910645
    ],
    [
      -0.18283382058143616,
      0.42624709010124207
    ]
  ],
  "skills_cov": [
    [
      [
        0.019239556044340134,
        0.010780027136206627
      ],
      [
        0.010780027136206627,
        0.023474300280213356
      ]
    ],
    [
      [
        0.023622149601578712,
        0.011486793868243694
      ],
      [
        0.011486793868243694,
        0.022770144045352936
      ]
    ]
  ],
  "probs_grid": [
    [
      0.07395622879266739,
      0.05741899460554123,
      0.023306868970394135,
      0.006594361271709204,
      0.0014630102086812258,
      0.000271461030934006,
      4.3878455471713096e-05,
      6.354509423545096e-06,
      8.416297418989416e-07
    ],
    [
      0.13096337020397186,
      0.10009243339300156,
      0.039985720068216324,
      0.011132149957120419,
      0.002429709769785404,
      0.0004434410948306322,
      7.048981206025928e-05,
      1.0037686479336116e-05,
      1.307024263041967e-06
    ],
    [
      0.1205298975110054,
      0.09066890180110931,
      0.03564371168613434,
      0.00976320169866085,
      0.002096147509291768,
      0.0003762541164178401,
      5.881361721549183e-05,
      8.234253982664086e-06,
      1.054023414326366e-06
    ],
    [
      0.0768606960773468,
      0.056901704519987106,
      0.022010022774338722,
      0.00593086751177907,
      0.001252444344572723,
      0.00022108298435341567,
      3.397979526198469e-05,
      4.677039669331862e-06,
      5.884918437004671e-07
    ],
    [
      0.038201943039894104,
      0.027830000966787338,
      0.010590880177915096,
      0.002807206939905882,
      0.0005830221925862134,
      0.0001012003340292722,
      1.529260043753311e-05,
      2.069202764687361e-06,
      2.559089011811011e-07
    ],
    [
      0.015784084796905518,
      0.01131376437842846,
      0.00423551257699728,
      0.001104213297367096,
      0.00022552587324753404,
      3.849096174235456e-05,
      5.718203283322509e-06,
      7.605415248690406e-07,
      9.244644871841956e-08
    ],
    [
      0.005646589677780867,
      0.003981901332736015,
      0.0014663217589259148,
      0.0003759616520255804,
      7.550673763034865e-05,
      1.2670142496062908e-05,
      1.8503511682865792e-06,
      2.4189748160097224e-07,
      2.8897357395862855e-08
    ],
    [
      0.0017987469909712672,
      0.0012478175340220332,
      0.0004519528883974999,
      0.0001139569139922969,
      2.2503489162772894e-05,
      3.712356829055352e-06,
      5.329264354259067e-07,
      6.847515976460272e-08,
      8.03888156042376e-09
    ],
    [
      0.0005208039656281471,
      0.0003553822170943022,
      0.00012659230560529977,
      3.1387535273097456e-05,
      6.094027867220575e-06,
      9.882845688480302e-07,
      1.3945037835583207e-07,
      1.760968260100526e-08,
      2.031555146331243e-09
    ]
  ],
  "probs_results": [
    0.21632568538188934,
    0.6264962553977966,
    0.15717820823192596
  ]
}