{
  "skills_mean": [
    [
      0.03213796764612198,
      0.37892934679985046
    ],
    [
      0.5800262689590454,
      1.1978914737701416
    ]
  ],
  "skills_cov": [
    [
      [
        0.019310051575303078,
        0.010241419076919556
      ],
      [
        0.010241419076919556,
        0.020814595744013786
      ]
    ],
    [
      [
        0.019404055550694466,
        0.012176514603197575
      ],
      [
        0.012176514603197575,
        0.028374001383781433
      ]
    ]
  ],
  "probs_grid": [
    [
      0.052844591438770294,
      0.11769452691078186,
      0.13594278693199158,
      0.10856545716524124,
      0.06743215769529343,
      0.03474246338009834,
      0.015464971773326397,
      0.006116662640124559,
      0.0021941030863672495
    ],
    [
      0.033152349293231964,
      0.07268044352531433,
      0.08262648433446884,
      0.06494029611349106,
      0.039692629128694534,
      0.020122775807976723,
      0.00881309062242508,
      0.003429379779845476,
      0.0012101901229470968
    ],
    [
      0.01088094525039196,
      0.023475605994462967,
      0.02626175619661808,
      0.020308833569288254,
      0.012212695553898811,
      0.006090984679758549,
      0.002624194836243987,
      0.0010044421069324017,
      0.00034864229382947087
    ],
    [
      0.002491018269211054,
      0.005287850275635719,
      0.005819687154144049,
      0.004427303094416857,
      0.0026188541669398546,
      0.0012847043108195066,
      0.0005443778354674578,
      0.0002049244212685153,
      6.99506199453026e-05
    ],
    [
      0.0004474836168810725,
      0.0009344188147224486,
      0.0010115543846040964,
      0.0007568736909888685,
      0.00044031193829141557,
      0.00021241740614641458,
      8.85117260622792e-05,
      3.2763113267719746e-05,
      1.0996509445249103e-05
    ],
    [
      6.72780952299945e-05,
      0.000138170609716326,
      0.00014709861716255546,
      0.00010823274351423606,
      6.19133425061591e-05,
      2.936822966148611e-05,
      1.2031781807309017e-05,
      4.378607627586462e-06,
      1.4448057754634647e-06
    ],
    [
      8.818032256385777e-06,
      1.780784259608481e-05,
      1.86411380127538e-05,
      1.3485390809364617e-05,
      7.584125341963954e-06,
      3.536655640345998e-06,
      1.424355900780938e-06,
      5.095420192446909e-07,
      1.65269611329677e-07
    ],
    [
      1.0362892908233334e-06,
      2.057515757769579e-06,
      2.11738483812951e-06,
      1.5057801192597253e-06,
      8.324370242007717e-07,
      3.8156301229719247e-07,
      1.5104313888514298e-07,
      5.310743489417291e-08,
      1.6929604385040875e-08
    ],
    [
      1.1146291001296049e-07,
      2.1754263457296474e-07,
      2.200533799623372e-07,
      1.5381337448161503e-07,
      8.357329051023044e-08,
      3.764846212561679e-08,
      1.464637300330196e-08,
      5.060782903854033e-09,
      1.5853670598531266e-09
    ]
  ],
  "probs_results": [
    0.1569664478302002,
    0.0850115716457367,
    0.758021891117096
  ]
}