{
  "skills_mean": [
    [
      0.2084529846906662,
      0.6148036122322083
    ],
    [
      0.6611750721931458,
      1.092499017715454
    ]
  ],
  "skills_cov": [
    [
      [
        0.022566914558410645,
        0.011476284824311733
      ],
      [
        0.011476284824311733,
        0.022822100669145584
      ]
    ],
    [
      [
        0.020788606256246567,
        0.012122223153710365
      ],
      [
        0.012122223153710365,
        0.02742663398385048
      ]
    ]
  ],
  "probs_grid": [
    [
      0.05962055176496506,
      0.11514925211668015,
      0.11570540070533752,
      0.08064182847738266,
      0.04385104775428772,
      0.01984199695289135,
      0.007781213149428368,
      0.0027198262978345156,
      0.0008648899965919554
    ],
    [
      0.04885932058095932,
      0.09275652468204498,
      0.09160609543323517,
      0.06274474412202835,
      0.03352786600589752,
      0.014906872063875198,
      0.005743720103055239,
      0.0019724457524716854,
      0.0006161959609016776
    ],
    [
      0.02098449319601059,
      0.03915088623762131,
      0.037994980812072754,
      0.025570914149284363,
      0.013424785807728767,
      0.0058639394119381905,
      0.0022195756901055574,
      0.0007487397524528205,
      0.0002297588507644832
    ],
    [
      0.006297323387116194,
      0.011544219218194485,
      0.011007188819348812,
      0.007277610246092081,
      0.0037532784044742584,
      0.001610367908142507,
      0.000598704325966537,
      0.00019836147839669138,
      5.978103945381008e-05
    ],
    [
      0.0014853841857984662,
      0.002675083465874195,
      0.002505555283278227,
      0.0016271925996989012,
      0.0008242412004619837,
      0.00034732467611320317,
      0.00012681377120316029,
      4.126051862840541e-05,
      1.2210854038130492e-05
    ],
    [
      0.00029372397693805397,
      0.0005195863777771592,
      0.00047798181185498834,
      0.0003048621874768287,
      0.0001516523043392226,
      6.275325722526759e-05,
      2.249839781143237e-05,
      7.18762794349459e-06,
      2.08855726668844e-06
    ],
    [
      5.0716433179331943e-05,
      8.810917643131688e-05,
      7.959738286444917e-05,
      4.985251871403307e-05,
      2.4350270905415528e-05,
      9.893272363115102e-06,
      3.4824452086468227e-06,
      1.0922700539595098e-06,
      3.115932543096278e-07
    ],
    [
      7.864322469686158e-06,
      1.3416132787824608e-05,
      1.1900634490302764e-05,
      7.318094048969215e-06,
      3.509384441713337e-06,
      1.3997890846439986e-06,
      4.837090159526269e-07,
      1.4893315380959393e-07,
      4.170589562590976e-08
    ],
    [
      1.117868578148773e-06,
      1.8723804942055722e-06,
      1.6306009911204455e-06,
      9.843791985986172e-07,
      4.634048309526406e-07,
      1.814421466406202e-07,
      6.15444761820072e-08,
      1.8599905615701573e-08,
      5.1123323352442185e-09
    ]
  ],
  "probs_results": [
    0.19868096709251404,
    0.14834417402744293,
    0.6529748439788818
  ]
}