{
  "skills_mean": [
    [
      0.6762357950210571,
      1.0781803131103516
    ],
    [
      0.3197433352470398,
      0.47944486141204834
    ]
  ],
  "skills_cov": [
    [
      [
        0.018310116603970528,
        0.01045976672321558
      ],
      [
        0.01045976672321558,
        0.024101348593831062
      ]
    ],
    [
      [
        0.02068474143743515,
        0.01042222697287798
      ],
      [
        0.01042222697287798,
        0.02177644707262516
      ]
    ]
  ],
  "probs_grid": [
    [
      0.03912665322422981,
      0.036281757056713104,
      0.017545543611049652,
      0.005899579729884863,
      0.0015515881823375821,
      0.0003404337912797928,
      6.490653322543949e-05,
      1.105978481064085e-05,
      1.7192132872878574e-06
    ],
    [
      0.08723791688680649,
      0.07964524626731873,
      0.037915606051683426,
      0.012548629194498062,
      0.0032480524387210608,
      0.0007012963178567588,
      0.00013156284694559872,
      2.205588862125296e-05,
      3.3728776998032117e-06
    ],
    [
      0.10085634142160416,
      0.09064999967813492,
      0.042479462921619415,
      0.01383745763450861,
      0.003524774918332696,
      0.0007488771225325763,
      0.0001382287300657481,
      2.279837462992873e-05,
      3.4296911053388612e-06
    ],
    [
      0.0806044265627861,
      0.07131936401128769,
      0.03289632126688957,
      0.010546323843300343,
      0.002643648302182555,
      0.0005526675959117711,
      0.00010036668390966952,
      1.6285172023344785e-05,
      2.4099222173390444e-06
    ],
    [
      0.05009305477142334,
      0.04363010823726654,
      0.01980764791369438,
      0.006249465048313141,
      0.0015415371162816882,
      0.000317086698487401,
      5.665332719217986e-05,
      9.042956662597135e-06,
      1.3163352150513674e-06
    ],
    [
      0.025818949565291405,
      0.02213534340262413,
      0.009890539571642876,
      0.0030709172133356333,
      0.0007453685975633562,
      0.00015084938786458224,
      2.6515401259530336e-05,
      4.163441644777777e-06,
      5.961308602309145e-07
    ],
    [
      0.011495284736156464,
      0.009700353257358074,
      0.004265707917511463,
      0.0013033512514084578,
      0.00031127326656132936,
      6.197964830789715e-05,
      1.0717634722823277e-05,
      1.6554300827920088e-06,
      2.3314319719247578e-07
    ],
    [
      0.004546781070530415,
      0.003776377299800515,
      0.0016343076713383198,
      0.0004913745215162635,
      0.0001154669516836293,
      2.2619798983214423e-05,
      3.847893822239712e-06,
      5.846326303071692e-07,
      8.098580650539589e-08
    ],
    [
      0.0016307714395225048,
      0.0013330727815628052,
      0.0005677459412254393,
      0.0001679691777098924,
      3.88355074392166e-05,
      7.484693014703225e-06,
      1.2525189276857418e-06,
      1.871908921202703e-07,
      2.5504547807031486e-08
    ]
  ],
  "probs_results": [
    0.17380404472351074,
    0.6876794099807739,
    0.13851666450500488
  ]
}