{
  "skills_mean": [
    [
      0.5597844123840332,
      0.9670400619506836
    ],
    [
      -0.15815070271492004,
      0.5479973554611206
    ]
  ],
  "skills_cov": [
    [
      [
        0.019847016781568527,
        0.012024632655084133
      ],
      [
        0.012024632655084133,
        0.026881471276283264
      ]
    ],
    [
      [
        0.021485179662704468,
        0.011024047620594501
      ],
      [
        0.011024047620594501,
        0.02359967865049839
      ]
    ]
  ],
  "probs_grid": [
    [
      0.07598400861024857,
      0.049244120717048645,
      0.016708161681890488,
      0.0039569609798491,
      0.0007358388975262642,
      0.00011460269888630137,
      1.5570412870147265e-05,
      1.898039954539854e-06,
      2.1190244581248407e-07
    ],
    [
      0.14160671830177307,
      0.09033342450857162,
      0.0301605686545372,
      0.007027163170278072,
      0.0012853025691583753,
      0.00019684525614138693,
      2.629338632686995e-05,
      3.1505205697612837e-06,
      3.4567091233839164e-07
    ],
    [
      0.13730883598327637,
      0.08620402961969376,
      0.02831866219639778,
      0.006490278523415327,
      0.001167455455288291,
      0.00017579998529981822,
      2.3084036001819186e-05,
      2.7185462840861874e-06,
      2.931089682078891e-07
    ],
    [
      0.09235356748104095,
      0.05705371871590614,
      0.018438488245010376,
      0.0041563548147678375,
      0.0007351774256676435,
      0.0001088389108190313,
      1.4047759577806573e-05,
      1.6258580899375374e-06,
      1.7224689941031102e-07
    ],
    [
      0.04846736043691635,
      0.029459301382303238,
      0.009364966303110123,
      0.002076063072308898,
      0.0003610582207329571,
      5.254618372418918e-05,
      6.6658453761192504e-06,
      7.581340355500288e-07,
      7.891475206633913e-08
    ],
    [
      0.02116699516773224,
      0.01265671942383051,
      0.00395728787407279,
      0.0008626481867395341,
      0.0001474977907491848,
      2.1100016965647228e-05,
      2.630587232488324e-06,
      2.939855221484322e-07,
      3.006432436336581e-08
    ],
    [
      0.008012266829609871,
      0.004712555091828108,
      0.0014490392059087753,
      0.0003105818177573383,
      5.2204115490894765e-05,
      7.340066531469347e-06,
      8.992760172077396e-07,
      9.874586481828374e-08,
      9.920427146425936e-09
    ],
    [
      0.002703425707295537,
      0.001563900732435286,
      0.0004728663188870996,
      9.964509808924049e-05,
      1.6463656720588915e-05,
      2.275030738019268e-06,
      2.738887019404501e-07,
      2.9547839730525993e-08,
      2.9160691639162906e-09
    ],
    [
      0.0008299103355966508,
      0.0004721482691820711,
      0.00014037034998182207,
      2.907901580329053e-05,
      4.722370249510277e-06,
      6.412949460354866e-07,
      7.585983041735744e-08,
      8.04015520827761e-09,
      7.794266343452705e-10
    ]
  ],
  "probs_results": [
    0.1992872804403305,
    0.6823865175247192,
    0.11832596361637115
  ]
}