{
  "skills_mean": [
    [
      0.42714935541152954,
      0.6945468187332153
    ],
    [
      0.39447563886642456,
      0.5961092710494995
    ]
  ],
  "skills_cov": [
    [
      [
        0.019148951396346092,
        0.010502618737518787
      ],
      [
        0.010502618737518787,
        0.021392513066530228
      ]
    ],
    [
      [
        0.020658154040575027,
        0.01080271601676941
      ],
      [
        0.01080271601676941,
        0.021899506449699402
      ]
    ]
  ],
  "probs_grid": [
    [
      0.04610520228743553,
      0.06547298282384872,
      0.04833719879388809,
      0.02473505027592182,
      0.00986901018768549,
      0.0032745790667831898,
      0.0009411282953806221,
      0.00024096221022773534,
      5.610084190266207e-05
    ],
    [
      0.07386743277311325,
      0.10320285707712173,
      0.07495473325252533,
      0.03772963210940361,
      0.014806835912168026,
      0.004832061007618904,
      0.0013657956151291728,
      0.0003438903368078172,
      7.873200956964865e-05
    ],
    [
      0.06145913526415825,
      0.08447293937206268,
      0.06035042926669121,
      0.029880283400416374,
      0.011533292941749096,
      0.0037015434354543686,
      0.001028888626024127,
      0.00025474754511378706,
      5.7349032431375235e-05
    ],
    [
      0.03540409728884697,
      0.04786800965666771,
      0.03363824263215065,
      0.016380591318011284,
      0.006218122784048319,
      0.001962553011253476,
      0.0005364301614463329,
      0.00013059818593319505,
      2.8907734304084443e-05
    ],
    [
      0.015884365886449814,
      0.021124834194779396,
      0.014600859954953194,
      0.006992618553340435,
      0.0026103868149220943,
      0.0008101675775833428,
      0.0002177454880438745,
      5.212335963733494e-05,
      1.1343514415784739e-05
    ],
    [
      0.00592005206272006,
      0.007743792608380318,
      0.005263931583613157,
      0.0024792044423520565,
      0.0009101001196540892,
      0.0002777436457108706,
      7.339714647969231e-05,
      1.727431117615197e-05,
      3.696015028253896e-06
    ],
    [
      0.001909012789838016,
      0.0024559381417930126,
      0.0016418073792010546,
      0.0007604005513712764,
      0.00027447918546386063,
      8.23623631731607e-05,
      2.1399544493760914e-05,
      4.951595201418968e-06,
      1.0415429869681248e-06
    ],
    [
      0.0005477893864735961,
      0.0006930749514140189,
      0.00045562974992208183,
      0.00020750572730321437,
      7.36491710995324e-05,
      2.1728670617449097e-05,
      5.5504920055682305e-06,
      1.262622163267224e-06,
      2.6108850192940736e-07
    ],
    [
      0.0001427749521099031,
      0.00017764660879038274,
      0.00011484093556646258,
      5.1427392463665456e-05,
      1.7946740626939572e-05,
      5.205707566346973e-06,
      1.3073278068986838e-06,
      2.923561339684966e-07,
      5.9428352017221187e-08
    ]
  ],
  "probs_results": [
    0.2289995700120926,
    0.4273626506328583,
    0.34363794326782227
  ]
}