{
  "skills_mean": [
    [
      0.2209477424621582,
      0.9666783809661865
    ],
    [
      0.7983090877532959,
      0.8113410472869873
    ]
  ],
  "skills_cov": [
    [
      [
        0.021847298368811607,
        0.011838952079415321
      ],
      [
        0.011838952079415321,
        0.024127036333084106
      ]
    ],
    [
      [
        0.017232831567525864,
        0.009865550324320793
      ],
      [
        0.009865550324320793,
        0.022525697946548462
      ]
    ]
  ],
  "probs_grid": [
    [
      0.06602536886930466,
      0.10513041913509369,
      0.08696567267179489,
      0.04982765391469002,
      0.022243864834308624,
      0.00825192965567112,
      0.002649676287546754,
      0.0007573803304694593,
      0.00019671146583277732
    ],
    [
      0.07110113650560379,
      0.11141398549079895,
      0.09068956226110458,
      0.05112504959106445,
      0.022453609853982925,
      0.008194188587367535,
      0.002588109578937292,
      0.0007276300457306206,
      0.00018586748046800494
    ],
    [
      0.039911381900310516,
      0.06153778359293938,
      0.04928294196724892,
      0.027331821620464325,
      0.01180803868919611,
      0.00423855846747756,
      0.0013166854623705149,
      0.0003640551585704088,
      9.145113290287554e-05
    ],
    [
      0.015569676645100117,
      0.023618187755346298,
      0.018607214093208313,
      0.010150647722184658,
      0.00431327149271965,
      0.0015227097319439054,
      0.00046517860027961433,
      0.00012647784024011344,
      3.12406373268459e-05
    ],
    [
      0.004748379811644554,
      0.007085627876222134,
      0.00549084460362792,
      0.0029460531659424305,
      0.001231140922755003,
      0.0004274055827409029,
      0.0001283911697100848,
      3.4323798900004476e-05,
      8.33568446978461e-06
    ],
    [
      0.0012075059348717332,
      0.0017722934717312455,
      0.0013507406692951918,
      0.0007127116550691426,
      0.00029287932557053864,
      9.997658344218507e-05,
      2.9528586310334504e-05,
      7.761153938190546e-06,
      1.8529867702454794e-06
    ],
    [
      0.0002666884392965585,
      0.0003849594504572451,
      0.0002885226858779788,
      0.00014969830226618797,
      6.0486116126412526e-05,
      2.0300223695812747e-05,
      5.894592050026404e-06,
      1.5230765484375297e-06,
      3.574619711343985e-07
    ],
    [
      5.261245678411797e-05,
      7.468236435670406e-05,
      5.503865031641908e-05,
      2.8077460228814743e-05,
      1.1153732884849887e-05,
      3.6801136502617737e-06,
      1.0504733154448331e-06,
      2.668090530733025e-07,
      6.155102028060355e-08
    ],
    [
      9.463657988817431e-06,
      1.3208845302870031e-05,
      9.571032933308743e-06,
      4.800235274160514e-06,
      1.8746087562249159e-06,
      6.080105663386348e-07,
      1.7059664969565347e-07,
      4.258920682786993e-08,
      9.656677235625466e-09
    ]
  ],
  "probs_results": [
    0.23824933171272278,
    0.25743135809898376,
    0.5043191313743591
  ]
}