{
  "skills_mean": [
    [
      -0.2127683460712433,
      0.3476235270500183
    ],
    [
      0.0321476012468338,
      0.37904292345046997
    ]
  ],
  "skills_cov": [
    [
      [
        0.024296239018440247,
        0.01237414125353098
      ],
      [
        0.01237414125353098,
        0.0243225060403347
      ]
    ],
    [
      [
        0.01905886083841324,
        0.010038511827588081
      ],
      [
        0.010038511827588081,
        0.020564306527376175
      ]
    ]
  ],
  "probs_grid": [
    [
      0.0822637602686882,
      0.11391547322273254,
      0.08212302625179291,
      0.04109186679124832,
      0.016053475439548492,
      0.005222657695412636,
      0.0014737005112692714,
      0.0003709476732183248,
      8.501803677063435e-05
    ],
    [
      0.08814796060323715,
      0.12010017037391663,
      0.08517657220363617,
      0.04192247986793518,
      0.01610797643661499,
      0.005153394769877195,
      0.001429860945791006,
      0.000353863782947883,
      7.973206811584532e-05
    ],
    [
      0.04925896227359772,
      0.06602373719215393,
      0.046057600528001785,
      0.02229446731507778,
      0.008423812687397003,
      0.0026499065570533276,
      0.0007228624890558422,
      0.00017586580361239612,
      3.8951457099756226e-05
    ],
    [
      0.019139664247632027,
      0.025232691317796707,
      0.01731104776263237,
      0.008239973336458206,
      0.0030612240079790354,
      0.000946736428886652,
      0.00025387745699845254,
      6.071288589737378e-05,
      1.3216553270467557e-05
    ],
    [
      0.005816727411001921,
      0.007541496306657791,
      0.005087613128125668,
      0.0023810253478586674,
      0.0008696304284967482,
      0.0002643790503498167,
      6.968520756345242e-05,
      1.6378673535655253e-05,
      3.5039956856053323e-06
    ],
    [
      0.0014747274108231068,
      0.0018800925463438034,
      0.001247023930773139,
      0.0005737422616221011,
      0.00020598521223291755,
      6.155115261208266e-05,
      1.5944822735036723e-05,
      3.6829246710112784e-06,
      7.742481784589472e-07
    ],
    [
      0.0003248818393331021,
      0.0004072158772032708,
      0.00026552475173957646,
      0.00012008469639113173,
      4.2374609620310366e-05,
      1.2444183084880933e-05,
      3.167919885527226e-06,
      7.190157020886545e-07,
      1.4852045637780975e-07
    ],
    [
      6.396115350071341e-05,
      7.881240890128538e-05,
      5.051369225839153e-05,
      2.245349060103763e-05,
      7.786724381730892e-06,
      2.2471463125839364e-06,
      5.621095624519512e-07,
      1.2535318205664225e-07,
      2.543925781139933e-08
    ],
    [
      1.1486817129480187e-05,
      1.391258501826087e-05,
      8.764147423789836e-06,
      3.828526132565457e-06,
      1.3047043694314198e-06,
      3.6996732433181023e-07,
      9.09274859850484e-08,
      1.992148135343541e-08,
      3.971682982495395e-09
    ]
  ],
  "probs_results": [
    0.257612943649292,
    0.29278039932250977,
    0.44960659742355347
  ]
}