{
  "skills_mean": [
    [
      0.47305116057395935,
      0.8006863594055176
    ],
    [
      -0.09936945885419846,
      0.3293495774269104
    ]
  ],
  "skills_cov": [
    [
      [
        0.020014788955450058,
        0.01096009835600853
      ],
      [
        0.01096009835600853,
        0.023161811754107475
      ]
    ],
    [
      [
        0.023917656391859055,
        0.011363307945430279
      ],
      [
        0.011363307945430279,
        0.021539587527513504
      ]
    ]
  ],
  "probs_grid": [
    [
      0.04960749298334122,
      0.04013665020465851,
      0.016974082216620445,
      0.0050026001408696175,
      0.0011558323167264462,
      0.00022329726198222488,
      3.757158265216276e-05,
      5.662732746714028e-06,
      7.803774906278704e-07
    ],
    [
      0.10497549921274185,
      0.08355770260095596,
      0.03475840389728546,
      0.010074542835354805,
      0.002288826974108815,
      0.00043473689584061503,
      7.190644828369841e-05,
      1.0652313903847244e-05,
      1.442713937649387e-06
    ],
    [
      0.11534477025270462,
      0.09031577408313751,
      0.03695135563611984,
      0.010532226413488388,
      0.0023526994045823812,
      0.00043931620893999934,
      7.142632966861129e-05,
      1.0399687198514584e-05,
      1.384177721774904e-06
    ],
    [
      0.08773377537727356,
      0.0675717294216156,
      0.02718903310596943,
      0.00762040913105011,
      0.00167361821513623,
      0.0003072128747589886,
      4.909497874905355e-05,
      7.025272225291701e-06,
      9.18861417176231e-07
    ],
    [
      0.051963284611701965,
      0.03936373442411423,
      0.015576072968542576,
      0.004292504396289587,
      0.0009268214926123619,
      0.00016723561566323042,
      2.626769673952367e-05,
      3.6939657093171263e-06,
      4.747632829094073e-07
    ],
    [
      0.025560148060321808,
      0.01904303766787052,
      0.007409774698317051,
      0.002007715404033661,
      0.0004261598805896938,
      7.558484503533691e-05,
      1.166822767117992e-05,
      1.6125138699862873e-06,
      2.0364269914807664e-07
    ],
    [
      0.010875309817492962,
      0.007968240417540073,
      0.0030487009789794683,
      0.0008121482096612453,
      0.00016946163668762892,
      2.954235787910875e-05,
      4.482040367292939e-06,
      6.086768848945212e-07,
      7.553006753369118e-08
    ],
    [
      0.00411633588373661,
      0.002965903142467141,
      0.0011157648405060172,
      0.00029221156728453934,
      5.9935246099485084e-05,
      1.0269563972542528e-05,
      1.5311896959246951e-06,
      2.0433353142834676e-07,
      2.4913136442705763e-08
    ],
    [
      0.0014147136826068163,
      0.0010023524519056082,
      0.0003707504365593195,
      9.545410284772515e-05,
      1.924480966408737e-05,
      3.2409036521130474e-06,
      4.748728485992615e-07,
      6.226967030897868e-08,
      7.459522777253369e-09
    ]
  ],
  "probs_results": [
    0.17897266149520874,
    0.6940310597419739,
    0.12699638307094574
  ]
}