{
  "skills_mean": [
    [
      0.2685055434703827,
      0.7971259951591492
    ],
    [
      -0.2092951536178589,
      0.06399194151163101
    ]
  ],
  "skills_cov": [
    [
      [
        0.02116270735859871,
        0.011559339240193367
      ],
      [
        0.011559339240193367,
        0.023899395018815994
      ]
    ],
    [
      [
        0.02137772925198078,
        0.011855852790176868
      ],
      [
        0.011855852790176868,
        0.022489432245492935
      ]
    ]
  ],
  "probs_grid": [
    [
      0.04724244400858879,
      0.034675195813179016,
      0.013281187042593956,
      0.003539215074852109,
      0.0007381804753094912,
      0.00012853207590524107,
      1.9460791008896194e-05,
      2.6352454369771294e-06,
      3.257795810895914e-07
    ],
    [
      0.1052454337477684,
      0.07594163715839386,
      0.02858978882431984,
      0.007487226277589798,
      0.0015344310086220503,
      0.0002624831977300346,
      3.9038546674419194e-05,
      5.192054686631309e-06,
      6.303355348791229e-07
    ],
    [
      0.12193436175584793,
      0.08648793399333954,
      0.032001107931137085,
      0.008235372602939606,
      0.0016582526732236147,
      0.0002786651602946222,
      4.070921568199992e-05,
      5.317400791682303e-06,
      6.339277547340316e-07
    ],
    [
      0.09794456511735916,
      0.06828557699918747,
      0.024830540642142296,
      0.006278902757912874,
      0.0012421266874298453,
      0.00020504588610492647,
      2.9420914870570414e-05,
      3.774008519030758e-06,
      4.418056676058768e-07
    ],
    [
      0.061356157064437866,
      0.04204322397708893,
      0.015023569576442242,
      0.003732712473720312,
      0.0007254336960613728,
      0.00011762901704059914,
      1.6576566849835217e-05,
      2.088155042656581e-06,
      2.4002807208489685e-07
    ],
    [
      0.03196870535612106,
      0.021529091522097588,
      0.007559590972959995,
      0.0018453598022460938,
      0.00035230990033596754,
      5.611179585685022e-05,
      7.7659015005338e-06,
      9.606504818293615e-07,
      1.0842287423429298e-07
    ],
    [
      0.014429290778934956,
      0.009549598209559917,
      0.00329482089728117,
      0.0007901813369244337,
      0.0001481915096519515,
      2.318190126970876e-05,
      3.1508641313848784e-06,
      3.8273233826657815e-07,
      4.2412551692905254e-08
    ],
    [
      0.005802113097161055,
      0.0037735116202384233,
      0.0012792299967259169,
      0.00030139717273414135,
      5.5523090850329027e-05,
      8.530655577487778e-06,
      1.138658831223438e-06,
      1.358126127115611e-07,
      1.4776548873385309e-08
    ],
    [
      0.002121460624039173,
      0.0013558052014559507,
      0.0004515867622103542,
      0.00010452350397827104,
      1.8913604435510933e-05,
      2.854008243957651e-06,
      3.740996987744438e-07,
      4.3813319194896394e-08,
      4.680208220975146e-09
    ]
  ],
  "probs_results": [
    0.16256603598594666,
    0.7350852489471436,
    0.10234874486923218
  ]
}