{
  "skills_mean": [
    [
      0.012214147485792637,
      0.6147075295448303
    ],
    [
      0.5714161992073059,
      1.140448808670044
    ]
  ],
  "skills_cov": [
    [
      [
        0.022431764751672745,
        0.012362764216959476
      ],
      [
        0.012362764216959476,
        0.025491870939731598
      ]
    ],
    [
      [
        0.021577302366495132,
        0.012410671450197697
      ],
      [
        0.012410671450197697,
        0.027104869484901428
      ]
    ]
  ],
  "probs_grid": [
    [
      0.0842014029622078,
      0.14859919250011444,
      0.13688556849956512,
      0.08774461597204208,
      0.044024452567100525,
      0.01843915320932865,
      0.006714623421430588,
      0.002186254132539034,
      0.0006496210698969662
    ],
    [
      0.05443641543388367,
      0.09444937109947205,
      0.08552153408527374,
      0.053876843303442,
      0.02656281739473343,
      0.01093099731951952,
      0.003910432104021311,
      0.001250658417120576,
      0.0003649967547971755
    ],
    [
      0.018443621695041656,
      0.03145185485482216,
      0.0279860682785511,
      0.0173229668289423,
      0.008390499278903008,
      0.0033916556276381016,
      0.0011916951043531299,
      0.000374302122509107,
      0.00010726929758675396
    ],
    [
      0.0043662176467478275,
      0.007316116709262133,
      0.006395669188350439,
      0.0038888014387339354,
      0.0018500147853046656,
      0.0007344167097471654,
      0.00025339212152175605,
      7.814589480403811e-05,
      2.1987607397022657e-05
    ],
    [
      0.0008124470477923751,
      0.001337324851192534,
      0.0011482825502753258,
      0.0006856924737803638,
      0.000320323248161003,
      0.00012485582556109875,
      4.2293177102692425e-05,
      1.280430569750024e-05,
      3.5364428185857832e-06
    ],
    [
      0.00012674111349042505,
      0.00020489153394009918,
      0.00017276062862947583,
      0.00010129385918844491,
      4.6457174903480336e-05,
      1.7776279491954483e-05,
      5.910593245062046e-06,
      1.7563476149007329e-06,
      4.7608395448150986e-07
    ],
    [
      1.7265265341848135e-05,
      2.740617492236197e-05,
      2.268749085487798e-05,
      1.3058544027444441e-05,
      5.8788318710867316e-06,
      2.207831585110398e-06,
      7.204550911410479e-07,
      2.1008985129356006e-07,
      5.5881564264836925e-08
    ],
    [
      2.1123596525285393e-06,
      3.291710527264513e-06,
      2.674796860446804e-06,
      1.5110756521607982e-06,
      6.676201564914663e-07,
      2.460451753449888e-07,
      7.878316665710372e-08,
      2.2541318145385958e-08,
      5.8825326831879465e-09
    ],
    [
      2.3693257844570326e-07,
      3.623869986313366e-07,
      2.889961194796342e-07,
      1.602127071009818e-07,
      6.945644770439685e-08,
      2.5115179269619148e-08,
      7.889740416544555e-09,
      2.2145691946917623e-09,
      5.669318903223086e-10
    ]
  ],
  "probs_results": [
    0.2109529674053192,
    0.12719941139221191,
    0.6618475914001465
  ]
}