{
  "skills_mean": [
    [
      -0.14877039194107056,
      0.5230205059051514
    ],
    [
      0.6286054849624634,
      0.8488039374351501
    ]
  ],
  "skills_cov": [
    [
      [
        0.018981188535690308,
        0.010264964774250984
      ],
      [
        0.010264964774250984,
        0.023197632282972336
      ]
    ],
    [
      [
        0.017955806106328964,
        0.01053516287356615
      ],
      [
        0.01053516287356615,
        0.024077847599983215
      ]
    ]
  ],
  "probs_grid": [
    [
      0.05801592022180557,
      0.11831122636795044,
      0.1252579241991043,
      0.0917859748005867,
      0.05236528441309929,
      0.024807577952742577,
      0.010164270177483559,
      0.003704247996211052,
      0.0012256210902705789
    ],
    [
      0.042575616389513016,
      0.08555831015110016,
      0.08925098180770874,
      0.06443300098180771,
      0.03621227666735649,
      0.01689807139337063,
      0.006819178815931082,
      0.002447515958920121,
      0.000797481625340879
    ],
    [
      0.016275087371468544,
      0.03222290799021721,
      0.033113736659288406,
      0.023547900840640068,
      0.01303490437567234,
      0.005990454461425543,
      0.0023806258104741573,
      0.000841375149320811,
      0.00026993651408702135
    ],
    [
      0.004320716485381126,
      0.008426724933087826,
      0.008529429323971272,
      0.00597366550937295,
      0.003256383817642927,
      0.0014736413722857833,
      0.0005766279646195471,
      0.00020064935961272568,
      6.337634840747342e-05
    ],
    [
      0.0008961738203652203,
      0.0017214034451171756,
      0.0017158931586891413,
      0.00118336733430624,
      0.0006351663614623249,
      0.0002829989534802735,
      0.00010901848145294935,
      3.734453639481217e-05,
      1.161120326287346e-05
    ],
    [
      0.00015489652287214994,
      0.0002929875045083463,
      0.00028756450046785176,
      0.00019525765674188733,
      0.0001031779102049768,
      4.525481926975772e-05,
      1.7160649804282002e-05,
      5.7861448112817015e-06,
      1.7707030792735168e-06
    ],
    [
      2.3238708308781497e-05,
      4.3278225348331034e-05,
      4.181866825092584e-05,
      2.7952759410254657e-05,
      1.4539673429680988e-05,
      6.27706003797357e-06,
      2.342735115234973e-06,
      7.774165737828298e-07,
      2.3413416272433096e-07
    ],
    [
      3.1125509849516675e-06,
      5.706380761694163e-06,
      5.427693849924253e-06,
      3.571024990378646e-06,
      1.8281750726600876e-06,
      7.767624197185796e-07,
      2.852991656254744e-07,
      9.31655321778635e-08,
      2.7610314035086958e-08
    ],
    [
      3.7991560475347796e-07,
      6.855807441752404e-07,
      6.418143811970367e-07,
      4.155799047111941e-07,
      2.093729847274517e-07,
      8.754035718538944e-08,
      3.1638506925446563e-08,
      1.0165910779846854e-08,
      2.9642872600987857e-09
    ]
  ],
  "probs_results": [
    0.18352629244327545,
    0.11919955909252167,
    0.6972740292549133
  ]
}