{
  "skills_mean": [
    [
      0.09428108483552933,
      0.7560278177261353
    ],
    [
      0.254356324672699,
      0.8130602240562439
    ]
  ],
  "skills_cov": [
    [
      [
        0.026379885151982307,
        0.01271661464124918
      ],
      [
        0.01271661464124918,
        0.023631451651453972
      ]
    ],
    [
      [
        0.020595179870724678,
        0.011256852187216282
      ],
      [
        0.011256852187216282,
        0.02468082867562771
      ]
    ]
  ],
  "probs_grid": [
    [
      0.11818420886993408,
      0.13694383203983307,
      0.08270485699176788,
      0.03470802307128906,
      0.011385607533156872,
      0.0031138805206865072,
      0.0007395308930426836,
      0.00015686088590882719,
      3.0331220841617323e-05
    ],
    [
      0.1114935502409935,
      0.12709209322929382,
      0.0754917785525322,
      0.031153274700045586,
      0.010047374293208122,
      0.00270112045109272,
      0.0006304808193817735,
      0.00013141210365574807,
      2.4966257115011103e-05
    ],
    [
      0.055179156363010406,
      0.06185976043343544,
      0.03613000735640526,
      0.01465781033039093,
      0.004646642133593559,
      0.001227663247846067,
      0.0002815712650772184,
      5.765942842117511e-05,
      1.0760868462966755e-05
    ],
    [
      0.019099866971373558,
      0.021053075790405273,
      0.012087784707546234,
      0.004819970112293959,
      0.0015015486860647798,
      0.0003897961287293583,
      8.782977238297462e-05,
      1.7666890926193446e-05,
      3.238310682718293e-06
    ],
    [
      0.00520143611356616,
      0.005635792855173349,
      0.0031802295707166195,
      0.0012461141450330615,
      0.00038140654214657843,
      9.726562711875886e-05,
      2.152673914679326e-05,
      4.252614417055156e-06,
      7.654587079741759e-07
    ],
    [
      0.0011885964777320623,
      0.0012656532926484942,
      0.0007017747848294675,
      0.000270154036115855,
      8.122578583424911e-05,
      2.0345038137747906e-05,
      4.421972334966995e-06,
      8.577891321692732e-07,
      1.5159513111484557e-07
    ],
    [
      0.00023737840820103884,
      0.0002483591379132122,
      0.00013528730778489262,
      5.115674139233306e-05,
      1.5106367754924577e-05,
      3.715731281772605e-06,
      7.929927505756496e-07,
      1.5102662587196392e-07,
      2.6201879776976966e-08
    ],
    [
      4.261151480022818e-05,
      4.37966373283416e-05,
      2.3433207388734445e-05,
      8.702306331542786e-06,
      2.523442162782885e-06,
      6.094362561270827e-07,
      1.276897734214799e-07,
      2.3872431142990536e-08,
      4.065269010311567e-09
    ],
    [
      7.017642474238528e-06,
      7.084394837875152e-06,
      3.7225017877062783e-06,
      1.357450400973903e-06,
      3.8647254996249103e-07,
      9.163062486550189e-08,
      1.884557221387695e-08,
      3.458183295279582e-09,
      5.779617340273546e-10
    ]
  ],
  "probs_results": [
    0.28663453459739685,
    0.3003826439380646,
    0.41298308968544006
  ]
}