{
  "skills_mean": [
    [
      -0.20809602737426758,
      0.47900110483169556
    ],
    [
      0.22283171117305756,
      0.6988619565963745
    ]
  ],
  "skills_cov": [
    [
      [
        0.020850980654358864,
        0.011032134294509888
      ],
      [
        0.011032134294509888,
        0.02408973127603531
      ]
    ],
    [
      [
        0.01995696872472763,
        0.011412793770432472
      ],
      [
        0.011412793770432472,
        0.025016849860548973
      ]
    ]
  ],
  "probs_grid": [
    [
      0.10124942660331726,
      0.14730197191238403,
      0.11163060367107391,
      0.05875062942504883,
      0.02415485866367817,
      0.008274493739008904,
      0.002459823153913021,
      0.0006526449578814209,
      0.0001577481598360464
    ],
    [
      0.0802825316786766,
      0.11502894014120102,
      0.0858355462551117,
      0.044473618268966675,
      0.017998093739151955,
      0.006067734677344561,
      0.0017749570542946458,
      0.00046334051876328886,
      0.00011017219367204234
    ],
    [
      0.03324592858552933,
      0.046901408582925797,
      0.034453120082616806,
      0.017570048570632935,
      0.006997406017035246,
      0.002321201376616955,
      0.0006680206279270351,
      0.00017153886437881738,
      4.011836426798254e-05
    ],
    [
      0.009586462751030922,
      0.013312654569745064,
      0.009624830447137356,
      0.004830080550163984,
      0.0018926541088148952,
      0.0006176460883580148,
      0.00017484513227827847,
      4.4158168748253956e-05,
      1.0156140888284426e-05
    ],
    [
      0.00216524675488472,
      0.002959209494292736,
      0.0021052230149507523,
      0.0010394160635769367,
      0.0004006601811852306,
      0.0001286051847273484,
      3.5804205253953114e-05,
      8.892110599845182e-06,
      2.0109009710722603e-06
    ],
    [
      0.00040858855936676264,
      0.0005494466749951243,
      0.00038455225876532495,
      0.00018676446052268147,
      7.080640352796763e-05,
      2.2350850485963747e-05,
      6.118713372416096e-06,
      1.4940868595658685e-06,
      3.321733572647645e-07
    ],
    [
      6.709558510920033e-05,
      8.876023639459163e-05,
      6.1104612541385e-05,
      2.9186556275817566e-05,
      1.0881251000682823e-05,
      3.3772948881960474e-06,
      9.089869763556635e-07,
      2.1819950291046553e-07,
      4.768521222331401e-08
    ],
    [
      9.861323633231223e-06,
      1.2831107596866786e-05,
      8.686977707839105e-06,
      4.080132384842727e-06,
      1.495607875767746e-06,
      4.5636195977749594e-07,
      1.207416602255762e-07,
      2.8488676306892557e-08,
      6.119052375908041e-09
    ],
    [
      1.324137087976851e-06,
      1.6943008631642442e-06,
      1.1279030331934337e-06,
      5.208407287682348e-07,
      1.8768528775581217e-07,
      5.629378563298815e-08,
      1.4638837697589224e-08,
      3.3945530830692405e-09,
      7.165078530491087e-10
    ]
  ],
  "probs_results": [
    0.2560088336467743,
    0.20314441621303558,
    0.5408468842506409
  ]
}