{
  "skills_mean": [
    [
      0.6662572026252747,
      1.098101019859314
    ],
    [
      0.30903491377830505,
      1.1689162254333496
    ]
  ],
  "skills_cov": [
    [
      [
        0.02102804183959961,
        0.012392057105898857
      ],
      [
        0.012392057105898857,
        0.027875298634171486
      ]
    ],
    [
      [
        0.014929465018212795,
        0.008758694864809513
      ],
      [
        0.008758694864809513,
        0.02509155310690403
      ]
    ]
  ],
  "probs_grid": [
    [
      0.12657563388347626,
      0.11167564988136292,
      0.05131331831216812,
      0.01637118309736252,
      0.004079773090779781,
      0.0008470331667922437,
      0.00015260701184161007,
      2.4539454898331314e-05,
      3.594983127186424e-06
    ],
    [
      0.14580440521240234,
      0.1269049495458603,
      0.05750886723399162,
      0.018090926110744476,
      0.004444163292646408,
      0.0009093487751670182,
      0.00016143171524163336,
      2.557271727710031e-05,
      3.6899855331284925e-06
    ],
    [
      0.08769864588975906,
      0.07528023421764374,
      0.03363649919629097,
      0.010430592112243176,
      0.0025253077037632465,
      0.0005091430502943695,
      8.904246351448819e-05,
      1.3893211871618405e-05,
      1.974199449250591e-06
    ],
    [
      0.036721065640449524,
      0.031079353764653206,
      0.013688968494534492,
      0.004183534067124128,
      0.000998005736619234,
      0.0001982247194973752,
      3.414550519664772e-05,
      5.246633918432053e-06,
      7.340718184423167e-07
    ],
    [
      0.01204060297459364,
      0.010045444592833519,
      0.004360527731478214,
      0.001313088578172028,
      0.0003085901844315231,
      6.037056664354168e-05,
      1.0241020390822086e-05,
      1.549389708088711e-06,
      2.1341267597563274e-07
    ],
    [
      0.0032974369823932648,
      0.002711213892325759,
      0.0011596131371334195,
      0.00034400480217300355,
      7.96287931734696e-05,
      1.5341063772211783e-05,
      2.5623835426813457e-06,
      3.816492437636043e-07,
      5.174427641918555e-08
    ],
    [
      0.0007855662261135876,
      0.0006364222499541938,
      0.0002681566111277789,
      7.835304131731391e-05,
      1.7860887965071015e-05,
      3.3881235594890313e-06,
      5.571233714363188e-07,
      8.167908305267702e-08,
      1.0899012359288918e-08
    ],
    [
      0.00016743819287512451,
      0.0001336310524493456,
      5.5458021961385384e-05,
      1.595777939655818e-05,
      3.58170996150875e-06,
      6.688835583190667e-07,
      1.0826372687233743e-07,
      1.5621480997651815e-08,
      2.0512598286615003e-09
    ],
    [
      3.259098593844101e-05,
      2.561896872066427e-05,
      1.0470276720297989e-05,
      2.966448164443136e-06,
      6.554797096214315e-07,
      1.2049275710523943e-07,
      1.9194418499068888e-08,
      2.7254494217032743e-09,
      3.5213240656695177e-10
    ]
  ],
  "probs_results": [
    0.29163044691085815,
    0.42787104845046997,
    0.28049856424331665
  ]
}