{
  "skills_mean": [
    [
      0.2209477573633194,
      0.9666783213615417
    ],
    [
      0.7983091473579407,
      0.8113410472869873
    ]
  ],
  "skills_cov": [
    [
      [
        0.02184729278087616,
        0.011838957667350769
      ],
      [
        0.011838957667350769,
        0.024127032607793808
      ]
    ],
    [
      [
        0.017232827842235565,
        0.009865553118288517
      ],
      [
        0.009865553118288517,
        0.022525686770677567
      ]
    ]
  ],
  "probs_grid": [
    [
      0.06602536141872406,
      0.10513034462928772,
      0.0869656354188919,
      0.04982765018939972,
      0.02224387228488922,
      0.008251931518316269,
      0.002649676986038685,
      0.0007573807961307466,
      0.0001967116113519296
    ],
    [
      0.0711011067032814,
      0.11141394823789597,
      0.0906895324587822,
      0.051125045865774155,
      0.022453615441918373,
      0.008194192312657833,
      0.0025881086476147175,
      0.0007276303949765861,
      0.00018586742226034403
    ],
    [
      0.03991137444972992,
      0.061537787318229675,
      0.049282923340797424,
      0.027331825345754623,
      0.011808039620518684,
      0.004238558933138847,
      0.0013166862772777677,
      0.00036405521677806973,
      9.145114017883316e-05
    ],
    [
      0.015569672919809818,
      0.023618191480636597,
      0.018607214093208313,
      0.010150650516152382,
      0.004313273821026087,
      0.0015227088006213307,
      0.0004651786293834448,
      0.00012647784024011344,
      3.124064824078232e-05
    ],
    [
      0.004748378414660692,
      0.0070856306701898575,
      0.00549084460362792,
      0.002946052234619856,
      0.001231140922755003,
      0.0004274057282600552,
      0.00012839114060625434,
      3.432380617596209e-05,
      8.335685379279312e-06
    ],
    [
      0.0012075051199644804,
      0.00177229184191674,
      0.0013507402036339045,
      0.0007127116550691426,
      0.0002928792964667082,
      9.997653978643939e-05,
      2.9528569939429872e-05,
      7.761154847685248e-06,
      1.8529869976191549e-06
    ],
    [
      0.00026668835198506713,
      0.00038495921762660146,
      0.00028852259856648743,
      0.00014969830226618797,
      6.048613795428537e-05,
      2.0300218238844536e-05,
      5.894593414268456e-06,
      1.5230767758112052e-06,
      3.5746174376072304e-07
    ],
    [
      5.261241312837228e-05,
      7.46823352528736e-05,
      5.503863576450385e-05,
      2.8077460228814743e-05,
      1.1153725608892273e-05,
      3.680112286019721e-06,
      1.05047297438432e-06,
      2.668089678081742e-07,
      6.155099896432148e-08
    ],
    [
      9.46365253184922e-06,
      1.320884985034354e-05,
      9.57103111431934e-06,
      4.800234819413163e-06,
      1.874608301477565e-06,
      6.080105663386348e-07,
      1.7059663548479875e-07,
      4.258919972244257e-08,
      9.656673682911787e-09
    ]
  ],
  "probs_results": [
    0.23824934661388397,
    0.25743138790130615,
    0.5043191313743591
  ]
}