{
  "skills_mean": [
    [
      0.42722612619400024,
      0.6946717500686646
    ],
    [
      0.287577360868454,
      0.8441586494445801
    ]
  ],
  "skills_cov": [
    [
      [
        0.018998272716999054,
        0.010381033644080162
      ],
      [
        0.010381033644080162,
        0.021242648363113403
      ]
    ],
    [
      [
        0.021014641970396042,
        0.011677505448460579
      ],
      [
        0.011677505448460579,
        0.02533719874918461
      ]
    ]
  ],
  "probs_grid": [
    [
      0.07581552118062973,
      0.09671396762132645,
      0.06417211890220642,
      0.029528111219406128,
      0.010599316097795963,
      0.003165674163028598,
      0.0008193952380679548,
      0.0001890414860099554,
      3.968012970290147e-05
    ],
    [
      0.09568940848112106,
      0.12010744214057922,
      0.07840487360954285,
      0.035489022731781006,
      0.012529850006103516,
      0.0036804128903895617,
      0.0009367864113301039,
      0.00021250994177535176,
      4.385629290482029e-05
    ],
    [
      0.06293749809265137,
      0.0777190700173378,
      0.04990663006901741,
      0.022218484431505203,
      0.007714767940342426,
      0.0022283506114035845,
      0.0005576937110163271,
      0.00012438342673704028,
      2.523519469832536e-05
    ],
    [
      0.028760533779859543,
      0.03493570536375046,
      0.02206488884985447,
      0.00966074038296938,
      0.0032985627185553312,
      0.0009368020109832287,
      0.00023050566960591823,
      5.0539667427074164e-05,
      1.0079187632072717e-05
    ],
    [
      0.01027166098356247,
      0.012271934188902378,
      0.007622464094310999,
      0.003281760262325406,
      0.001101742614991963,
      0.0003076242282986641,
      7.441032357746735e-05,
      1.6037127352319658e-05,
      3.1436088647751603e-06
    ],
    [
      0.0030579452868551016,
      0.00359295099042356,
      0.0021944979671388865,
      0.0009289745357818902,
      0.00030661362688988447,
      8.416031050728634e-05,
      2.0010522348457016e-05,
      4.238926067046123e-06,
      8.166383054231119e-07
    ],
    [
      0.0007904056110419333,
      0.0009132171398960054,
      0.0005484221619553864,
      0.00022824302141088992,
      7.405583892250434e-05,
      1.9980736396973953e-05,
      4.669425379688619e-06,
      9.721399010231835e-07,
      1.8405187063308404e-07
    ],
    [
      0.0001824290957301855,
      0.00020724146452266723,
      0.000122358207590878,
      5.005996354157105e-05,
      1.596572474227287e-05,
      4.23390247306088e-06,
      9.724310530145885e-07,
      1.9895691139026894e-07,
      3.70148391937164e-08
    ],
    [
      3.8377045711968094e-05,
      4.28620696766302e-05,
      2.4877488613128662e-05,
      1.0004670002672356e-05,
      3.1361864785139915e-06,
      8.173736318894953e-07,
      1.8449009075993672e-07,
      3.709174833943507e-08,
      6.780623618141135e-09
    ]
  ],
  "probs_results": [
    0.25669586658477783,
    0.3689349889755249,
    0.3743690252304077
  ]
}