{
  "skills_mean": [
    [
      0.6612741947174072,
      1.0926628112792969
    ],
    [
      -0.03175356611609459,
      0.2506062090396881
    ]
  ],
  "skills_cov": [
    [
      [
        0.02066345326602459,
        0.012021343223750591
      ],
      [
        0.012021343223750591,
        0.027303466573357582
      ]
    ],
    [
      [
        0.02059202827513218,
        0.010401475243270397
      ],
      [
        0.010401475243270397,
        0.02333766035735607
      ]
    ]
  ],
  "probs_grid": [
    [
      0.031041989102959633,
      0.02046707645058632,
      0.007059698458760977,
      0.001698478008620441,
      0.0003206330875400454,
      5.065673394710757e-05,
      6.976717486395501e-06,
      8.615073170403775e-07,
      9.736189099385228e-08
    ],
    [
      0.08305007219314575,
      0.053882330656051636,
      0.018284955993294716,
      0.004327191971242428,
      0.0008033759077079594,
      0.00012480784789659083,
      1.6899886759347282e-05,
      2.0514351035672007e-06,
      2.2787432385484863e-07
    ],
    [
      0.11551021039485931,
      0.07373891025781631,
      0.024616947397589684,
      0.0057300785556435585,
      0.0010462019126862288,
      0.000159813353093341,
      2.127480365743395e-05,
      2.538574335630983e-06,
      2.771541289803281e-07
    ],
    [
      0.11134215444326401,
      0.06993257999420166,
      0.02296588011085987,
      0.005257777404040098,
      0.0009440186549909413,
      0.00014178678975440562,
      1.8555989299784414e-05,
      2.1764349185104948e-06,
      2.3353904055056773e-07
    ],
    [
      0.08366404473781586,
      0.051698628813028336,
      0.01670045405626297,
      0.0037602961529046297,
      0.0006639077910222113,
      9.804077126318589e-05,
      1.261359102500137e-05,
      1.454209836992959e-06,
      1.533607161263717e-07
    ],
    [
      0.052265215665102005,
      0.03177265822887421,
      0.01009557768702507,
      0.002235550433397293,
      0.00038811867125332355,
      5.635027991957031e-05,
      7.126920991140651e-06,
      8.076239623733272e-07,
      8.370717807792971e-08
    ],
    [
      0.028270531445741653,
      0.016906708478927612,
      0.005283853504806757,
      0.0011506720911711454,
      0.00019643359701149166,
      2.8039570679538883e-05,
      3.4861350286519155e-06,
      3.882973658164701e-07,
      3.95530612706807e-08
    ],
    [
      0.013616315089166164,
      0.008010429330170155,
      0.0024623547215014696,
      0.0005273387650959194,
      8.851775783114135e-05,
      1.242235885001719e-05,
      1.5182367860688828e-06,
      1.6621474685507565e-07,
      1.6639695843423397e-08
    ],
    [
      0.005960259586572647,
      0.0034492320846766233,
      0.0010428266832605004,
      0.0002196256536990404,
      3.624896999099292e-05,
      5.001313638786087e-06,
      6.008691002534761e-07,
      6.465751312134671e-08,
      6.361434934376575e-09
    ]
  ],
  "probs_results": [
    0.1163063794374466,
    0.8219257593154907,
    0.06176772713661194
  ]
}