{
  "skills_mean": [
    [
      -0.2080959975719452,
      0.4790010452270508
    ],
    [
      0.22283171117305756,
      0.6988617777824402
    ]
  ],
  "skills_cov": [
    [
      [
        0.02085113152861595,
        0.011032220907509327
      ],
      [
        0.011032220907509327,
        0.024089880287647247
      ]
    ],
    [
      [
        0.01995711587369442,
        0.01141287386417389
      ],
      [
        0.01141287386417389,
        0.02501699887216091
      ]
    ]
  ],
  "probs_grid": [
    [
      0.10124938935041428,
      0.14730189740657806,
      0.11163053661584854,
      0.05875064805150032,
      0.024154866114258766,
      0.008274506777524948,
      0.002459829906001687,
      0.000652647519018501,
      0.00015774910571053624
    ],
    [
      0.08028249442577362,
      0.1150289848446846,
      0.08583549410104752,
      0.044473618268966675,
      0.0179981030523777,
      0.006067741196602583,
      0.0017749600810930133,
      0.00046334214857779443,
      0.00011017273209290579
    ],
    [
      0.03324595466256142,
      0.046901386231184006,
      0.034453123807907104,
      0.017570044845342636,
      0.0069974083453416824,
      0.0023212034720927477,
      0.0006680221995338798,
      0.00017153937369585037,
      4.011856435681693e-05
    ],
    [
      0.00958648044615984,
      0.013312666676938534,
      0.009624839760363102,
      0.004830087069422007,
      0.0018926558550447226,
      0.0006176469614729285,
      0.00017484548152424395,
      4.415831790538505e-05,
      1.0156180906051304e-05
    ],
    [
      0.0021652523428201675,
      0.00295921484939754,
      0.002105227205902338,
      0.0010394176933914423,
      0.0004006610543001443,
      0.00012860538845416158,
      3.580428892746568e-05,
      8.892142432159744e-06,
      2.010910066019278e-06
    ],
    [
      0.0004085900727659464,
      0.0005494483630172908,
      0.0003845531609840691,
      0.00018676475156098604,
      7.080655632307753e-05,
      2.2350912331603467e-05,
      6.118731562310131e-06,
      1.4940918617867283e-06,
      3.3217492045878316e-07
    ],
    [
      6.709596345899627e-05,
      8.876065840013325e-05,
      6.110488175181672e-05,
      2.9186652682255954e-05,
      1.0881289199460298e-05,
      3.3773055747587932e-06,
      9.089905006476329e-07,
      2.1820048345944087e-07,
      4.768545736055785e-08
    ],
    [
      9.861398211796768e-06,
      1.2831193998863455e-05,
      8.6870259110583e-06,
      4.080155122210272e-06,
      1.4956154927858734e-06,
      4.563640914057032e-07,
      1.207422286597648e-07,
      2.8488834402651264e-08,
      6.119090567580088e-09
    ],
    [
      1.3241497072158381e-06,
      1.694314391897933e-06,
      1.1279116733931005e-06,
      5.208443667470419e-07,
      1.8768658094359125e-07,
      5.6294144457069706e-08,
      1.4638935397215391e-08,
      3.3945761757081527e-09,
      7.165133486530806e-10
    ]
  ],
  "probs_results": [
    0.25600889325141907,
    0.20314450562000275,
    0.5408468842506409
  ]
}