{
  "skills_mean": [
    [
      0.6286997199058533,
      0.8489311933517456
    ],
    [
      0.34004291892051697,
      0.5174893736839294
    ]
  ],
  "skills_cov": [
    [
      [
        0.017829718068242073,
        0.010433757677674294
      ],
      [
        0.010433757677674294,
        0.023953594267368317
      ]
    ],
    [
      [
        0.021614594385027885,
        0.011531969532370567
      ],
      [
        0.011531969532370567,
        0.023684991523623466
      ]
    ]
  ],
  "probs_grid": [
    [
      0.03619873896241188,
      0.0425245463848114,
      0.026058398187160492,
      0.01110507920384407,
      0.003702353686094284,
      0.001029927283525467,
      0.00024899819982238114,
      5.3807183576282114e-05,
      1.0608406228129752e-05
    ],
    [
      0.07487907260656357,
      0.08650006353855133,
      0.0521182157099247,
      0.02183670364320278,
      0.007156956009566784,
      0.001957070315256715,
      0.0004650643386412412,
      9.877432603389025e-05,
      1.9138768038828857e-05
    ],
    [
      0.08041902631521225,
      0.09134837239980698,
      0.05411490052938461,
      0.022290349006652832,
      0.007181636523455381,
      0.0019303330918774009,
      0.00045085581950843334,
      9.411063365405425e-05,
      1.7920579921337776e-05
    ],
    [
      0.05978339910507202,
      0.06677092611789703,
      0.03888896107673645,
      0.015747450292110443,
      0.0049872854724526405,
      0.0013176101492717862,
      0.0003024651960004121,
      6.204848614288494e-05,
      1.161110594694037e-05
    ],
    [
      0.034604303538799286,
      0.037999946624040604,
      0.021758411079645157,
      0.008661206811666489,
      0.0026962747797369957,
      0.0007001421181485057,
      0.00015795875515323132,
      3.184497472830117e-05,
      5.85598263569409e-06
    ],
    [
      0.016633590683341026,
      0.01795843429863453,
      0.010108871385455132,
      0.003955548629164696,
      0.0012103499611839652,
      0.0003089010715484619,
      6.849108467577025e-05,
      1.356941993435612e-05,
      2.452029775668052e-06
    ],
    [
      0.006915523204952478,
      0.007340455427765846,
      0.00406194431707263,
      0.0015623517101630569,
      0.0004698833217844367,
      0.00011786210961872712,
      2.568242052802816e-05,
      5.000157671020133e-06,
      8.878602102413424e-07
    ],
    [
      0.002557579427957535,
      0.002668890403583646,
      0.0014518029056489468,
      0.0005488869501277804,
      0.000162252617883496,
      3.999844193458557e-05,
      8.565321877540555e-06,
      1.638718231333769e-06,
      2.8592637590918457e-07
    ],
    [
      0.0008588121272623539,
      0.0008810363942757249,
      0.00047111607273109257,
      0.00017507560551166534,
      5.086567034595646e-05,
      1.2323565897531807e-05,
      2.5934004952432588e-06,
      4.875701620221662e-07,
      8.359318570683172e-08
    ]
  ],
  "probs_results": [
    0.19579921662807465,
    0.5959641933441162,
    0.20823688805103302
  ]
}