{
  "skills_mean": [
    [
      0.5897210836410522,
      1.1432698965072632
    ],
    [
      -0.14094127714633942,
      0.5722622871398926
    ]
  ],
  "skills_cov": [
    [
      [
        0.021063094958662987,
        0.012056988663971424
      ],
      [
        0.012056988663971424,
        0.02677195332944393
      ]
    ],
    [
      [
        0.021313471719622612,
        0.010678267106413841
      ],
      [
        0.010678267106413841,
        0.022844841703772545
      ]
    ]
  ],
  "probs_grid": [
    [
      0.08278121799230576,
      0.04595217481255531,
      0.01335383765399456,
      0.002708646235987544,
      0.0004313978715799749,
      5.754279482061975e-05,
      6.695731372019509e-06,
      6.990537713136291e-07,
      6.684346942620323e-08
    ],
    [
      0.1546613723039627,
      0.08459120988845825,
      0.024213366210460663,
      0.004836153704673052,
      0.0007582292309962213,
      9.95339869405143e-05,
      1.1395308320061304e-05,
      1.1702596793838893e-06,
      1.1004650701806895e-07
    ],
    [
      0.15040801465511322,
      0.08103957772254944,
      0.02284432016313076,
      0.0044921026565134525,
      0.0006932007381692529,
      8.95421180757694e-05,
      1.0084956556966063e-05,
      1.0186455483562895e-06,
      9.419246538300285e-08
    ],
    [
      0.10150431841611862,
      0.05386580154299736,
      0.014951057732105255,
      0.0028940271586179733,
      0.00043950011604465544,
      5.5855784012237564e-05,
      6.188073257362703e-06,
      6.146808573248563e-07,
      5.588539053746899e-08
    ],
    [
      0.05347123369574547,
      0.027943216264247894,
      0.007635621353983879,
      0.0014546943129971623,
      0.00021737912902608514,
      2.7177866286365315e-05,
      2.961383870569989e-06,
      2.8926118034178216e-07,
      2.5855555918496975e-08
    ],
    [
      0.0234503373503685,
      0.012066016905009747,
      0.003245469881221652,
      0.000608476169873029,
      8.945944136939943e-05,
      1.1001789971487597e-05,
      1.1789358040914522e-06,
      1.1322588022721902e-07,
      9.949165935552173e-09
    ],
    [
      0.008917451836168766,
      0.004517001565545797,
      0.0011957798851653934,
      0.00022059820184949785,
      3.190597999491729e-05,
      3.859257049043663e-06,
      4.0666492395757814e-07,
      3.83985359064809e-08,
      3.3166396296024914e-09
    ],
    [
      0.0030239142943173647,
      0.0015076990239322186,
      0.00039277964970096946,
      7.129106961656362e-05,
      1.0142554856429342e-05,
      1.2065132750649354e-06,
      1.2500674984039506e-07,
      1.1603766836287832e-08,
      9.851297555485417e-10
    ],
    [
      0.0009333131602033973,
      0.00045798832434229553,
      0.00011740120680769905,
      2.0962786948075518e-05,
      2.93333664558304e-06,
      3.4313245578232454e-07,
      3.4954009464627234e-08,
      3.189468245068383e-09,
      2.661307563212034e-10
    ]
  ],
  "probs_results": [
    0.19345329701900482,
    0.708237886428833,
    0.09830885380506516
  ]
}