{
  "skills_mean": [
    [
      0.5713134407997131,
      1.1402437686920166
    ],
    [
      -0.158122256398201,
      0.5478988885879517
    ]
  ],
  "skills_cov": [
    [
      [
        0.02172713540494442,
        0.01253158412873745
      ],
      [
        0.01253158412873745,
        0.027252718806266785
      ]
    ],
    [
      [
        0.021634964272379875,
        0.011145420372486115
      ],
      [
        0.011145420372486115,
        0.02374870888888836
      ]
    ]
  ],
  "probs_grid": [
    [
      0.08253411203622818,
      0.045268524438142776,
      0.013007394969463348,
      0.0026105758734047413,
      0.0004116871568839997,
      5.441153552965261e-05,
      6.277886768657481e-06,
      6.503481699837721e-07,
      6.174735744934878e-08
    ],
    [
      0.1547754853963852,
      0.08358284085988998,
      0.023638632148504257,
      0.004668166860938072,
      0.00072415207978338,
      9.412116924067959e-05,
      1.0676578312995844e-05,
      1.087130499399791e-06,
      1.0143134687723432e-07
    ],
    [
      0.15127699077129364,
      0.08041788637638092,
      0.022381506860256195,
      0.004348290152847767,
      0.0006634188466705382,
      8.478486415697262e-05,
      9.454303835809696e-06,
      9.461174386160565e-07,
      8.673742257769845e-08
    ],
    [
      0.10273659229278564,
      0.05375128239393234,
      0.014719164930284023,
      0.0028128712438046932,
      0.0004220296978019178,
      5.3026131354272366e-05,
      5.811868049931945e-06,
      5.715436373066041e-07,
      5.147996517962383e-08
    ],
    [
      0.054531894624233246,
      0.02807524986565113,
      0.0075632245279848576,
      0.0014215059345588088,
      0.0002097048272844404,
      2.5901168555719778e-05,
      2.790046664813417e-06,
      2.69599723878855e-07,
      2.3855873720890486e-08
    ],
    [
      0.024127619341015816,
      0.012221596203744411,
      0.003238450735807419,
      0.0005985443131066859,
      8.681002509547397e-05,
      1.0538921742409002e-05,
      1.1156055279570865e-06,
      1.0591372756607598e-07,
      9.206151396767837e-09
    ],
    [
      0.00926787406206131,
      0.004618177190423012,
      0.0012035057879984379,
      0.00021871141507290304,
      3.118246968369931e-05,
      3.720556833286537e-06,
      3.8699371884831635e-07,
      3.609461529663349e-08,
      3.0816540430578243e-09
    ],
    [
      0.003178446553647518,
      0.0015578464372083545,
      0.00039922469295561314,
      7.132744212867692e-05,
      9.995783329941332e-06,
      1.1720475185938994e-06,
      1.1978048064520408e-07,
      1.0974564368382289e-08,
      9.202671402697149e-10
    ],
    [
      0.0009933548280969262,
      0.00047882943181321025,
      0.00012065371993230656,
      2.1191030100453645e-05,
      2.9187253858253825e-06,
      3.362914355875546e-07,
      3.37651187010124e-08,
      3.0387983240842686e-09,
      2.5025698180414224e-10
    ]
  ],
  "probs_results": [
    0.1916530728340149,
    0.7121709585189819,
    0.09617603570222855
  ]
}