{
  "skills_mean": [
    [
      0.2320839762687683,
      0.5121204257011414
    ],
    [
      -0.21495380997657776,
      0.4662548005580902
    ]
  ],
  "skills_cov": [
    [
      [
        0.019910477101802826,
        0.011029071174561977
      ],
      [
        0.011029071174561977,
        0.023907601833343506
      ]
    ],
    [
      [
        0.021131165325641632,
        0.01140087004750967
      ],
      [
        0.01140087004750967,
        0.02478141337633133
      ]
    ]
  ],
  "probs_grid": [
    [
      0.08390738815069199,
      0.0791737288236618,
      0.03897510841488838,
      0.013345339335501194,
      0.003575453767552972,
      0.0007994466577656567,
      0.00015538191655650735,
      2.700009281397797e-05,
      4.281571818864904e-06
    ],
    [
      0.12492848187685013,
      0.1160101667046547,
      0.05619187280535698,
      0.018928196281194687,
      0.004988051485270262,
      0.0010968329152092338,
      0.00020962256530765444,
      3.5812008718494326e-05,
      5.582593530562008e-06
    ],
    [
      0.09693367034196854,
      0.08857183903455734,
      0.04220667853951454,
      0.013984628953039646,
      0.0036244092043489218,
      0.0007836921140551567,
      0.0001472584845032543,
      2.473150561854709e-05,
      3.789512447838206e-06
    ],
    [
      0.05225567892193794,
      0.04697621241211891,
      0.022019769996404648,
      0.007175656035542488,
      0.0018287748098373413,
      0.00038879321073181927,
      7.181987166404724e-05,
      1.1856346645799931e-05,
      1.7855332998806261e-06
    ],
    [
      0.022016264498233795,
      0.019469445571303368,
      0.008976004086434841,
      0.0028764663729816675,
      0.000720812298823148,
      0.0001506555126979947,
      2.7356436476111412e-05,
      4.438757059688214e-06,
      6.569383117493999e-07
    ],
    [
      0.00773188192397356,
      0.006725222337990999,
      0.0030491575598716736,
      0.0009608071995899081,
      0.00023671110102441162,
      4.863445064984262e-05,
      8.680150131112896e-06,
      1.3841621466781362e-06,
      2.0130791256178782e-07
    ],
    [
      0.0023574151564389467,
      0.0020165969617664814,
      0.0008990622009150684,
      0.0002785365504678339,
      6.745945574948564e-05,
      1.3623600352730136e-05,
      2.3897202936495887e-06,
      3.7448157286235073e-07,
      5.351581577883735e-08
    ],
    [
      0.0006417690310627222,
      0.0005398559733293951,
      0.00023664793116040528,
      7.207607268355787e-05,
      1.715901271381881e-05,
      3.405878942430718e-06,
      5.871145276614698e-07,
      9.04061465689665e-08,
      1.2693975648403466e-08
    ],
    [
      0.00015922612510621548,
      0.00013170055171940476,
      5.675807915395126e-05,
      1.6993200915749185e-05,
      3.976328116550576e-06,
      7.756659670121735e-07,
      1.3139417376351048e-07,
      1.9879889734397693e-08,
      2.7424200688130895e-09
    ]
  ],
  "probs_results": [
    0.250099241733551,
    0.5112974643707275,
    0.23860321938991547
  ]
}