{
  "skills_mean": [
    [
      0.6139477491378784,
      1.0303292274475098
    ],
    [
      -0.2599496841430664,
      0.44606661796569824
    ]
  ],
  "skills_cov": [
    [
      [
        0.019391022622585297,
        0.011318868957459927
      ],
      [
        0.011318868957459927,
        0.025137372314929962
      ]
    ],
    [
      [
        0.020847830921411514,
        0.010669807903468609
      ],
      [
        0.010669807903468609,
        0.022112496197223663
      ]
    ]
  ],
  "probs_grid": [
    [
      0.06131972745060921,
      0.03400299325585365,
      0.009850776754319668,
      0.0019878526218235493,
      0.0003143367648590356,
      4.1544662963133305e-05,
      4.7802973313082475e-06,
      4.925269649902475e-07,
      4.638476269747116e-08
    ],
    [
      0.1319749653339386,
      0.07210975140333176,
      0.020578652620315552,
      0.004089691210538149,
      0.0006367330206558108,
      8.283896022476256e-05,
      9.380763913213741e-06,
      9.510184781902353e-07,
      8.811025509203319e-08
    ],
    [
      0.14748769998550415,
      0.07939261943101883,
      0.022315897047519684,
      0.004367112182080746,
      0.0006693726754747331,
      8.571511716581881e-05,
      9.551766197546385e-06,
      9.527347515358997e-07,
      8.68294023348426e-08
    ],
    [
      0.11409877240657806,
      0.06050173565745354,
      0.0167478546500206,
      0.003226976143196225,
      0.00048688953393138945,
      6.13606971455738e-05,
      6.728230800945312e-06,
      6.60224486637162e-07,
      5.9184927181377134e-08
    ],
    [
      0.0687333270907402,
      0.035897303372621536,
      0.009784978814423084,
      0.001856123679317534,
      0.00027565148775465786,
      3.418628330109641e-05,
      3.6881706364511047e-06,
      3.560177219696925e-07,
      3.138963577953291e-08
    ],
    [
      0.03438659384846687,
      0.017686447128653526,
      0.004746777471154928,
      0.0008863672846928239,
      0.00012955281999893486,
      1.5810092008905485e-05,
      1.6780671785454615e-06,
      1.5933454733385588e-07,
      1.3816307209424394e-08
    ],
    [
      0.014880562201142311,
      0.00753669673576951,
      0.0019913914147764444,
      0.0003660161455627531,
      5.264745050226338e-05,
      6.321613000181969e-06,
      6.600681672352948e-07,
      6.164557220245115e-08,
      5.256863389035971e-09
    ],
    [
      0.00572842825204134,
      0.0028567006811499596,
      0.0007430508267134428,
      0.00013441719056572765,
      1.902581971080508e-05,
      2.2476415324490517e-06,
      2.3085895861640893e-07,
      2.1205448064165466e-08,
      1.7782471051219773e-09
    ],
    [
      0.0020023209508508444,
      0.0009830852504819632,
      0.00025170252774842083,
      4.481095675146207e-05,
      6.241001301532378e-06,
      7.25344193597266e-07,
      7.328212348056695e-08,
      6.620092918296905e-09,
      5.458939411617791e-10
    ]
  ],
  "probs_results": [
    0.1595018059015274,
    0.7630530595779419,
    0.07744506746530533
  ]
}