{
  "skills_mean": [
    [
      0.0074700359255075455,
      0.3671996295452118
    ],
    [
      0.6105998754501343,
      1.1937696933746338
    ]
  ],
  "skills_cov": [
    [
      [
        0.018972886726260185,
        0.009980247355997562
      ],
      [
        0.009980247355997562,
        0.020498501136898994
      ]
    ],
    [
      [
        0.01890002191066742,
        0.011691153980791569
      ],
      [
        0.011691153980791569,
        0.027666985988616943
      ]
    ]
  ],
  "probs_grid": [
    [
      0.048613540828228,
      0.11263047903776169,
      0.13522520661354065,
      0.11216449737548828,
      0.07230265438556671,
      0.038630809634923935,
      0.01781853474676609,
      0.007297133561223745,
      0.002708176150918007
    ],
    [
      0.029908698052167892,
      0.06824939697980881,
      0.08069723844528198,
      0.0659133568406105,
      0.04183609411120415,
      0.022007713094353676,
      0.00999368540942669,
      0.004028927069157362,
      0.001471874420531094
    ],
    [
      0.009617719799280167,
      0.021611148491501808,
      0.025159507989883423,
      0.020232200622558594,
      0.012641917914152145,
      0.006546311546117067,
      0.002926027635112405,
      0.0011610387591645122,
      0.0004174542846158147
    ],
    [
      0.0021552720572799444,
      0.004767824430018663,
      0.005464107729494572,
      0.004325150512158871,
      0.002659986261278391,
      0.0013556365156546235,
      0.0005963187431916595,
      0.00023284998314920813,
      8.238481677835807e-05
    ],
    [
      0.0003786361194215715,
      0.0008244494674727321,
      0.0009299374069087207,
      0.0007244267617352307,
      0.00043843319872394204,
      0.00021987236686982214,
      9.516682621324435e-05,
      3.656297849374823e-05,
      1.2727744433504995e-05
    ],
    [
      5.562109072343446e-05,
      0.0001191854607895948,
      0.00013228884199634194,
      0.00010140185622731224,
      6.038229912519455e-05,
      2.97926198982168e-05,
      1.2686238733294886e-05,
      4.794897449755808e-06,
      1.6419568282799446e-06
    ],
    [
      7.1164231485454366e-06,
      1.5004073247837368e-05,
      1.638489993638359e-05,
      1.235591116710566e-05,
      7.2380807978333905e-06,
      3.5130547075823415e-06,
      1.4714720464326092e-06,
      5.470459427669994e-07,
      1.8425370740260405e-07
    ],
    [
      8.156451372087759e-07,
      1.6917566654228722e-06,
      1.8173407170252176e-06,
      1.3480524785336456e-06,
      7.767347369735944e-07,
      3.707931739427295e-07,
      1.527491662045577e-07,
      5.584884732456885e-08,
      1.8499346055023125e-08
    ],
    [
      8.548487784310055e-08,
      1.743996307368434e-07,
      1.8426378289859713e-07,
      1.3442635804494785e-07,
      7.617364872203325e-08,
      3.576017348905225e-08,
      1.4486595034668426e-08,
      5.208435904791031e-09,
      1.6964559756971198e-09
    ]
  ],
  "probs_results": [
    0.1471557468175888,
    0.07709767669439316,
    0.7757465243339539
  ]
}