{
  "skills_mean": [
    [
      -0.14879268407821655,
      0.523098886013031
    ],
    [
      0.5431418418884277,
      0.9588162899017334
    ]
  ],
  "skills_cov": [
    [
      [
        0.018855491653084755,
        0.010163526982069016
      ],
      [
        0.010163526982069016,
        0.023073207587003708
      ]
    ],
    [
      [
        0.01930084265768528,
        0.011809920892119408
      ],
      [
        0.011809920892119408,
        0.026300374418497086
      ]
    ]
  ],
  "probs_grid": [
    [
      0.07401397824287415,
      0.1391325145959854,
      0.13595592975616455,
      0.09206885099411011,
      0.04860434681177139,
      0.02133353240787983,
      0.008108696900308132,
      0.0027448569890111685,
      0.0008446330321021378
    ],
    [
      0.04874363914132118,
      0.09026243537664413,
      0.08687273412942886,
      0.057935237884521484,
      0.030115654692053795,
      0.013014073483645916,
      0.004869506228715181,
      0.001622527721337974,
      0.0004914021701551974
    ],
    [
      0.016756193712353706,
      0.03055860847234726,
      0.028961241245269775,
      0.019016295671463013,
      0.009731306694447994,
      0.004139409866183996,
      0.0015244415262714028,
      0.0004998921067453921,
      0.00014898441440891474
    ],
    [
      0.0040087332017719746,
      0.007198379375040531,
      0.006716303061693907,
      0.004341082647442818,
      0.0021865160670131445,
      0.0009153416031040251,
      0.0003317234804853797,
      0.0001070345169864595,
      3.138592001050711e-05
    ],
    [
      0.0007508378475904465,
      0.001327238162048161,
      0.0012188968248665333,
      0.000775366963353008,
      0.0003843163722194731,
      0.0001583081902936101,
      5.644709017360583e-05,
      1.791835529729724e-05,
      5.1687452469195705e-06
    ],
    [
      0.00011743598588509485,
      0.00020431009761523455,
      0.0001846480881795287,
      0.00011557822290342301,
      5.636451896862127e-05,
      2.2841770260129124e-05,
      8.011995305423625e-06,
      2.501707285773591e-06,
      7.09793823716609e-07
    ],
    [
      1.5976414942997508e-05,
      2.7350748496246524e-05,
      2.4320932425325736e-05,
      1.4977011232986115e-05,
      7.185035883594537e-06,
      2.8641138669627253e-06,
      9.88109036370588e-07,
      3.034405438029353e-07,
      8.466711420851425e-08
    ],
    [
      1.9444314602878876e-06,
      3.2749478577898117e-06,
      2.864801672330941e-06,
      1.7353216890114709e-06,
      8.188170568246278e-07,
      3.210088550531509e-07,
      1.0891064050611021e-07,
      3.288886318841833e-08,
      9.023474412117594e-09
    ],
    [
      2.1610857459108956e-07,
      3.580387613055791e-07,
      3.0805452411186707e-07,
      1.8351980202169216e-07,
      8.515820582033484e-08,
      3.2829337470730025e-08,
      1.0951950457638304e-08,
      3.25176507942615e-09,
      8.771415815900241e-10
    ]
  ],
  "probs_results": [
    0.19810166954994202,
    0.11890633404254913,
    0.6829918622970581
  ]
}