{
  "skills_mean": [
    [
      0.2654121518135071,
      0.9815443158149719
    ],
    [
      -0.30660489201545715,
      0.025197412818670273
    ]
  ],
  "skills_cov": [
    [
      [
        0.02282671444118023,
        0.012413401156663895
      ],
      [
        0.012413401156663895,
        0.024523193016648293
      ]
    ],
    [
      [
        0.021498242393136024,
        0.010103624314069748
      ],
      [
        0.010103624314069748,
        0.022351793944835663
      ]
    ]
  ],
  "probs_grid": [
    [
      0.05241170525550842,
      0.029240164905786514,
      0.008521998301148415,
      0.0017299664905294776,
      0.00027517322450876236,
      3.6581302992999554e-05,
      4.233581876178505e-06,
      4.387011642847938e-07,
      4.155057808929996e-08
    ],
    [
      0.11979946494102478,
      0.06582091003656387,
      0.018887463957071304,
      0.003774109994992614,
      0.0005907848826609552,
      7.727433694526553e-05,
      8.797287591733038e-06,
      8.965828897089523e-07,
      8.350269808943267e-08
    ],
    [
      0.14258500933647156,
      0.07713989913463593,
      0.021791188046336174,
      0.004285633098334074,
      0.0006601290660910308,
      8.494636858813465e-05,
      9.51225320022786e-06,
      9.533883940093801e-07,
      8.730685863156395e-08
    ],
    [
      0.11780303716659546,
      0.0627482458949089,
      0.01744794100522995,
      0.003376948181539774,
      0.0005117932450957596,
      6.478595605585724e-05,
      7.13524150341982e-06,
      7.032456323941005e-07,
      6.331755031396824e-08
    ],
    [
      0.07599509507417679,
      0.03984919562935829,
      0.010905765928328037,
      0.0020770153496414423,
      0.0003096898435615003,
      3.8561014662263915e-05,
      4.1766957110667136e-06,
      4.0477488028045627e-07,
      3.582961838333176e-08
    ],
    [
      0.040824197232723236,
      0.02107144519686699,
      0.005675219930708408,
      0.00106348458211869,
      0.0001559912780066952,
      1.9104018065263517e-05,
      2.0348711586848367e-06,
      1.9389804606362304e-07,
      1.687290307472722e-08
    ],
    [
      0.01901986077427864,
      0.009662399999797344,
      0.0025608681607991457,
      0.0004721350269392133,
      6.812181527493522e-05,
      8.205125595850404e-06,
      8.594075211476593e-07,
      8.051342348380786e-08,
      6.887335146643636e-09
    ],
    [
      0.007903387770056725,
      0.003951436374336481,
      0.0010304746683686972,
      0.00018690293654799461,
      2.6525243811192922e-05,
      3.1420136110682506e-06,
      3.2359471902054793e-07,
      2.980460678259078e-08,
      2.5061936970161014e-09
    ],
    [
      0.0029895929619669914,
      0.0014709061942994595,
      0.00037741399137303233,
      6.733952614013106e-05,
      9.399665941600688e-06,
      1.0949373745461344e-06,
      1.1087741569326681e-07,
      1.0039684639195912e-08,
      8.298217113456019e-10
    ]
  ],
  "probs_results": [
    0.14409062266349792,
    0.7869178056716919,
    0.06899173557758331
  ]
}