{
  "skills_mean": [
    [
      0.06194471940398216,
      0.450722336769104
    ],
    [
      0.5914944410324097,
      0.8656144738197327
    ]
  ],
  "skills_cov": [
    [
      [
        0.02257441356778145,
        0.010935314930975437
      ],
      [
        0.010935314930975437,
        0.024559810757637024
      ]
    ],
    [
      [
        0.01792493276298046,
        0.010542565025389194
      ],
      [
        0.010542565025389194,
        0.024717090651392937
      ]
    ]
  ],
  "probs_grid": [
    [
      0.04612457752227783,
      0.09728893637657166,
      0.10663632303476334,
      0.08097362518310547,
      0.047915682196617126,
      0.023565705865621567,
      0.010032790713012218,
      0.0038025749381631613,
      0.001309611601755023
    ],
    [
      0.040861766785383224,
      0.08483915030956268,
      0.09152700752019882,
      0.06840153783559799,
      0.03983341157436371,
      0.019278351217508316,
      0.008076198399066925,
      0.00301187951117754,
      0.0010206068400293589
    ],
    [
      0.018923398107290268,
      0.03866838663816452,
      0.041053738445043564,
      0.03019130788743496,
      0.017300089821219444,
      0.008238168433308601,
      0.0033955154940485954,
      0.001245817169547081,
      0.0004153137269895524
    ],
    [
      0.006107836030423641,
      0.01228161621838808,
      0.012830167077481747,
      0.009283531457185745,
      0.005233656149357557,
      0.002451832639053464,
      0.0009941414464265108,
      0.00035880785435438156,
      0.00011766140960389748
    ],
    [
      0.0015456168912351131,
      0.0030578768346458673,
      0.0031428055372089148,
      0.0022371362429112196,
      0.0012406670721247792,
      0.0005717286258004606,
      0.00022802271996624768,
      8.094805525615811e-05,
      2.6108375095645897e-05
    ],
    [
      0.00032706893398426473,
      0.000636574171949178,
      0.0006435926770791411,
      0.00045063646393828094,
      0.0002458146191202104,
      0.00011141442519146949,
      4.370308306533843e-05,
      1.5258368875947781e-05,
      4.839906068809796e-06
    ],
    [
      6.028269854141399e-05,
      0.00011540904233697802,
      0.00011476631334517151,
      7.903505320427939e-05,
      4.240050839143805e-05,
      1.88997873920016e-05,
      7.290615030797198e-06,
      2.5031299628608394e-06,
      7.807734618836548e-07
    ],
    [
      9.953143489838112e-06,
      1.8741080566542223e-05,
      1.83287793333875e-05,
      1.241314566868823e-05,
      6.548743840539828e-06,
      2.870461457860074e-06,
      1.0888121551033692e-06,
      3.6758228816324845e-07,
      1.1273735367467452e-07
    ],
    [
      1.5026535038487054e-06,
      2.7824914923257893e-06,
      2.676034000614891e-06,
      1.7821306528276182e-06,
      9.244810712516482e-07,
      3.984365832820913e-07,
      1.4859861607874336e-07,
      4.9324153650331937e-08,
      1.4873299036821663e-08
    ]
  ],
  "probs_results": [
    0.18289440870285034,
    0.14265353977680206,
    0.6744521856307983
  ]
}