{
  "skills_mean": [
    [
      0.5802001357078552,
      1.1982505321502686
    ],
    [
      0.3913715183734894,
      0.7853152751922607
    ]
  ],
  "skills_cov": [
    [
      [
        0.019152922555804253,
        0.011974767781794071
      ],
      [
        0.011974767781794071,
        0.02812824212014675
      ]
    ],
    [
      [
        0.01998830772936344,
        0.011536159552633762
      ],
      [
        0.011536159552633762,
        0.024613602086901665
      ]
    ]
  ],
  "probs_grid": [
    [
      0.08618198335170746,
      0.07541526108980179,
      0.03452847898006439,
      0.011027531698346138,
      0.002763637574389577,
      0.0005796679179184139,
      0.00010598984226817265,
      1.7375303286826238e-05,
      2.606743009891943e-06
    ],
    [
      0.13190267980098724,
      0.11350589245557785,
      0.05109339952468872,
      0.016040053218603134,
      0.003950629848986864,
      0.0008142260485328734,
      0.0001462643122067675,
      2.3553076971438713e-05,
      3.4704989957390353e-06
    ],
    [
      0.10511316359043121,
      0.08893624693155289,
      0.039354369044303894,
      0.012142771854996681,
      0.002938891062512994,
      0.0005951045313850045,
      0.00010501435463083908,
      1.6609468730166554e-05,
      2.4034648049564566e-06
    ],
    [
      0.05814637616276741,
      0.04836606979370117,
      0.02103615179657936,
      0.006378557067364454,
      0.0015168542740866542,
      0.00030174411949701607,
      5.230139140621759e-05,
      8.124136911646929e-06,
      1.1544066182977986e-06
    ],
    [
      0.025116458535194397,
      0.020536039024591446,
      0.008778112940490246,
      0.002615407109260559,
      0.0006110414979048073,
      0.00011940096010221168,
      2.032642805716023e-05,
      3.100591356997029e-06,
      4.326032865265006e-07
    ],
    [
      0.009035379625856876,
      0.007260935381054878,
      0.003049910068511963,
      0.0008928163442760706,
      0.00020490890892688185,
      3.9327878766926005e-05,
      6.574991402885644e-06,
      9.848332638284774e-07,
      1.3490837602603278e-07
    ],
    [
      0.0028194666374474764,
      0.0022266535088419914,
      0.0009189931442961097,
      0.00026429074932821095,
      5.958121255389415e-05,
      1.1230902600800619e-05,
      1.843810196078266e-06,
      2.7116621481582115e-07,
      3.646802326784382e-08
    ],
    [
      0.0007848829845897853,
      0.000609096372500062,
      0.00024698436027392745,
      6.977426528465003e-05,
      1.5449515558429994e-05,
      2.859908818209078e-06,
      4.610297708040889e-07,
      6.656877360455837e-08,
      8.788595629027895e-09
    ],
    [
      0.00019895903824362904,
      0.0001517048804089427,
      6.043228495400399e-05,
      1.6769332432886586e-05,
      3.6466542496782495e-06,
      6.628772553085582e-07,
      1.0491953617020044e-07,
      1.487280698597715e-08,
      1.927474180263289e-09
    ]
  ],
  "probs_results": [
    0.24610505998134613,
    0.5395227074623108,
    0.2143722027540207
  ]
}