{
  "skills_mean": [
    [
      0.705124020576477,
      1.1461671590805054
    ],
    [
      0.538508415222168,
      0.7993248701095581
    ]
  ],
  "skills_cov": [
    [
      [
        0.018746642395853996,
        0.0105557506904006
      ],
      [
        0.0105557506904006,
        0.02555798925459385
      ]
    ],
    [
      [
        0.01999255083501339,
        0.010413439944386482
      ],
      [
        0.010413439944386482,
        0.023652030155062675
      ]
    ]
  ],
  "probs_grid": [
    [
      0.05963733792304993,
      0.06319931894540787,
      0.0349494107067585,
      0.013446426019072533,
      0.004048842005431652,
      0.0010176626965403557,
      0.0002223904593847692,
      4.345731940702535e-05,
      7.751002158329356e-06
    ],
    [
      0.1015460342168808,
      0.10596603900194168,
      0.05769512429833412,
      0.02185191586613655,
      0.006476493086665869,
      0.001602086122147739,
      0.0003445256734266877,
      6.624386151088402e-05,
      1.1624523722275626e-05
    ],
    [
      0.08989644050598145,
      0.09236538410186768,
      0.04950886219739914,
      0.01845763996243477,
      0.0053841122426092625,
      0.0013106823898851871,
      0.00027734629111364484,
      5.246768341748975e-05,
      9.057863280759193e-06
    ],
    [
      0.05516348034143448,
      0.05580061301589012,
      0.029442397877573967,
      0.01080366875976324,
      0.003101429669186473,
      0.0007429313263855875,
      0.00015467913181055337,
      2.8788335839635693e-05,
      4.889080173597904e-06
    ],
    [
      0.026393622159957886,
      0.02628248929977417,
      0.01364973746240139,
      0.004929375369101763,
      0.0013925237581133842,
      0.00032821748754940927,
      6.72316673444584e-05,
      1.2309698831813876e-05,
      2.05640299100196e-06
    ],
    [
      0.010501861572265625,
      0.010293836705386639,
      0.005261674057692289,
      0.0018699484644457698,
      0.0005197920254431665,
      0.00012054054968757555,
      2.4291135559906252e-05,
      4.375064236228354e-06,
      7.189067332546983e-07
    ],
    [
      0.0036193751730024815,
      0.0034918419551104307,
      0.0017565438756719232,
      0.0006142892525531352,
      0.00016800995217636228,
      3.8331661926349625e-05,
      7.598893262183992e-06,
      1.3462559991239686e-06,
      2.1758097545898636e-07
    ],
    [
      0.001111185410991311,
      0.0010550834704190493,
      0.0005223000189289451,
      0.0001797280419850722,
      4.836319567402825e-05,
      1.08550766526605e-05,
      2.116811174346367e-06,
      3.688749075081432e-07,
      5.8635269084561514e-08
    ],
    [
      0.00031019060406833887,
      0.0002898549137171358,
      0.0001411941775586456,
      4.780463859788142e-05,
      1.2655643331527244e-05,
      2.7943226541538024e-06,
      5.359972305996052e-07,
      9.186727112364679e-08,
      1.4361819289376854e-08
    ]
  ],
  "probs_results": [
    0.22749952971935272,
    0.5374877452850342,
    0.23501276969909668
  ]
}