{
  "skills_mean": [
    [
      0.5712449550628662,
      1.1401070356369019
    ],
    [
      0.5596168041229248,
      0.9667502641677856
    ]
  ],
  "skills_cov": [
    [
      [
        0.02182699926197529,
        0.012612173333764076
      ],
      [
        0.012612173333764076,
        0.0273512601852417
      ]
    ],
    [
      [
        0.02009766548871994,
        0.012226318009197712
      ],
      [
        0.012226318009197712,
        0.027127906680107117
      ]
    ]
  ],
  "probs_grid": [
    [
      0.09025118499994278,
      0.09767500311136246,
      0.0552530512213707,
      0.021780742332339287,
      0.006730478722602129,
      0.0017388537526130676,
      0.00039120917790569365,
      7.882674253778532e-05,
      1.4519921933242586e-05
    ],
    [
      0.11567672342061996,
      0.12295997887849808,
      0.06830379366874695,
      0.026435978710651398,
      0.008019250817596912,
      0.002033535623922944,
      0.00044899238855578005,
      8.877477375790477e-05,
      1.6044108633650467e-05
    ],
    [
      0.07757524400949478,
      0.08097531646490097,
      0.04416424036026001,
      0.016779862344264984,
      0.0049960678443312645,
      0.001243331702426076,
      0.0002693756250664592,
      5.225654967944138e-05,
      9.26509983401047e-06
    ],
    [
      0.03628881648182869,
      0.037191540002822876,
      0.0199128445237875,
      0.007426012773066759,
      0.0021698931232094765,
      0.0005298851756379008,
      0.00011263779015280306,
      2.1436204406199977e-05,
      3.7281433833413757e-06
    ],
    [
      0.013319727964699268,
      0.013401211239397526,
      0.007042767945677042,
      0.0025775842368602753,
      0.0007390668033622205,
      0.00017707617371343076,
      3.6927038308931515e-05,
      6.893545560160419e-06,
      1.1759210565287503e-06
    ],
    [
      0.004091329872608185,
      0.004040462430566549,
      0.002083937404677272,
      0.0007484250818379223,
      0.00021055093384347856,
      4.9490197852719575e-05,
      1.0123722859134432e-05,
      1.8536582047090633e-06,
      3.101089873780438e-07
    ],
    [
      0.0010953459423035383,
      0.001061650924384594,
      0.0005373265594244003,
      0.00018934233230538666,
      5.2257502829888836e-05,
      1.2049047654727474e-05,
      2.4175135422410676e-06,
      4.3412006789367297e-07,
      7.122072531728918e-08
    ],
    [
      0.0002628641377668828,
      0.0002500209375284612,
      0.0001241621794179082,
      4.2924031731672585e-05,
      1.162122225650819e-05,
      2.628198217280442e-06,
      5.171679049453815e-07,
      9.107271381481041e-08,
      1.465081833629256e-08
    ],
    [
      5.771621727035381e-05,
      5.38657586730551e-05,
      2.6244615582982078e-05,
      8.900474313122686e-06,
      2.3636171135876793e-06,
      5.242634415481007e-07,
      1.0116875159837946e-07,
      1.7469732327413112e-08,
      2.755533801135357e-09
    ]
  ],
  "probs_results": [
    0.2656049430370331,
    0.4189486801624298,
    0.3154464066028595
  ]
}