{
  "skills_mean": [
    [
      0.6248704195022583,
      0.870779812335968
    ],
    [
      0.2244434505701065,
      0.8277885913848877
    ]
  ],
  "skills_cov": [
    [
      [
        0.0187560822814703,
        0.011292307637631893
      ],
      [
        0.011292307637631893,
        0.025757746770977974
      ]
    ],
    [
      [
        0.022115008905529976,
        0.01324678584933281
      ],
      [
        0.01324678584933281,
        0.02967897430062294
      ]
    ]
  ],
  "probs_grid": [
    [
      0.07383259385824203,
      0.07544564455747604,
      0.040312424302101135,
      0.015016375109553337,
      0.004386603832244873,
      0.0010718093253672123,
      0.00022814955445937812,
      4.351374809630215e-05,
      7.590102541144006e-06
    ],
    [
      0.11316312849521637,
      0.1135702058672905,
      0.05958933010697365,
      0.021793410181999207,
      0.006249632686376572,
      0.0014988210750743747,
      0.00031311402563005686,
      5.860145029146224e-05,
      1.0029549230239354e-05
    ],
    [
      0.09066473692655563,
      0.08935365825891495,
      0.046032097190618515,
      0.01652708277106285,
      0.004652031231671572,
      0.0010949590941891074,
      0.00022446956427302212,
      4.122123573324643e-05,
      6.921599378983956e-06
    ],
    [
      0.050620898604393005,
      0.048985160887241364,
      0.02477460727095604,
      0.008731188252568245,
      0.0024120830930769444,
      0.0005571410874836147,
      0.00011207053466932848,
      2.0191791918477975e-05,
      3.326110117995995e-06
    ],
    [
      0.022155024111270905,
      0.02104838192462921,
      0.01044982299208641,
      0.003614624962210655,
      0.000979972188360989,
      0.00022210885072126985,
      4.38351598859299e-05,
      7.748026291665155e-06,
      1.2519766414698097e-06
    ],
    [
      0.008106471039354801,
      0.007560418918728828,
      0.0036841926630586386,
      0.001250677858479321,
      0.00033272895961999893,
      7.39924143999815e-05,
      1.4326546988741029e-05,
      2.4840708192641614e-06,
      3.9371579418912006e-07
    ],
    [
      0.0025826916098594666,
      0.002364363754168153,
      0.001130784279666841,
      0.00037670080200769007,
      9.83339486992918e-05,
      2.145425787603017e-05,
      4.0750769585429225e-06,
      6.930818017281126e-07,
      1.0774336089980352e-07
    ],
    [
      0.0007368213846348226,
      0.0006620583008043468,
      0.0003107402299065143,
      0.00010157732322113588,
      2.6015753974206746e-05,
      5.568421784118982e-06,
      1.0375204055890208e-06,
      1.7307995392457087e-07,
      2.638864238235783e-08
    ],
    [
      0.00019212599727325141,
      0.0001694265374680981,
      7.80349801061675e-05,
      2.5029034077306278e-05,
      6.289134034886956e-06,
      1.3205299183027819e-06,
      2.413416098079324e-07,
      3.948776239326435e-08,
      5.904407629486741e-09
    ]
  ],
  "probs_results": [
    0.24326111376285553,
    0.5047314763069153,
    0.2520076632499695
  ]
}