{
  "skills_mean": [
    [
      0.3326478898525238,
      0.7454853057861328
    ],
    [
      -0.00871098879724741,
      0.408399373292923
    ]
  ],
  "skills_cov": [
    [
      [
        0.021310891956090927,
        0.012567894533276558
      ],
      [
        0.012567894533276558,
        0.02646194025874138
      ]
    ],
    [
      [
        0.02044215425848961,
        0.010166279040277004
      ],
      [
        0.010166279040277004,
        0.020609352737665176
      ]
    ]
  ],
  "probs_grid": [
    [
      0.06658457219600677,
      0.061511728912591934,
      0.029694417491555214,
      0.009986941702663898,
      0.0026323997881263494,
      0.0005799992941319942,
      0.00011126347089884803,
      1.911282743094489e-05,
      3.0009632610017434e-06
    ],
    [
      0.11527455598115921,
      0.10473435372114182,
      0.049716584384441376,
      0.016439292579889297,
      0.004259510897099972,
      0.0009224230889230967,
      0.0001738967839628458,
      2.9352548153838143e-05,
      4.528068984654965e-06
    ],
    [
      0.10371094197034836,
      0.092662513256073,
      0.043248169124126434,
      0.014058288186788559,
      0.003580367425456643,
      0.0007620024844072759,
      0.00014116268721409142,
      2.341121216886677e-05,
      3.5480697988532484e-06
    ],
    [
      0.06464626640081406,
      0.05679411068558693,
      0.026060154661536217,
      0.008326957933604717,
      0.0020843190141022205,
      0.0004359308513812721,
      7.935085886856541e-05,
      1.2929317563248333e-05,
      1.9249373508500867e-06
    ],
    [
      0.031405046582221985,
      0.027126817032694817,
      0.012236160226166248,
      0.0038429382257163525,
      0.0009453457314521074,
      0.00019428425002843142,
      3.4746641176752746e-05,
      5.561976649914868e-06,
      8.134240374602086e-07
    ],
    [
      0.012681649997830391,
      0.010769050568342209,
      0.004774866160005331,
      0.001473858836106956,
      0.00035628880141302943,
      7.194723002612591e-05,
      1.2641648936551064e-05,
      1.98786506189208e-06,
      2.8556019060488325e-07
    ],
    [
      0.004433576483279467,
      0.0037010398227721453,
      0.0016129212453961372,
      0.0004892766592092812,
      0.00011622292367974296,
      2.3059115846990608e-05,
      3.980358087574132e-06,
      6.148217721602123e-07,
      8.674832940869237e-08
    ],
    [
      0.0013801337918266654,
      0.0011324721854180098,
      0.00048505779705010355,
      0.00014459532394539565,
      3.374872903805226e-05,
      6.5784493017417844e-06,
      1.115502413995273e-06,
      1.692469169256583e-07,
      2.345384864099742e-08
    ],
    [
      0.00039046487654559314,
      0.0003149176191072911,
      0.00013256017700769007,
      3.883015233441256e-05,
      8.904618880478665e-06,
      1.7051995655492647e-06,
      2.840336890130857e-07,
      4.232768091583239e-08,
      5.7607865144859716e-09
    ]
  ],
  "probs_results": [
    0.22398336231708527,
    0.5784379839897156,
    0.19757865369319916
  ]
}