{
  "skills_mean": [
    [
      0.4522293210029602,
      0.7270176410675049
    ],
    [
      0.3693702220916748,
      0.5858334898948669
    ]
  ],
  "skills_cov": [
    [
      [
        0.0187377892434597,
        0.010125132277607918
      ],
      [
        0.010125132277607918,
        0.020867863669991493
      ]
    ],
    [
      [
        0.020117629319429398,
        0.010375560261309147
      ],
      [
        0.010375560261309147,
        0.02136746421456337
      ]
    ]
  ],
  "probs_grid": [
    [
      0.047177139669656754,
      0.06349499523639679,
      0.04439189285039902,
      0.021494779735803604,
      0.008108662441372871,
      0.002541839610785246,
      0.0006896433187648654,
      0.00016656288062222302,
      3.6553406971506774e-05
    ],
    [
      0.07802024483680725,
      0.1033821552991867,
      0.07115399837493896,
      0.03391406685113907,
      0.012592487968504429,
      0.003885012585669756,
      0.0010373368859291077,
      0.0002465448051225394,
      5.324040830601007e-05
    ],
    [
      0.06694979965686798,
      0.08733399957418442,
      0.05916893854737282,
      0.02775838039815426,
      0.010144042782485485,
      0.0030799610540270805,
      0.0008092747302725911,
      0.00018926389748230577,
      4.021459972136654e-05
    ],
    [
      0.03974305838346481,
      0.05103395879268646,
      0.03403263911604881,
      0.015713997185230255,
      0.005651464685797691,
      0.0016885795630514622,
      0.0004365862114354968,
      0.00010046454553958029,
      2.1002715584472753e-05
    ],
    [
      0.018359461799263954,
      0.023205559700727463,
      0.01523092482239008,
      0.006921190302819014,
      0.0024495518300682306,
      0.0007201930275186896,
      0.00018321929383091629,
      4.148225343669765e-05,
      8.531972525815945e-06
    ],
    [
      0.00703941285610199,
      0.008757404051721096,
      0.00565693574026227,
      0.0025297312531620264,
      0.0008810244034975767,
      0.0002548759803175926,
      6.379743717843667e-05,
      1.4210897461452987e-05,
      2.8754966479027644e-06
    ],
    [
      0.0023333521094173193,
      0.0028569393325597048,
      0.0018161623738706112,
      0.0007992149330675602,
      0.0002738816838245839,
      7.795821147738025e-05,
      1.9198540030629374e-05,
      4.20721153204795e-06,
      8.374739763894468e-07
    ],
    [
      0.000687680090777576,
      0.0008286403608508408,
      0.0005183768225833774,
      0.00022446551884058863,
      7.568589353468269e-05,
      2.1195950466790237e-05,
      5.135384526511189e-06,
      1.1071061862821807e-06,
      2.1678786765733093e-07
    ],
    [
      0.00018393671780359,
      0.00021811536862514913,
      0.00013426787336356938,
      5.7207427744288e-05,
      1.8978676962433383e-05,
      5.229083853919292e-06,
      1.246358010575932e-06,
      2.6432226718497986e-07,
      5.0913502747107486e-08
    ]
  ],
  "probs_results": [
    0.22822020947933197,
    0.45693978667259216,
    0.31483983993530273
  ]
}