{
  "skills_mean": [
    [
      0.26557597517967224,
      0.9150952100753784
    ],
    [
      -0.2599185109138489,
      0.44601312279701233
    ]
  ],
  "skills_cov": [
    [
      [
        0.018174748867750168,
        0.010319214314222336
      ],
      [
        0.010319214314222336,
        0.025021808221936226
      ]
    ],
    [
      [
        0.02094791643321514,
        0.010750846937298775
      ],
      [
        0.010750846937298775,
        0.022212272509932518
      ]
    ]
  ],
  "probs_grid": [
    [
      0.10891427099704742,
      0.06663216650485992,
      0.021300271153450012,
      0.004743596538901329,
      0.0008279118919745088,
      0.00012078722647856921,
      1.5343484847107902e-05,
      1.745436861710914e-06,
      1.8150616654111218e-07
    ],
    [
      0.16998128592967987,
      0.10263408720493317,
      0.03236977756023407,
      0.0071100518107414246,
      0.0012235759058967233,
      0.00017596562975086272,
      2.2028067178325728e-05,
      2.468844968461781e-06,
      2.5288102278864244e-07
    ],
    [
      0.1377372294664383,
      0.08206070959568024,
      0.025529388338327408,
      0.00552970077842474,
      0.0009381356067024171,
      0.00013296976976562291,
      1.640146365389228e-05,
      1.8108328276866814e-06,
      1.8267596146870346e-07
    ],
    [
      0.07725701481103897,
      0.04540703073143959,
      0.013931586407124996,
      0.002975169802084565,
      0.00049751898040995,
      6.948984082555398e-05,
      8.444449122180231e-06,
      9.183087854580663e-07,
      9.122640420855532e-08
    ],
    [
      0.03374243900179863,
      0.0195603109896183,
      0.0059175980277359486,
      0.0012457555858418345,
      0.00020530368783511221,
      2.825334740919061e-05,
      3.3820676890172763e-06,
      3.6221626942278817e-07,
      3.543064153177511e-08
    ],
    [
      0.012239297851920128,
      0.006996619049459696,
      0.0020867702551186085,
      0.00043298062519170344,
      7.031278073554859e-05,
      9.532563126413152e-06,
      1.1239045534239267e-06,
      1.1853119730176331e-07,
      1.1415001388570545e-08
    ],
    [
      0.0038403142243623734,
      0.002164481207728386,
      0.0006363348802551627,
      0.0001301129668718204,
      2.0817455151700415e-05,
      2.780027443805011e-06,
      3.227931983929011e-07,
      3.351949473540117e-08,
      3.1778144560234978e-09
    ],
    [
      0.001072013983502984,
      0.0005956218810752034,
      0.00017257638683076948,
      3.476925485301763e-05,
      5.480076652020216e-06,
      7.207777912299207e-07,
      8.241070759140712e-08,
      8.425213415819144e-09,
      7.862450135398547e-10
    ],
    [
      0.0002717506140470505,
      0.00014881815877743065,
      4.248962795827538e-05,
      8.433702532784082e-06,
      1.3093020925225574e-06,
      1.6958917115061922e-07,
      1.90915532272129e-08,
      1.921410364147391e-09,
      1.7648342509613002e-10
    ]
  ],
  "probs_results": [
    0.2403019517660141,
    0.617902934551239,
    0.1417950689792633
  ]
}