{
  "skills_mean": [
    [
      -0.14248286187648773,
      0.5872007608413696
    ],
    [
      -0.04302094504237175,
      0.5115392804145813
    ]
  ],
  "skills_cov": [
    [
      [
        0.021099798381328583,
        0.010305344127118587
      ],
      [
        0.010305344127118587,
        0.022066758945584297
      ]
    ],
    [
      [
        0.0218515582382679,
        0.01144601870328188
      ],
      [
        0.01144601870328188,
        0.02373816817998886
      ]
    ]
  ],
  "probs_grid": [
    [
      0.1279565989971161,
      0.13109104335308075,
      0.06999971717596054,
      0.025974126532673836,
      0.007534044794738293,
      0.0018220199272036552,
      0.0003826571919489652,
      7.177902443800122e-05,
      1.2275344488443807e-05
    ],
    [
      0.12813982367515564,
      0.1294270157814026,
      0.06811892241239548,
      0.024907350540161133,
      0.0071175615303218365,
      0.0016954300226643682,
      0.0003506493812892586,
      6.476124690379947e-05,
      1.0902575922955293e-05
    ],
    [
      0.06694172322750092,
      0.06664283573627472,
      0.03456277772784233,
      0.012450390495359898,
      0.003504361491650343,
      0.0008220396703109145,
      0.00016739383863750845,
      3.0433917345362715e-05,
      5.042844804847846e-06
    ],
    [
      0.024322496727108955,
      0.023860104382038116,
      0.012190980836749077,
      0.00432546203956008,
      0.0011989237973466516,
      0.0002769024868030101,
      5.550700370804407e-05,
      9.932717148330994e-06,
      1.6196433989534853e-06
    ],
    [
      0.006914130877703428,
      0.006682020612061024,
      0.0033627112861722708,
      0.0011749338591471314,
      0.0003206425462849438,
      7.29001549188979e-05,
      1.4382977497007232e-05,
      2.5327963157906197e-06,
      4.063667802256532e-07
    ],
    [
      0.0016401330940425396,
      0.0015612037386745214,
      0.0007736901752650738,
      0.00026615586830303073,
      7.150111923692748e-05,
      1.5999894458218478e-05,
      3.106463054791675e-06,
      5.382467520576029e-07,
      8.495771908201277e-08
    ],
    [
      0.0003381622373126447,
      0.0003169757255818695,
      0.0001546588318888098,
      5.237323421170004e-05,
      1.3847778063791338e-05,
      3.049370889129932e-06,
      5.825333460052207e-07,
      9.929714650525057e-08,
      1.541704364171892e-08
    ],
    [
      6.232652958715335e-05,
      5.751886055804789e-05,
      2.7626172595773824e-05,
      9.207595212501474e-06,
      2.3957427401910536e-06,
      5.190738647797843e-07,
      9.755238039588221e-08,
      1.635665114463336e-08,
      2.4977255819180755e-09
    ],
    [
      1.0481859135325067e-05,
      9.522109394310974e-06,
      4.501228431763593e-06,
      1.4763079434487736e-06,
      3.779439623485814e-07,
      8.055874189949463e-08,
      1.4892227895302312e-08,
      2.455840641957252e-09,
      3.687933847196234e-10
    ]
  ],
  "probs_results": [
    0.2966124713420868,
    0.3456135392189026,
    0.35777390003204346
  ]
}