{
  "skills_mean": [
    [
      0.49879515171051025,
      0.8459826707839966
    ],
    [
      0.2806074917316437,
      0.9545741081237793
    ]
  ],
  "skills_cov": [
    [
      [
        0.022269317880272865,
        0.012275784276425838
      ],
      [
        0.012275784276425838,
        0.026120588183403015
      ]
    ],
    [
      [
        0.018354268744587898,
        0.010618524625897408
      ],
      [
        0.010618524625897408,
        0.02568848617374897
      ]
    ]
  ],
  "probs_grid": [
    [
      0.09590699523687363,
      0.10508120059967041,
      0.06002334877848625,
      0.02383100800216198,
      0.007397937588393688,
      0.0019152180757373571,
      0.0004306819464545697,
      8.652126416563988e-05,
      1.585009704285767e-05
    ],
    [
      0.11603634059429169,
      0.1250927895307541,
      0.07029266655445099,
      0.027449777349829674,
      0.008379966020584106,
      0.00213313358835876,
      0.00047158723464235663,
      9.312686597695574e-05,
      1.6767808119766414e-05
    ],
    [
      0.07340701669454575,
      0.0778491199016571,
      0.04302625358104706,
      0.01652315817773342,
      0.004959749523550272,
      0.0012411827920004725,
      0.00026972475461661816,
      5.2350358600961044e-05,
      9.263075298804324e-06
    ],
    [
      0.032372329384088516,
      0.03376667574048042,
      0.01835249550640583,
      0.006929697468876839,
      0.0020449243020266294,
      0.000503025425132364,
      0.00010743749589892104,
      2.04919560928829e-05,
      3.562860683814506e-06
    ],
    [
      0.01119458582252264,
      0.011482767760753632,
      0.006136355455964804,
      0.00227784039452672,
      0.0006607238901779056,
      0.00015973870176821947,
      3.352747080498375e-05,
      6.283527000050526e-06,
      1.073365979209484e-06
    ],
    [
      0.0032375638838857412,
      0.003265221370384097,
      0.001715413760393858,
      0.0006259128567762673,
      0.00017843757814262062,
      4.2393476178403944e-05,
      8.743030775804073e-06,
      1.609867695151479e-06,
      2.7015701675736636e-07
    ],
    [
      0.0008156077237799764,
      0.0008086641319096088,
      0.00041759657324291766,
      0.0001497536723036319,
      4.195388100924902e-05,
      9.793912795430515e-06,
      1.9844642338284757e-06,
      3.589639163692482e-07,
      5.9171771482624536e-08
    ],
    [
      0.00018406777235213667,
      0.00017939032113645226,
      9.104688797378913e-05,
      3.208553607692011e-05,
      8.832353159959894e-06,
      2.025746198341949e-06,
      4.0322851191376685e-07,
      7.164658200053964e-08,
      1.1599960103580997e-08
    ],
    [
      3.798448960878886e-05,
      3.638384077930823e-05,
      1.8146865841117688e-05,
      6.283787115535233e-06,
      1.6994787301882752e-06,
      3.8291790360744926e-07,
      7.487042097409358e-08,
      1.306629471287124e-08,
      2.077652938581309e-09
    ]
  ],
  "probs_results": [
    0.27167007327079773,
    0.394753634929657,
    0.33357658982276917
  ]
}