{
  "skills_mean": [
    [
      -0.21491515636444092,
      0.466170996427536
    ],
    [
      0.23841744661331177,
      0.701648473739624
    ]
  ],
  "skills_cov": [
    [
      [
        0.021281152963638306,
        0.01152213104069233
      ],
      [
        0.01152213104069233,
        0.024930091574788094
      ]
    ],
    [
      [
        0.020368313416838646,
        0.01189327146857977
      ],
      [
        0.01189327146857977,
        0.02582665905356407
      ]
    ]
  ],
  "probs_grid": [
    [
      0.09776776283979416,
      0.1459825336933136,
      0.11365777999162674,
      0.061515163630247116,
      0.026034735143184662,
      0.009189452044665813,
      0.002817518776282668,
      0.0007717289845459163,
      0.00019274443911854178
    ],
    [
      0.07694602012634277,
      0.11305180937051773,
      0.08659251779317856,
      0.04609903693199158,
      0.019187605008482933,
      0.006659620441496372,
      0.002007513539865613,
      0.0005405457341112196,
      0.00013270099589135498
    ],
    [
      0.031662069261074066,
      0.04576239734888077,
      0.03447578102350235,
      0.018049171194434166,
      0.007386729121208191,
      0.0025204941630363464,
      0.0007468669209629297,
      0.0001976576168090105,
      4.7687448386568576e-05
    ],
    [
      0.009081709198653698,
      0.012909616343677044,
      0.009563670493662357,
      0.0049227518029510975,
      0.0019805303309112787,
      0.0006642583757638931,
      0.0001934477622853592,
      5.0310074584558606e-05,
      1.192674335470656e-05
    ],
    [
      0.002042659092694521,
      0.002855104859918356,
      0.0020794481970369816,
      0.00105216761585325,
      0.0004160589596722275,
      0.0001371366815874353,
      3.924411430489272e-05,
      1.002801309368806e-05,
      2.3355498797172913e-06
    ],
    [
      0.00038425836828537285,
      0.0005280068144202232,
      0.0003780025290325284,
      0.0001879763585748151,
      7.30451793060638e-05,
      2.3656984922126867e-05,
      6.651252988376655e-06,
      1.669645712354395e-06,
      3.819799587745365e-07
    ],
    [
      6.297197251114994e-05,
      8.50489450385794e-05,
      5.9837351727765054e-05,
      2.9239896321087144e-05,
      1.116372732212767e-05,
      3.5520220080798026e-06,
      9.81013840828382e-07,
      2.4188682345993584e-07,
      5.4351122713569566e-08
    ],
    [
      9.246347872249316e-06,
      1.2272069398022722e-05,
      8.48386207508156e-06,
      4.073047875863267e-06,
      1.5276665408237022e-06,
      4.774491912939993e-07,
      1.2951464611887786e-07,
      3.136253567959102e-08,
      6.920358064377297e-09
    ],
    [
      1.2416902563927579e-06,
      1.619243334971543e-06,
      1.0997378012689296e-06,
      5.186439580029401e-07,
      1.9106849435956974e-07,
      5.864858110271598e-08,
      1.5623612625859096e-08,
      3.7151040022109783e-09,
      8.049222954831237e-10
    ]
  ],
  "probs_results": [
    0.25068750977516174,
    0.19582131505012512,
    0.5534914135932922
  ]
}