{
  "skills_mean": [
    [
      0.31198808550834656,
      1.1734533309936523
    ],
    [
      -0.031748805195093155,
      0.2505686581134796
    ]
  ],
  "skills_cov": [
    [
      [
        0.015013918280601501,
        0.008694949559867382
      ],
      [
        0.008694949559867382,
        0.02468188665807247
      ]
    ],
    [
      [
        0.020717205479741096,
        0.010502833873033524
      ],
      [
        0.010502833873033524,
        0.02346200682222843
      ]
    ]
  ],
  "probs_grid": [
    [
      0.07264767587184906,
      0.043359916657209396,
      0.013515371829271317,
      0.0029333271086215973,
      0.0004986773710697889,
      7.0829366450198e-05,
      8.754852387937717e-06,
      9.68586391536519e-07,
      9.790687727218028e-08
    ],
    [
      0.1422760933637619,
      0.08387333154678345,
      0.025814656168222427,
      0.005530779715627432,
      0.000927948160097003,
      0.0001300446892855689,
      1.5856450772844255e-05,
      1.7301408661296591e-06,
      1.724470308772652e-07
    ],
    [
      0.14435574412345886,
      0.08403857052326202,
      0.025536268949508667,
      0.005400126334279776,
      0.0008940539555624127,
      0.00012361080734990537,
      1.4866222045384347e-05,
      1.5996284901120816e-06,
      1.5720027590759855e-07
    ],
    [
      0.10116459429264069,
      0.0581509955227375,
      0.01744253747165203,
      0.0036401976831257343,
      0.0005946402670815587,
      8.110031922115013e-05,
      9.61951445788145e-06,
      1.0206429124082206e-06,
      9.888501750765499e-08
    ],
    [
      0.05508439242839813,
      0.03125912323594093,
      0.009254305623471737,
      0.0019057843601331115,
      0.0003071304236073047,
      4.131625610170886e-05,
      4.832770628127037e-06,
      5.055691190136713e-07,
      4.8286366904903844e-08
    ],
    [
      0.02485545352101326,
      0.01392288226634264,
      0.004067758098244667,
      0.0008265111246146262,
      0.00013139256043359637,
      1.743234861351084e-05,
      2.0106485862925183e-06,
      2.0737098793688347e-07,
      1.9522980565511716e-08
    ],
    [
      0.009680425748229027,
      0.005351856350898743,
      0.0015428984770551324,
      0.00030927633633837104,
      4.849510150961578e-05,
      6.344969278870849e-06,
      7.215691653073009e-07,
      7.336409169056424e-08,
      6.807759689309023e-09
    ],
    [
      0.003346867160871625,
      0.0018259878270328045,
      0.0005193843971937895,
      0.00010269972699461505,
      1.5882125808275305e-05,
      2.0490338101808447e-06,
      2.2973695479322487e-07,
      2.3024931294912676e-08,
      2.105778440508743e-09
    ],
    [
      0.0010484905214980245,
      0.0005644478369504213,
      0.00015838987019378692,
      3.089136225753464e-05,
      4.711138899438083e-06,
      5.992940828036808e-07,
      6.624043180636363e-08,
      6.543687813831411e-09,
      5.897985988490007e-10
    ]
  ],
  "probs_results": [
    0.18615350127220154,
    0.7137974500656128,
    0.10004929453134537
  ]
}