{
  "skills_mean": [
    [
      0.7703748345375061,
      1.1052764654159546
    ],
    [
      -0.2140771448612213,
      0.4863995313644409
    ]
  ],
  "skills_cov": [
    [
      [
        0.01716802269220352,
        0.010578847490251064
      ],
      [
        0.010578847490251064,
        0.026177844032645226
      ]
    ],
    [
      [
        0.019305920228362083,
        0.009612967260181904
      ],
      [
        0.009612967260181904,
        0.019452741369605064
      ]
    ]
  ],
  "probs_grid": [
    [
      0.04756489396095276,
      0.025673987343907356,
      0.0072370730340480804,
      0.0014204287435859442,
      0.00021837383974343538,
      2.804903851938434e-05,
      3.1353304166259477e-06,
      3.136988766527793e-07,
      2.867754922419863e-08
    ],
    [
      0.11468952149152756,
      0.061068832874298096,
      0.01697731576859951,
      0.0032855079043656588,
      0.0004979230579920113,
      6.303271220531315e-05,
      6.942717391211772e-06,
      6.843435471637349e-07,
      6.162263588294081e-08
    ],
    [
      0.14296461641788483,
      0.07508689165115356,
      0.02058487758040428,
      0.003927513957023621,
      0.0005867038853466511,
      7.319383439607918e-05,
      7.94338029663777e-06,
      7.713240961493284e-07,
      6.84091006064591e-08
    ],
    [
      0.12282903492450714,
      0.0636252835392952,
      0.017199154943227768,
      0.0032349887769669294,
      0.00047629966866225004,
      5.855389827047475e-05,
      6.2607309700979386e-06,
      5.988486577734875e-07,
      5.2309509612769034e-08
    ],
    [
      0.08181888610124588,
      0.04179573431611061,
      0.011139418929815292,
      0.002065330045297742,
      0.00029968845774419606,
      3.630245555541478e-05,
      3.823979113803944e-06,
      3.602825415782718e-07,
      3.099355438962448e-08
    ],
    [
      0.04506848379969597,
      0.02270183339715004,
      0.005964959971606731,
      0.0010900900233536959,
      0.00015587822417728603,
      1.8604298020363785e-05,
      1.9305400655866833e-06,
      1.7915100158916175e-07,
      1.517716263776947e-08
    ],
    [
      0.021381866186857224,
      0.01061953417956829,
      0.002750641666352749,
      0.0004954324685968459,
      6.981076148804277e-05,
      8.208933650166728e-06,
      8.391008350372431e-07,
      7.669132173759863e-08,
      6.397965712778841e-09
    ],
    [
      0.008985930122435093,
      0.004400068894028664,
      0.0011234096018597484,
      0.00019941400387324393,
      2.7687377951224335e-05,
      3.2074419777927687e-06,
      3.229438050311728e-07,
      2.9069076035170838e-08,
      2.3879953570116186e-09
    ],
    [
      0.0034145619720220566,
      0.0016482992796227336,
      0.0004147966392338276,
      7.25594290997833e-05,
      9.926217899192125e-06,
      1.1327958873152966e-06,
      1.1234169505769387e-07,
      9.95862237118672e-09,
      8.055496270031881e-10
    ]
  ],
  "probs_results": [
    0.13314713537693024,
    0.8060886859893799,
    0.06076440587639809
  ]
}