{
  "skills_mean": [
    [
      0.5742552280426025,
      1.1927399635314941
    ],
    [
      -0.10237003117799759,
      0.606723427772522
    ]
  ],
  "skills_cov": [
    [
      [
        0.01755633018910885,
        0.01068829745054245
      ],
      [
        0.01068829745054245,
        0.026614436879754066
      ]
    ],
    [
      [
        0.020724914968013763,
        0.010003238916397095
      ],
      [
        0.010003238916397095,
        0.021643131971359253
      ]
    ]
  ],
  "probs_grid": [
    [
      0.09108592569828033,
      0.049773313105106354,
      0.014231141656637192,
      0.0028385708574205637,
      0.0004443347279448062,
      5.822090679430403e-05,
      6.651384410361061e-06,
      6.814308335378882e-07,
      6.39053610029805e-08
    ],
    [
      0.16327182948589325,
      0.08807814121246338,
      0.02485259622335434,
      0.004890472162514925,
      0.0007549985311925411,
      9.753786434885114e-05,
      1.0983640095219016e-05,
      1.1088769724665326e-06,
      1.0245226178540179e-07
    ],
    [
      0.15174883604049683,
      0.08079886436462402,
      0.02249513939023018,
      0.004366288427263498,
      0.0006647003465332091,
      8.46545590320602e-05,
      9.39522942644544e-06,
      9.345893658974092e-07,
      8.506185622536577e-08
    ],
    [
      0.09749787300825119,
      0.051228709518909454,
      0.014070223085582256,
      0.002693397458642721,
      0.00040426626219414175,
      5.074946238892153e-05,
      5.550333298742771e-06,
      5.439526375994319e-07,
      4.8764754012609046e-08
    ],
    [
      0.048711758106946945,
      0.02525300905108452,
      0.006841190624982119,
      0.0012913409154862165,
      0.00019107428670395166,
      2.364016472711228e-05,
      2.547522854001727e-06,
      2.459472909777105e-07,
      2.1715830911261946e-08
    ],
    [
      0.020185116678476334,
      0.010322761721909046,
      0.0027579001616686583,
      0.0005132577498443425,
      7.485723472200334e-05,
      9.126712029683404e-06,
      9.689807711765752e-07,
      9.214620888542413e-08,
      8.012368546417292e-09
    ],
    [
      0.007225597742944956,
      0.003644640324637294,
      0.0009601466008462012,
      0.00017615026445128024,
      2.532007056288421e-05,
      3.041791387659032e-06,
      3.181397403295705e-07,
      2.979738233932494e-08,
      2.55136600735284e-09
    ],
    [
      0.00229801912792027,
      0.001143103581853211,
      0.00029689871007576585,
      5.368940765038133e-05,
      7.605081464134855e-06,
      9.001295211419347e-07,
      9.273408352328261e-08,
      8.553784347498095e-09,
      7.211559682751556e-10
    ],
    [
      0.0006628003320656717,
      0.00032509054290130734,
      8.323601650772616e-05,
      1.4834527974016964e-05,
      2.0705003862531157e-06,
      2.414184336885228e-07,
      2.449689517902698e-08,
      2.2251156472918865e-09,
      1.8469988039004903e-10
    ]
  ],
  "probs_results": [
    0.2046309858560562,
    0.6917540431022644,
    0.1036149337887764
  ]
}