{
  "skills_mean": [
    [
      0.2967623472213745,
      1.002184510231018
    ],
    [
      0.7517657279968262,
      0.791131854057312
    ]
  ],
  "skills_cov": [
    [
      [
        0.023667003959417343,
        0.013052988797426224
      ],
      [
        0.013052988797426224,
        0.025232229381799698
      ]
    ],
    [
      [
        0.018889211118221283,
        0.0110341627150774
      ],
      [
        0.0110341627150774,
        0.023688772693276405
      ]
    ]
  ],
  "probs_grid": [
    [
      0.06703339517116547,
      0.09901199489831924,
      0.07616527378559113,
      0.040681492537260056,
      0.016971386969089508,
      0.005897972267121077,
      0.0017784247174859047,
      0.0004785224446095526,
      0.00011727589298970997
    ],
    [
      0.07900243252515793,
      0.1146044135093689,
      0.08657394349575043,
      0.04540455713868141,
      0.018597375601530075,
      0.006344994064420462,
      0.0018781224498525262,
      0.0004960432415828109,
      0.00011932372581213713
    ],
    [
      0.04865052178502083,
      0.06930307298898697,
      0.05140404775738716,
      0.02646833285689354,
      0.010642832145094872,
      0.0035643449518829584,
      0.0010355778504163027,
      0.0002684475330170244,
      6.337549712043256e-05
    ],
    [
      0.020870396867394447,
      0.029190661385655403,
      0.021256612613797188,
      0.010744567960500717,
      0.004240804817527533,
      0.001394009799696505,
      0.00039749636198394,
      0.00010112213203683496,
      2.3427142878063023e-05
    ],
    [
      0.007015859242528677,
      0.009633639827370644,
      0.006886460818350315,
      0.0034167144913226366,
      0.0013235816732048988,
      0.00042699105688370764,
      0.00011948334577027708,
      2.9827378966729157e-05,
      6.7804612626787275e-06
    ],
    [
      0.001971161924302578,
      0.002656930359080434,
      0.0018642136128619313,
      0.0009077819995582104,
      0.00034511496778577566,
      0.00010925498645519838,
      2.999930984515231e-05,
      7.348101917159511e-06,
      1.6389001302741235e-06
    ],
    [
      0.0004821000329684466,
      0.0006378223188221455,
      0.00043922034092247486,
      0.00020989454060327262,
      7.830406684661284e-05,
      2.4323906473000534e-05,
      6.553121693286812e-06,
      1.5748258874737076e-06,
      3.4459466746739054e-07
    ],
    [
      0.00010556306369835511,
      0.00013706898607779294,
      9.262978710466996e-05,
      4.343753607827239e-05,
      1.59005903697107e-05,
      4.846175215789117e-06,
      1.2809290410586982e-06,
      3.019931398284825e-07,
      6.482463277279749e-08
    ],
    [
      2.112282527377829e-05,
      2.691579720703885e-05,
      1.7848944480647333e-05,
      8.212755346903577e-06,
      2.9496422939701006e-06,
      8.819833965389989e-07,
      2.287002871526056e-07,
      5.2892840329832325e-08,
      1.1137236022307206e-08
    ]
  ],
  "probs_results": [
    0.24525338411331177,
    0.30535614490509033,
    0.4493904709815979
  ]
}