{
  "skills_mean": [
    [
      0.5768105983734131,
      1.14617919921875
    ],
    [
      0.6024028062820435,
      0.9988906979560852
    ]
  ],
  "skills_cov": [
    [
      [
        0.020411651581525803,
        0.011617621406912804
      ],
      [
        0.011617621406912804,
        0.026365553960204124
      ]
    ],
    [
      [
        0.01884920336306095,
        0.011233106255531311
      ],
      [
        0.011233106255531311,
        0.02597915194928646
      ]
    ]
  ],
  "probs_grid": [
    [
      0.08982381224632263,
      0.10049807280302048,
      0.05865555629134178,
      0.023809483274817467,
      0.00756130600348115,
      0.002003735862672329,
      0.0004614978388417512,
      9.501202293904498e-05,
      1.7847565686679445e-05
    ],
    [
      0.11237034201622009,
      0.12368367612361908,
      0.0710037425160408,
      0.028344377875328064,
      0.00885096751153469,
      0.0023059388622641563,
      0.0005220730090513825,
      0.00010564258991507813,
      1.950237674464006e-05
    ],
    [
      0.07339529693126678,
      0.07945980131626129,
      0.04486026614904404,
      0.017608603462576866,
      0.005405824165791273,
      0.001384433009661734,
      0.00030807210714556277,
      6.1263948737178e-05,
      1.1113471373391803e-05
    ],
    [
      0.0333685465157032,
      0.035527460277080536,
      0.01972229778766632,
      0.0076108770444989204,
      0.002296809572726488,
      0.0005781380459666252,
      0.00012643150694202632,
      2.47059633693425e-05,
      4.403462753543863e-06
    ],
    [
      0.011878661811351776,
      0.01243586465716362,
      0.006787127815186977,
      0.002574651036411524,
      0.0007636711234226823,
      0.00018891067884396762,
      4.059509592480026e-05,
      7.794104021741077e-06,
      1.36477558498882e-06
    ],
    [
      0.003531353548169136,
      0.00363471289165318,
      0.0019500183407217264,
      0.0007270624628290534,
      0.00021193640714045614,
      5.151696313987486e-05,
      1.0877118256757967e-05,
      2.0516733911790652e-06,
      3.529094954046741e-07
    ],
    [
      0.0009131428669206798,
      0.0009239137289114296,
      0.0004871975688729435,
      0.0001785204658517614,
      5.11351645400282e-05,
      1.221275124407839e-05,
      2.53326334131998e-06,
      4.693914661402232e-07,
      7.930692902391456e-08
    ],
    [
      0.00021122487669344991,
      0.00021006280439905822,
      0.00010886260133702308,
      3.919807568308897e-05,
      1.1031891517632175e-05,
      2.5885155992000364e-06,
      5.274494583318301e-07,
      9.599711603414107e-08,
      1.5930099905858697e-08
    ],
    [
      4.461318167159334e-05,
      4.3604472011793405e-05,
      2.2206037101568654e-05,
      7.856287083995994e-06,
      2.1722785277233925e-06,
      5.007079835195327e-07,
      1.002169298658373e-07,
      1.791454806721049e-08,
      2.9195585948826874e-09
    ]
  ],
  "probs_results": [
    0.2668073773384094,
    0.4008622169494629,
    0.33233076333999634
  ]
}