{
  "skills_mean": [
    [
      0.4522293508052826,
      0.7270177602767944
    ],
    [
      0.3693702816963196,
      0.5858335494995117
    ]
  ],
  "skills_cov": [
    [
      [
        0.01873772405087948,
        0.010125091299414635
      ],
      [
        0.010125091299414635,
        0.02086780034005642
      ]
    ],
    [
      [
        0.020117562264204025,
        0.010375519283115864
      ],
      [
        0.010375519283115864,
        0.02136739157140255
      ]
    ]
  ],
  "probs_grid": [
    [
      0.04717712849378586,
      0.0634949654340744,
      0.04439186304807663,
      0.02149476855993271,
      0.0081086540594697,
      0.0025418351870030165,
      0.0006896416889503598,
      0.00016656229854561388,
      3.6553254176396877e-05
    ],
    [
      0.07802022248506546,
      0.1033821627497673,
      0.07115401327610016,
      0.03391405940055847,
      0.012592481449246407,
      0.003885007696226239,
      0.0010373351396992803,
      0.0002465442812535912,
      5.324025551090017e-05
    ],
    [
      0.06694979965686798,
      0.0873340368270874,
      0.05916893482208252,
      0.027758369222283363,
      0.010144037194550037,
      0.003079958725720644,
      0.0008092736243270338,
      0.00018926347547676414,
      4.021446511615068e-05
    ],
    [
      0.03974304348230362,
      0.05103395879268646,
      0.03403264284133911,
      0.015713995322585106,
      0.00565146142616868,
      0.0016885785153135657,
      0.0004365857457742095,
      0.00010046433453680947,
      2.1002671928727068e-05
    ],
    [
      0.018359441310167313,
      0.023205552250146866,
      0.015230923891067505,
      0.0069211916998028755,
      0.002449551597237587,
      0.0007201927364803851,
      0.00018321911920793355,
      4.148220250499435e-05,
      8.53195979289012e-06
    ],
    [
      0.007039403542876244,
      0.008757398463785648,
      0.0056569334119558334,
      0.00252972892485559,
      0.0008810241124592721,
      0.0002548758056946099,
      6.379735714290291e-05,
      1.4210871086106636e-05,
      2.87549187305558e-06
    ],
    [
      0.00233334768563509,
      0.00285693584010005,
      0.0018161601619794965,
      0.0007992143509909511,
      0.00027388145099394023,
      7.795807323418558e-05,
      1.9198516383767128e-05,
      4.207203801342985e-06,
      8.374723847737187e-07
    ],
    [
      0.0006876781699247658,
      0.0008286382653750479,
      0.0005183760658837855,
      0.00022446511138696223,
      7.568583532702178e-05,
      2.1195914087002166e-05,
      5.135374522069469e-06,
      1.1071041399191017e-06,
      2.167873702774159e-07
    ],
    [
      0.00018393622303847224,
      0.0002181146410293877,
      0.00013426759687718004,
      5.7207307690987363e-05,
      1.8978646039613523e-05,
      5.229076577961678e-06,
      1.2463553957786644e-06,
      2.64321812437629e-07,
      5.091337129670137e-08
    ]
  ],
  "probs_results": [
    0.22822026908397675,
    0.456939697265625,
    0.31483978033065796
  ]
}