{
  "skills_mean": [
    [
      0.061944711953401566,
      0.4507223665714264
    ],
    [
      0.5914943218231201,
      0.8656144738197327
    ]
  ],
  "skills_cov": [
    [
      [
        0.02257448621094227,
        0.010935353115200996
      ],
      [
        0.010935353115200996,
        0.02455987222492695
      ]
    ],
    [
      [
        0.017924999818205833,
        0.010542603209614754
      ],
      [
        0.010542603209614754,
        0.02471715211868286
      ]
    ]
  ],
  "probs_grid": [
    [
      0.04612457752227783,
      0.09728893637657166,
      0.10663630813360214,
      0.08097365498542786,
      0.047915711998939514,
      0.02356569841504097,
      0.010032794438302517,
      0.0038025788962841034,
      0.0013096138136461377
    ],
    [
      0.04086179658770561,
      0.08483918011188507,
      0.09152703732252121,
      0.0684015229344368,
      0.03983340039849281,
      0.019278353080153465,
      0.008076203055679798,
      0.0030118818394839764,
      0.0010206075385212898
    ],
    [
      0.01892342045903206,
      0.03866840526461601,
      0.04105375334620476,
      0.03019130602478981,
      0.017300089821219444,
      0.008238168433308601,
      0.00339551386423409,
      0.0012458172859624028,
      0.0004153140471316874
    ],
    [
      0.006107840687036514,
      0.012281624600291252,
      0.012830172665417194,
      0.009283534251153469,
      0.00523366080597043,
      0.0024518317077308893,
      0.0009941414464265108,
      0.00035880785435438156,
      0.00011766138050006703
    ],
    [
      0.0015456205001100898,
      0.0030578812584280968,
      0.0031428071670234203,
      0.002237137174233794,
      0.0012406674213707447,
      0.0005717285093851388,
      0.00022802266175858676,
      8.094811346381903e-05,
      2.6108387828571722e-05
    ],
    [
      0.000327069777995348,
      0.0006365751614794135,
      0.0006435933755710721,
      0.0004506370169110596,
      0.0002458147646393627,
      0.00011141445429529995,
      4.370310125523247e-05,
      1.5258377970894799e-05,
      4.839909252041252e-06
    ],
    [
      6.02828549745027e-05,
      0.00011540925333974883,
      0.00011476648796815425,
      7.903514779172838e-05,
      4.2400555685162544e-05,
      1.889980921987444e-05,
      7.29062094251276e-06,
      2.5031340555869974e-06,
      7.807738597875868e-07
    ],
    [
      9.953178960131481e-06,
      1.8741136955213733e-05,
      1.832881389418617e-05,
      1.241317113453988e-05,
      6.5487497522553895e-06,
      2.870466005333583e-06,
      1.0888136330322595e-06,
      3.675826292237616e-07,
      1.1273745315065753e-07
    ],
    [
      1.5026603250589687e-06,
      2.7825012693938334e-06,
      2.676041276572505e-06,
      1.7821353139879648e-06,
      9.244826628673763e-07,
      3.984372369814082e-07,
      1.485988292415641e-07,
      4.93242104937508e-08,
      1.4873320353103736e-08
    ]
  ],
  "probs_results": [
    0.18289437890052795,
    0.14265358448028564,
    0.6744520664215088
  ]
}