{
  "skills_mean": [
    [
      -0.3018534183502197,
      0.2953321635723114
    ],
    [
      -0.22669589519500732,
      0.47170186042785645
    ]
  ],
  "skills_cov": [
    [
      [
        0.024059880524873734,
        0.012167783454060555
      ],
      [
        0.012167783454060555,
        0.0254447590559721
      ]
    ],
    [
      [
        0.019668318331241608,
        0.01001189835369587
      ],
      [
        0.01001189835369587,
        0.020096326246857643
      ]
    ]
  ],
  "probs_grid": [
    [
      0.12748505175113678,
      0.14443370699882507,
      0.08536623418331146,
      0.03509247303009033,
      0.011286693625152111,
      0.0030292365700006485,
      0.0007066431571729481,
      0.00014735314471181482,
      2.803634197334759e-05
    ],
    [
      0.11418779194355011,
      0.127503901720047,
      0.07425466924905777,
      0.030069736763834953,
      0.009524932131171227,
      0.0025171879678964615,
      0.0005780740175396204,
      0.00011864868429256603,
      2.2216203433345072e-05
    ],
    [
      0.05332845076918602,
      0.05867350473999977,
      0.033660270273685455,
      0.013424579985439777,
      0.0041871448047459126,
      0.0010893563739955425,
      0.00024623805074952543,
      4.97365981573239e-05,
      9.163334652839694e-06
    ],
    [
      0.017313694581389427,
      0.018764778971672058,
      0.010602111928164959,
      0.004163484089076519,
      0.0012784074060618877,
      0.00032736719003878534,
      7.282121077878401e-05,
      1.4472545444732532e-05,
      2.6231421088596107e-06
    ],
    [
      0.004395793657749891,
      0.004692009650170803,
      0.0026102648116648197,
      0.001009113620966673,
      0.0003049735678359866,
      7.685310993110761e-05,
      1.6820775272208266e-05,
      3.2887239740375662e-06,
      5.863212209078483e-07
    ],
    [
      0.0009308956214226782,
      0.0009783486602827907,
      0.0005358030903153121,
      0.00020387575204949826,
      6.063406908651814e-05,
      1.5033952877274714e-05,
      3.2370326152886264e-06,
      6.22521895365935e-07,
      1.0915145054468667e-07
    ],
    [
      0.00017126918828580528,
      0.00017719506286084652,
      9.551308903610334e-05,
      3.576410381356254e-05,
      1.046528086590115e-05,
      2.55265422310913e-06,
      5.406135414887103e-07,
      1.0224817259540941e-07,
      1.7629307791366955e-08
    ],
    [
      2.8156280677649193e-05,
      2.8670903702732176e-05,
      1.5207972865027841e-05,
      5.602777036983753e-06,
      1.6128228708112147e-06,
      3.869402860345872e-07,
      8.059255662828946e-08,
      1.4988662755399673e-08,
      2.5409068182824512e-09
    ],
    [
      4.221933977532899e-06,
      4.230488229950424e-06,
      2.2078149868320907e-06,
      8.001467222129577e-07,
      2.2655022746675968e-07,
      5.3453128145974915e-08,
      1.0947588613419157e-08,
      2.001830701203744e-09,
      3.336136367160236e-10
    ]
  ],
  "probs_results": [
    0.2931380271911621,
    0.2888760268688202,
    0.4179861843585968
  ]
}