{
  "skills_mean": [
    [
      0.5158234238624573,
      0.8228051662445068
    ],
    [
      0.3647613525390625,
      0.6707950234413147
    ]
  ],
  "skills_cov": [
    [
      [
        0.01908094994723797,
        0.010270362719893456
      ],
      [
        0.010270362719893456,
        0.022371847182512283
      ]
    ],
    [
      [
        0.015586018562316895,
        0.008356178179383278
      ],
      [
        0.008356178179383278,
        0.021204350516200066
      ]
    ]
  ],
  "probs_grid": [
    [
      0.0557531900703907,
      0.06812150031328201,
      0.04313136637210846,
      0.018867462873458862,
      0.006414676085114479,
      0.0018079273868352175,
      0.0004399830650072545,
      9.50930843828246e-05,
      1.863151010184083e-05
    ],
    [
      0.08995288610458374,
      0.10840778797864914,
      0.06769440323114395,
      0.029201848432421684,
      0.009789623320102692,
      0.0027203550562262535,
      0.0006526738870888948,
      0.0001390556280966848,
      2.6855457690544426e-05
    ],
    [
      0.07533019036054611,
      0.08953658491373062,
      0.05513570457696915,
      0.02345242351293564,
      0.007751744240522385,
      0.0021236182656139135,
      0.0005022584227845073,
      0.00010547876445343718,
      2.0078094166819938e-05
    ],
    [
      0.043655022978782654,
      0.05116933211684227,
      0.031070120632648468,
      0.01303037814795971,
      0.0042460826225578785,
      0.0011466963915154338,
      0.00026732953847385943,
      5.533493458642624e-05,
      1.0381019819760695e-05
    ],
    [
      0.019693659618496895,
      0.022761821746826172,
      0.013627097010612488,
      0.005634321831166744,
      0.0018099193694069982,
      0.0004818035813514143,
      0.00011070966866100207,
      2.258517997688614e-05,
      4.175607955403393e-06
    ],
    [
      0.007376248482614756,
      0.008405904285609722,
      0.004961465019732714,
      0.0020222689490765333,
      0.0006403412553481758,
      0.00016801321180537343,
      3.804942389251664e-05,
      7.649699909961782e-06,
      1.3937018366050324e-06
    ],
    [
      0.0023891860619187355,
      0.002684319391846657,
      0.0015619114274159074,
      0.0006275465711951256,
      0.00019585962581913918,
      5.064891229267232e-05,
      1.1304131476208568e-05,
      2.23957908929151e-06,
      4.020662345283199e-07
    ],
    [
      0.0006882775342091918,
      0.0007623446872457862,
      0.0004372617113403976,
      0.00017316626326646656,
      5.326742757461034e-05,
      1.3575479897554033e-05,
      2.98579743684968e-06,
      5.829074893881625e-07,
      1.0311320863820583e-07
    ],
    [
      0.0001800068566808477,
      0.00019654065545182675,
      0.0001111174569814466,
      4.337217251304537e-05,
      1.3148750440450385e-05,
      3.3023450214386685e-06,
      7.157207733143878e-07,
      1.3768037376848952e-07,
      2.3996621578703525e-08
    ]
  ],
  "probs_results": [
    0.23436030745506287,
    0.4761141836643219,
    0.2895255982875824
  ]
}