{
  "skills_mean": [
    [
      0.6946150064468384,
      1.1387896537780762
    ],
    [
      0.5649718046188354,
      0.9833416938781738
    ]
  ],
  "skills_cov": [
    [
      [
        0.019133808091282845,
        0.010941686108708382
      ],
      [
        0.010941686108708382,
        0.026196559891104698
      ]
    ],
    [
      [
        0.018168289214372635,
        0.010885236784815788
      ],
      [
        0.010885236784815788,
        0.02520645409822464
      ]
    ]
  ],
  "probs_grid": [
    [
      0.077799491584301,
      0.0848262682557106,
      0.048211533576250076,
      0.019043458625674248,
      0.005880772601813078,
      0.001514296280220151,
      0.0003386622993275523,
      6.765506259398535e-05,
      1.2323282135184854e-05
    ],
    [
      0.11036253720521927,
      0.11844494938850403,
      0.06625335663557053,
      0.02575172856450081,
      0.007824135944247246,
      0.0019819617737084627,
      0.0004359929880592972,
      8.566224278183654e-05,
      1.5344234270742163e-05
    ],
    [
      0.08156873285770416,
      0.08615829795598984,
      0.04742419347167015,
      0.01813620887696743,
      0.00542082404717803,
      0.0013506951509043574,
      0.0002922282728832215,
      5.6463093642378226e-05,
      9.94506262941286e-06
    ],
    [
      0.041877396404743195,
      0.04352844879031181,
      0.023573921993374825,
      0.008869007229804993,
      0.0026075541973114014,
      0.0006390160997398198,
      0.00013596084318123758,
      2.5831355742411688e-05,
      4.4733978938893415e-06
    ],
    [
      0.016799580305814743,
      0.01718137413263321,
      0.009154224768280983,
      0.003387758508324623,
      0.000979635980911553,
      0.00023609506024513394,
      4.9395202950108796e-05,
      9.227200280292891e-06,
      1.5709794070062344e-06
    ],
    [
      0.005616473965346813,
      0.005651168059557676,
      0.0029618251137435436,
      0.001078086206689477,
      0.0003065895289182663,
      7.265786553034559e-05,
      1.4946471310395282e-05,
      2.744980974966893e-06,
      4.5942698534418014e-07
    ],
    [
      0.0016298831906169653,
      0.0016132433665916324,
      0.0008316391031257808,
      0.0002977076801471412,
      8.325421367771924e-05,
      1.9399831217015162e-05,
      3.92352831113385e-06,
      7.083693276399572e-07,
      1.165417344850539e-07
    ],
    [
      0.00042224343633279204,
      0.0004110854642931372,
      0.00020842041703872383,
      7.337009446928278e-05,
      2.0174929886707105e-05,
      4.6220593503676355e-06,
      9.189781735585711e-07,
      1.6309473949149833e-07,
      2.6374047834565317e-08
    ],
    [
      9.96753660729155e-05,
      9.5442941528745e-05,
      4.7586989239789546e-05,
      1.6472346032969654e-05,
      4.453398560144706e-06,
      1.003035777102923e-06,
      1.9604092926783778e-07,
      3.4198357923287404e-08,
      5.435391692287794e-09
    ]
  ],
  "probs_results": [
    0.253614604473114,
    0.45512422919273376,
    0.29126137495040894
  ]
}