{
  "skills_mean": [
    [
      0.2653723955154419,
      0.981397271156311
    ],
    [
      0.800575852394104,
      0.813348650932312
    ]
  ],
  "skills_cov": [
    [
      [
        0.022951185703277588,
        0.012514140456914902
      ],
      [
        0.012514140456914902,
        0.024647148326039314
      ]
    ],
    [
      [
        0.017803121358156204,
        0.010318601503968239
      ],
      [
        0.010318601503968239,
        0.023076046258211136
      ]
    ]
  ],
  "probs_grid": [
    [
      0.0641937330365181,
      0.10111922025680542,
      0.08282771706581116,
      0.04703465476632118,
      0.02082919143140316,
      0.00767228938639164,
      0.002448274753987789,
      0.0006960929022170603,
      0.0001799923338694498
    ],
    [
      0.07199780642986298,
      0.11149755120277405,
      0.08977742493152618,
      0.050110336393117905,
      0.0218102615326643,
      0.007895085029304028,
      0.002475726418197155,
      0.0006916562560945749,
      0.00017572387878317386
    ],
    [
      0.04214908927679062,
      0.06416202336549759,
      0.050778646022081375,
      0.027854975312948227,
      0.011914100497961044,
      0.0042378767393529415,
      0.0013057331088930368,
      0.0003584050864446908,
      8.945840818341821e-05
    ],
    [
      0.017171291634440422,
      0.025690903887152672,
      0.019981523975729942,
      0.010771077126264572,
      0.004526804201304913,
      0.0015820530243217945,
      0.00047889453708194196,
      0.00012913560203742236,
      3.16632394969929e-05
    ],
    [
      0.005476198624819517,
      0.008051720447838306,
      0.006153652910143137,
      0.0032592902425676584,
      0.0013458052417263389,
      0.00046207010746002197,
      0.00013740274880547076,
      3.639528586063534e-05,
      8.765471648075618e-06
    ],
    [
      0.0014581643044948578,
      0.002106684958562255,
      0.0015819440595805645,
      0.0008231800748035312,
      0.00033391540637239814,
      0.00011262006592005491,
      3.289507367298938e-05,
      8.558234185329638e-06,
      2.024399691435974e-06
    ],
    [
      0.0003376545791979879,
      0.00047929564607329667,
      0.0003535886644385755,
      0.00018074779654853046,
      7.20204843673855e-05,
      2.385885272815358e-05,
      6.844687504781177e-06,
      1.7489327319708536e-06,
      4.062851530761691e-07
    ],
    [
      6.993110582698137e-05,
      9.75206567090936e-05,
      7.067304977681488e-05,
      3.548627137206495e-05,
      1.388822784065269e-05,
      4.518743935477687e-06,
      1.2731372862617718e-06,
      3.1946740364219295e-07,
      7.287805914302226e-08
    ],
    [
      1.3222406778368168e-05,
      1.8113119949703105e-05,
      1.2893634448118974e-05,
      6.3588377088308334e-06,
      2.4441776531602954e-06,
      7.809931616975518e-07,
      2.1608543931961322e-07,
      5.3244768594140623e-08,
      1.1926921672511526e-08
    ]
  ],
  "probs_results": [
    0.23874446749687195,
    0.2722352147102356,
    0.4890206456184387
  ]
}