{
  "skills_mean": [
    [
      0.6892193555831909,
      1.1132891178131104
    ],
    [
      0.35821589827537537,
      1.2038849592208862
    ]
  ],
  "skills_cov": [
    [
      [
        0.01730578951537609,
        0.009707530029118061
      ],
      [
        0.009707530029118061,
        0.02321729250252247
      ]
    ],
    [
      [
        0.01439934317022562,
        0.008024382404983044
      ],
      [
        0.008024382404983044,
        0.02323761023581028
      ]
    ]
  ],
  "probs_grid": [
    [
      0.12485203146934509,
      0.113624706864357,
      0.05359937250614166,
      0.017473449930548668,
      0.004428576212376356,
      0.0009307348518632352,
      0.00016895588487386703,
      2.7247171601629816e-05,
      3.984774593845941e-06
    ],
    [
      0.1423725038766861,
      0.12818309664726257,
      0.05980547517538071,
      0.01927897334098816,
      0.004830571357160807,
      0.0010034595616161823,
      0.0001800117315724492,
      2.8682748961728066e-05,
      4.14379064750392e-06
    ],
    [
      0.08435674756765366,
      0.07511749118566513,
      0.034655384719371796,
      0.011044343002140522,
      0.0027352203615009785,
      0.0005614966503344476,
      9.952247637556866e-05,
      1.566524588270113e-05,
      2.235307420050958e-06
    ],
    [
      0.03462480753660202,
      0.030487416312098503,
      0.013905011117458344,
      0.00438000587746501,
      0.0010719592683017254,
      0.00021742245007771999,
      3.806924360105768e-05,
      5.91853631703998e-06,
      8.340059594047489e-07
    ],
    [
      0.011075237765908241,
      0.009640492498874664,
      0.004345878958702087,
      0.0013527802657335997,
      0.0003271142777521163,
      6.554200081154704e-05,
      1.1334761438774876e-05,
      1.740230004543264e-06,
      2.421314206912939e-07
    ],
    [
      0.0029445262625813484,
      0.0025332672521471977,
      0.0011284935753792524,
      0.00034706611768342555,
      8.290378173114732e-05,
      1.6406456779805012e-05,
      2.801948994601844e-06,
      4.247596621098637e-07,
      5.834652938574436e-08
    ],
    [
      0.000677752832416445,
      0.0005761930369772017,
      0.00025359613937325776,
      7.704430026933551e-05,
      1.8176864614360966e-05,
      3.5522973576007644e-06,
      5.990201543681906e-07,
      8.965000830585268e-08,
      1.2155981998773768e-08
    ],
    [
      0.00013890692207496613,
      0.00011667255603242666,
      5.07248769281432e-05,
      1.5220522982417606e-05,
      3.5461230254441034e-06,
      6.842700486231479e-07,
      1.1391567511509493e-07,
      1.6829041271648748e-08,
      2.252217745635221e-09
    ],
    [
      2.5875870051095262e-05,
      2.146883707609959e-05,
      9.218606464855839e-06,
      2.731580252657295e-06,
      6.283728453126969e-07,
      1.1970489310897392e-07,
      1.9671245965469097e-08,
      2.8682560770931786e-09,
      3.788146740735243e-10
    ]
  ],
  "probs_results": [
    0.2924191653728485,
    0.4163132905960083,
    0.2912677228450775
  ]
}