{
  "skills_mean": [
    [
      -0.018186748027801514,
      0.3859512507915497
    ],
    [
      0.3511256277561188,
      0.6912882328033447
    ]
  ],
  "skills_cov": [
    [
      [
        0.020259400829672813,
        0.009924767538905144
      ],
      [
        0.009924767538905144,
        0.020162027329206467
      ]
    ],
    [
      [
        0.016048306599259377,
        0.008806483820080757
      ],
      [
        0.008806483820080757,
        0.02201537974178791
      ]
    ]
  ],
  "probs_grid": [
    [
      0.05952044203877449,
      0.10752934962511063,
      0.10045377165079117,
      0.06469839811325073,
      0.032317034900188446,
      0.013352968730032444,
      0.004753666929900646,
      0.0014996376121416688,
      0.0004279289860278368
    ],
    [
      0.05722042918205261,
      0.10198543965816498,
      0.09398557990789413,
      0.059707917273044586,
      0.029415443539619446,
      0.011986473575234413,
      0.00420802878215909,
      0.0013090053107589483,
      0.00036830067983828485
    ],
    [
      0.028627706691622734,
      0.050330694764852524,
      0.045748304575681686,
      0.02866336517035961,
      0.013925688341259956,
      0.0055955820716917515,
      0.0019369295332580805,
      0.0005940573755651712,
      0.0001647837198106572
    ],
    [
      0.009937728755176067,
      0.01723172888159752,
      0.015446463599801064,
      0.009543420746922493,
      0.0045717558823525906,
      0.0018112149555236101,
      0.0006181123899295926,
      0.00018688889394979924,
      5.110288111609407e-05
    ],
    [
      0.0026926484424620867,
      0.004604228772222996,
      0.004069654271006584,
      0.002479132730513811,
      0.001170886680483818,
      0.00045730770216323435,
      0.0001538456854177639,
      4.585166243487038e-05,
      1.2357963896647561e-05
    ],
    [
      0.0006073874537833035,
      0.0010240519186481833,
      0.0008924184367060661,
      0.0005359518108889461,
      0.00024953208048827946,
      9.606787352822721e-05,
      3.1855724955676123e-05,
      9.357626368000638e-06,
      2.4856694835762028e-06
    ],
    [
      0.00011880820238729939,
      0.000197482222574763,
      0.0001696560502750799,
      0.00010043659131042659,
      4.609254756360315e-05,
      1.7490199752501212e-05,
      5.715998668165412e-06,
      1.6547627410545829e-06,
      4.3316956066519197e-07
    ],
    [
      2.072654569929e-05,
      3.396128522581421e-05,
      2.8758871849277057e-05,
      1.6780832083895802e-05,
      7.590063887619181e-06,
      2.8384311008267105e-06,
      9.141590453509707e-07,
      2.6078961923303723e-07,
      6.726941848000934e-08
    ],
    [
      3.2917932912823744e-06,
      5.316406713973265e-06,
      4.437178631633287e-06,
      2.55166673923668e-06,
      1.1373829238436883e-06,
      4.1914825033018133e-07,
      1.3302032186857105e-07,
      3.7391533425079615e-08,
      9.50318135295447e-09
    ]
  ],
  "probs_results": [
    0.2181476205587387,
    0.19679811596870422,
    0.585054874420166
  ]
}