{
  "skills_mean": [
    [
      0.31198808550834656,
      1.1734533309936523
    ],
    [
      -0.031748805195093155,
      0.2505686581134796
    ]
  ],
  "skills_cov": [
    [
      [
        0.015013914555311203,
        0.008694958873093128
      ],
      [
        0.008694958873093128,
        0.024681884795427322
      ]
    ],
    [
      [
        0.020717201754450798,
        0.010502840392291546
      ],
      [
        0.010502840392291546,
        0.023462003096938133
      ]
    ]
  ],
  "probs_grid": [
    [
      0.07264766097068787,
      0.0433599017560482,
      0.013515361584722996,
      0.0029333268757909536,
      0.000498677312862128,
      7.0829366450198e-05,
      8.754853297432419e-06,
      9.685865052233567e-07,
      9.790683463961614e-08
    ],
    [
      0.14227603375911713,
      0.08387326449155807,
      0.02581464871764183,
      0.005530777852982283,
      0.0009279476362280548,
      0.00013004466018173844,
      1.5856441677897237e-05,
      1.7301406387559837e-06,
      1.7244695982299163e-07
    ],
    [
      0.14435572922229767,
      0.08403854817152023,
      0.025536276400089264,
      0.005400124471634626,
      0.0008940538391470909,
      0.00012361067638266832,
      1.486621840740554e-05,
      1.5996276943042176e-06,
      1.5720024748588912e-07
    ],
    [
      0.10116460919380188,
      0.05815098434686661,
      0.017442533746361732,
      0.0036401976831257343,
      0.0005946401506662369,
      8.110029739327729e-05,
      9.619512638892047e-06,
      1.0206425713477074e-06,
      9.888503882393707e-08
    ],
    [
      0.05508439242839813,
      0.03125913068652153,
      0.009254303760826588,
      0.0019057836616411805,
      0.0003071303362958133,
      4.131624154979363e-05,
      4.832769263884984e-06,
      5.055690053268336e-07,
      4.828634914133545e-08
    ],
    [
      0.024855446070432663,
      0.013922878541052341,
      0.004067756701260805,
      0.0008265103679150343,
      0.00013139245857018977,
      1.7432339518563822e-05,
      2.010647449424141e-06,
      2.0737080319577217e-07,
      1.9522962801943322e-08
    ],
    [
      0.009680427610874176,
      0.005351855419576168,
      0.0015428984770551324,
      0.0003092762199230492,
      4.8495083319721743e-05,
      6.344967459881445e-06,
      7.215688810902066e-07,
      7.33640135308633e-08,
      6.807755248416925e-09
    ],
    [
      0.0033468655310571194,
      0.00182598817627877,
      0.0005193845136091113,
      0.00010269968333886936,
      1.5882122170296498e-05,
      2.0490317638177657e-06,
      2.2973681268467772e-07,
      2.302492418948532e-08,
      2.105775998018089e-09
    ],
    [
      0.0010484905214980245,
      0.0005644477787427604,
      0.00015838982653804123,
      3.0891340429661795e-05,
      4.711135261459276e-06,
      5.992939691168431e-07,
      6.624036785751741e-08,
      6.543686481563782e-09,
      5.897978216928834e-10
    ]
  ],
  "probs_results": [
    0.18615344166755676,
    0.7137973308563232,
    0.10004926472902298
  ]
}