{
  "skills_mean": [
    [
      0.5896504521369934,
      1.1431329250335693
    ],
    [
      0.5379805564880371,
      0.9467321038246155
    ]
  ],
  "skills_cov": [
    [
      [
        0.02116307057440281,
        0.012137653306126595
      ],
      [
        0.012137653306126595,
        0.026870572939515114
      ]
    ],
    [
      [
        0.019452128559350967,
        0.011728029698133469
      ],
      [
        0.011728029698133469,
        0.026584642007946968
      ]
    ]
  ],
  "probs_grid": [
    [
      0.0882188081741333,
      0.09331218153238297,
      0.05154067650437355,
      0.019819878041744232,
      0.005969083867967129,
      0.0015016226097941399,
      0.0003286618448328227,
      6.43674866296351e-05,
      1.1513956451381091e-05
    ],
    [
      0.11716532707214355,
      0.12181540578603745,
      0.0661243200302124,
      0.02498534321784973,
      0.007392580155283213,
      0.0018267896957695484,
      0.00039269577246159315,
      7.552603346994147e-05,
      1.3265573215903714e-05
    ],
    [
      0.08132807165384293,
      0.08309905976057053,
      0.044323407113552094,
      0.01645376905798912,
      0.004782100208103657,
      0.0011606264160946012,
      0.00024501016014255583,
      4.6269567974377424e-05,
      7.97896154836053e-06
    ],
    [
      0.03933465853333473,
      0.03949256241321564,
      0.0206950381398201,
      0.0075465100817382336,
      0.0021541938185691833,
      0.0005134352250024676,
      0.0001064265743480064,
      1.9732564396690577e-05,
      3.340487637615297e-06
    ],
    [
      0.014910968951880932,
      0.014708458445966244,
      0.00757133774459362,
      0.0027117144782096148,
      0.0007601775578223169,
      0.00017790691344998777,
      3.6206169170327485e-05,
      6.590115845028777e-06,
      1.0950942623821902e-06
    ],
    [
      0.004725060425698757,
      0.004578593652695417,
      0.0023149270564317703,
      0.0008142329170368612,
      0.00022413163969758898,
      5.1500519475666806e-05,
      1.0289225429005455e-05,
      1.8383506130703609e-06,
      2.998328056946775e-07
    ],
    [
      0.0013036265736445785,
      0.0012407611357048154,
      0.0006160882767289877,
      0.00021278782514855266,
      5.750955460825935e-05,
      1.2972892363904975e-05,
      2.5441852358198958e-06,
      4.4616058403335046e-07,
      7.14163945758628e-08
    ],
    [
      0.0003220482903998345,
      0.0003010354994330555,
      0.0001467832480557263,
      4.977709613740444e-05,
      1.3207496522227302e-05,
      2.924601403719862e-06,
      5.629667612083722e-07,
      9.689178170901869e-08,
      1.522005277365679e-08
    ],
    [
      7.271207141457126e-05,
      6.674530595773831e-05,
      3.195522367605008e-05,
      1.0639099855325185e-05,
      2.771127583400812e-06,
      6.023057039783453e-07,
      1.1378988773458332e-07,
      1.921932124560044e-08,
      2.962506462367287e-09
    ]
  ],
  "probs_results": [
    0.2627331018447876,
    0.43816426396369934,
    0.29910287261009216
  ]
}