{
  "skills_mean": [
    [
      0.5897210836410522,
      1.1432697772979736
    ],
    [
      -0.14094127714633942,
      0.5722622871398926
    ]
  ],
  "skills_cov": [
    [
      [
        0.021063100546598434,
        0.012056984938681126
      ],
      [
        0.012056984938681126,
        0.02677195519208908
      ]
    ],
    [
      [
        0.021313471719622612,
        0.010678254999220371
      ],
      [
        0.010678254999220371,
        0.022844834253191948
      ]
    ]
  ],
  "probs_grid": [
    [
      0.08278118073940277,
      0.04595215991139412,
      0.013353838585317135,
      0.0027086467016488314,
      0.0004313978715799749,
      5.754281664849259e-05,
      6.6957368289877195e-06,
      6.990541123741423e-07,
      6.684352626962209e-08
    ],
    [
      0.15466131269931793,
      0.08459114283323288,
      0.024213364347815514,
      0.0048361546359956264,
      0.000758229463826865,
      9.95340378722176e-05,
      1.1395309229556005e-05,
      1.1702603615049156e-06,
      1.1004657807234253e-07
    ],
    [
      0.15040795505046844,
      0.08103949576616287,
      0.02284431643784046,
      0.004492102190852165,
      0.000693200679961592,
      8.95421180757694e-05,
      1.0084964742418379e-05,
      1.0186456620431272e-06,
      9.419261459697736e-08
    ],
    [
      0.10150431841611862,
      0.05386579781770706,
      0.014951057732105255,
      0.0028940271586179733,
      0.000439500086940825,
      5.585579856415279e-05,
      6.188080533320317e-06,
      6.146807436380186e-07,
      5.5885443828174175e-08
    ],
    [
      0.05347120016813278,
      0.027943233028054237,
      0.007635621819645166,
      0.001454695244319737,
      0.0002173791581299156,
      2.717788993322756e-05,
      2.961385462185717e-06,
      2.892614077154576e-07,
      2.5855577234779048e-08
    ],
    [
      0.023450324311852455,
      0.012066015042364597,
      0.0032454703468829393,
      0.0006084762280806899,
      8.945949230110273e-05,
      1.1001800885424018e-05,
      1.1789371683335048e-06,
      1.1322592285978317e-07,
      9.949181034585308e-09
    ],
    [
      0.008917453698813915,
      0.004517002031207085,
      0.0011957803508266807,
      0.00022059824550524354,
      3.190597999491729e-05,
      3.859259777527768e-06,
      4.066654355483479e-07,
      3.8398557222762975e-08,
      3.31664407049459e-09
    ],
    [
      0.0030239159241318703,
      0.0015076991403475404,
      0.00039277970790863037,
      7.129109144443646e-05,
      1.0142557584913447e-05,
      1.2065145256201504e-06,
      1.250068777380875e-07,
      1.1603778382607288e-08,
      9.851313098607761e-10
    ],
    [
      0.00093331269454211,
      0.00045798829523846507,
      0.00011740130139514804,
      2.0962801499990746e-05,
      2.9333393740671454e-06,
      3.43132683156e-07,
      3.495404143905034e-08,
      3.1894762386741604e-09,
      2.661312836771401e-10
    ]
  ],
  "probs_results": [
    0.19345325231552124,
    0.7082379460334778,
    0.09830888360738754
  ]
}