{
  "skills_mean": [
    [
      0.06365782022476196,
      0.4964454174041748
    ],
    [
      -0.03902456909418106,
      0.6883637309074402
    ]
  ],
  "skills_cov": [
    [
      [
        0.023428864777088165,
        0.01176705677062273
      ],
      [
        0.01176705677062273,
        0.025950534269213676
      ]
    ],
    [
      [
        0.01879468932747841,
        0.00981611106544733
      ],
      [
        0.00981611106544733,
        0.022769587114453316
      ]
    ]
  ],
  "probs_grid": [
    [
      0.11223329603672028,
      0.12585237622261047,
      0.07359718531370163,
      0.02992434985935688,
      0.009516304358839989,
      0.0025245395954698324,
      0.0005819086218252778,
      0.00011986152094323188,
      2.2520049242302775e-05
    ],
    [
      0.11571094393730164,
      0.12787853181362152,
      0.07368563115596771,
      0.02951475977897644,
      0.009244615212082863,
      0.0024150561075657606,
      0.000548085430637002,
      0.00011113494110759348,
      2.0551848137984052e-05
    ],
    [
      0.062304265797138214,
      0.06784528493881226,
      0.03851160407066345,
      0.015193172730505466,
      0.0046861618757247925,
      0.001205309759825468,
      0.00026927198632620275,
      5.374005559133366e-05,
      9.780044820217881e-06
    ],
    [
      0.023359058424830437,
      0.02505745179951191,
      0.01400886569172144,
      0.005442184861749411,
      0.0016526442486792803,
      0.0004184335994068533,
      9.200635395245627e-05,
      1.807011358323507e-05,
      3.2357936561311362e-06
    ],
    [
      0.006859658285975456,
      0.007247215136885643,
      0.00398973748087883,
      0.0015259702922776341,
      0.00045615489943884313,
      0.00011367179831722751,
      2.4596554794698022e-05,
      4.753224402520573e-06,
      8.37383197449526e-07
    ],
    [
      0.0016828622901812196,
      0.0017507241573184729,
      0.0009488911018706858,
      0.000357250333763659,
      0.00010510582069400698,
      2.5774592359084636e-05,
      5.487555426952895e-06,
      1.043285010382533e-06,
      1.8079933283843275e-07
    ],
    [
      0.0003592375142034143,
      0.00036793426261283457,
      0.0001962989626917988,
      7.273727533174679e-05,
      2.1058667698525824e-05,
      5.0810849643312395e-06,
      1.064261141436873e-06,
      1.990326836676104e-07,
      3.392513292510557e-08
    ],
    [
      6.862689042463899e-05,
      6.918735016370192e-05,
      3.632890366134234e-05,
      1.3246664821053855e-05,
      3.773432354137185e-06,
      8.956994292930176e-07,
      1.8454468886375253e-07,
      3.3945024568993176e-08,
      5.690165671978775e-09
    ],
    [
      1.1975608686043415e-05,
      1.1882379112648778e-05,
      6.139604920463171e-06,
      2.202657469752012e-06,
      6.172675171001174e-07,
      1.4412626114790328e-07,
      2.920632269365342e-08,
      5.283221859997411e-09,
      8.708661014544816e-10
    ]
  ],
  "probs_results": [
    0.2845540940761566,
    0.33400729298591614,
    0.3814387023448944
  ]
}