{
  "skills_mean": [
    [
      0.3271816074848175,
      0.8367366194725037
    ],
    [
      0.5030524134635925,
      0.8131305575370789
    ]
  ],
  "skills_cov": [
    [
      [
        0.019779041409492493,
        0.010642812587320805
      ],
      [
        0.010642812587320805,
        0.023031199350953102
      ]
    ],
    [
      [
        0.019364528357982635,
        0.010535471141338348
      ],
      [
        0.010535471141338348,
        0.022771591320633888
      ]
    ]
  ],
  "probs_grid": [
    [
      0.07496284693479538,
      0.10222931206226349,
      0.07251887768507004,
      0.0356760174036026,
      0.013692044652998447,
      0.004372363910079002,
      0.0012100698659196496,
      0.0002984999737236649,
      6.699323421344161e-05
    ],
    [
      0.08879607915878296,
      0.1192401871085167,
      0.0832795575261116,
      0.040331970900297165,
      0.015236157923936844,
      0.004788614809513092,
      0.0013042037608101964,
      0.00031657752697356045,
      6.990828114794567e-05
    ],
    [
      0.054732874035835266,
      0.07236240804195404,
      0.049751922488212585,
      0.023716453462839127,
      0.008817709982395172,
      0.002727249637246132,
      0.0007308914791792631,
      0.00017455825582146645,
      3.792328425333835e-05
    ],
    [
      0.023405443876981735,
      0.030462009832262993,
      0.020614856854081154,
      0.009671535342931747,
      0.003538593417033553,
      0.001076925895176828,
      0.00028396170819178224,
      6.671997834928334e-05,
      1.425920709152706e-05
    ],
    [
      0.007811252493411303,
      0.010006547905504704,
      0.006664655636996031,
      0.0030769328586757183,
      0.001107730669900775,
      0.00033168753725476563,
      8.60409636516124e-05,
      1.9886927475454286e-05,
      4.180626547167776e-06
    ],
    [
      0.002169978339225054,
      0.002735824789851904,
      0.0017930978210642934,
      0.0008145580068230629,
      0.0002885187277570367,
      8.498966781189665e-05,
      2.16871703742072e-05,
      4.930514933221275e-06,
      1.019439650917775e-06
    ],
    [
      0.0005226547364145517,
      0.0006484378827735782,
      0.0004181769036222249,
      0.00018690075376071036,
      6.512631807709113e-05,
      1.887146572698839e-05,
      4.7365715545311105e-06,
      1.0591153341010795e-06,
      2.1536341421324323e-07
    ],
    [
      0.0001122530666179955,
      0.0001370335667161271,
      8.694610733073205e-05,
      3.822906728601083e-05,
      1.3103685887472238e-05,
      3.7347460875025718e-06,
      9.21944717902079e-07,
      2.02739727228618e-07,
      4.054097857419947e-08
    ],
    [
      2.1944344553048722e-05,
      2.63563051703386e-05,
      1.6451282135676593e-05,
      7.115351763786748e-06,
      2.398907554379548e-06,
      6.724563945681439e-07,
      1.632524231354182e-07,
      3.530333714252265e-08,
      6.9417072090516285e-09
    ]
  ],
  "probs_results": [
    0.25484099984169006,
    0.32808414101600647,
    0.41707465052604675
  ]
}