{
  "skills_mean": [
    [
      0.3668553829193115,
      0.9471038579940796
    ],
    [
      0.2467176914215088,
      0.9905421137809753
    ]
  ],
  "skills_cov": [
    [
      [
        0.01760646514594555,
        0.009391340427100658
      ],
      [
        0.009391340427100658,
        0.019971810281276703
      ]
    ],
    [
      [
        0.02138177864253521,
        0.011334954760968685
      ],
      [
        0.011334954760968685,
        0.023329665884375572
      ]
    ]
  ],
  "probs_grid": [
    [
      0.13312384486198425,
      0.12762965261936188,
      0.06363536417484283,
      0.021999459713697433,
      0.00593225983902812,
      0.0013308394700288773,
      0.00025872013065963984,
      4.482712029130198e-05,
      7.066161288094008e-06
    ],
    [
      0.13721604645252228,
      0.1298273503780365,
      0.06386575847864151,
      0.021778671070933342,
      0.0057914843782782555,
      0.0012810073094442487,
      0.00024548397050239146,
      4.1919534851331264e-05,
      6.511221272376133e-06
    ],
    [
      0.07351912558078766,
      0.06863091140985489,
      0.0333024300634861,
      0.011199401691555977,
      0.002936401404440403,
      0.0006402509170584381,
      0.00012092351244064048,
      2.0347617464722134e-05,
      3.1138206395553425e-06
    ],
    [
      0.027299584820866585,
      0.025138065218925476,
      0.012029479257762432,
      0.0039887032471597195,
      0.0010309320641681552,
      0.00022154339239932597,
      4.12319423048757e-05,
      6.835585281805834e-06,
      1.030441467264609e-06
    ],
    [
      0.007903129793703556,
      0.007176865357905626,
      0.003386241616681218,
      0.0011068369494751096,
      0.0002819547662511468,
      5.9707206673920155e-05,
      1.0948261660814751e-05,
      1.7879641518447897e-06,
      2.654668946888705e-07
    ],
    [
      0.0019025277579203248,
      0.0017034726915881038,
      0.0007923200028017163,
      0.0002552502846810967,
      6.407423643395305e-05,
      1.336833338427823e-05,
      2.414744130874169e-06,
      3.884116779317992e-07,
      5.679200754116209e-08
    ],
    [
      0.0003966907970607281,
      0.00035013744491152465,
      0.00016051095735747367,
      5.0955804908880964e-05,
      1.2602591596078128e-05,
      2.5901915705617284e-06,
      4.6082516291789943e-07,
      7.299682636130456e-08,
      1.050955233949935e-08
    ],
    [
      7.368319347733632e-05,
      6.409960042219609e-05,
      2.8956465030205436e-05,
      9.057009265234228e-06,
      2.206638328061672e-06,
      4.467003691388527e-07,
      7.826540127098269e-08,
      1.2207466149050106e-08,
      1.7303559696202342e-09
    ],
    [
      1.2445276297512464e-05,
      1.0668784852896351e-05,
      4.748497758555459e-06,
      1.4631103795181843e-06,
      3.511061947847338e-07,
      6.999630386417266e-08,
      1.207588695706363e-08,
      1.8544157320832255e-09,
      2.5875826481502884e-10
    ]
  ],
  "probs_results": [
    0.3005409836769104,
    0.36930933594703674,
    0.3301497995853424
  ]
}