{
  "skills_mean": [
    [
      0.31183335185050964,
      1.187253713607788
    ],
    [
      -0.04481805860996246,
      0.24307076632976532
    ]
  ],
  "skills_cov": [
    [
      [
        0.014787592925131321,
        0.008476010523736477
      ],
      [
        0.008476010523736477,
        0.024280713871121407
      ]
    ],
    [
      [
        0.020312882959842682,
        0.009857015684247017
      ],
      [
        0.009857015684247017,
        0.022118553519248962
      ]
    ]
  ],
  "probs_grid": [
    [
      0.07270979136228561,
      0.042223796248435974,
      0.012796728871762753,
      0.002698597265407443,
      0.0004454607260413468,
      6.139359174994752e-05,
      7.3584606070653535e-06,
      7.888885420470615e-07,
      7.722210426663878e-08
    ],
    [
      0.14358778297901154,
      0.08242559432983398,
      0.024686463177204132,
      0.005143222399055958,
      0.0008385575492866337,
      0.00011412137246225029,
      1.3503678928827867e-05,
      1.4289180398918688e-06,
      1.3802943499285902e-07
    ],
    [
      0.1467055231332779,
      0.08323349058628082,
      0.024631047621369362,
      0.005069149658083916,
      0.0008162105223163962,
      0.00010967433627229184,
      1.2810440239263698e-05,
      1.3378364656091435e-06,
      1.2751640099395445e-07
    ],
    [
      0.10339146852493286,
      0.057966019958257675,
      0.016946619376540184,
      0.0034447102807462215,
      0.0005476914811879396,
      7.265385647770017e-05,
      8.376186087843962e-06,
      8.632331969238294e-07,
      8.118045258243001e-08
    ],
    [
      0.056539084762334824,
      0.03131912276148796,
      0.009044475853443146,
      0.001815581344999373,
      0.00028501273482106626,
      3.732164987013675e-05,
      4.2465326259844005e-06,
      4.3183641196264944e-07,
      4.006525244903969e-08
    ],
    [
      0.02558770589530468,
      0.014002389274537563,
      0.003993770573288202,
      0.0007916365866549313,
      0.0001226851891260594,
      1.5856896425248124e-05,
      1.7804832168621942e-06,
      1.7864445567283838e-07,
      1.6350425013911263e-08
    ],
    [
      0.00998211745172739,
      0.005395669024437666,
      0.0015197793254628778,
      0.00029742970946244895,
      4.5501201384468004e-05,
      5.8041327974933665e-06,
      6.43079829387716e-07,
      6.365727500678986e-08,
      5.747071707418172e-09
    ],
    [
      0.003452386474236846,
      0.0018430581549182534,
      0.0005125994211994112,
      9.903682075673714e-05,
      1.4954290236346424e-05,
      1.882474521153199e-06,
      2.0579197723691323e-07,
      2.0096047492756952e-08,
      1.789524861628422e-09
    ],
    [
      0.0010805304627865553,
      0.0005696414737030864,
      0.00015642181097064167,
      2.9832368454663083e-05,
      4.445766080607427e-06,
      5.522333026419801e-07,
      5.956079363045319e-08,
      5.737329278332481e-09,
      5.038923167610676e-10
    ]
  ],
  "probs_results": [
    0.18364374339580536,
    0.7205734848976135,
    0.09578306972980499
  ]
}