{
  "skills_mean": [
    [
      0.5896503925323486,
      1.1431326866149902
    ],
    [
      0.5379804372787476,
      0.9467321038246155
    ]
  ],
  "skills_cov": [
    [
      [
        0.021163122728466988,
        0.012137671001255512
      ],
      [
        0.012137671001255512,
        0.026870600879192352
      ]
    ],
    [
      [
        0.019452178850769997,
        0.011728053912520409
      ],
      [
        0.011728053912520409,
        0.02658468671143055
      ]
    ]
  ],
  "probs_grid": [
    [
      0.08821874111890793,
      0.09331214427947998,
      0.051540665328502655,
      0.01981988735496998,
      0.0059690834023058414,
      0.0015016247052699327,
      0.0003286623687017709,
      6.436761759687215e-05,
      1.1513984645716846e-05
    ],
    [
      0.11716531962156296,
      0.12181536853313446,
      0.06612430512905121,
      0.02498535066843033,
      0.007392583880573511,
      0.001826791325584054,
      0.00039269603439606726,
      7.552615716122091e-05,
      1.3265597772260662e-05
    ],
    [
      0.08132804930210114,
      0.08309904485940933,
      0.044323407113552094,
      0.01645376719534397,
      0.004782100208103657,
      0.0011606271145865321,
      0.00024501021835021675,
      4.6269629820017144e-05,
      7.978977919265162e-06
    ],
    [
      0.039334654808044434,
      0.03949252516031265,
      0.020695028826594353,
      0.007546506822109222,
      0.0021541938185691833,
      0.0005134354578331113,
      0.00010642663255566731,
      1.973259168153163e-05,
      3.3404919577151304e-06
    ],
    [
      0.014910966157913208,
      0.014708452858030796,
      0.0075713410042226315,
      0.0027117133140563965,
      0.0007601778488606215,
      0.00017790707352105528,
      3.620619827415794e-05,
      6.590121756744338e-06,
      1.0950960813715938e-06
    ],
    [
      0.004725061822682619,
      0.004578594118356705,
      0.0023149277549237013,
      0.0008142325677908957,
      0.00022413174156099558,
      5.150055221747607e-05,
      1.0289226338500157e-05,
      1.8383531141807907e-06,
      2.9983340255057556e-07
    ],
    [
      0.0013036272721365094,
      0.001240761368535459,
      0.0006160888588055968,
      0.00021278801432345062,
      5.7509587350068614e-05,
      1.297289963986259e-05,
      2.544186372688273e-06,
      4.4616123773266736e-07,
      7.141652247355523e-08
    ],
    [
      0.00032204866874963045,
      0.0003010357904713601,
      0.00014678336447104812,
      4.977713615517132e-05,
      1.3207507436163723e-05,
      2.924603904830292e-06,
      5.629671022688854e-07,
      9.689190960671112e-08,
      1.522008119536622e-08
    ],
    [
      7.271218055393547e-05,
      6.67454005451873e-05,
      3.195525277988054e-05,
      1.06391080407775e-05,
      2.7711289476428647e-06,
      6.023062724125339e-07,
      1.1379007247569461e-07,
      1.921935499638039e-08,
      2.962512235527015e-09
    ]
  ],
  "probs_results": [
    0.26273301243782043,
    0.43816420435905457,
    0.2991028428077698
  ]
}