{
  "skills_mean": [
    [
      0.2084529995918274,
      0.6148036122322083
    ],
    [
      0.6611751317977905,
      1.0924991369247437
    ]
  ],
  "skills_cov": [
    [
      [
        0.022566869854927063,
        0.011476273648440838
      ],
      [
        0.011476273648440838,
        0.022822050377726555
      ]
    ],
    [
      [
        0.020788563415408134,
        0.012122206389904022
      ],
      [
        0.012122206389904022,
        0.02742658741772175
      ]
    ]
  ],
  "probs_grid": [
    [
      0.059620559215545654,
      0.11514925956726074,
      0.1157054454088211,
      0.08064185827970505,
      0.04385105520486832,
      0.01984199695289135,
      0.007781212218105793,
      0.0027198255993425846,
      0.0008648892981000245
    ],
    [
      0.04885931685566902,
      0.09275654703378677,
      0.09160612523555756,
      0.06274475902318954,
      0.03352786973118782,
      0.01490687020123005,
      0.005743718706071377,
      0.0019724443554878235,
      0.0006161954952403903
    ],
    [
      0.020984483882784843,
      0.03915087878704071,
      0.037994977086782455,
      0.025570906698703766,
      0.013424785807728767,
      0.005863938480615616,
      0.0022195749916136265,
      0.0007487393449991941,
      0.0002297586324857548
    ],
    [
      0.006297320127487183,
      0.011544213630259037,
      0.011007186025381088,
      0.007277610246092081,
      0.0037532777059823275,
      0.0016103672096505761,
      0.0005987039767205715,
      0.00019836134742945433,
      5.9780984884127975e-05
    ],
    [
      0.001485383021645248,
      0.002675082068890333,
      0.0025055543519556522,
      0.0016271921340376139,
      0.00082424096763134,
      0.00034732441417872906,
      0.0001268136693397537,
      4.126047497265972e-05,
      1.2210839486215264e-05
    ],
    [
      0.00029372356948442757,
      0.0005195857374928892,
      0.00047798134619370103,
      0.0003048619255423546,
      0.000151652202475816,
      6.275320629356429e-05,
      2.2498375983559527e-05,
      7.187619303294923e-06,
      2.0885543108306592e-06
    ],
    [
      5.0716331315925345e-05,
      8.81090309121646e-05,
      7.959725189721212e-05,
      4.9852445954456925e-05,
      2.4350239982595667e-05,
      9.893257811199874e-06,
      3.4824404337996384e-06,
      1.092268348656944e-06,
      3.1159265745372977e-07
    ],
    [
      7.864300641813315e-06,
      1.3416106412478257e-05,
      1.190061175293522e-05,
      7.318078587559285e-06,
      3.509377393129398e-06,
      1.3997866972204065e-06,
      4.83708163301344e-07,
      1.4893286959249963e-07,
      4.170580325535411e-08
    ],
    [
      1.1178650538568036e-06,
      1.8723756056715501e-06,
      1.6305972394548007e-06,
      9.843770385487005e-07,
      4.6340375092768227e-07,
      1.8144174873668817e-07,
      6.154434117888741e-08,
      1.8599862983137427e-08,
      5.112318124389503e-09
    ]
  ],
  "probs_results": [
    0.19868096709251404,
    0.14834414422512054,
    0.6529749035835266
  ]
}