{
  "skills_mean": [
    [
      -0.01818402111530304,
      0.38589343428611755
    ],
    [
      0.7002601027488708,
      1.3645795583724976
    ]
  ],
  "skills_cov": [
    [
      [
        0.020384687930345535,
        0.010026264004409313
      ],
      [
        0.010026264004409313,
        0.02028733305633068
      ]
    ],
    [
      [
        0.01835472136735916,
        0.011729804798960686
      ],
      [
        0.011729804798960686,
        0.028570249676704407
      ]
    ]
  ],
  "probs_grid": [
    [
      0.0457216277718544,
      0.11294855922460556,
      0.14447757601737976,
      0.1275773048400879,
      0.08747919648885727,
      0.04967915639281273,
      0.024336624890565872,
      0.010576585307717323,
      0.004162294324487448
    ],
    [
      0.02330815978348255,
      0.05673794448375702,
      0.07150723040103912,
      0.06220624968409538,
      0.04201782867312431,
      0.023503461852669716,
      0.011339912191033363,
      0.0048534926027059555,
      0.0018809204921126366
    ],
    [
      0.006225164979696274,
      0.014927978627383709,
      0.018531808629631996,
      0.015878163278102875,
      0.010562331415712833,
      0.005818118341267109,
      0.0027640913613140583,
      0.0011648201616480947,
      0.00044443647493608296
    ],
    [
      0.0011613750830292702,
      0.0027427906170487404,
      0.0033530425280332565,
      0.0028288718312978745,
      0.001852807472459972,
      0.0010047969408333302,
      0.00046994193689897656,
      0.00019494860316626728,
      7.321778684854507e-05
    ],
    [
      0.00017025826673489064,
      0.00039590391679666936,
      0.00047649769112467766,
      0.00039575487608090043,
      0.0002551544748712331,
      0.0001362017501378432,
      6.269799632718787e-05,
      2.5598312276997603e-05,
      9.461675290367566e-06
    ],
    [
      2.092028626066167e-05,
      4.788591104443185e-05,
      5.672896804753691e-05,
      4.637309757526964e-05,
      2.942462742794305e-05,
      1.545725535834208e-05,
      7.002010534051806e-06,
      2.813053697536816e-06,
      1.0230887710349634e-06
    ],
    [
      2.24418567995599e-06,
      5.055463589087594e-06,
      5.893741217732895e-06,
      4.740871190733742e-06,
      2.959943913083407e-06,
      1.5298974176403135e-06,
      6.818509064032696e-07,
      2.6950237952405587e-07,
      9.642717913038723e-08
    ],
    [
      2.1616958179038193e-07,
      4.791468768416962e-07,
      5.495959953805141e-07,
      4.3494137003108335e-07,
      2.671494030437316e-07,
      1.3583473901235266e-07,
      5.955205040208966e-08,
      2.3153292616484578e-08,
      8.148489882842114e-09
    ],
    [
      1.9085678815145002e-08,
      4.16166834327214e-08,
      4.6957474353348516e-08,
      3.6553753801626954e-08,
      2.2083870732103605e-08,
      1.1044178016561546e-08,
      4.762167549188234e-09,
      1.8209215246756116e-09,
      6.302511845746039e-10
    ]
  ],
  "probs_results": [
    0.1245281845331192,
    0.053570836782455444,
    0.8219009637832642
  ]
}