{
  "skills_mean": [
    [
      0.08165793120861053,
      0.7266110181808472
    ],
    [
      0.2875256836414337,
      0.8440068960189819
    ]
  ],
  "skills_cov": [
    [
      [
        0.02725040167570114,
        0.013392683118581772
      ],
      [
        0.013392683118581772,
        0.024433216080069542
      ]
    ],
    [
      [
        0.0211646631360054,
        0.01179866399616003
      ],
      [
        0.01179866399616003,
        0.025485655292868614
      ]
    ]
  ],
  "probs_grid": [
    [
      0.11405990272760391,
      0.14013870060443878,
      0.08983688801527023,
      0.040061041712760925,
      0.013978901319205761,
      0.004070918075740337,
      0.0010305388132110238,
      0.00023322647029999644,
      4.816591172129847e-05
    ],
    [
      0.1034558117389679,
      0.12490660697221756,
      0.0786680206656456,
      0.03445872664451599,
      0.011808776296675205,
      0.0033768133725970984,
      0.000839256274048239,
      0.0001864490914158523,
      3.779342659981921e-05
    ],
    [
      0.04930254817008972,
      0.05847684666514397,
      0.036174219101667404,
      0.015560559928417206,
      0.0052358051761984825,
      0.001469842274673283,
      0.0003585750237107277,
      7.818258018232882e-05,
      1.5551611795672216e-05
    ],
    [
      0.01645776443183422,
      0.01917153038084507,
      0.011645743623375893,
      0.0049183182418346405,
      0.0016245446167886257,
      0.0004476234607864171,
      0.00010716604447225109,
      2.2928081307327375e-05,
      4.47469483333407e-06
    ],
    [
      0.004328762646764517,
      0.004951272159814835,
      0.002952726325020194,
      0.0012240579817444086,
      0.0003968112578149885,
      0.00010729339555837214,
      2.520408270356711e-05,
      5.290345143293962e-06,
      1.0128272833753726e-06
    ],
    [
      0.0009568122331984341,
      0.0010743591701611876,
      0.000628868758212775,
      0.00025584723334759474,
      8.138524572132155e-05,
      2.1590551114059053e-05,
      4.9755285544961225e-06,
      1.024429252538539e-06,
      1.923617531929267e-07
    ],
    [
      0.00018511262896936387,
      0.00020400415814947337,
      0.00011718396126525477,
      4.677879041992128e-05,
      1.4598907910112757e-05,
      3.7992072066117544e-06,
      8.58766497913166e-07,
      1.73412217918667e-07,
      3.193282793745311e-08
    ],
    [
      3.2238196581602097e-05,
      3.486356945359148e-05,
      1.964901457540691e-05,
      7.69498001318425e-06,
      2.3556606265628943e-06,
      6.012720064063615e-07,
      1.332889496552525e-07,
      2.6393548679948253e-08,
      4.765575045695414e-09
    ],
    [
      5.158554813533556e-06,
      5.473324108606903e-06,
      3.026133526873309e-06,
      1.1624422313616378e-06,
      3.490153801521956e-07,
      8.736260781461169e-08,
      1.8990178318745166e-08,
      3.6870022590562712e-09,
      6.526711393561868e-10
    ]
  ],
  "probs_results": [
    0.28048625588417053,
    0.27565646171569824,
    0.4438571333885193
  ]
}