{
  "skills_mean": [
    [
      0.0074700359255075455,
      0.3671996295452118
    ],
    [
      0.6105998754501343,
      1.1937696933746338
    ]
  ],
  "skills_cov": [
    [
      [
        0.01897282525897026,
        0.009980219416320324
      ],
      [
        0.009980219416320324,
        0.02049841918051243
      ]
    ],
    [
      [
        0.018899960443377495,
        0.011691137216985226
      ],
      [
        0.011691137216985226,
        0.02766692079603672
      ]
    ]
  ],
  "probs_grid": [
    [
      0.0486135371029377,
      0.11263048648834229,
      0.13522523641586304,
      0.11216451972723007,
      0.07230266183614731,
      0.03863079845905304,
      0.017818521708250046,
      0.007297124247997999,
      0.0027081717271357775
    ],
    [
      0.029908694326877594,
      0.0682494044303894,
      0.08069724589586258,
      0.0659133642911911,
      0.041836097836494446,
      0.022007713094353676,
      0.009993679821491241,
      0.0040289233438670635,
      0.0014718722086399794
    ],
    [
      0.009617715142667294,
      0.02161114476621151,
      0.025159507989883423,
      0.020232202485203743,
      0.012641917914152145,
      0.006546312011778355,
      0.002926026936620474,
      0.0011610379442572594,
      0.000417453731643036
    ],
    [
      0.002155270893126726,
      0.004767824430018663,
      0.005464106798171997,
      0.004325150512158871,
      0.0026599860284477472,
      0.001355636166408658,
      0.0005963182775303721,
      0.0002328497648704797,
      8.238470763899386e-05
    ],
    [
      0.0003786356537602842,
      0.0008244489436037838,
      0.0009299368830397725,
      0.0007244264124892652,
      0.00043843305320478976,
      0.00021987222135066986,
      9.516672434983775e-05,
      3.656294575193897e-05,
      1.272772169613745e-05
    ],
    [
      5.562101796385832e-05,
      0.00011918535165023059,
      0.00013228874013293535,
      0.0001014017834677361,
      6.038226274540648e-05,
      2.979259443236515e-05,
      1.2686229638347868e-05,
      4.794891538040247e-06,
      1.6419537587353261e-06
    ],
    [
      7.1164072323881555e-06,
      1.5004045053501613e-05,
      1.6384878108510748e-05,
      1.2355893886706326e-05,
      7.238073976623127e-06,
      3.5130494779878063e-06,
      1.4714702274432057e-06,
      5.470451469591353e-07,
      1.8425330949867202e-07
    ],
    [
      8.156426929417648e-07,
      1.6917525726967142e-06,
      1.817336055864871e-06,
      1.348049863736378e-06,
      7.767333158881229e-07,
      3.7079249182170315e-07,
      1.5274885356575396e-07,
      5.584873363773113e-08,
      1.849930342245898e-08
    ],
    [
      8.548452257173267e-08,
      1.7439903388094535e-07,
      1.842631860426991e-07,
      1.3442601698443468e-07,
      7.617343555921252e-08,
      3.576008822392396e-08,
      1.44865532902827e-08,
      5.208421693936316e-09,
      1.6964498694704844e-09
    ]
  ],
  "probs_results": [
    0.1471557468175888,
    0.07709765434265137,
    0.7757465839385986
  ]
}