{
  "skills_mean": [
    [
      0.6240467429161072,
      0.8566383123397827
    ],
    [
      0.5396009087562561,
      0.968668520450592
    ]
  ],
  "skills_cov": [
    [
      [
        0.018198255449533463,
        0.010862749069929123
      ],
      [
        0.010862749069929123,
        0.024695785716176033
      ]
    ],
    [
      [
        0.019599441438913345,
        0.012223035097122192
      ],
      [
        0.012223035097122192,
        0.027040813118219376
      ]
    ]
  ],
  "probs_grid": [
    [
      0.06111091002821922,
      0.08500516414642334,
      0.06159750372171402,
      0.031000740826129913,
      0.012189446948468685,
      0.00399378826841712,
      0.001135688740760088,
      0.00028826764901168644,
      6.666564149782062e-05
    ],
    [
      0.082822285592556,
      0.11322131007909775,
      0.08062185347080231,
      0.03986794501543045,
      0.015401280485093594,
      0.004957251716405153,
      0.001384725677780807,
      0.00034523685462772846,
      7.841724436730146e-05
    ],
    [
      0.05852615088224411,
      0.07862046360969543,
      0.05500715225934982,
      0.026724334806203842,
      0.010141854174435139,
      0.0032065859995782375,
      0.0008797794580459595,
      0.00021542955073527992,
      4.80562994198408e-05
    ],
    [
      0.028749147430062294,
      0.03794626519083977,
      0.026083597913384438,
      0.012448863126337528,
      0.004640631377696991,
      0.0014411361189559102,
      0.00038833514554426074,
      9.338564268546179e-05,
      2.0456960555748083e-05
    ],
    [
      0.011042889207601547,
      0.014319979585707188,
      0.009669742546975613,
      0.004533278290182352,
      0.001659813686273992,
      0.0005062366835772991,
      0.00013396503345575184,
      3.163539804518223e-05,
      6.804838903917698e-06
    ],
    [
      0.003537587821483612,
      0.004506540950387716,
      0.0029891810845583677,
      0.0013764144387096167,
      0.0004949496360495687,
      0.00014824791287537664,
      3.8523925468325615e-05,
      8.932848686526995e-06,
      1.8866361415348365e-06
    ],
    [
      0.0009844207670539618,
      0.001231848611496389,
      0.0008025433635339141,
      0.0003629374550655484,
      0.0001281672448385507,
      3.7697052903240547e-05,
      9.618875992600806e-06,
      2.1899443254369544e-06,
      4.5410621396513307e-07
    ],
    [
      0.0002447317529004067,
      0.0003007978666573763,
      0.00019246719602961093,
      8.547845209250227e-05,
      2.964192935905885e-05,
      8.560757123632357e-06,
      2.144752670574235e-06,
      4.794126766682894e-07,
      9.7596725368021e-08
    ],
    [
      5.548061017179862e-05,
      6.6973632783629e-05,
      4.208512109471485e-05,
      1.8354307030676864e-05,
      6.249809302971698e-06,
      1.7722403526931885e-06,
      4.3592496012934134e-07,
      9.566310410491496e-08,
      1.9118274963147996e-08
    ]
  ],
  "probs_results": [
    0.24363261461257935,
    0.3698611259460449,
    0.38650622963905334
  ]
}