{
  "skills_mean": [
    [
      -0.00045075683738105,
      0.37714293599128723
    ],
    [
      0.5741598606109619,
      1.1810623407363892
    ]
  ],
  "skills_cov": [
    [
      [
        0.018608298152685165,
        0.009554783813655376
      ],
      [
        0.009554783813655376,
        0.019781576469540596
      ]
    ],
    [
      [
        0.018183834850788116,
        0.011167868040502071
      ],
      [
        0.011167868040502071,
        0.027146512642502785
      ]
    ]
  ],
  "probs_grid": [
    [
      0.05381033942103386,
      0.11970236897468567,
      0.13784153759479523,
      0.10954611748456955,
      0.06758712232112885,
      0.034527670592069626,
      0.01521215308457613,
      0.005944623611867428,
      0.002103181555867195
    ],
    [
      0.03313348442316055,
      0.07265908271074295,
      0.08247169107198715,
      0.06459711492061615,
      0.03927615284919739,
      0.019771579653024673,
      0.00858295988291502,
      0.0033045250456780195,
      0.0011517773382365704
    ],
    [
      0.010655807331204414,
      0.02303004264831543,
      0.025760246440768242,
      0.019881848245859146,
      0.011910556815564632,
      0.005907005164772272,
      0.0025261121336370707,
      0.0009580387268215418,
      0.0003289062879048288
    ],
    [
      0.002386410254985094,
      0.005082101095467806,
      0.005600764416158199,
      0.004258578177541494,
      0.002513126004487276,
      0.0012276963097974658,
      0.0005171141820028424,
      0.00019315160170663148,
      6.530455721076578e-05
    ],
    [
      0.0004186755104456097,
      0.0008783653029240668,
      0.0009535453864373267,
      0.0007141423411667347,
      0.0004150763852521777,
      0.00019969523418694735,
      8.283197530545294e-05,
      3.0466288080788217e-05,
      1.0142615792574361e-05
    ],
    [
      6.137506716186181e-05,
      0.00012682468513958156,
      0.00013559669605456293,
      0.00010000925976783037,
      5.7240104069933295e-05,
      2.7116231649415568e-05,
      1.1074468602600973e-05,
      4.010368229501182e-06,
      1.3144158401701134e-06
    ],
    [
      7.830622053006664e-06,
      1.5934614566504024e-05,
      1.6776015399955213e-05,
      1.2182928003312554e-05,
      6.8652457230200525e-06,
      3.201868366886629e-06,
      1.2873388186562806e-06,
      4.5891005129305995e-07,
      1.4805750936375262e-07
    ],
    [
      8.943412694861763e-07,
      1.7918671346706105e-06,
      1.8572957287688041e-06,
      1.327835775555286e-06,
      7.36588162908447e-07,
      3.381614135378186e-07,
      1.3382702945818892e-07,
      4.695582944691523e-08,
      1.4910279233504298e-08
    ],
    [
      9.333507478004321e-08,
      1.8409102153782442e-07,
      1.8783036637159967e-07,
      1.3217922401054238e-07,
      7.2169520137777e-08,
      3.260933922888398e-08,
      1.2700800411380442e-08,
      4.3855910014656274e-09,
      1.3704373191814057e-09
    ]
  ],
  "probs_results": [
    0.15719486773014069,
    0.08354482054710388,
    0.7592602372169495
  ]
}