{
  "skills_mean": [
    [
      -0.02785700000822544,
      0.7071843147277832
    ],
    [
      0.22187785804271698,
      0.8031035661697388
    ]
  ],
  "skills_cov": [
    [
      [
        0.01870180480182171,
        0.009575539268553257
      ],
      [
        0.009575539268553257,
        0.022156814113259315
      ]
    ],
    [
      [
        0.021677449345588684,
        0.012825718149542809
      ],
      [
        0.012825718149542809,
        0.029067184776067734
      ]
    ]
  ],
  "probs_grid": [
    [
      0.12840239703655243,
      0.15064187347888947,
      0.09208746999502182,
      0.0391058586537838,
      0.0129773560911417,
      0.0035894240718334913,
      0.0008618795545771718,
      0.00018477618868928403,
      3.6102399462834e-05
    ],
    [
      0.10880276560783386,
      0.12580044567584991,
      0.07577023655176163,
      0.031695656478405,
      0.01035876851528883,
      0.002821113681420684,
      0.0006668560090474784,
      0.00014071547775529325,
      2.7056297767558135e-05
    ],
    [
      0.048234764486551285,
      0.05494648218154907,
      0.032598208636045456,
      0.0134288240224123,
      0.004321161657571793,
      0.0011584664462134242,
      0.00026951738982461393,
      5.596479604719207e-05,
      1.0587432370812166e-05
    ],
    [
      0.01491560135036707,
      0.016735300421714783,
      0.009777049534022808,
      0.003965381532907486,
      0.0012560243485495448,
      0.0003314007190056145,
      7.586755964439362e-05,
      1.5499397704843432e-05,
      2.884408104364411e-06
    ],
    [
      0.003619099734351039,
      0.003998430445790291,
      0.0022997171618044376,
      0.0009180805063806474,
      0.0002861845714505762,
      7.42987758712843e-05,
      1.673385668254923e-05,
      3.36280936608091e-06,
      6.155044616207306e-07
    ],
    [
      0.0007349073421210051,
      0.0007992975297383964,
      0.0004524812684394419,
      0.0001777618599589914,
      5.452104232972488e-05,
      1.3924905033491086e-05,
      3.084859599766787e-06,
      6.096918809816998e-07,
      1.0973665354185869e-07
    ],
    [
      0.00013008523092139512,
      0.00013924785889685154,
      7.75694934418425e-05,
      2.9982582418597303e-05,
      9.046236300491728e-06,
      2.272511437695357e-06,
      4.951078835802036e-07,
      9.622085173077721e-08,
      1.7027558030235923e-08
    ],
    [
      2.0643494281102903e-05,
      2.1743649995187297e-05,
      1.1916658877453301e-05,
      4.530921614787076e-06,
      1.3445501281239558e-06,
      3.321603685435548e-07,
      7.115711042615658e-08,
      1.3596029191376147e-08,
      2.3652093616988168e-09
    ],
    [
      2.9978689326526364e-06,
      3.106426675003604e-06,
      1.6746264464018168e-06,
      6.262145575419709e-07,
      1.8273793500611646e-07,
      4.43873631184033e-08,
      9.348402052467009e-09,
      1.7558556830721272e-09,
      3.0023278307922396e-10
    ]
  ],
  "probs_results": [
    0.2910725772380829,
    0.2669287323951721,
    0.4419987201690674
  ]
}