{
  "skills_mean": [
    [
      0.42697152495384216,
      0.6230282783508301
    ],
    [
      0.11905516684055328,
      0.7918623089790344
    ]
  ],
  "skills_cov": [
    [
      [
        0.021098941564559937,
        0.011186912655830383
      ],
      [
        0.011186912655830383,
        0.022419724613428116
      ]
    ],
    [
      [
        0.028015561401844025,
        0.013977842405438423
      ],
      [
        0.013977842405438423,
        0.025100061669945717
      ]
    ]
  ],
  "probs_grid": [
    [
      0.07951988279819489,
      0.092481829226017,
      0.056356582790613174,
      0.02399001643061638,
      0.00802445225417614,
      0.0022494387812912464,
      0.0005504005821421742,
      0.00012089426309103146,
      2.4330349333467893e-05
    ],
    [
      0.10536706447601318,
      0.12028620392084122,
      0.07193859666585922,
      0.030049588531255722,
      0.009861718863248825,
      0.0027119636069983244,
      0.0006508927908726037,
      0.00014022007235325873,
      2.7674826924339868e-05
    ],
    [
      0.07286222279071808,
      0.08163629472255707,
      0.04791044443845749,
      0.019635582342743874,
      0.006321728695183992,
      0.0017052614130079746,
      0.0004014128935523331,
      8.480512769892812e-05,
      1.641294511500746e-05
    ],
    [
      0.03505619242787361,
      0.038544222712516785,
      0.02219494804739952,
      0.008923896588385105,
      0.0028182335663586855,
      0.000745608820579946,
      0.00017212459351867437,
      3.56584569090046e-05,
      6.7667069743038155e-06
    ],
    [
      0.013200812041759491,
      0.01424153707921505,
      0.00804545171558857,
      0.0031731536146253347,
      0.0009828793117776513,
      0.00025501815252937376,
      5.772908480139449e-05,
      1.1726404409273528e-05,
      2.181690661018365e-06
    ],
    [
      0.004149465821683407,
      0.004391998518258333,
      0.0024339361116290092,
      0.0009415588574483991,
      0.0002860238018911332,
      7.277319673448801e-05,
      1.6152876924024895e-05,
      3.2168841244129e-06,
      5.867368031431397e-07
    ],
    [
      0.0011340182973071933,
      0.0011774967424571514,
      0.0006400569109246135,
      0.00024283707898575813,
      7.233994983835146e-05,
      1.8047216144623235e-05,
      3.927440502593527e-06,
      7.667926524845825e-07,
      1.3709902191294532e-07
    ],
    [
      0.0002771205035969615,
      0.00028225258574821055,
      0.00015047722263261676,
      5.598729330813512e-05,
      1.6354122635675594e-05,
      4.000271928816801e-06,
      8.534512403457484e-07,
      1.6334286101482576e-07,
      2.8627056281038676e-08
    ],
    [
      6.180752097861841e-05,
      6.174527516122907e-05,
      3.228317291359417e-05,
      1.1778360203607008e-05,
      3.3733854252204765e-06,
      8.089642165032274e-07,
      1.6919211986987648e-07,
      3.1741542727559136e-08,
      5.452536200323266e-09
    ]
  ],
  "probs_results": [
    0.25771597027778625,
    0.41079387068748474,
    0.331490159034729
  ]
}