{
  "skills_mean": [
    [
      0.452229380607605,
      0.7270178198814392
    ],
    [
      0.36937034130096436,
      0.5858336687088013
    ]
  ],
  "skills_cov": [
    [
      [
        0.018737630918622017,
        0.010125047527253628
      ],
      [
        0.010125047527253628,
        0.02086772210896015
      ]
    ],
    [
      [
        0.020117472857236862,
        0.010375473648309708
      ],
      [
        0.010375473648309708,
        0.021367313340306282
      ]
    ]
  ],
  "probs_grid": [
    [
      0.04717712849378586,
      0.0634949803352356,
      0.04439187049865723,
      0.021494761109352112,
      0.008108647540211678,
      0.00254183285869658,
      0.0006896403501741588,
      0.0001665618910919875,
      3.6553130485117435e-05
    ],
    [
      0.07802024483680725,
      0.10338220745325089,
      0.07115404307842255,
      0.03391405567526817,
      0.01259247399866581,
      0.0038850049022585154,
      0.0010373336263000965,
      0.00024654369917698205,
      5.3240084525896236e-05
    ],
    [
      0.06694980710744858,
      0.08733406662940979,
      0.059168945997953415,
      0.027758369222283363,
      0.010144036263227463,
      0.0030799575615674257,
      0.0008092728676274419,
      0.0001892630971269682,
      4.021436325274408e-05
    ],
    [
      0.03974304348230362,
      0.051033951342105865,
      0.03403263911604881,
      0.015713993459939957,
      0.005651458166539669,
      0.0016885774675756693,
      0.0004365852801129222,
      0.00010046418174169958,
      2.100262099702377e-05
    ],
    [
      0.01835942640900612,
      0.02320554107427597,
      0.015230922028422356,
      0.00692118750885129,
      0.002449550200253725,
      0.0007201920379884541,
      0.0001832189445849508,
      4.14821261074394e-05,
      8.53193887451198e-06
    ],
    [
      0.007039394695311785,
      0.008757390081882477,
      0.005656929221004248,
      0.0025297270622104406,
      0.0008810231229290366,
      0.0002548756019677967,
      6.379729165928438e-05,
      1.4210850167728495e-05,
      2.875484597097966e-06
    ],
    [
      0.0023333439603447914,
      0.002856931649148464,
      0.0018161579500883818,
      0.0007992134196683764,
      0.00027388110174797475,
      7.79579859226942e-05,
      1.9198489098926075e-05,
      4.207195615890669e-06,
      8.374702815672208e-07
    ],
    [
      0.0006876765401102602,
      0.0008286364027298987,
      0.0005183749599382281,
      0.00022446474758908153,
      7.568569708382711e-05,
      2.119587043125648e-05,
      5.13536451762775e-06,
      1.1071015251218341e-06,
      2.1678683026493673e-07
    ],
    [
      0.00018393542268313468,
      0.00021811388432979584,
      0.0001342671603197232,
      5.720713670598343e-05,
      1.8978589650942013e-05,
      5.2290615712990984e-06,
      1.2463516441130196e-06,
      2.643208745212178e-07,
      5.091317234473536e-08
    ]
  ],
  "probs_results": [
    0.22822029888629913,
    0.456939697265625,
    0.31483978033065796
  ]
}