{
  "skills_mean": [
    [
      0.3945465683937073,
      0.5962164998054504
    ],
    [
      0.08167262375354767,
      0.7267417907714844
    ]
  ],
  "skills_cov": [
    [
      [
        0.02050795778632164,
        0.010681210085749626
      ],
      [
        0.010681210085749626,
        0.021749768406152725
      ]
    ],
    [
      [
        0.027102500200271606,
        0.01327207125723362
      ],
      [
        0.01327207125723362,
        0.02428431436419487
      ]
    ]
  ],
  "probs_grid": [
    [
      0.0771324634552002,
      0.08885791152715683,
      0.05356505140662193,
      0.022526197135448456,
      0.00743397930637002,
      0.0020533441565930843,
      0.0004944093525409698,
      0.00010672781354514882,
      2.1083107640151866e-05
    ],
    [
      0.10536079853773117,
      0.11925589293241501,
      0.0706213116645813,
      0.029170675203204155,
      0.009454162791371346,
      0.002564189489930868,
      0.0006061915191821754,
      0.00012846603931393474,
      2.491092345735524e-05
    ],
    [
      0.07501412183046341,
      0.08341175317764282,
      0.04851754009723663,
      0.019681671634316444,
      0.006263723596930504,
      0.0016680150292813778,
      0.0003871240478474647,
      8.05330419098027e-05,
      1.532779606350232e-05
    ],
    [
      0.037113115191459656,
      0.04053598642349243,
      0.023156695067882538,
      0.009224523790180683,
      0.002882458036765456,
      0.0007535756449215114,
      0.00017168269550893456,
      3.5055527405347675e-05,
      6.548304099851521e-06
    ],
    [
      0.014353021048009396,
      0.01539696380496025,
      0.008637494407594204,
      0.003378425259143114,
      0.0010364276822656393,
      0.00026598633849062026,
      5.947985846432857e-05,
      1.1919807548110839e-05,
      2.185108769481303e-06
    ],
    [
      0.004627809394150972,
      0.004875275306403637,
      0.0026854947209358215,
      0.0010312605882063508,
      0.0003105699142906815,
      7.823455962352455e-05,
      1.717057057248894e-05,
      3.376909489816171e-06,
      6.074666316635557e-07
    ],
    [
      0.0012957067228853703,
      0.0013403528137132525,
      0.0007248972542583942,
      0.00027327483985573053,
      8.078313112491742e-05,
      1.9973056623712182e-05,
      4.302026809455128e-06,
      8.302557716888259e-07,
      1.465493824071018e-07
    ],
    [
      0.0003239847719669342,
      0.0003290685126557946,
      0.00017471837054472417,
      6.465554179158062e-05,
      1.875960333563853e-05,
      4.551979145617224e-06,
      9.62146600613778e-07,
      1.8220296738036268e-07,
      3.1555071444699934e-08
    ],
    [
      7.384739728877321e-05,
      7.363940676441416e-05,
      3.838164411718026e-05,
      1.3941284123575315e-05,
      3.969966655859025e-06,
      9.453391953684331e-07,
      1.9607116996667173e-07,
      3.6431519134794144e-08,
      6.190238543979376e-09
    ]
  ],
  "probs_results": [
    0.25526708364486694,
    0.4247746765613556,
    0.31995806097984314
  ]
}