{
  "skills_mean": [
    [
      0.26769739389419556,
      0.9072542786598206
    ],
    [
      0.770259439945221,
      1.1051108837127686
    ]
  ],
  "skills_cov": [
    [
      [
        0.0243807565420866,
        0.014571528881788254
      ],
      [
        0.014571528881788254,
        0.02837531268596649
      ]
    ],
    [
      [
        0.01729416847229004,
        0.010680132545530796
      ],
      [
        0.010680132545530796,
        0.02630128711462021
      ]
    ]
  ],
  "probs_grid": [
    [
      0.07934451103210449,
      0.12925653159618378,
      0.10979290306568146,
      0.06482913345098495,
      0.029932310804724693,
      0.011525445617735386,
      0.0038547320291399956,
      0.0011516629019752145,
      0.00031372197554446757
    ],
    [
      0.06769128143787384,
      0.10827352106571198,
      0.09029007703065872,
      0.05233331024646759,
      0.023715989664196968,
      0.008962037041783333,
      0.0029413739684969187,
      0.0008622866007499397,
      0.00023046703427098691
    ],
    [
      0.03028297983109951,
      0.04754979535937309,
      0.03892001137137413,
      0.022139493376016617,
      0.009845584630966187,
      0.0036506992764770985,
      0.0011755761224776506,
      0.00033810309832915664,
      8.864882693160325e-05
    ],
    [
      0.009471497498452663,
      0.014596262015402317,
      0.011724346317350864,
      0.006544244010001421,
      0.00285540078766644,
      0.001038714894093573,
      0.00032811835990287364,
      9.256716293748468e-05,
      2.380567639193032e-05
    ],
    [
      0.002329746028408408,
      0.0035230822395533323,
      0.0027766034472733736,
      0.001520498306490481,
      0.0006508107180707157,
      0.00023222503659781069,
      7.195079524535686e-05,
      1.9907873138436116e-05,
      5.020943262934452e-06
    ],
    [
      0.00048068209434859455,
      0.0007131602615118027,
      0.0005513781798072159,
      0.0002961776335723698,
      0.00012434105155989528,
      4.351396637503058e-05,
      1.3221616427472327e-05,
      3.587366109059076e-06,
      8.871837735568988e-07
    ],
    [
      8.664708730066195e-05,
      0.00012610363774001598,
      9.562975901644677e-05,
      5.03803494211752e-05,
      2.0742159904330038e-05,
      7.118148005247349e-06,
      2.12076793104643e-06,
      5.641945790557656e-07,
      1.368008923918751e-07
    ],
    [
      1.4034223568160087e-05,
      2.0032761312904768e-05,
      1.4898636436555535e-05,
      7.696956345171202e-06,
      3.107304337390815e-06,
      1.045535668708908e-06,
      3.054078661079984e-07,
      7.965394388520508e-08,
      1.8933789647235244e-08
    ],
    [
      2.0848292479058728e-06,
      2.918376821980928e-06,
      2.1282808120304253e-06,
      1.0780768207041547e-06,
      4.2670905031627626e-07,
      1.4075911280997389e-07,
      4.030714961800186e-08,
      1.0305063469218112e-08,
      2.401059129297778e-09
    ]
  ],
  "probs_results": [
    0.23382945358753204,
    0.19413046538829803,
    0.5720400810241699
  ]
}