{
  "skills_mean": [
    [
      0.536255955696106,
      0.8596150279045105
    ],
    [
      0.2656078338623047,
      0.9152049422264099
    ]
  ],
  "skills_cov": [
    [
      [
        0.021493781358003616,
        0.011759660206735134
      ],
      [
        0.011759660206735134,
        0.025633923709392548
      ]
    ],
    [
      [
        0.018073998391628265,
        0.010238071903586388
      ],
      [
        0.010238071903586388,
        0.024922693148255348
      ]
    ]
  ],
  "probs_grid": [
    [
      0.08990862220525742,
      0.09598280489444733,
      0.053386032581329346,
      0.02062591165304184,
      0.006226893048733473,
      0.0015667446423321962,
      0.00034220636007376015,
      6.673296593362466e-05,
      1.1859695405291859e-05
    ],
    [
      0.11691656708717346,
      0.12288428097963333,
      0.06727918982505798,
      0.02558247745037079,
      0.007599900010973215,
      0.0018813795177266002,
      0.0004042469372507185,
      7.753939280519262e-05,
      1.3552682503359392e-05
    ],
    [
      0.07937770336866379,
      0.08212381601333618,
      0.04425172507762909,
      0.01655767485499382,
      0.0048395623452961445,
      0.0011785683454945683,
      0.0002490848128218204,
      4.698840348282829e-05,
      8.076269295997918e-06
    ],
    [
      0.03751136735081673,
      0.0381954088807106,
      0.02025258168578148,
      0.007455760613083839,
      0.0021437755785882473,
      0.000513511651661247,
      0.00010673583165043965,
      1.9800210793619044e-05,
      3.3462461033195723e-06
    ],
    [
      0.013879550620913506,
      0.01390700414776802,
      0.007255163509398699,
      0.002627488924190402,
      0.0007431083940900862,
      0.00017506175208836794,
      3.578227187972516e-05,
      6.526722700073151e-06,
      1.084439304577245e-06
    ],
    [
      0.004288603086024523,
      0.004227866884320974,
      0.0021698016207665205,
      0.0007729302160441875,
      0.00021499190188478678,
      4.9805799790192395e-05,
      1.000980228127446e-05,
      1.7950457049664692e-06,
      2.932004576905456e-07
    ],
    [
      0.0011525568552315235,
      0.0011177819687873125,
      0.0005642691976390779,
      0.00019768836500588804,
      5.4073574574431404e-05,
      1.2317281289142556e-05,
      2.433804183965549e-06,
      4.2905855934805004e-07,
      6.8888276416601e-08
    ],
    [
      0.00027707498520612717,
      0.00026431874721311033,
      0.0001312312379013747,
      4.521256050793454e-05,
      1.2160176083853003e-05,
      2.7233218133915216e-06,
      5.289983846523683e-07,
      9.167010972532808e-08,
      1.4466364106624496e-08
    ],
    [
      6.081646279199049e-05,
      5.706094088964164e-05,
      2.7860061891260557e-05,
      9.43816212384263e-06,
      2.495764192644856e-06,
      5.494812285178341e-07,
      1.0491933011280707e-07,
      1.787047310131129e-08,
      2.771640694732014e-09
    ]
  ],
  "probs_results": [
    0.2653084397315979,
    0.42773139476776123,
    0.30696016550064087
  ]
}