{
  "skills_mean": [
    [
      0.33234089612960815,
      0.9005423188209534
    ],
    [
      0.23204223811626434,
      0.5120282769203186
    ]
  ],
  "skills_cov": [
    [
      [
        0.018253888934850693,
        0.00989295169711113
      ],
      [
        0.00989295169711113,
        0.020577499642968178
      ]
    ],
    [
      [
        0.020060954615473747,
        0.011150487698614597
      ],
      [
        0.011150487698614597,
        0.02405663952231407
      ]
    ]
  ],
  "probs_grid": [
    [
      0.07299595326185226,
      0.07299349457025528,
      0.03792433813214302,
      0.013649513944983482,
      0.0038283546455204487,
      0.0008924994617700577,
      0.00018013919179793447,
      3.2375995942857116e-05,
      5.289086857374059e-06
    ],
    [
      0.11463877558708191,
      0.11290260404348373,
      0.057764191180467606,
      0.020469967275857925,
      0.005652140825986862,
      0.0012970411917194724,
      0.0002576600236352533,
      4.557269130600616e-05,
      7.325857040996198e-06
    ],
    [
      0.09361903369426727,
      0.09079594910144806,
      0.0457393117249012,
      0.015957219526171684,
      0.004337162710726261,
      0.0009795953519642353,
      0.00019150924345012754,
      3.3331121812807396e-05,
      5.271828740660567e-06
    ],
    [
      0.05300227925181389,
      0.05061445012688637,
      0.025102445855736732,
      0.008620766922831535,
      0.0023062345571815968,
      0.0005126275937072933,
      9.861761645879596e-05,
      1.6888028767425567e-05,
      2.627917183417594e-06
    ],
    [
      0.023400986567139626,
      0.02200101502239704,
      0.010741290636360645,
      0.003630818333476782,
      0.0009559363243170083,
      0.00020909597515128553,
      3.9579572330694646e-05,
      6.668438800261356e-06,
      1.02080809938343e-06
    ],
    [
      0.008593445643782616,
      0.007953528314828873,
      0.003822104074060917,
      0.0012715349439531565,
      0.00032944351551122963,
      7.090556755429134e-05,
      1.3205138202465605e-05,
      2.1887281036470085e-06,
      3.2958504903035646e-07
    ],
    [
      0.002733873901888728,
      0.0024906464386731386,
      0.0011779986089095473,
      0.00038566533476114273,
      9.832325304159895e-05,
      2.082108403556049e-05,
      3.8147995837789495e-06,
      6.219928536665975e-07,
      9.212722318352462e-08
    ],
    [
      0.0007749177166260779,
      0.0006948517402634025,
      0.0003234280738979578,
      0.00010419548925710842,
      2.6136956876143813e-05,
      5.445263923320454e-06,
      9.814384611672722e-07,
      1.5740312164780335e-07,
      2.293064582659099e-08
    ],
    [
      0.00019975875329691917,
      0.00017628275963943452,
      8.074491051957011e-05,
      2.5595285478630103e-05,
      6.316783583315555e-06,
      1.2946379683853593e-06,
      2.2953081213472615e-07,
      3.620786159785894e-08,
      5.187771545678288e-09
    ]
  ],
  "probs_results": [
    0.24132613837718964,
    0.5189234614372253,
    0.23975026607513428
  ]
}