{
  "skills_mean": [
    [
      0.7927558422088623,
      1.1438121795654297
    ],
    [
      0.3527138829231262,
      0.7219588160514832
    ]
  ],
  "skills_cov": [
    [
      [
        0.016387153416872025,
        0.009947096928954124
      ],
      [
        0.009947096928954124,
        0.025394653901457787
      ]
    ],
    [
      [
        0.020108960568904877,
        0.011233540251851082
      ],
      [
        0.011233540251851082,
        0.024340713396668434
      ]
    ]
  ],
  "probs_grid": [
    [
      0.05255461856722832,
      0.04700995981693268,
      0.02194686233997345,
      0.00712968735024333,
      0.0018130443058907986,
      0.00038493279134854674,
      7.107177953002974e-05,
      1.1736744454537984e-05,
      1.7695266478767735e-06
    ],
    [
      0.10420329868793488,
      0.09177374094724655,
      0.042178284376859665,
      0.01348679605871439,
      0.003375254338607192,
      0.0007051549036987126,
      0.00012809842883143574,
      2.0810863134101965e-05,
      3.08636936097173e-06
    ],
    [
      0.10722673684358597,
      0.09297330677509308,
      0.04206100478768349,
      0.013236920349299908,
      0.0032599614933133125,
      0.0006701346719637513,
      0.00011976786481682211,
      1.91406361409463e-05,
      2.792144186969381e-06
    ],
    [
      0.07634325325489044,
      0.06516391783952713,
      0.02901652082800865,
      0.00898686982691288,
      0.0021778701338917017,
      0.0004404793435242027,
      7.744562026346102e-05,
      1.2174705261713825e-05,
      1.7467913266955293e-06
    ],
    [
      0.04230494797229767,
      0.0355447456240654,
      0.015577537007629871,
      0.004747755825519562,
      0.0011320948833599687,
      0.00022526572865899652,
      3.896153793903068e-05,
      6.024502454238245e-06,
      8.501276624883758e-07
    ],
    [
      0.019460154697299004,
      0.016093377023935318,
      0.0069410833530128,
      0.0020816922187805176,
      0.0004883792717009783,
      9.560158650856465e-05,
      1.6265006706817076e-05,
      2.4736766590649495e-06,
      3.432950848036853e-07
    ],
    [
      0.007739553693681955,
      0.0062994868494570255,
      0.0026737195439636707,
      0.0007890070555731654,
      0.00018211486167274415,
      3.506938446662389e-05,
      5.868757398275193e-06,
      8.778499704931164e-07,
      1.198091865717288e-07
    ],
    [
      0.002737063681706786,
      0.0021924886386841536,
      0.000915703596547246,
      0.0002658727462403476,
      6.0372898587957025e-05,
      1.143618646892719e-05,
      1.8823949403667939e-06,
      2.7692021831171587e-07,
      3.71667709941903e-08
    ],
    [
      0.0008785309619270265,
      0.0006925478228367865,
      0.0002846121496986598,
      8.130307833198458e-05,
      1.8161894331569783e-05,
      3.3840772175608436e-06,
      5.478557341120904e-07,
      7.926213640985225e-08,
      1.0461238986181343e-08
    ]
  ],
  "probs_results": [
    0.19676437973976135,
    0.6445351243019104,
    0.158700630068779
  ]
}