{
  "skills_mean": [
    [
      0.28057387471199036,
      0.9544596672058105
    ],
    [
      -0.24656474590301514,
      0.4853278398513794
    ]
  ],
  "skills_cov": [
    [
      [
        0.018454929813742638,
        0.010699559934437275
      ],
      [
        0.010699559934437275,
        0.025787372142076492
      ]
    ],
    [
      [
        0.021289587020874023,
        0.011221823282539845
      ],
      [
        0.011221823282539845,
        0.023074500262737274
      ]
    ]
  ],
  "probs_grid": [
    [
      0.11482492089271545,
      0.06851822882890701,
      0.021386057138442993,
      0.004655095748603344,
      0.0007949341670610011,
      0.00011359110794728622,
      1.4147286492516287e-05,
      1.5795271792740095e-06,
      1.613745013173684e-07
    ],
    [
      0.1749814748764038,
      0.10300347208976746,
      0.03170384094119072,
      0.006802989635616541,
      0.0011448680888861418,
      0.00016117299674078822,
      1.977073225134518e-05,
      2.173520670112339e-06,
      2.1860016374830593e-07
    ],
    [
      0.13859158754348755,
      0.08046028017997742,
      0.024416375905275345,
      0.0051638237200677395,
      0.0008562472648918629,
      0.00011873686162289232,
      1.4343318980536424e-05,
      1.5524406080658082e-06,
      1.5368196670806356e-07
    ],
    [
      0.07606256008148193,
      0.04354134574532509,
      0.01302418764680624,
      0.0027143117040395737,
      0.00044338742736727,
      6.0554866649908945e-05,
      7.202483175205998e-06,
      7.673831987631274e-07,
      7.476296559616458e-08
    ],
    [
      0.0325392410159111,
      0.018362494185566902,
      0.0054130759090185165,
      0.0011114601511508226,
      0.0001788302615750581,
      2.405025043117348e-05,
      2.8161803129478358e-06,
      2.953237867586722e-07,
      2.8313053235251573e-08
    ],
    [
      0.011572669260203838,
      0.006436711177229881,
      0.0018696478800848126,
      0.0003781604173127562,
      5.992095611873083e-05,
      7.934273526188917e-06,
      9.145294939116866e-07,
      9.438227266400645e-08,
      8.903136894389263e-09
    ],
    [
      0.003563982667401433,
      0.001953395549207926,
      0.0005589770153164864,
      0.00011135431850561872,
      1.7374053641106002e-05,
      2.264749809910427e-06,
      2.56924579389306e-07,
      2.6091706573083684e-08,
      2.421433720201094e-09
    ],
    [
      0.000977471936494112,
      0.0005278449971228838,
      0.00014878087677061558,
      2.9187160180299543e-05,
      4.483496923057828e-06,
      5.752687570748094e-07,
      6.422433784791792e-08,
      6.417304465600182e-09,
      5.858631357824606e-10
    ],
    [
      0.00024369644233956933,
      0.00012963643530383706,
      3.598641706048511e-05,
      6.951102932362119e-06,
      1.051121444106684e-06,
      1.3273620425025e-07,
      1.4581868157392819e-08,
      1.4334334830223838e-09,
      1.2872215793269248e-10
    ]
  ],
  "probs_results": [
    0.24517600238323212,
    0.6127926111221313,
    0.1420312374830246
  ]
}