{
  "skills_mean": [
    [
      0.5430604815483093,
      0.9586726427078247
    ],
    [
      0.3399919867515564,
      0.5174118876457214
    ]
  ],
  "skills_cov": [
    [
      [
        0.019426358863711357,
        0.01191084086894989
      ],
      [
        0.01191084086894989,
        0.026423778384923935
      ]
    ],
    [
      [
        0.021739507094025612,
        0.011633023619651794
      ],
      [
        0.011633023619651794,
        0.023809287697076797
      ]
    ]
  ],
  "probs_grid": [
    [
      0.04842057079076767,
      0.05113853141665459,
      0.028243763372302055,
      0.010875643230974674,
      0.0032844238448888063,
      0.0008297039312310517,
      0.00018261329387314618,
      3.6014480429003015e-05,
      6.496293281088583e-06
    ],
    [
      0.09226039052009583,
      0.09572203457355499,
      0.05192858353257179,
      0.01963834837079048,
      0.0058240508660674095,
      0.0014446373097598553,
      0.0003121726622339338,
      6.044041947461665e-05,
      1.0702074177970644e-05
    ],
    [
      0.09142517298460007,
      0.09317699074745178,
      0.04964704439043999,
      0.018438681960105896,
      0.005369571503251791,
      0.0013077283510938287,
      0.00027743211830966175,
      5.272958514979109e-05,
      9.164854418486357e-06
    ],
    [
      0.06281610578298569,
      0.06288271397352219,
      0.03290630504488945,
      0.012001292780041695,
      0.003431651508435607,
      0.0008205461199395359,
      0.00017089283210225403,
      3.1883519113762304e-05,
      5.439369942905614e-06
    ],
    [
      0.03366146609187126,
      0.03309669718146324,
      0.01700870878994465,
      0.0060912990011274815,
      0.0017101295525208116,
      0.00040144906961359084,
      8.207556675188243e-05,
      1.5030829672468826e-05,
      2.5168610591208562e-06
    ],
    [
      0.015004715882241726,
      0.014489307999610901,
      0.007312257774174213,
      0.0025713418144732714,
      0.0007087677367962897,
      0.00016333871462848037,
      3.278071744716726e-05,
      5.892483841307694e-06,
      9.683966482043616e-07
    ],
    [
      0.005794676020741463,
      0.005495370831340551,
      0.002723323879763484,
      0.0009402850992046297,
      0.0002544557792134583,
      5.756602331530303e-05,
      1.1340361197653692e-05,
      2.0008003502880456e-06,
      3.2271901773128775e-07
    ],
    [
      0.001993957906961441,
      0.0018570104148238897,
      0.0009036472765728831,
      0.00030633460846729577,
      8.138487464748323e-05,
      1.8073951650876552e-05,
      3.494885277177673e-06,
      6.051951686458779e-07,
      9.580121229646466e-08
    ],
    [
      0.0006240009097382426,
      0.0005706888623535633,
      0.00027267957921139896,
      9.075579146156088e-05,
      2.367037632211577e-05,
      5.160114142199745e-06,
      9.79373339760059e-07,
      1.6645122968839132e-07,
      2.5858820862367793e-08
    ]
  ],
  "probs_results": [
    0.20780499279499054,
    0.5877936482429504,
    0.20440144836902618
  ]
}