{
  "skills_mean": [
    [
      0.3326478600502014,
      0.7454853057861328
    ],
    [
      -0.008710989728569984,
      0.4083993434906006
    ]
  ],
  "skills_cov": [
    [
      [
        0.021310970187187195,
        0.012567943893373013
      ],
      [
        0.012567943893373013,
        0.026462014764547348
      ]
    ],
    [
      [
        0.020442243665456772,
        0.010166331194341183
      ],
      [
        0.010166331194341183,
        0.020609427243471146
      ]
    ]
  ],
  "probs_grid": [
    [
      0.06658457219600677,
      0.06151173636317253,
      0.02969442866742611,
      0.00998694822192192,
      0.002632402814924717,
      0.0005800005164928734,
      0.00011126376921311021,
      1.911289473355282e-05,
      3.000977358169621e-06
    ],
    [
      0.11527454107999802,
      0.10473433136940002,
      0.049716584384441376,
      0.016439301893115044,
      0.004259514156728983,
      0.0009224243694916368,
      0.00017389716231264174,
      2.9352631827350706e-05,
      4.528087174549e-06
    ],
    [
      0.10371092706918716,
      0.0926625058054924,
      0.04324815794825554,
      0.014058290049433708,
      0.0035803692881017923,
      0.0007620032411068678,
      0.00014116289094090462,
      2.341126491955947e-05,
      3.5480816222843714e-06
    ],
    [
      0.06464627385139465,
      0.05679410323500633,
      0.026060156524181366,
      0.008326957002282143,
      0.002084319479763508,
      0.00043593120062723756,
      7.935093890409917e-05,
      1.292934211960528e-05,
      1.924943262565648e-06
    ],
    [
      0.03140505775809288,
      0.027126818895339966,
      0.012236160226166248,
      0.0038429382257163525,
      0.0009453458478674293,
      0.0001942843955475837,
      3.4746681194519624e-05,
      5.561984380619833e-06,
      8.134259701364499e-07
    ],
    [
      0.012681660242378712,
      0.010769055224955082,
      0.004774867556989193,
      0.0014738591853529215,
      0.00035628891782835126,
      7.194728095782921e-05,
      1.2641658031498082e-05,
      1.9878677903761854e-06,
      2.855607874607813e-07
    ],
    [
      0.00443358113989234,
      0.0037010423839092255,
      0.0016129221767187119,
      0.0004892768920399249,
      0.00011622297461144626,
      2.3059130398905836e-05,
      3.980361270805588e-06,
      6.148225679680763e-07,
      8.67484928335216e-08
    ],
    [
      0.0013801363529637456,
      0.0011324738152325153,
      0.00048505832091905177,
      0.00014459544036071748,
      3.374875450390391e-05,
      6.578454758709995e-06,
      1.1155036645504879e-06,
      1.6924713008847903e-07,
      2.3453896602632085e-08
    ],
    [
      0.00039046601159498096,
      0.00031491840491071343,
      0.0001325603952864185,
      3.883020326611586e-05,
      8.904629794415087e-06,
      1.7052017255991814e-06,
      2.8403411533872713e-07,
      4.2327755522819643e-08,
      5.760800725340687e-09
    ]
  ],
  "probs_results": [
    0.2239833027124405,
    0.5784379839897156,
    0.19757866859436035
  ]
}