{
  "skills_mean": [
    [
      0.44669950008392334,
      0.7126415371894836
    ],
    [
      0.6521175503730774,
      0.8818616271018982
    ]
  ],
  "skills_cov": [
    [
      [
        0.017826613038778305,
        0.009466003626585007
      ],
      [
        0.009466003626585007,
        0.02014034613966942
      ]
    ],
    [
      [
        0.01712457835674286,
        0.009830346331000328
      ],
      [
        0.009830346331000328,
        0.023695120587944984
      ]
    ]
  ],
  "probs_grid": [
    [
      0.04607436805963516,
      0.08161098510026932,
      0.07481558620929718,
      0.04732577130198479,
      0.02323736809194088,
      0.009446179494261742,
      0.0033113141544163227,
      0.0010294850217178464,
      0.00028975747409276664
    ],
    [
      0.05760703608393669,
      0.10056331008672714,
      0.09085016697645187,
      0.05662966147065163,
      0.027397893369197845,
      0.010973473079502583,
      0.0037898479495197535,
      0.0011607863707467914,
      0.0003218528290744871
    ],
    [
      0.037439748644828796,
      0.06440610438585281,
      0.057333990931510925,
      0.035212818533182144,
      0.01678485795855522,
      0.006623128429055214,
      0.0022533913142979145,
      0.0006798946997150779,
      0.00018569546227809042
    ],
    [
      0.016863252967596054,
      0.028583984822034836,
      0.025070661678910255,
      0.01516998466104269,
      0.007123732939362526,
      0.002769078128039837,
      0.0009280443773604929,
      0.00027581234462559223,
      7.419850589940324e-05
    ],
    [
      0.005921367555856705,
      0.0098889684304595,
      0.008545037358999252,
      0.0050936248153448105,
      0.002356239128857851,
      0.0009021826554089785,
      0.0002978203701786697,
      8.717798482393846e-05,
      2.3098215024219826e-05
    ],
    [
      0.0017289069946855307,
      0.0028445315547287464,
      0.0024213497526943684,
      0.0014217726420611143,
      0.0006478262366726995,
      0.0002443143166601658,
      7.943359378259629e-05,
      2.289992517034989e-05,
      5.975395197310718e-06
    ],
    [
      0.00043720545363612473,
      0.000708597362972796,
      0.0005941515555605292,
      0.0003436342522036284,
      0.0001542163809062913,
      5.7280307373730466e-05,
      1.8341168470215052e-05,
      5.207217782299267e-06,
      1.3380458767642267e-06
    ],
    [
      9.848344052443281e-05,
      0.00015722480020485818,
      0.00012984868953935802,
      7.396633009193465e-05,
      3.269219814683311e-05,
      1.195847744384082e-05,
      3.770826879190281e-06,
      1.054236236086581e-06,
      2.6675405706555466e-07
    ],
    [
      2.0170866264379583e-05,
      3.1717234378447756e-05,
      2.57989922829438e-05,
      1.4473326700681355e-05,
      6.299814231169876e-06,
      2.2692927359457826e-06,
      7.046361361062736e-07,
      1.9398324013764068e-07,
      4.8330491608794546e-08
    ]
  ],
  "probs_results": [
    0.22183342278003693,
    0.2714766561985016,
    0.5066899657249451
  ]
}