{
  "skills_mean": [
    [
      0.3510730266571045,
      0.6911845803260803
    ],
    [
      0.35536977648735046,
      0.7566040754318237
    ]
  ],
  "skills_cov": [
    [
      [
        0.01617484912276268,
        0.00890833418816328
      ],
      [
        0.00890833418816328,
        0.022140145301818848
      ]
    ],
    [
      [
        0.021031014621257782,
        0.01233324222266674
      ],
      [
        0.01233324222266674,
        0.026203157380223274
      ]
    ]
  ],
  "probs_grid": [
    [
      0.0681004598736763,
      0.09280218183994293,
      0.06582581996917725,
      0.032401639968156815,
      0.012450427748262882,
      0.0039832498878240585,
      0.0011051296023651958,
      0.00027346599381417036,
      6.16053439443931e-05
    ],
    [
      0.08708401769399643,
      0.11682724207639694,
      0.08156896382570267,
      0.039517223834991455,
      0.01494330819696188,
      0.004704331513494253,
      0.0012841932475566864,
      0.00031263651908375323,
      6.928487709956244e-05
    ],
    [
      0.05792929232120514,
      0.07649718225002289,
      0.0525672622025013,
      0.02506210468709469,
      0.009325518272817135,
      0.0028885286301374435,
      0.000775751075707376,
      0.00018578395247459412,
      4.0499624446965754e-05
    ],
    [
      0.026726065203547478,
      0.03473532944917679,
      0.023489896208047867,
      0.011019879020750523,
      0.004034428391605616,
      0.0012294058687984943,
      0.0003247980203013867,
      7.651330815861002e-05,
      1.6405356291215867e-05
    ],
    [
      0.009619837626814842,
      0.012303951196372509,
      0.008187438361346722,
      0.0037791337817907333,
      0.001361146685667336,
      0.0004080257785972208,
      0.00010603248665574938,
      2.456763650116045e-05,
      5.180630523682339e-06
    ],
    [
      0.0028813104145228863,
      0.0036262839566916227,
      0.0023741861805319786,
      0.0010781188029795885,
      0.00038198588299565017,
      0.00011263183841947466,
      2.8787917472072877e-05,
      6.559946541528916e-06,
      1.3603679462903528e-06
    ],
    [
      0.000747987418435514,
      0.0009262277744710445,
      0.0005965954624116421,
      0.00026650200015865266,
      9.287790453527123e-05,
      2.693534224817995e-05,
      6.770718300685985e-06,
      1.5172543044172926e-06,
      3.0940006467972125e-07
    ],
    [
      0.000173091801116243,
      0.0002108690532622859,
      0.0001336121349595487,
      5.870831955689937e-05,
      2.0123712602071464e-05,
      5.7395950534555595e-06,
      1.4188157138050883e-06,
      3.126458523183828e-07,
      6.268905394790636e-08
    ],
    [
      3.6446290323510766e-05,
      4.367826477391645e-05,
      2.7222915377933532e-05,
      1.1764888768084347e-05,
      3.966082203987753e-06,
      1.1124167258458328e-06,
      2.704049677504372e-07,
      5.858914065015597e-08,
      1.155063866775663e-08
    ]
  ],
  "probs_results": [
    0.2500155568122864,
    0.35410746932029724,
    0.39587706327438354
  ]
}