{
  "skills_mean": [
    [
      0.7927559018135071,
      1.1438122987747192
    ],
    [
      0.3527139127254486,
      0.7219588160514832
    ]
  ],
  "skills_cov": [
    [
      [
        0.016387084499001503,
        0.009947063401341438
      ],
      [
        0.009947063401341438,
        0.025394583120942116
      ]
    ],
    [
      [
        0.020108893513679504,
        0.011233503930270672
      ],
      [
        0.011233503930270672,
        0.024340642616152763
      ]
    ]
  ],
  "probs_grid": [
    [
      0.05255460739135742,
      0.04700995236635208,
      0.021946853026747704,
      0.007129680830985308,
      0.0018130416283383965,
      0.0003849320637527853,
      7.107158307917416e-05,
      1.1736701708287e-05,
      1.7695184624244575e-06
    ],
    [
      0.10420332849025726,
      0.09177374094724655,
      0.04217827692627907,
      0.013486788608133793,
      0.003375251078978181,
      0.0007051538559608161,
      0.0001280981523450464,
      2.0810806745430455e-05,
      3.0863577649142826e-06
    ],
    [
      0.10722676664590836,
      0.09297332912683487,
      0.04206100478768349,
      0.01323691662400961,
      0.0032599596306681633,
      0.0006701339734718204,
      0.0001197676538140513,
      1.9140588847221807e-05,
      2.7921344099013368e-06
    ],
    [
      0.07634326815605164,
      0.06516394019126892,
      0.02901652455329895,
      0.00898686796426773,
      0.002177869202569127,
      0.0004404789360705763,
      7.74455038481392e-05,
      1.2174680705356877e-05,
      1.746786097100994e-06
    ],
    [
      0.04230494797229767,
      0.0355447456240654,
      0.015577537938952446,
      0.004747754894196987,
      0.0011320944176986814,
      0.00022526553948409855,
      3.8961490645306185e-05,
      6.024491085554473e-06,
      8.501255592818779e-07
    ],
    [
      0.019460150972008705,
      0.01609337329864502,
      0.0069410833530128,
      0.0020816922187805176,
      0.0004883790970779955,
      9.560152102494612e-05,
      1.6264990335912444e-05,
      2.4736721115914406e-06,
      3.432942321524024e-07
    ],
    [
      0.007739548105746508,
      0.006299484521150589,
      0.0026737183798104525,
      0.0007890067063271999,
      0.0001821147307055071,
      3.506935536279343e-05,
      5.8687505770649295e-06,
      8.778483220339695e-07,
      1.1980887393292505e-07
    ],
    [
      0.002737060422077775,
      0.002192486310377717,
      0.000915702898055315,
      0.0002658725425135344,
      6.0372847656253725e-05,
      1.1436173736001365e-05,
      1.8823925529432017e-06,
      2.769196782992367e-07,
      3.7166675070920974e-08
    ],
    [
      0.00087852927390486,
      0.0006925466004759073,
      0.0002846118004526943,
      8.130296191666275e-05,
      1.816186704672873e-05,
      3.3840724427136593e-06,
      5.478548814608075e-07,
      7.92619587741683e-08,
      1.0461210564471912e-08
    ]
  ],
  "probs_results": [
    0.19676433503627777,
    0.6445351243019104,
    0.15870054066181183
  ]
}