{
  "skills_mean": [
    [
      -0.019800033420324326,
      0.24113896489143372
    ],
    [
      0.21623890101909637,
      0.601741373538971
    ]
  ],
  "skills_cov": [
    [
      [
        0.020945057272911072,
        0.010842722840607166
      ],
      [
        0.010842722840607166,
        0.02418208122253418
      ]
    ],
    [
      [
        0.023255595937371254,
        0.011907719075679779
      ],
      [
        0.011907719075679779,
        0.023212986066937447
      ]
    ]
  ],
  "probs_grid": [
    [
      0.05360793322324753,
      0.09687738865613937,
      0.09139247983694077,
      0.06000244989991188,
      0.03083796799182892,
      0.01323189027607441,
      0.004936689976602793,
      0.0016469878610223532,
      0.0005014943308196962
    ],
    [
      0.05639335885643959,
      0.10019999742507935,
      0.09293068945407867,
      0.05997675284743309,
      0.030299155041575432,
      0.012778123840689659,
      0.004685488063842058,
      0.0015362454578280449,
      0.0004596931394189596
    ],
    [
      0.03091399185359478,
      0.0539986677467823,
      0.0492292158305645,
      0.031229054555296898,
      0.015505518764257431,
      0.006426496896892786,
      0.002315733814612031,
      0.0007461044006049633,
      0.00021937872224953026
    ],
    [
      0.011773921549320221,
      0.020215433090925217,
      0.01811419427394867,
      0.011293202638626099,
      0.005510314833372831,
      0.002244240138679743,
      0.0007946311961859465,
      0.0002515582018531859,
      7.267395994858816e-05
    ],
    [
      0.0035046893171966076,
      0.005914175417274237,
      0.005208074115216732,
      0.003190731629729271,
      0.0015298050129786134,
      0.0006121958140283823,
      0.00021297378407325596,
      6.623996887356043e-05,
      1.880037598311901e-05
    ],
    [
      0.0008696364820934832,
      0.0014421724481508136,
      0.0012479621218517423,
      0.0007512514130212367,
      0.000353895389707759,
      0.0001391391851939261,
      4.755378176923841e-05,
      1.4529869076795876e-05,
      4.051132236781996e-06
    ],
    [
      0.00018736218044068664,
      0.0003053172258660197,
      0.0002595934201963246,
      0.00015353482740465552,
      7.105599070200697e-05,
      2.7444606530480087e-05,
      9.21414903132245e-06,
      2.7655291887640487e-06,
      7.574012670374941e-07
    ],
    [
      3.6048168112756684e-05,
      5.771661381004378e-05,
      4.821266338694841e-05,
      2.8013364499201998e-05,
      1.2735788914142177e-05,
      4.8320102905563544e-06,
      1.593505885466584e-06,
      4.697739655057376e-07,
      1.2636793655929068e-07
    ],
    [
      6.3221009440894704e-06,
      9.944622433977202e-06,
      8.160735887940973e-06,
      4.657880708691664e-06,
      2.0800844140467234e-06,
      7.751668817945756e-07,
      2.5108226964221103e-07,
      7.269962765121818e-08,
      1.9206543910854634e-08
    ]
  ],
  "probs_results": [
    0.2161135971546173,
    0.2152220606803894,
    0.5686643719673157
  ]
}