{
  "skills_mean": [
    [
      0.2495647370815277,
      0.783097505569458
    ],
    [
      0.47296610474586487,
      0.8005423545837402
    ]
  ],
  "skills_cov": [
    [
      [
        0.020587768405675888,
        0.011176192201673985
      ],
      [
        0.011176192201673985,
        0.023535650223493576
      ]
    ],
    [
      [
        0.020165223628282547,
        0.011081552132964134
      ],
      [
        0.011081552132964134,
        0.02331111766397953
      ]
    ]
  ],
  "probs_grid": [
    [
      0.078111432492733,
      0.10876122117042542,
      0.07885947078466415,
      0.039696626365184784,
      0.015605784021317959,
      0.005110179539769888,
      0.0014517430681735277,
      0.000367989792721346,
      8.49537318572402e-05
    ],
    [
      0.08706685900688171,
      0.11928007751703262,
      0.08508304506540298,
      0.04212905094027519,
      0.01628921367228031,
      0.005245517008006573,
      0.00146532675717026,
      0.0003652005980256945,
      8.28878182801418e-05
    ],
    [
      0.05056510120630264,
      0.06814812123775482,
      0.04781455546617508,
      0.023285018280148506,
      0.008853668347001076,
      0.002803453477099538,
      0.0007699790876358747,
      0.00018865824677050114,
      4.209194230497815e-05
    ],
    [
      0.02039933390915394,
      0.02704230137169361,
      0.018660373985767365,
      0.008936288766562939,
      0.003341004950925708,
      0.0010401041945442557,
      0.0002808351127896458,
      6.763944838894531e-05,
      1.483339747210266e-05
    ],
    [
      0.006430855952203274,
      0.008384195156395435,
      0.005689210724085569,
      0.002678890246897936,
      0.000984682934358716,
      0.00030135337146930397,
      7.998199725989252e-05,
      1.8934213585453108e-05,
      4.080953203811077e-06
    ],
    [
      0.0016896770102903247,
      0.002166234189644456,
      0.001445295405574143,
      0.0006690749432891607,
      0.00024176259466912597,
      7.27281512808986e-05,
      1.8972121324623004e-05,
      4.4140192585473415e-06,
      9.349342349196377e-07
    ],
    [
      0.0003854020906146616,
      0.0004858167376369238,
      0.00031866514473222196,
      0.0001450174895580858,
      5.150651486474089e-05,
      1.5228793927235529e-05,
      3.9042183743731584e-06,
      8.926383543439442e-07,
      1.8578737126517808e-07
    ],
    [
      7.848694804124534e-05,
      9.726666030474007e-05,
      6.271775782806799e-05,
      2.8054313588654622e-05,
      9.7932379503618e-06,
      2.845633161996375e-06,
      7.169078912738769e-07,
      1.6106100986235106e-07,
      3.293733996656556e-08
    ],
    [
      1.4567024663847405e-05,
      1.7745993318385445e-05,
      1.1247289876337163e-05,
      4.944689862895757e-06,
      1.6963323332674918e-06,
      4.843672058996162e-07,
      1.1990540826900542e-07,
      2.6467700919852177e-08,
      5.317867923793074e-09
    ]
  ],
  "probs_results": [
    0.25522202253341675,
    0.30303120613098145,
    0.4417467713356018
  ]
}