{
  "skills_mean": [
    [
      0.31183329224586487,
      1.187253475189209
    ],
    [
      -0.044818051159381866,
      0.24307075142860413
    ]
  ],
  "skills_cov": [
    [
      [
        0.014787671156227589,
        0.008476043120026588
      ],
      [
        0.008476043120026588,
        0.024280792102217674
      ]
    ],
    [
      [
        0.0203129593282938,
        0.009857049211859703
      ],
      [
        0.009857049211859703,
        0.022118614986538887
      ]
    ]
  ],
  "probs_grid": [
    [
      0.07270979136228561,
      0.04222381114959717,
      0.012796741910278797,
      0.002698600525036454,
      0.0004454617446754128,
      6.13937882008031e-05,
      7.358490620390512e-06,
      7.888925779298006e-07,
      7.722263006826324e-08
    ],
    [
      0.14358773827552795,
      0.08242560178041458,
      0.024686478078365326,
      0.005143227521330118,
      0.0008385589462704957,
      0.00011412165622459725,
      1.3503728951036464e-05,
      1.4289250884758076e-06,
      1.3803027343328722e-07
    ],
    [
      0.1467054784297943,
      0.08323347568511963,
      0.024631062522530556,
      0.005069153383374214,
      0.0008162119193002582,
      0.00010967459820676595,
      1.2810481166525278e-05,
      1.3378424910115427e-06,
      1.2751706890412606e-07
    ],
    [
      0.10339143127202988,
      0.057966019958257675,
      0.016946623101830482,
      0.0034447130747139454,
      0.0005476921214722097,
      7.26540238247253e-05,
      8.376213372685015e-06,
      8.632367780592176e-07,
      8.118085048636203e-08
    ],
    [
      0.056539081037044525,
      0.03131913021206856,
      0.009044477716088295,
      0.0018155821599066257,
      0.0002850130549632013,
      3.732171899173409e-05,
      4.246545358910225e-06,
      4.3183800357837754e-07,
      4.0065444295578345e-08
    ],
    [
      0.02558770962059498,
      0.014002390205860138,
      0.003993772901594639,
      0.0007916373433545232,
      0.0001226853346452117,
      1.585692552907858e-05,
      1.7804884464567294e-06,
      1.7864516621557414e-07,
      1.635049606818484e-08
    ],
    [
      0.009982126764953136,
      0.005395673215389252,
      0.001519780489616096,
      0.0002974300005007535,
      4.550125959212892e-05,
      5.804144166177139e-06,
      6.430817620639573e-07,
      6.365747395875587e-08,
      5.747096576413924e-09
    ],
    [
      0.0034523895010352135,
      0.0018430600175634027,
      0.0005126000032760203,
      9.90369517239742e-05,
      1.4954312064219266e-05,
      1.8824782728188438e-06,
      2.0579265935793956e-07,
      2.0096120323387368e-08,
      1.789532522167292e-09
    ],
    [
      0.0010805322090163827,
      0.0005696425214409828,
      0.000156422087457031,
      2.9832412110408768e-05,
      4.4457769945438486e-06,
      5.522346100406139e-07,
      5.956097837156449e-08,
      5.737350150525344e-09,
      5.038945372071169e-10
    ]
  ],
  "probs_results": [
    0.18364377319812775,
    0.7205734252929688,
    0.09578311443328857
  ]
}