{
  "skills_mean": [
    [
      0.5361916422843933,
      0.8595120310783386
    ],
    [
      0.613874077796936,
      1.0302057266235352
    ]
  ],
  "skills_cov": [
    [
      [
        0.02159377932548523,
        0.011840471997857094
      ],
      [
        0.011840471997857094,
        0.025732936337590218
      ]
    ],
    [
      [
        0.01949152909219265,
        0.011399785056710243
      ],
      [
        0.011399785056710243,
        0.025236494839191437
      ]
    ]
  ],
  "probs_grid": [
    [
      0.06665409356355667,
      0.09869610518217087,
      0.07618653774261475,
      0.040874823927879333,
      0.017145035788416862,
      0.005996610037982464,
      0.001821527723222971,
      0.0004942095256410539,
      0.0001222451392095536
    ],
    [
      0.07852550595998764,
      0.11428309231996536,
      0.08669747412204742,
      0.04570705071091652,
      0.018837405368685722,
      0.006472969893366098,
      0.0019315782701596618,
      0.000514793093316257,
      0.00012507456995081156
    ],
    [
      0.04831806570291519,
      0.06910619139671326,
      0.05151450261473656,
      0.026683900505304337,
      0.010804097168147564,
      0.003646990517154336,
      0.0010689871851354837,
      0.00027982774190604687,
      6.677239434793591e-05
    ],
    [
      0.020702507346868515,
      0.02909436821937561,
      0.021308569237589836,
      0.010843377560377121,
      0.004312759265303612,
      0.0014299381291493773,
      0.0004116591881029308,
      0.00010583014227449894,
      2.4799475795589387e-05
    ],
    [
      0.006948032882064581,
      0.00959341786801815,
      0.006902415305376053,
      0.003450267482548952,
      0.0013478698674589396,
      0.0004389154782984406,
      0.000124091180623509,
      3.1327403121395037e-05,
      7.208487659227103e-06
    ],
    [
      0.0019481027266010642,
      0.0026424049865454435,
      0.0018675063038244843,
      0.0009168757824227214,
      0.00035177680547349155,
      0.0001124939153669402,
      3.123122587567195e-05,
      7.741869922028854e-06,
      1.7491022390458966e-06
    ],
    [
      0.0004752869135700166,
      0.0006332484190352261,
      0.00043957046000286937,
      0.00021194924192968756,
      7.985645061125979e-05,
      2.5076238671317697e-05,
      6.835736257926328e-06,
      1.6637175122014014e-06,
      3.6903159639223304e-07
    ],
    [
      0.0001037724141497165,
      0.00013579688675235957,
      9.257529745809734e-05,
      4.383445775602013e-05,
      1.621730552869849e-05,
      5.000187229597941e-06,
      1.3382518773141783e-06,
      3.197692137746344e-07,
      6.963121990111176e-08
    ],
    [
      2.0696465071523562e-05,
      2.6598352633300237e-05,
      1.7806383766583167e-05,
      8.279002031486016e-06,
      3.007408849953208e-06,
      9.103808338295494e-07,
      2.3920637204355444e-07,
      5.611073561340163e-08,
      1.199408128371715e-08
    ]
  ],
  "probs_results": [
    0.2447912096977234,
    0.3040527105331421,
    0.45115604996681213
  ]
}