{
  "skills_mean": [
    [
      0.2677375078201294,
      0.9073902368545532
    ],
    [
      -0.27847790718078613,
      0.36244967579841614
    ]
  ],
  "skills_cov": [
    [
      [
        0.02425672858953476,
        0.014471412636339664
      ],
      [
        0.014471412636339664,
        0.0282524973154068
      ]
    ],
    [
      [
        0.02347472310066223,
        0.011243621818721294
      ],
      [
        0.011243621818721294,
        0.02363828755915165
      ]
    ]
  ],
  "probs_grid": [
    [
      0.09533009678125381,
      0.05823688954114914,
      0.01868402771651745,
      0.00419720308855176,
      0.0007426646770909429,
      0.00011040000390494242,
      1.4361063222168013e-05,
      1.6813120282677119e-06,
      1.8083164832205512e-07
    ],
    [
      0.1602366417646408,
      0.09620527178049088,
      0.030324770137667656,
      0.006690819747745991,
      0.0011624629842117429,
      0.00016963052621576935,
      2.1655067030224018e-05,
      2.487457322786213e-06,
      2.6243330353281635e-07
    ],
    [
      0.14070533215999603,
      0.08300939202308655,
      0.025702200829982758,
      0.005568908527493477,
      0.00094987777993083,
      0.00013604365813080221,
      1.704174246697221e-05,
      1.9203978354198625e-06,
      1.9872068435233814e-07
    ],
    [
      0.08605049550533295,
      0.04987315833568573,
      0.015166282653808594,
      0.003226467641070485,
      0.0005402063252404332,
      7.592719339299947e-05,
      9.33168030314846e-06,
      1.0314981864212314e-06,
      1.0467989852713799e-07
    ],
    [
      0.04122665897011757,
      0.023469984531402588,
      0.007008490152657032,
      0.0014637178974226117,
      0.00024052806838881224,
      3.3172447729157284e-05,
      3.999602540716296e-06,
      4.336226027135126e-07,
      4.31526316901909e-08
    ],
    [
      0.01650240831077099,
      0.009226417168974876,
      0.0027050848584622145,
      0.0005545487510971725,
      8.942734712036327e-05,
      1.2100599633413367e-05,
      1.4311262930277735e-06,
      1.5216599535960995e-07,
      1.4848272833489773e-08
    ],
    [
      0.005748046096414328,
      0.003155686892569065,
      0.0009082779288291931,
      0.00018274712783750147,
      2.8917129384353757e-05,
      3.838583779725013e-06,
      4.452796531495551e-07,
      4.642791395781387e-08,
      4.441863321602568e-09
    ],
    [
      0.0017916779033839703,
      0.0009657478076405823,
      0.00027284331736154854,
      5.387281271396205e-05,
      8.363799679500517e-06,
      1.0890770454352605e-06,
      1.239008327047486e-07,
      1.2667557669487906e-08,
      1.1881603478869351e-09
    ],
    [
      0.0005100915441289544,
      0.00026991675258614123,
      7.484394882339984e-05,
      1.4500868928735144e-05,
      2.2086023818701506e-06,
      2.8208179969624325e-07,
      3.147103200262791e-08,
      3.1548024193028823e-09,
      2.900832907215545e-10
    ]
  ],
  "probs_results": [
    0.22078388929367065,
    0.6514781713485718,
    0.12773798406124115
  ]
}