{
  "skills_mean": [
    [
      0.6721971035003662,
      1.331786870956421
    ],
    [
      0.3325880765914917,
      0.745351254940033
    ]
  ],
  "skills_cov": [
    [
      [
        0.01877213828265667,
        0.012131527066230774
      ],
      [
        0.012131527066230774,
        0.029138335958123207
      ]
    ],
    [
      [
        0.021460868418216705,
        0.012688782066106796
      ],
      [
        0.012688782066106796,
        0.026610076427459717
      ]
    ]
  ],
  "probs_grid": [
    [
      0.08105573058128357,
      0.0592920295894146,
      0.022748058661818504,
      0.006102921441197395,
      0.0012879472924396396,
      0.00022804528998676687,
      3.5285829653730616e-05,
      4.90720231027808e-06,
      6.260918894440692e-07
    ],
    [
      0.13971348106861115,
      0.10042360424995422,
      0.03784941881895065,
      0.009972983971238136,
      0.0020666243508458138,
      0.00035922788083553314,
      5.455700011225417e-05,
      7.445715709764045e-06,
      9.320939398094197e-07
    ],
    [
      0.12552481889724731,
      0.08864358812570572,
      0.03281606361269951,
      0.008491214364767075,
      0.0017275529680773616,
      0.0002947667380794883,
      4.393556810100563e-05,
      5.883749054191867e-06,
      7.226343541333335e-07
    ],
    [
      0.07836875319480896,
      0.054365210235118866,
      0.019766099750995636,
      0.0050219339318573475,
      0.0010030221892520785,
      0.0001679780543781817,
      2.4570143068558536e-05,
      3.2284181088471087e-06,
      3.889829258696409e-07
    ],
    [
      0.038245100528001785,
      0.026059096679091454,
      0.009303989820182323,
      0.002320806495845318,
      0.0004550019802991301,
      7.478430779883638e-05,
      1.0733607268775813e-05,
      1.3836859125149203e-06,
      1.6353946818981058e-07
    ],
    [
      0.015559623017907143,
      0.010412085801362991,
      0.003650153521448374,
      0.0008938356768339872,
      0.0001719996362226084,
      2.7742345992010087e-05,
      3.906831807398703e-06,
      4.940773123962572e-07,
      5.727894958340585e-08
    ],
    [
      0.005496446508914232,
      0.0036118498537689447,
      0.0012431523064151406,
      0.0002988195337820798,
      5.643366966978647e-05,
      8.931808224588167e-06,
      1.234060391652747e-06,
      1.5309350942516176e-07,
      1.740786359505364e-08
    ],
    [
      0.0017337952740490437,
      0.001118698506616056,
      0.00037799892015755177,
      8.918222010834143e-05,
      1.652854734857101e-05,
      2.566795956226997e-06,
      3.4791762004715565e-07,
      4.233711692336328e-08,
      4.7214445686449835e-09
    ],
    [
      0.0004984689876437187,
      0.0003157792962156236,
      0.00010473934526089579,
      2.4253196897916496e-05,
      4.410863311932189e-06,
      6.720617875544121e-07,
      8.936302009487918e-08,
      1.0666080463295202e-08,
      1.166548302400372e-09
    ]
  ],
  "probs_results": [
    0.21987409889698029,
    0.6282098889350891,
    0.15191622078418732
  ]
}