{
  "skills_mean": [
    [
      0.5644389390945435,
      1.1604892015457153
    ],
    [
      -0.17910227179527283,
      0.42534536123275757
    ]
  ],
  "skills_cov": [
    [
      [
        0.019981347024440765,
        0.011185049079358578
      ],
      [
        0.011185049079358578,
        0.02567615546286106
      ]
    ],
    [
      [
        0.02320055477321148,
        0.011017942801117897
      ],
      [
        0.011017942801117897,
        0.02199862338602543
      ]
    ]
  ],
  "probs_grid": [
    [
      0.06694867461919785,
      0.03534727171063423,
      0.00977742113173008,
      0.0018891573417931795,
      0.00028682759148068726,
      3.6499804991763085e-05,
      4.0549343793827575e-06,
      4.0449421589983103e-07,
      3.698337636137694e-08
    ],
    [
      0.14017026126384735,
      0.0729345753788948,
      0.019876016303896904,
      0.003782439511269331,
      0.0005654605338349938,
      7.083292439347133e-05,
      7.744331924186554e-06,
      7.600928597639722e-07,
      6.836274479837812e-08
    ],
    [
      0.15246030688285828,
      0.0781673714518547,
      0.020983736962080002,
      0.003932459745556116,
      0.0005787856644019485,
      7.136155909392983e-05,
      7.677568646613508e-06,
      7.413435128000856e-07,
      6.558338583317891e-08
    ],
    [
      0.11485020816326141,
      0.05801282450556755,
      0.015338446013629436,
      0.002830388257279992,
      0.00041008289554156363,
      4.976062336936593e-05,
      5.267610958981095e-06,
      5.003622050026024e-07,
      4.353572435888964e-08
    ],
    [
      0.06740318983793259,
      0.03353771194815636,
      0.008732403628528118,
      0.001586461323313415,
      0.0002262456837343052,
      2.7015885279979557e-05,
      2.8136926175648114e-06,
      2.628978563734563e-07,
      2.2495866502936224e-08
    ],
    [
      0.032868240028619766,
      0.016107646748423576,
      0.00412973714992404,
      0.0007385863573290408,
      0.00010366532660555094,
      1.2180285921203904e-05,
      1.2479823681132984e-06,
      1.1469008143194515e-07,
      9.650873877831145e-09
    ],
    [
      0.013870488852262497,
      0.006694162730127573,
      0.0016897708410397172,
      0.00029747147345915437,
      4.108836583327502e-05,
      4.749976596940542e-06,
      4.787435727848788e-07,
      4.327105784796004e-08,
      3.5804350595469714e-09
    ],
    [
      0.005209585651755333,
      0.0024757515639066696,
      0.0006152262794785202,
      0.0001065983233274892,
      1.4488661690847948e-05,
      1.647843077989819e-06,
      1.6336453256826644e-07,
      1.4521182478688388e-08,
      1.1814453859670948e-09
    ],
    [
      0.0017774852458387613,
      0.0008316947496496141,
      0.00020344500080682337,
      3.4691529435804114e-05,
      4.639508915715851e-06,
      5.190919409869821e-07,
      5.0616172586614994e-08,
      4.424439037364891e-09,
      3.53932883001562e-10
    ]
  ],
  "probs_results": [
    0.164141446352005,
    0.7590296268463135,
    0.07682930678129196
  ]
}