{
  "skills_mean": [
    [
      0.26769736409187317,
      0.9072542190551758
    ],
    [
      0.7702595591545105,
      1.1051108837127686
    ]
  ],
  "skills_cov": [
    [
      [
        0.024380691349506378,
        0.014571506530046463
      ],
      [
        0.014571506530046463,
        0.028375258669257164
      ]
    ],
    [
      [
        0.01729409769177437,
        0.010680105537176132
      ],
      [
        0.010680105537176132,
        0.026301229372620583
      ]
    ]
  ],
  "probs_grid": [
    [
      0.0793444961309433,
      0.12925654649734497,
      0.10979293286800385,
      0.06482916325330734,
      0.02993232011795044,
      0.011525449343025684,
      0.0038547306321561337,
      0.0011516620870679617,
      0.0003137217427138239
    ],
    [
      0.06769125908613205,
      0.10827353596687317,
      0.09029009193181992,
      0.05233332887291908,
      0.023715995252132416,
      0.008962037973105907,
      0.002941373735666275,
      0.000862286367919296,
      0.00023046683054417372
    ],
    [
      0.030282968655228615,
      0.04754979535937309,
      0.03892000392079353,
      0.022139502689242363,
      0.00984558742493391,
      0.003650700207799673,
      0.001175575889647007,
      0.0003381030692253262,
      8.864878327585757e-05
    ],
    [
      0.009471490047872066,
      0.01459625642746687,
      0.011724341660737991,
      0.006544244475662708,
      0.0028554010204970837,
      0.0010387147776782513,
      0.00032811827259138227,
      9.256712655769661e-05,
      2.380565638304688e-05
    ],
    [
      0.0023297437001019716,
      0.0035230801440775394,
      0.0027766027487814426,
      0.0015204980736598372,
      0.0006508106598630548,
      0.00023222497839014977,
      7.19507661415264e-05,
      1.9907865862478502e-05,
      5.020938715460943e-06
    ],
    [
      0.00048068116302601993,
      0.0007131594466045499,
      0.0005513776559382677,
      0.00029617748805321753,
      0.0001243410079041496,
      4.351394818513654e-05,
      1.3221610061009414e-05,
      3.5873638353223214e-06,
      8.871830345924536e-07
    ],
    [
      8.664688357384875e-05,
      0.00012610340490937233,
      9.56296207732521e-05,
      5.03802984894719e-05,
      2.0742143533425406e-05,
      7.1181416387844365e-06,
      2.120765429936e-06,
      5.641938969347393e-07,
      1.368007218616185e-07
    ],
    [
      1.40341790029197e-05,
      2.0032708562212065e-05,
      1.4898606423230376e-05,
      7.696943612245377e-06,
      3.107299789917306e-06,
      1.0455343044668552e-06,
      3.054074682040664e-07,
      7.965383019836736e-08,
      1.8933750567384777e-08
    ],
    [
      2.0848212898272322e-06,
      2.9183663627918577e-06,
      2.1282746729411883e-06,
      1.078074205906887e-06,
      4.2670811239986506e-07,
      1.4075880017117015e-07,
      4.0307071458300925e-08,
      1.0305045705649718e-08,
      2.4010540222718646e-09
    ]
  ],
  "probs_results": [
    0.23382943868637085,
    0.19413039088249207,
    0.5720402002334595
  ]
}