{
  "skills_mean": [
    [
      -0.00045075683738105,
      0.37714293599128723
    ],
    [
      0.5741598010063171,
      1.1810623407363892
    ]
  ],
  "skills_cov": [
    [
      [
        0.01860835775732994,
        0.009554816409945488
      ],
      [
        0.009554816409945488,
        0.019781634211540222
      ]
    ],
    [
      [
        0.018183894455432892,
        0.011167900636792183
      ],
      [
        0.011167900636792183,
        0.027146585285663605
      ]
    ]
  ],
  "probs_grid": [
    [
      0.053810372948646545,
      0.11970233172178268,
      0.13784156739711761,
      0.10954611748456955,
      0.06758713722229004,
      0.03452766314148903,
      0.015212159603834152,
      0.0059446291998028755,
      0.0021031841170042753
    ],
    [
      0.03313349187374115,
      0.07265910506248474,
      0.08247168362140656,
      0.06459710747003555,
      0.03927614912390709,
      0.019771570339798927,
      0.00858296174556017,
      0.003304526675492525,
      0.0011517781531438231
    ],
    [
      0.010655815713107586,
      0.02303004451096058,
      0.02576025016605854,
      0.019881853833794594,
      0.011910557746887207,
      0.005907004699110985,
      0.0025261121336370707,
      0.0009580387268215418,
      0.0003289064043201506
    ],
    [
      0.0023864132817834616,
      0.00508210388943553,
      0.005600769072771072,
      0.004258578177541494,
      0.002513126004487276,
      0.001227695494890213,
      0.0005171139491721988,
      0.00019315164536237717,
      6.530457176268101e-05
    ],
    [
      0.000418675976106897,
      0.0008783662924543023,
      0.0009535455610603094,
      0.0007141426322050393,
      0.0004150766471866518,
      0.00019969523418694735,
      8.283201168524101e-05,
      3.0466297175735235e-05,
      1.0142623978026677e-05
    ],
    [
      6.137519812909886e-05,
      0.00012682488886639476,
      0.00013559687067754567,
      0.00010000931069953367,
      5.724014408770017e-05,
      2.711622801143676e-05,
      1.1074476788053289e-05,
      4.010369593743235e-06,
      1.3144168633516529e-06
    ],
    [
      7.830644790374208e-06,
      1.5934650946292095e-05,
      1.677603904681746e-05,
      1.2182938007754274e-05,
      6.865254363219719e-06,
      3.2018722322391113e-06,
      1.2873398418378201e-06,
      4.589104776187014e-07,
      1.4805766568315448e-07
    ],
    [
      8.943447369347268e-07,
      1.7918728190124966e-06,
      1.8572997078081244e-06,
      1.3278388450999046e-06,
      7.365891860899865e-07,
      3.3816201039371663e-07,
      1.3382725683186436e-07,
      4.695592181747088e-08,
      1.491030232614321e-08
    ],
    [
      9.333549400025731e-08,
      1.8409177471312432e-07,
      1.8783116217946372e-07,
      1.321796219144744e-07,
      7.216968356260622e-08,
      3.2609420941298595e-08,
      1.2700828833089872e-08,
      4.385600771428244e-09,
      1.3704404278058746e-09
    ]
  ],
  "probs_results": [
    0.15719495713710785,
    0.08354485034942627,
    0.7592601776123047
  ]
}