{
  "skills_mean": [
    [
      0.7703747749328613,
      1.1052764654159546
    ],
    [
      -0.21407712996006012,
      0.4863995611667633
    ]
  ],
  "skills_cov": [
    [
      [
        0.017168035730719566,
        0.010578840970993042
      ],
      [
        0.010578840970993042,
        0.026177840307354927
      ]
    ],
    [
      [
        0.01930592767894268,
        0.009612967260181904
      ],
      [
        0.009612967260181904,
        0.01945275068283081
      ]
    ]
  ],
  "probs_grid": [
    [
      0.04756489768624306,
      0.025673989206552505,
      0.007237073499709368,
      0.0014204290928319097,
      0.00021837386884726584,
      2.804903851938434e-05,
      3.1353301892522722e-06,
      3.1369884823106986e-07,
      2.8677559882339665e-08
    ],
    [
      0.11468953639268875,
      0.061068836599588394,
      0.01697731763124466,
      0.0032855088356882334,
      0.0004979229997843504,
      6.303271948127076e-05,
      6.942719210201176e-06,
      6.843438882242481e-07,
      6.162265009379553e-08
    ],
    [
      0.14296461641788483,
      0.07508689165115356,
      0.02058487944304943,
      0.003927514422684908,
      0.0005867038853466511,
      7.319383439607918e-05,
      7.94338029663777e-06,
      7.71324266679585e-07,
      6.840910771188646e-08
    ],
    [
      0.12282903492450714,
      0.0636252760887146,
      0.017199154943227768,
      0.0032349885441362858,
      0.00047629966866225004,
      5.855389827047475e-05,
      6.260730515350588e-06,
      5.988486577734875e-07,
      5.230952737633743e-08
    ],
    [
      0.08181887865066528,
      0.041795726865530014,
      0.011139417998492718,
      0.002065330045297742,
      0.0002996884286403656,
      3.6302462831372395e-05,
      3.823980023298645e-06,
      3.6028262684340007e-07,
      3.099355794233816e-08
    ],
    [
      0.045068465173244476,
      0.02270183339715004,
      0.0059649585746228695,
      0.001090089906938374,
      0.00015587819507345557,
      1.8604298020363785e-05,
      1.9305396108393325e-06,
      1.7915101580001647e-07,
      1.5177157308698952e-08
    ],
    [
      0.021381864324212074,
      0.010619532316923141,
      0.002750640967860818,
      0.0004954324685968459,
      6.9810776039958e-05,
      8.208935469156131e-06,
      8.391007781938242e-07,
      7.66913430538807e-08,
      6.39796970958173e-09
    ],
    [
      0.008985930122435093,
      0.004400068894028664,
      0.0011234096018597484,
      0.00019941401842515916,
      2.768738158920314e-05,
      3.2074424325401196e-06,
      3.229438050311728e-07,
      2.9069088469668714e-08,
      2.387996911323853e-09
    ],
    [
      0.003414561739191413,
      0.0016482995124533772,
      0.00041479666833765805,
      7.255942182382569e-05,
      9.92622062767623e-06,
      1.1327964557494852e-06,
      1.1234174479568537e-07,
      9.958628588435658e-09,
      8.055502931370029e-10
    ]
  ],
  "probs_results": [
    0.13314715027809143,
    0.8060886859893799,
    0.060764413326978683
  ]
}