{
  "skills_mean": [
    [
      -0.27843618392944336,
      0.36239540576934814
    ],
    [
      -0.21404509246349335,
      0.4863266944885254
    ]
  ],
  "skills_cov": [
    [
      [
        0.023598941043019295,
        0.01134467776864767
      ],
      [
        0.01134467776864767,
        0.02376243658363819
      ]
    ],
    [
      [
        0.01943136937916279,
        0.009714512154459953
      ],
      [
        0.009714512154459953,
        0.019578155130147934
      ]
    ]
  ],
  "probs_grid": [
    [
      0.134443461894989,
      0.14467620849609375,
      0.08109011501073837,
      0.03156168758869171,
      0.009596098214387894,
      0.002430895110592246,
      0.000534402672201395,
      0.0001048576959874481,
      1.8744707631412894e-05
    ],
    [
      0.12120888382196426,
      0.12870682775974274,
      0.07116487622261047,
      0.027317525818943977,
      0.00818946585059166,
      0.0020450728479772806,
      0.0004430993285495788,
      8.567148324800655e-05,
      1.5088192412804347e-05
    ],
    [
      0.0569298192858696,
      0.0596342459321022,
      0.032519225031137466,
      0.012308161705732346,
      0.0036373722832649946,
      0.0008952206699177623,
      0.00019112812879029661,
      3.6406687286216766e-05,
      6.315784958133008e-06
    ],
    [
      0.01857248693704605,
      0.019186707213521004,
      0.010316147468984127,
      0.0038489936850965023,
      0.0011210562661290169,
      0.0002718753239605576,
      5.71852178836707e-05,
      1.072959366865689e-05,
      1.8331578530705883e-06
    ],
    [
      0.004734252113848925,
      0.004822224378585815,
      0.002555850427597761,
      0.0009398242109455168,
      0.0002697262680158019,
      6.444383325288072e-05,
      1.3351644156500697e-05,
      2.4671846858836943e-06,
      4.150672623381979e-07
    ],
    [
      0.0010057366453111172,
      0.0010098195634782314,
      0.0005274813156574965,
      0.0001911212457343936,
      5.4037671361584216e-05,
      1.271716882911278e-05,
      2.5948186248569982e-06,
      4.7213973175530555e-07,
      7.820227665433777e-08
    ],
    [
      0.00018546776846051216,
      0.0001835247385315597,
      9.445869363844395e-05,
      3.371703496668488e-05,
      9.390045306645334e-06,
      2.176307361878571e-06,
      4.37249269680251e-07,
      7.832856141476441e-08,
      1.2771335100580927e-08
    ],
    [
      3.053574982914142e-05,
      2.9772199923172593e-05,
      1.50958121594158e-05,
      5.307475021254504e-06,
      1.4556588894265587e-06,
      3.321995620808593e-07,
      6.571001165411872e-08,
      1.1587382608979624e-08,
      1.8595496253936972e-09
    ],
    [
      4.5817137106496375e-06,
      4.400689704198157e-06,
      2.1977766664349474e-06,
      7.609619387949351e-07,
      2.0550201895730424e-07,
      4.6171468426337015e-08,
      8.990097555283683e-09,
      1.5603411895881436e-09,
      2.4642776708105885e-10
    ]
  ],
  "probs_results": [
    0.2998048663139343,
    0.30229562520980835,
    0.3978995680809021
  ]
}