{
  "skills_mean": [
    [
      0.6083468198776245,
      0.8569215536117554
    ],
    [
      0.22191108763217926,
      0.8032239079475403
    ]
  ],
  "skills_cov": [
    [
      [
        0.01827709563076496,
        0.010891539976000786
      ],
      [
        0.010891539976000786,
        0.02525622397661209
      ]
    ],
    [
      [
        0.02155262790620327,
        0.012725075706839561
      ],
      [
        0.012725075706839561,
        0.028944579884409904
      ]
    ]
  ],
  "probs_grid": [
    [
      0.07214022427797318,
      0.07448158413171768,
      0.04017283394932747,
      0.015091517008841038,
      0.004441883414983749,
      0.001092512160539627,
      0.00023388331464957446,
      4.4820822949986905e-05,
      7.848387213016395e-06
    ],
    [
      0.11146828532218933,
      0.11311100423336029,
      0.059951301664114,
      0.022127987816929817,
      0.006398175843060017,
      0.0015457404078915715,
      0.0003249946457799524,
      6.116076838225126e-05,
      1.0515813301026355e-05
    ],
    [
      0.08993951231241226,
      0.08968677371740341,
      0.046706583350896835,
      0.016936099156737328,
      0.004810160491615534,
      0.0011413423344492912,
      0.00023565650917589664,
      4.354632619651966e-05,
      7.3510987022018526e-06
    ],
    [
      0.05051959678530693,
      0.04950043931603432,
      0.025325901806354523,
      0.00902080349624157,
      0.002516397275030613,
      0.0005863673286512494,
      0.00011888239532709122,
      2.156889058824163e-05,
      3.5745699733524816e-06
    ],
    [
      0.022221639752388,
      0.02139182947576046,
      0.010751386173069477,
      0.0037613767199218273,
      0.0010304528987035155,
      0.00023578418768011034,
      4.693650043918751e-05,
      8.360361789527815e-06,
      1.3601406863017473e-06
    ],
    [
      0.008163364604115486,
      0.0077200401574373245,
      0.003811142174527049,
      0.0013094856403768063,
      0.0003522837068885565,
      7.914809975773096e-05,
      1.5468644050997682e-05,
      2.7048265565099427e-06,
      4.3194793875045434e-07
    ],
    [
      0.002608597045764327,
      0.0024232377763837576,
      0.001174933509901166,
      0.00039644850767217577,
      0.00010472638678038493,
      2.3101190890884027e-05,
      4.432331024872838e-06,
      7.607889074279228e-07,
      1.1925125420475524e-07
    ],
    [
      0.0007456957828253508,
      0.0006803831784054637,
      0.00032398043549619615,
      0.0001073467283276841,
      2.784236494335346e-05,
      6.029575615684735e-06,
      1.1356494269421091e-06,
      1.9133582895847212e-07,
      2.9435970105851084e-08
    ],
    [
      0.00019463598437141627,
      0.00017441590898670256,
      8.155859541147947e-05,
      2.653434239618946e-05,
      6.756899892934598e-06,
      1.4365006109073875e-06,
      2.655827984199277e-07,
      4.391877084231055e-08,
      6.631241777910191e-09
    ]
  ],
  "probs_results": [
    0.24213045835494995,
    0.5051106810569763,
    0.2527589797973633
  ]
}