{
  "skills_mean": [
    [
      0.28057387471199036,
      0.9544597268104553
    ],
    [
      -0.24656476080417633,
      0.4853278696537018
    ]
  ],
  "skills_cov": [
    [
      [
        0.018454914912581444,
        0.010699545033276081
      ],
      [
        0.010699545033276081,
        0.025787368416786194
      ]
    ],
    [
      [
        0.02128957398235798,
        0.011221802793443203
      ],
      [
        0.011221802793443203,
        0.02307448908686638
      ]
    ]
  ],
  "probs_grid": [
    [
      0.11482493579387665,
      0.06851822137832642,
      0.021386051550507545,
      0.004655092488974333,
      0.0007949336431920528,
      0.00011359101335983723,
      1.4147270121611655e-05,
      1.5795250192240928e-06,
      1.6137424552198354e-07
    ],
    [
      0.174981489777565,
      0.10300345718860626,
      0.03170384094119072,
      0.006802987307310104,
      0.0011448673903942108,
      0.00016117285122163594,
      1.9770714061451145e-05,
      2.173518169001909e-06,
      2.185998511095022e-07
    ],
    [
      0.13859160244464874,
      0.08046027272939682,
      0.024416372179985046,
      0.00516382185742259,
      0.0008562469156458974,
      0.00011873677431140095,
      1.4343309885589406e-05,
      1.5524389027632424e-06,
      1.536818103886617e-07
    ],
    [
      0.07606255263090134,
      0.04354133829474449,
      0.013024183921515942,
      0.0027143112383782864,
      0.00044338725274428725,
      6.055483390809968e-05,
      7.2024777182377875e-06,
      7.673825166421011e-07,
      7.476288033103629e-08
    ],
    [
      0.032539237290620804,
      0.018362490460276604,
      0.005413074046373367,
      0.0011114595690742135,
      0.00017883018881548196,
      2.405023406026885e-05,
      2.8161780392110813e-06,
      2.9532355938499677e-07,
      2.8313021260828464e-08
    ],
    [
      0.011572667397558689,
      0.006436708848923445,
      0.0018696474144235253,
      0.00037816030089743435,
      5.99209415668156e-05,
      7.934270797704812e-06,
      9.145292096945923e-07,
      9.43822300314423e-08,
      8.903128012605066e-09
    ],
    [
      0.003563981968909502,
      0.0019533950835466385,
      0.0005589767242781818,
      0.00011135427484987304,
      1.737404818413779e-05,
      2.264748900415725e-06,
      2.5692443728075887e-07,
      2.609168880951529e-08,
      2.4214310556658347e-09
    ],
    [
      0.0009774713544175029,
      0.0005278447642922401,
      0.0001487807894591242,
      2.9187151085352525e-05,
      4.4834951040684246e-06,
      5.75268529701134e-07,
      6.422432363706321e-08,
      6.417301801064923e-09,
      5.85862747204402e-10
    ],
    [
      0.0002436962677165866,
      0.00012963631888851523,
      3.598639523261227e-05,
      6.951097930141259e-06,
      1.0511208756724955e-06,
      1.3273614740683115e-07,
      1.4581861940143881e-08,
      1.433432816888569e-09,
      1.2872206078817783e-10
    ]
  ],
  "probs_results": [
    0.2451760619878769,
    0.6127927303314209,
    0.1420312523841858
  ]
}