{
  "skills_mean": [
    [
      -0.295453280210495,
      0.06976407021284103
    ],
    [
      0.11040495336055756,
      0.7164895534515381
    ]
  ],
  "skills_cov": [
    [
      [
        0.02128761261701584,
        0.009700251743197441
      ],
      [
        0.009700251743197441,
        0.021444635465741158
      ]
    ],
    [
      [
        0.019580019637942314,
        0.010270380415022373
      ],
      [
        0.010270380415022373,
        0.023048818111419678
      ]
    ]
  ],
  "probs_grid": [
    [
      0.06672649085521698,
      0.12807434797286987,
      0.12763391435146332,
      0.08804474025964737,
      0.047291260212659836,
      0.02109495922923088,
      0.008139084093272686,
      0.0027935486286878586,
      0.0008706084918230772
    ],
    [
      0.04808736965060234,
      0.09104235470294952,
      0.08948168158531189,
      0.06086960807442665,
      0.032236892729997635,
      0.014176737517118454,
      0.005392033141106367,
      0.0018241890938952565,
      0.0005603177705779672
    ],
    [
      0.018075233325362206,
      0.033748142421245575,
      0.03270667418837547,
      0.02193540520966053,
      0.01145227625966072,
      0.004964343272149563,
      0.0018609842518344522,
      0.000620475912000984,
      0.00018780957907438278
    ],
    [
      0.004724714905023575,
      0.008697706274688244,
      0.008310018107295036,
      0.005493794102221727,
      0.0028270466718822718,
      0.0012077459832653403,
      0.000446158490376547,
      0.0001465777022531256,
      4.371430622995831e-05
    ],
    [
      0.0009661330841481686,
      0.001753251883201301,
      0.0016510902205482125,
      0.0010757828131318092,
      0.0005455398932099342,
      0.0002296518796356395,
      8.358880586456507e-05,
      2.7055661121266894e-05,
      7.949031896714587e-06
    ],
    [
      0.00016484475054312497,
      0.00029483542311936617,
      0.00027362655964680016,
      0.0001756798301357776,
      8.777972107054666e-05,
      3.640591603470966e-05,
      1.3054203009232879e-05,
      4.162258846918121e-06,
      1.2045518360537244e-06
    ],
    [
      2.4445182134513743e-05,
      4.3084346543764696e-05,
      3.939829548471607e-05,
      2.4921935619204305e-05,
      1.2267541023902595e-05,
      5.011934717913391e-06,
      1.7701993328955723e-06,
      5.559181204262131e-07,
      1.5844955214561196e-07
    ],
    [
      3.240435034967959e-06,
      5.6270255299750715e-06,
      5.0692974582489114e-06,
      3.1588303954777075e-06,
      1.531590783088177e-06,
      6.163103876133391e-07,
      2.1438610531276936e-07,
      6.630386195638494e-08,
      1.861009835124605e-08
    ],
    [
      3.919515734196466e-07,
      6.704867701046169e-07,
      5.949836463514657e-07,
      3.651703366358561e-07,
      1.7437837129818945e-07,
      6.910374850122025e-08,
      2.3671388404977733e-08,
      7.208853958218242e-09,
      1.9922949956452385e-09
    ]
  ],
  "probs_results": [
    0.19668014347553253,
    0.12834002077579498,
    0.6749799251556396
  ]
}