{
  "skills_mean": [
    [
      0.5644389986991882,
      1.1604893207550049
    ],
    [
      -0.17910227179527283,
      0.42534539103507996
    ]
  ],
  "skills_cov": [
    [
      [
        0.01998128928244114,
        0.011185022071003914
      ],
      [
        0.011185022071003914,
        0.025676101446151733
      ]
    ],
    [
      [
        0.023200497031211853,
        0.011017907410860062
      ],
      [
        0.011017907410860062,
        0.021998560056090355
      ]
    ]
  ],
  "probs_grid": [
    [
      0.06694865971803665,
      0.035347260534763336,
      0.009777414612472057,
      0.0018891551299020648,
      0.00028682706761173904,
      3.6499717680271715e-05,
      4.054921646456933e-06,
      4.044927095492312e-07,
      3.698320583112036e-08
    ],
    [
      0.14017027616500854,
      0.07293456047773361,
      0.019876006990671158,
      0.0037824364844709635,
      0.0005654598353430629,
      7.083279342623428e-05,
      7.744311915303115e-06,
      7.600904723403801e-07,
      6.836248189756589e-08
    ],
    [
      0.15246033668518066,
      0.0781673789024353,
      0.020983735099434853,
      0.003932458348572254,
      0.0005787851987406611,
      7.1361442678608e-05,
      7.677551366214175e-06,
      7.413414095935877e-07,
      6.558315135407611e-08
    ],
    [
      0.11485021561384201,
      0.05801282450556755,
      0.015338444150984287,
      0.002830387093126774,
      0.0004100825753994286,
      4.976056516170502e-05,
      5.267601409286726e-06,
      5.003609544473875e-07,
      4.353557869762881e-08
    ],
    [
      0.06740319728851318,
      0.03353771194815636,
      0.008732402697205544,
      0.001586460741236806,
      0.00022624556731898338,
      2.7015859814127907e-05,
      2.813688297464978e-06,
      2.628972879392677e-07,
      2.2495804330446845e-08
    ],
    [
      0.03286823630332947,
      0.016107644885778427,
      0.0041297366842627525,
      0.0007385860662907362,
      0.0001036652538459748,
      1.218027409777278e-05,
      1.2479806628107326e-06,
      1.1468983984741499e-07,
      9.650850785192233e-09
    ],
    [
      0.01387048326432705,
      0.0066941590048372746,
      0.0016897700261324644,
      0.0002974713279400021,
      4.108832581550814e-05,
      4.74997068522498e-06,
      4.787428338204336e-07,
      4.327096547740439e-08,
      3.5804263998073793e-09
    ],
    [
      0.0052095819264650345,
      0.002475749934092164,
      0.0006152259884402156,
      0.00010659826511982828,
      1.4488650776911527e-05,
      1.6478413726872532e-06,
      1.63364305194591e-07,
      1.4521155833335797e-08,
      1.1814426104095332e-09
    ],
    [
      0.0017774830339476466,
      0.0008316938765347004,
      0.00020344484073575586,
      3.469149669399485e-05,
      4.63950345874764e-06,
      5.190912020225369e-07,
      5.0616080216059345e-08,
      4.424429711491484e-09,
      3.539319670675667e-10
    ]
  ],
  "probs_results": [
    0.16414141654968262,
    0.7590296864509583,
    0.07682926207780838
  ]
}