{
  "skills_mean": [
    [
      0.5158234238624573,
      0.8228051662445068
    ],
    [
      0.3647613525390625,
      0.6707950234413147
    ]
  ],
  "skills_cov": [
    [
      [
        0.01908094435930252,
        0.010270352475345135
      ],
      [
        0.010270352475345135,
        0.022371849045157433
      ]
    ],
    [
      [
        0.015586020424962044,
        0.008356169797480106
      ],
      [
        0.008356169797480106,
        0.021204352378845215
      ]
    ]
  ],
  "probs_grid": [
    [
      0.05575317144393921,
      0.068121537566185,
      0.043131399899721146,
      0.01886747032403946,
      0.006414676085114479,
      0.001807927037589252,
      0.0004399831232149154,
      9.509307710686699e-05,
      1.863151373981964e-05
    ],
    [
      0.08995288610458374,
      0.10840781778097153,
      0.06769440323114395,
      0.02920185588300228,
      0.009789622388780117,
      0.0027203576173633337,
      0.0006526742945425212,
      0.00013905558444093913,
      2.685546496650204e-05
    ],
    [
      0.07533018290996552,
      0.08953658491373062,
      0.05513571947813034,
      0.023452429100871086,
      0.007751743774861097,
      0.002123619429767132,
      0.0005022587720304728,
      0.00010547883721301332,
      2.0078101442777552e-05
    ],
    [
      0.04365503042936325,
      0.05116935074329376,
      0.031070120632648468,
      0.01303037814795971,
      0.00424608401954174,
      0.0011466970900073647,
      0.0002673296257853508,
      5.533493822440505e-05,
      1.0381024367234204e-05
    ],
    [
      0.019693661481142044,
      0.022761821746826172,
      0.01362710539251566,
      0.005634321365505457,
      0.0018099200678989291,
      0.0004818037850782275,
      0.00011070974142057821,
      2.2585189071833156e-05,
      4.175609319645446e-06
    ],
    [
      0.007376246619969606,
      0.00840590987354517,
      0.004961466882377863,
      0.002022269880399108,
      0.0006403420120477676,
      0.00016801338642835617,
      3.8049445720389485e-05,
      7.64969900046708e-06,
      1.3937026324128965e-06
    ],
    [
      0.002389186294749379,
      0.002684319391846657,
      0.001561911660246551,
      0.0006275467458181083,
      0.00019585969857871532,
      5.064894139650278e-05,
      1.1304138752166182e-05,
      2.239580453533563e-06,
      4.020666040105425e-07
    ],
    [
      0.0006882776506245136,
      0.0007623454439453781,
      0.0004372616240289062,
      0.0001731663360260427,
      5.326744940248318e-05,
      1.3575481716543436e-05,
      2.985799028465408e-06,
      5.829078872920945e-07,
      1.031133152196162e-07
    ],
    [
      0.00018000694399233907,
      0.00019654075731523335,
      0.00011111748608527705,
      4.3372190702939406e-05,
      1.3148759535397403e-05,
      3.3023482046701247e-06,
      7.157213985919952e-07,
      1.376804448227631e-07,
      2.399664111862876e-08
    ]
  ],
  "probs_results": [
    0.23436032235622406,
    0.4761141538619995,
    0.2895256578922272
  ]
}