{
  "skills_mean": [
    [
      0.5859668254852295,
      0.9963482618331909
    ],
    [
      0.30760127305984497,
      0.45442190766334534
    ]
  ],
  "skills_cov": [
    [
      [
        0.0187905915081501,
        0.011412401683628559
      ],
      [
        0.011412401683628559,
        0.02587403915822506
      ]
    ],
    [
      [
        0.02110082469880581,
        0.010938117280602455
      ],
      [
        0.010938117280602455,
        0.022690102458000183
      ]
    ]
  ],
  "probs_grid": [
    [
      0.042102694511413574,
      0.04170478880405426,
      0.021583007648587227,
      0.007780301850289106,
      0.0021976458374410868,
      0.0005187865463085473,
      0.0001066058175638318,
      1.9612380128819495e-05,
      3.297245712019503e-06
    ],
    [
      0.08844323456287384,
      0.08614569902420044,
      0.043832361698150635,
      0.015533167868852615,
      0.00431271456182003,
      0.001000607735477388,
      0.00020206642511766404,
      3.6529312637867406e-05,
      6.03424132350483e-06
    ],
    [
      0.09645862132310867,
      0.09237940609455109,
      0.046211015433073044,
      0.0160977840423584,
      0.004393024370074272,
      0.001001699478365481,
      0.00019878605962730944,
      3.53111136064399e-05,
      5.731062628910877e-06
    ],
    [
      0.0728166326880455,
      0.06856527179479599,
      0.033717796206474304,
      0.011545533314347267,
      0.0030966855119913816,
      0.0006939246668480337,
      0.00013531962758861482,
      2.3618262275704183e-05,
      3.7661498026864138e-06
    ],
    [
      0.04279926419258118,
      0.03962109237909317,
      0.01915338821709156,
      0.006446353625506163,
      0.001699280459433794,
      0.0003742004046216607,
      7.170287426561117e-05,
      1.2296180102566723e-05,
      1.9263345620856853e-06
    ],
    [
      0.020889878273010254,
      0.019011763855814934,
      0.00903413351625204,
      0.0029884884133934975,
      0.0007742012967355549,
      0.00016753378440625966,
      3.154311707476154e-05,
      5.314614554663422e-06,
      8.179614496839349e-07
    ],
    [
      0.008818713948130608,
      0.007889881730079651,
      0.003685213392600417,
      0.001198145910166204,
      0.0003050348022952676,
      6.486260099336505e-05,
      1.199925463879481e-05,
      1.986294137168443e-06,
      3.003269171131251e-07
    ],
    [
      0.003311500186100602,
      0.002912413328886032,
      0.0013370886445045471,
      0.000427243736339733,
      0.00010689104965422302,
      2.233427221653983e-05,
      4.059570528625045e-06,
      6.602107873732166e-07,
      9.806493039832276e-08
    ],
    [
      0.0011290013790130615,
      0.0009760514949448407,
      0.00044043580419383943,
      0.00013831094838678837,
      3.400466448510997e-05,
      6.981455499044387e-06,
      1.2467920669223531e-06,
      1.9920585714316985e-07,
      2.9067518170222684e-08
    ]
  ],
  "probs_results": [
    0.1881069839000702,
    0.6466741561889648,
    0.16521881520748138
  ]
}