{
  "skills_mean": [
    [
      0.3324006497859955,
      0.9007042646408081
    ],
    [
      0.23846033215522766,
      0.7017746567726135
    ]
  ],
  "skills_cov": [
    [
      [
        0.01810276508331299,
        0.009771077893674374
      ],
      [
        0.009771077893674374,
        0.02042720839381218
      ]
    ],
    [
      [
        0.02021799050271511,
        0.011772146448493004
      ],
      [
        0.011772146448493004,
        0.025678308680653572
      ]
    ]
  ],
  "probs_grid": [
    [
      0.0952695906162262,
      0.09540540724992752,
      0.04964453727006912,
      0.01789642684161663,
      0.005027912091463804,
      0.001174194272607565,
      0.00023742493067402393,
      4.275195533409715e-05,
      6.997723630774999e-06
    ],
    [
      0.12505677342414856,
      0.1233564019203186,
      0.06321486085653305,
      0.02243885025382042,
      0.006206393241882324,
      0.0014267358928918839,
      0.00028393580578267574,
      5.03131486766506e-05,
      8.10323854238959e-06
    ],
    [
      0.0855068564414978,
      0.0830642580986023,
      0.04191390052437782,
      0.014647279866039753,
      0.0039879335090518,
      0.0009022824233397841,
      0.000176705711055547,
      3.08097260131035e-05,
      4.8818924369697925e-06
    ],
    [
      0.040600989013910294,
      0.038836151361465454,
      0.0192929245531559,
      0.006636663805693388,
      0.0017784095834940672,
      0.0003959663154091686,
      7.630316395079717e-05,
      1.3088900232105516e-05,
      2.0402201243996387e-06
    ],
    [
      0.015060078352689743,
      0.014182262122631073,
      0.006935237441211939,
      0.002348038600757718,
      0.0006191849824972451,
      0.00013565138215199113,
      2.5717748940223828e-05,
      4.3397767512942664e-06,
      6.653763762187737e-07
    ],
    [
      0.00465436140075326,
      0.0043145352974534035,
      0.002076557604596019,
      0.0006918679573573172,
      0.0001795219723135233,
      3.8694372051395476e-05,
      7.2165885285357945e-06,
      1.1978264637946268e-06,
      1.8062412721064902e-07
    ],
    [
      0.0012483063619583845,
      0.0011389164719730616,
      0.0005394361214712262,
      0.00017684856720734388,
      4.5146618504077196e-05,
      9.572677299729548e-06,
      1.756093183757912e-06,
      2.8667739115917357e-07,
      4.251242913255737e-08
    ],
    [
      0.00029881391674280167,
      0.00026829561102204025,
      0.00012503971811383963,
      4.033133154734969e-05,
      1.012857501336839e-05,
      2.1124685645190766e-06,
      3.811463784586522e-07,
      6.119012851968364e-08,
      8.922886429729715e-09
    ],
    [
      6.516410212498158e-05,
      5.7572156947571784e-05,
      2.639885678945575e-05,
      8.37658535601804e-06,
      2.0692425550805638e-06,
      4.244684816967492e-07,
      7.531735235488668e-08,
      1.1890232798350553e-08,
      1.7048262801466763e-09
    ]
  ],
  "probs_results": [
    0.2678479850292206,
    0.4468834698200226,
    0.2852683663368225
  ]
}