{
  "skills_mean": [
    [
      0.5967305898666382,
      1.1758710145950317
    ],
    [
      0.7217454314231873,
      1.31612229347229
    ]
  ],
  "skills_cov": [
    [
      [
        0.01664167083799839,
        0.009790001437067986
      ],
      [
        0.009790001437067986,
        0.02516402117908001
      ]
    ],
    [
      [
        0.01601538620889187,
        0.009805682115256786
      ],
      [
        0.009805682115256786,
        0.026189567521214485
      ]
    ]
  ],
  "probs_grid": [
    [
      0.11227405816316605,
      0.1358756124973297,
      0.08547566086053848,
      0.03726421296596527,
      0.01266514416784048,
      0.003579267766326666,
      0.0008760687196627259,
      0.00019100408826489002,
      3.786394518101588e-05
    ],
    [
      0.10585733503103256,
      0.12647928297519684,
      0.0785350427031517,
      0.03378836065530777,
      0.011330693028867245,
      0.0031588764395564795,
      0.0007625969010405242,
      0.00016396371938753873,
      3.20490071317181e-05
    ],
    [
      0.051976751536130905,
      0.0612969696521759,
      0.03756017982959747,
      0.015943842008709908,
      0.00527431583032012,
      0.001450282521545887,
      0.00034526761737652123,
      7.319542055483907e-05,
      1.4104712136031594e-05
    ],
    [
      0.01771971397101879,
      0.02062145248055458,
      0.012466901913285255,
      0.005220326595008373,
      0.0017032264731824398,
      0.0004618390230461955,
      0.00010840775939868763,
      2.26565680350177e-05,
      4.303501100366702e-06
    ],
    [
      0.004718339070677757,
      0.005417392123490572,
      0.003230670467019081,
      0.0013342060847207904,
      0.0004292592639103532,
      0.00011476130021037534,
      2.6555946533335373e-05,
      5.47058834854397e-06,
      1.0241088830298395e-06
    ],
    [
      0.0010466608218848705,
      0.0011853812029585242,
      0.0006971722468733788,
      0.00028391083469614387,
      9.00588565855287e-05,
      2.373503230046481e-05,
      5.4135980462888256e-06,
      1.0990902410412673e-06,
      2.027540375593162e-07
    ],
    [
      0.00020146809401921928,
      0.00022502244974020869,
      0.00013049953849986196,
      5.2394851081771776e-05,
      1.6383652109652758e-05,
      4.2559249777696095e-06,
      9.566570042807143e-07,
      1.913898444172446e-07,
      3.4787401403946205e-08
    ],
    [
      3.460940206423402e-05,
      3.8115616916911677e-05,
      2.179278999392409e-05,
      8.625012014817912e-06,
      2.6582283680909313e-06,
      6.805070142945624e-07,
      1.5073042902713496e-07,
      2.971131429774232e-08,
      5.320315299428557e-09
    ],
    [
      5.416171916294843e-06,
      5.880537173652556e-06,
      3.3142350730486214e-06,
      1.2927991974720499e-06,
      3.9265543705369055e-07,
      9.90488473462392e-08,
      2.161558754210091e-08,
      4.1975085629530895e-09,
      7.404023505408475e-10
    ]
  ],
  "probs_results": [
    0.28199446201324463,
    0.2887028157711029,
    0.42930275201797485
  ]
}