{
  "skills_mean": [
    [
      0.3869107663631439,
      0.741100013256073
    ],
    [
      -0.19815772771835327,
      0.3789167106151581
    ]
  ],
  "skills_cov": [
    [
      [
        0.019939124584197998,
        0.01131435390561819
      ],
      [
        0.01131435390561819,
        0.024082286283373833
      ]
    ],
    [
      [
        0.02408086694777012,
        0.012149208225309849
      ],
      [
        0.012149208225309849,
        0.02396809495985508
      ]
    ]
  ],
  "probs_grid": [
    [
      0.06704790145158768,
      0.052041810005903244,
      0.021137120202183723,
      0.0059893145225942135,
      0.0013318985002115369,
      0.0002479286049492657,
      4.023836663691327e-05,
      5.856174539076164e-06,
      7.801320407452295e-07
    ],
    [
      0.12481321394443512,
      0.09526050835847855,
      0.03803648799657822,
      0.010593496263027191,
      0.002315051853656769,
      0.0004234157095197588,
      6.750885950168595e-05,
      9.650456377130467e-06,
      1.262563387172122e-06
    ],
    [
      0.12092939764261246,
      0.09074372798204422,
      0.03561630845069885,
      0.009748796932399273,
      0.002093423157930374,
      0.00037616246845573187,
      5.891326145501807e-05,
      8.271415026683826e-06,
      1.0626863513607532e-06
    ],
    [
      0.08129913359880447,
      0.059972867369651794,
      0.023135941475629807,
      0.00622314540669322,
      0.0013129925355315208,
      0.00023177005641628057,
      3.5653760278364643e-05,
      4.916098987450823e-06,
      6.202062650118023e-07
    ],
    [
      0.04266015440225601,
      0.030933570116758347,
      0.011727922596037388,
      0.003099750727415085,
      0.0006425256142392755,
      0.00011141118739033118,
      1.6832806068123318e-05,
      2.2792514755565207e-06,
      2.8233998250470904e-07
    ],
    [
      0.018634315580129623,
      0.013280656188726425,
      0.004948022309690714,
      0.001284947618842125,
      0.0002616544079501182,
      4.456355964066461e-05,
      6.612416655116249e-06,
      8.79205572346109e-07,
      1.0693280927398519e-07
    ],
    [
      0.007057170383632183,
      0.00494308490306139,
      0.0018096615094691515,
      0.0004617083177436143,
      9.235491597792134e-05,
      1.5448957128683105e-05,
      2.25116241381329e-06,
      2.939061687357025e-07,
      3.5095226280645875e-08
    ],
    [
      0.0023831361904740334,
      0.00164038164075464,
      0.0005900657852180302,
      0.00014789697888772935,
      2.9058663130854256e-05,
      4.773948603542522e-06,
      6.831101018178742e-07,
      8.756762071016055e-08,
      1.0265570615786146e-08
    ],
    [
      0.0007324246107600629,
      0.0004954013857059181,
      0.00017508232849650085,
      4.3108666432090104e-05,
      8.31920715427259e-06,
      1.3422261417872505e-06,
      1.8859267925108725e-07,
      2.3736189902479055e-08,
      2.7317068607146666e-09
    ]
  ],
  "probs_results": [
    0.20495066046714783,
    0.6487154364585876,
    0.14633408188819885
  ]
}