{
  "skills_mean": [
    [
      -0.21491514146327972,
      0.4661709666252136
    ],
    [
      0.23841743171215057,
      0.7016484141349792
    ]
  ],
  "skills_cov": [
    [
      [
        0.021281205117702484,
        0.011522159911692142
      ],
      [
        0.011522159911692142,
        0.024930140003561974
      ]
    ],
    [
      [
        0.020368356257677078,
        0.011893300339579582
      ],
      [
        0.011893300339579582,
        0.025826701894402504
      ]
    ]
  ],
  "probs_grid": [
    [
      0.09776774048805237,
      0.1459825038909912,
      0.11365777999162674,
      0.061515167355537415,
      0.02603474073112011,
      0.009189455769956112,
      0.0028175218030810356,
      0.0007717299740761518,
      0.0001927447592606768
    ],
    [
      0.07694601267576218,
      0.11305179446935654,
      0.08659251779317856,
      0.046099040657281876,
      0.01918760873377323,
      0.006659622769802809,
      0.0020075151696801186,
      0.0005405463743954897,
      0.00013270119961816818
    ],
    [
      0.031662072986364365,
      0.04576239362359047,
      0.03447577729821205,
      0.018049173057079315,
      0.0073867300525307655,
      0.0025204946286976337,
      0.000746867386624217,
      0.00019765777688007802,
      4.768750659422949e-05
    ],
    [
      0.009081714786589146,
      0.012909622862935066,
      0.009563674218952656,
      0.004922752734273672,
      0.001980530796572566,
      0.0006642586085945368,
      0.0001934478641487658,
      5.031011096434668e-05,
      1.1926756087632384e-05
    ],
    [
      0.0020426602568477392,
      0.002855106024071574,
      0.002079448662698269,
      0.0010521679650992155,
      0.0004160591051913798,
      0.000137136725243181,
      3.924413977074437e-05,
      1.0028019460150972e-05,
      2.3355521534540458e-06
    ],
    [
      0.00038425877573899925,
      0.0005280075129121542,
      0.0003780027909670025,
      0.00018797647499013692,
      7.30452302377671e-05,
      2.36570012930315e-05,
      6.6512579905975144e-06,
      1.6696471902832855e-06,
      3.819804419435968e-07
    ],
    [
      6.297205982264131e-05,
      8.504905417794362e-05,
      5.983740265946835e-05,
      2.9239916329970583e-05,
      1.1163736417074688e-05,
      3.5520245091902325e-06,
      9.81014636636246e-07,
      2.418870792553207e-07,
      5.435119376784314e-08
    ],
    [
      9.246371519111563e-06,
      1.2272095773369074e-05,
      8.483876626996789e-06,
      4.073053332831478e-06,
      1.527668700873619e-06,
      4.774498734150256e-07,
      1.2951484507084388e-07,
      3.136257120672781e-08,
      6.920367834339913e-09
    ],
    [
      1.241693894371565e-06,
      1.6192476550713764e-06,
      1.0997401886925218e-06,
      5.186450380278984e-07,
      1.910688212092282e-07,
      5.8648684131412665e-08,
      1.5623639271211687e-08,
      3.715110441504521e-09,
      8.049236277507532e-10
    ]
  ],
  "probs_results": [
    0.25068745017051697,
    0.19582130014896393,
    0.5534912943840027
  ]
}