{
  "skills_mean": [
    [
      -0.2494634985923767,
      0.3713997006416321
    ],
    [
      -0.23610864579677582,
      0.45625635981559753
    ]
  ],
  "skills_cov": [
    [
      [
        0.023210180923342705,
        0.010872122831642628
      ],
      [
        0.010872122831642628,
        0.022913068532943726
      ]
    ],
    [
      [
        0.019155394285917282,
        0.009286601096391678
      ],
      [
        0.009286601096391678,
        0.01876835711300373
      ]
    ]
  ],
  "probs_grid": [
    [
      0.13165457546710968,
      0.1376497596502304,
      0.07488769292831421,
      0.028265153989195824,
      0.008325738832354546,
      0.0020413734018802643,
      0.0004339583101682365,
      8.226242061937228e-05,
      1.4193968127074186e-05
    ],
    [
      0.12550489604473114,
      0.12956491112709045,
      0.06958183646202087,
      0.025918127968907356,
      0.007532521616667509,
      0.0018218392506241798,
      0.00038195744855329394,
      7.139419176382944e-05,
      1.214451822306728e-05
    ],
    [
      0.062258295714855194,
      0.06344478577375412,
      0.03362564742565155,
      0.012357892468571663,
      0.0035428418777883053,
      0.0008450892637483776,
      0.00017470456077717245,
      3.2193540391745046e-05,
      5.397931090556085e-06
    ],
    [
      0.021426936611533165,
      0.021548714488744736,
      0.011268344707787037,
      0.004085111897438765,
      0.0011550277704373002,
      0.0002716690069064498,
      5.5367992899846286e-05,
      1.0056929568236228e-05,
      1.6618596418993548e-06
    ],
    [
      0.005755402147769928,
      0.005710793659090996,
      0.0029457949567586184,
      0.0010532350279390812,
      0.00029363593785092235,
      6.808844773331657e-05,
      1.3678336472366937e-05,
      2.4485575522703584e-06,
      3.986968124536361e-07
    ],
    [
      0.0012869024649262428,
      0.0012595878215506673,
      0.0006407808396033943,
      0.00022590458684135228,
      6.209028651937842e-05,
      1.4191481568559539e-05,
      2.8096810638089664e-06,
      4.956050929649791e-07,
      7.950736602424513e-08
    ],
    [
      0.0002494994841981679,
      0.00024083646712824702,
      0.00012080689339200035,
      4.198734677629545e-05,
      1.137508479587268e-05,
      2.5622762223065365e-06,
      4.998684062229586e-07,
      8.687040775612331e-08,
      1.3728421066616647e-08
    ],
    [
      4.3137348257005215e-05,
      4.1057162889046595e-05,
      2.0303243218222633e-05,
      6.955452590773348e-06,
      1.8570600559542072e-06,
      4.121880863294791e-07,
      7.922466238596826e-08,
      1.3562884149109777e-08,
      2.1111508097249043e-09
    ],
    [
      6.789244253013749e-06,
      6.370275059452979e-06,
      3.1050105917529436e-06,
      1.0482965535629774e-06,
      2.757905406269856e-07,
      6.030889920793925e-08,
      1.141877525867585e-08,
      1.9254313698979786e-09,
      2.9516053490219463e-10
    ]
  ],
  "probs_results": [
    0.29924172163009644,
    0.3251943290233612,
    0.3755638301372528
  ]
}