{
  "skills_mean": [
    [
      0.19712775945663452,
      0.616119384765625
    ],
    [
      0.6693979501724243,
      1.1095616817474365
    ]
  ],
  "skills_cov": [
    [
      [
        0.02216247469186783,
        0.011051138862967491
      ],
      [
        0.011051138862967491,
        0.022159721702337265
      ]
    ],
    [
      [
        0.019728533923625946,
        0.011395917274057865
      ],
      [
        0.011395917274057865,
        0.026738177984952927
      ]
    ]
  ],
  "probs_grid": [
    [
      0.06020062044262886,
      0.11713815480470657,
      0.11841282993555069,
      0.08290740102529526,
      0.04522594064474106,
      0.02050020545721054,
      0.008042342960834503,
      0.002808288438245654,
      0.0008909138268791139
    ],
    [
      0.04793896526098251,
      0.09178159385919571,
      0.09128064662218094,
      0.06287147104740143,
      0.03373551368713379,
      0.015040488913655281,
      0.005803057923913002,
      0.0019927681423723698,
      0.0006216767942532897
    ],
    [
      0.01998915895819664,
      0.037648096680641174,
      0.03683023527264595,
      0.024950411170721054,
      0.013166604563593864,
      0.005772669333964586,
      0.0021901309955865145,
      0.0007395045831799507,
      0.0002268270472995937
    ],
    [
      0.005818736273795366,
      0.010778913274407387,
      0.01037039514631033,
      0.006908613722771406,
      0.0035848848056048155,
      0.0015453826636075974,
      0.0005764465895481408,
      0.00019135262118652463,
      5.769936615251936e-05
    ],
    [
      0.0013301832368597388,
      0.0024231411516666412,
      0.0022923611104488373,
      0.0015015112003311515,
      0.0007660060655325651,
      0.00032462654053233564,
      0.00011903431004611775,
      3.884096076944843e-05,
      1.1511937373143155e-05
    ],
    [
      0.0002547056647017598,
      0.0004561985842883587,
      0.00042429950553923845,
      0.00027321273228153586,
      0.00013701202988158911,
      5.70740012335591e-05,
      2.0569845219142735e-05,
      6.596787443413632e-06,
      1.921567672980018e-06
    ],
    [
      4.255044404999353e-05,
      7.49203099985607e-05,
      6.849619967397302e-05,
      4.335254561738111e-05,
      2.1368072339100763e-05,
      8.748115760681685e-06,
      3.098522938671522e-06,
      9.765266213435098e-07,
      2.795236753172503e-07
    ],
    [
      6.378312718879897e-06,
      1.1038694538001437e-05,
      9.919107469613664e-06,
      6.1699465732090175e-06,
      2.988607775478158e-06,
      1.2023517683701357e-06,
      4.1847167153719056e-07,
      1.2958997785972315e-07,
      3.644740687036574e-08
    ],
    [
      8.757097589295881e-07,
      1.4894648074914585e-06,
      1.3152720157449949e-06,
      8.039525027925265e-07,
      3.826488921276905e-07,
      1.5126073549254215e-07,
      5.1725493221965735e-08,
      1.5737580127961337e-08,
      4.348571280843316e-09
    ]
  ],
  "probs_results": [
    0.19668805599212646,
    0.14204110205173492,
    0.6612709164619446
  ]
}