{
  "skills_mean": [
    [
      -0.14879268407821655,
      0.523098886013031
    ],
    [
      0.5431418418884277,
      0.9588162899017334
    ]
  ],
  "skills_cov": [
    [
      [
        0.01885540597140789,
        0.010163480415940285
      ],
      [
        0.010163480415940285,
        0.023073114454746246
      ]
    ],
    [
      [
        0.019300751388072968,
        0.01180986873805523
      ],
      [
        0.01180986873805523,
        0.026300279423594475
      ]
    ]
  ],
  "probs_grid": [
    [
      0.07401400804519653,
      0.13913260400295258,
      0.13595597445964813,
      0.09206884354352951,
      0.04860434681177139,
      0.021333523094654083,
      0.008108686655759811,
      0.0027448527980595827,
      0.000844630878418684
    ],
    [
      0.04874364286661148,
      0.09026245772838593,
      0.08687278628349304,
      0.05793525651097298,
      0.030115649104118347,
      0.013014066033065319,
      0.004869505297392607,
      0.0016225262079387903,
      0.0004914011224173009
    ],
    [
      0.016756193712353706,
      0.030558601021766663,
      0.028961248695850372,
      0.01901630312204361,
      0.009731311351060867,
      0.004139409400522709,
      0.0015244412934407592,
      0.0004998915828764439,
      0.00014898416702635586
    ],
    [
      0.004008729476481676,
      0.007198372855782509,
      0.006716304924339056,
      0.00434108218178153,
      0.0021865160670131445,
      0.0009153411956503987,
      0.0003317234222777188,
      0.00010703435691539198,
      3.138586180284619e-05
    ],
    [
      0.0007508369162678719,
      0.0013272372307255864,
      0.0012188962427899241,
      0.0007753669051453471,
      0.000384316110284999,
      0.00015830810298211873,
      5.64470756216906e-05,
      1.7918333469424397e-05,
      5.168739335204009e-06
    ],
    [
      0.0001174357530544512,
      0.00020430980657693,
      0.0001846478699008003,
      0.00011557815014384687,
      5.6364497140748426e-05,
      2.284174297528807e-05,
      8.011987119971309e-06,
      2.501703647794784e-06,
      7.097933121258393e-07
    ],
    [
      1.59763603733154e-05,
      2.73506848316174e-05,
      2.4320886950590648e-05,
      1.4976985767134465e-05,
      7.185024514910765e-06,
      2.86410863736819e-06,
      9.881075584416976e-07,
      3.034400890555844e-07,
      8.466694367825767e-08
    ],
    [
      1.944423047461896e-06,
      3.274936261732364e-06,
      2.8647941689996514e-06,
      1.7353154362353962e-06,
      8.188148967747111e-07,
      3.2100842872750945e-07,
      1.0891042734328948e-07,
      3.288879213414475e-08,
      9.02345398401394e-09
    ],
    [
      2.1610745193356706e-07,
      3.5803731179839815e-07,
      3.080534156651993e-07,
      1.8351926200921298e-07,
      8.515797134123204e-08,
      3.282925931102909e-08,
      1.0951918483215195e-08,
      3.2517573078649775e-09,
      8.771391390993699e-10
    ]
  ],
  "probs_results": [
    0.19810163974761963,
    0.11890628188848495,
    0.6829918622970581
  ]
}