{
  "skills_mean": [
    [
      0.5596764087677002,
      0.8547508120536804
    ],
    [
      0.6319487690925598,
      1.0502046346664429
    ]
  ],
  "skills_cov": [
    [
      [
        0.021008901298046112,
        0.011330322362482548
      ],
      [
        0.011330322362482548,
        0.02502458356320858
      ]
    ],
    [
      [
        0.018766887485980988,
        0.010901330970227718
      ],
      [
        0.010901330970227718,
        0.024772796779870987
      ]
    ]
  ],
  "probs_grid": [
    [
      0.06421393901109695,
      0.0971776694059372,
      0.07656995952129364,
      0.041879527270793915,
      0.017885686829686165,
      0.006361403968185186,
      0.0019625723361968994,
      0.0005401429370976985,
      0.0001353653206024319
    ],
    [
      0.07590232044458389,
      0.11298684030771255,
      0.08755997568368912,
      0.04709659144282341,
      0.019778389483690262,
      0.00691667664796114,
      0.0020979370456188917,
      0.0005676312721334398,
      0.00013983812823425978
    ],
    [
      0.046816952526569366,
      0.06854116171598434,
      0.052234549075365067,
      0.027626564726233482,
      0.011407069861888885,
      0.003921829164028168,
      0.0011693887645378709,
      0.00031101153581403196,
      7.53098793211393e-05
    ],
    [
      0.02008979581296444,
      0.028922945261001587,
      0.021673250943422318,
      0.01127009280025959,
      0.00457478454336524,
      0.0015461328439414501,
      0.0004531544691417366,
      0.00011845793051179498,
      2.819125984387938e-05
    ],
    [
      0.006746599916368723,
      0.00955034140497446,
      0.007035998627543449,
      0.0035967922303825617,
      0.0014351874124258757,
      0.00047676294343546033,
      0.00013733749801758677,
      3.528312299749814e-05,
      8.251866347563919e-06
    ],
    [
      0.0018911223160102963,
      0.0026319155003875494,
      0.0019061510683968663,
      0.0009578304598107934,
      0.00037565582897514105,
      0.0001226478925673291,
      3.472125172265805e-05,
      8.765866368776187e-06,
      2.0145525922998786e-06
    ],
    [
      0.000460856274003163,
      0.0006305084098130465,
      0.00044886142131872475,
      0.00022168898431118578,
      8.545038872398436e-05,
      2.7417187084211037e-05,
      7.6272735896054655e-06,
      1.8921512037195498e-06,
      4.272716296327417e-07
    ],
    [
      0.00010041827772511169,
      0.0001350424427073449,
      9.449040953768417e-05,
      4.5865122956456617e-05,
      1.737339516694192e-05,
      5.47768831893336e-06,
      1.497343532719242e-06,
      3.649745963230089e-07,
      8.097360648662288e-08
    ],
    [
      1.99696296476759e-05,
      2.6395018721814267e-05,
      1.8150944015360437e-05,
      8.65809852257371e-06,
      3.2227244446403347e-06,
      9.98406790131412e-07,
      2.681505009149987e-07,
      6.421612397389254e-08,
      1.3996821479622668e-08
    ]
  ],
  "probs_results": [
    0.24230289459228516,
    0.299030601978302,
    0.45866659283638
  ]
}