{
  "skills_mean": [
    [
      0.03213797137141228,
      0.3789293169975281
    ],
    [
      0.5800263285636902,
      1.197891354560852
    ]
  ],
  "skills_cov": [
    [
      [
        0.019309990108013153,
        0.01024138554930687
      ],
      [
        0.01024138554930687,
        0.02081453613936901
      ]
    ],
    [
      [
        0.019403992220759392,
        0.012176482938230038
      ],
      [
        0.012176482938230038,
        0.028373947367072105
      ]
    ]
  ],
  "probs_grid": [
    [
      0.0528445690870285,
      0.11769451200962067,
      0.13594277203083038,
      0.10856546461582184,
      0.06743217259645462,
      0.03474246338009834,
      0.015464967116713524,
      0.006116659380495548,
      0.0021941009908914566
    ],
    [
      0.03315233811736107,
      0.07268043607473373,
      0.08262648433446884,
      0.06494030356407166,
      0.03969264030456543,
      0.02012278512120247,
      0.008813091553747654,
      0.0034293795470148325,
      0.0012101895408704877
    ],
    [
      0.010880938731133938,
      0.023475605994462967,
      0.02626175619661808,
      0.02030884101986885,
      0.01221269927918911,
      0.006090987473726273,
      0.002624195534735918,
      0.0010044421069324017,
      0.0003486422647256404
    ],
    [
      0.0024910164065659046,
      0.005287849344313145,
      0.005819686688482761,
      0.004427304025739431,
      0.0026188550982624292,
      0.0012847048928961158,
      0.0005443781265057623,
      0.00020492445037234575,
      6.995061266934499e-05
    ],
    [
      0.0004474830930121243,
      0.0009344184072688222,
      0.001011554035358131,
      0.0007568736909888685,
      0.0004403119964990765,
      0.00021241750800982118,
      8.851175516610965e-05,
      3.276312054367736e-05,
      1.0996508535754401e-05
    ],
    [
      6.727800791850314e-05,
      0.00013817047874908894,
      0.00014709854440297931,
      0.00010823272896232083,
      6.191335705807433e-05,
      2.9368236937443726e-05,
      1.2031785445287824e-05,
      4.3786080823338125e-06,
      1.4448057754634647e-06
    ],
    [
      8.818014066491742e-06,
      1.7807818949222565e-05,
      1.864111800387036e-05,
      1.3485383533407003e-05,
      7.584121703985147e-06,
      3.5366558677196736e-06,
      1.4243560144677758e-06,
      5.09541962401272e-07,
      1.65269611329677e-07
    ],
    [
      1.0362866760260658e-06,
      2.0575123471644474e-06,
      2.1173818822717294e-06,
      1.5057790960781858e-06,
      8.324366262968397e-07,
      3.8156289861035475e-07,
      1.5104313888514298e-07,
      5.3107427788745554e-08,
      1.6929604385040875e-08
    ],
    [
      1.1146253342531054e-07,
      2.1754206613877614e-07,
      2.2005296784755046e-07,
      1.5381314710793959e-07,
      8.357319813967479e-08,
      3.764842659848e-08,
      1.4646360568804084e-08,
      5.060780239318774e-09,
      1.5853660606524045e-09
    ]
  ],
  "probs_results": [
    0.1569664627313614,
    0.0850115716457367,
    0.7580220103263855
  ]
}