{
  "skills_mean": [
    [
      -0.00870811752974987,
      0.40826475620269775
    ],
    [
      0.6720963716506958,
      1.3315874338150024
    ]
  ],
  "skills_cov": [
    [
      [
        0.02071758732199669,
        0.010389416478574276
      ],
      [
        0.010389416478574276,
        0.020884672179818153
      ]
    ],
    [
      [
        0.01889781467616558,
        0.012232357636094093
      ],
      [
        0.012232357636094093,
        0.02926091104745865
      ]
    ]
  ],
  "probs_grid": [
    [
      0.05056603625416756,
      0.1191391572356224,
      0.14550407230854034,
      0.12280373275279999,
      0.08056878298521042,
      0.04382462799549103,
      0.020584579557180405,
      0.00858655571937561,
      0.0032467511482536793
    ],
    [
      0.026853477582335472,
      0.06229914724826813,
      0.0749097391963005,
      0.062239110469818115,
      0.040194254368543625,
      0.021518941968679428,
      0.009947492741048336,
      0.00408344017341733,
      0.0015193638391792774
    ],
    [
      0.007477990351617336,
      0.01707771047949791,
      0.020211728289723396,
      0.01652737520635128,
      0.010503660887479782,
      0.005533477757126093,
      0.002516856649890542,
      0.001016503549180925,
      0.0003720961685758084
    ],
    [
      0.0014559028204530478,
      0.003272084053605795,
      0.003810698166489601,
      0.0030660058837383986,
      0.0019170914310961962,
      0.0009935757843777537,
      0.00044456220348365605,
      0.0001766150089679286,
      6.359085091389716e-05
    ],
    [
      0.00022293378424365073,
      0.0004929538117721677,
      0.0005647905054502189,
      0.00044701548176817596,
      0.0002749333216343075,
      0.0001401495246682316,
      6.167412357171997e-05,
      2.409651096968446e-05,
      8.532101674063597e-06
    ],
    [
      2.8636681236093864e-05,
      6.228570418898016e-05,
      7.018937321845442e-05,
      5.463582419906743e-05,
      3.3046457247110084e-05,
      1.656554923101794e-05,
      7.168202955654124e-06,
      2.753804892563494e-06,
      9.587120075593702e-07
    ],
    [
      3.214241814930574e-06,
      6.875161034258781e-06,
      7.618585186719429e-06,
      5.831240287079709e-06,
      3.467874876150745e-06,
      1.7091335848817835e-06,
      7.270948003679223e-07,
      2.746035363543342e-07,
      9.398021916240396e-08
    ],
    [
      3.2423085372101923e-07,
      6.818777364969719e-07,
      7.428795356645423e-07,
      5.589852776211046e-07,
      3.2679474770702654e-07,
      1.5832121391667897e-07,
      6.62044570276521e-08,
      2.4576410240229052e-08,
      8.267050155552624e-09
    ],
    [
      3.000399928509978e-08,
      6.202881763783807e-08,
      6.6426757427962e-08,
      4.912925177791294e-08,
      2.822989486617189e-08,
      1.3441547430659284e-08,
      5.524034119019916e-09,
      2.015265065935523e-09,
      6.66186883435671e-10
    ]
  ],
  "probs_results": [
    0.1367945522069931,
    0.06211937591433525,
    0.8010862469673157
  ]
}