{
  "skills_mean": [
    [
      0.31354308128356934,
      0.8308456540107727
    ],
    [
      0.3267045021057129,
      1.1717009544372559
    ]
  ],
  "skills_cov": [
    [
      [
        0.01901915855705738,
        0.010012420825660229
      ],
      [
        0.010012420825660229,
        0.022172486409544945
      ]
    ],
    [
      [
        0.014456497505307198,
        0.008121042512357235
      ],
      [
        0.008121042512357235,
        0.02352227084338665
      ]
    ]
  ],
  "probs_grid": [
    [
      0.13472908735275269,
      0.1554115265607834,
      0.09281401336193085,
      0.0382622592151165,
      0.012248589657247066,
      0.0032476282212883234,
      0.0007428770186379552,
      0.0001507819106336683,
      2.772004881990142e-05
    ],
    [
      0.11085621267557144,
      0.12651856243610382,
      0.07473985105752945,
      0.0304703451693058,
      0.00964419636875391,
      0.0025277207605540752,
      0.0005714482977055013,
      0.0001146105641964823,
      2.0816494725295343e-05
    ],
    [
      0.04750174283981323,
      0.053621649742126465,
      0.03132404386997223,
      0.0126255564391613,
      0.003950015176087618,
      0.0010231463238596916,
      0.00022854999406263232,
      4.528442514128983e-05,
      8.124175110424403e-06
    ],
    [
      0.014132718555629253,
      0.015774810686707497,
      0.009110042825341225,
      0.003629328217357397,
      0.0011220858432352543,
      0.00028716964880004525,
      6.336969090625644e-05,
      1.2401600542943925e-05,
      2.1971959540678654e-06
    ],
    [
      0.0032842562068253756,
      0.0036237810272723436,
      0.0020683410111814737,
      0.0008142404840327799,
      0.00024871467030607164,
      6.287681026151404e-05,
      1.3703795957553666e-05,
      2.6483662622922566e-06,
      4.632838397355954e-07
    ],
    [
      0.0006358385435305536,
      0.0006933360709808767,
      0.00039102023583836854,
      0.00015207286924123764,
      4.588303272612393e-05,
      1.1455799722170923e-05,
      2.465445049892878e-06,
      4.70425163712207e-07,
      8.12378004866332e-08
    ],
    [
      0.00010682117863325402,
      0.00011508481838973239,
      6.411600770661607e-05,
      2.4628821847727522e-05,
      7.338432624237612e-06,
      1.809143554964976e-06,
      3.84396145136634e-07,
      7.240235078143087e-08,
      1.2340812816091784e-08
    ],
    [
      1.6016821973607875e-05,
      1.7045069398591295e-05,
      9.378710274177138e-06,
      3.5575653782871086e-06,
      1.0466079629622982e-06,
      2.54722181125544e-07,
      5.342317521694895e-08,
      9.931299338461486e-09,
      1.6705063998756486e-09
    ],
    [
      2.1879138785152463e-06,
      2.2994199753156863e-06,
      1.2493004533098429e-06,
      4.6786675511611975e-07,
      1.3587573732820601e-07,
      3.264063153096686e-08,
      6.756206705205159e-09,
      1.2393962522949664e-09,
      2.0570030401234618e-10
    ]
  ],
  "probs_results": [
    0.2964656949043274,
    0.26308315992355347,
    0.44045117497444153
  ]
}