{
  "skills_mean": [
    [
      0.6990761160850525,
      1.3345863819122314
    ],
    [
      0.013228611089289188,
      0.7334896326065063
    ]
  ],
  "skills_cov": [
    [
      [
        0.016667481511831284,
        0.010418929159641266
      ],
      [
        0.010418929159641266,
        0.02713078074157238
      ]
    ],
    [
      [
        0.01813184842467308,
        0.00897506345063448
      ],
      [
        0.00897506345063448,
        0.02103155292570591
      ]
    ]
  ],
  "probs_grid": [
    [
      0.0927361324429512,
      0.04928941652178764,
      0.013681938871741295,
      0.0026445607654750347,
      0.00040041145985014737,
      5.0654449296416715e-05,
      5.576948751695454e-06,
      5.496145831784816e-07,
      4.949222898176231e-08
    ],
    [
      0.1660904884338379,
      0.08725946396589279,
      0.023934155702590942,
      0.004569752607494593,
      0.000683249847497791,
      8.53289311635308e-05,
      9.271735507354606e-06,
      9.015597584038915e-07,
      8.008245799828728e-08
    ],
    [
      0.15404251217842102,
      0.0799795389175415,
      0.021672628819942474,
      0.004086741711944342,
      0.0006032908568158746,
      7.436786836478859e-05,
      7.97400116425706e-06,
      7.649397275599767e-07,
      6.701709764911357e-08
    ],
    [
      0.09863752126693726,
      0.05060138925909996,
      0.013543836772441864,
      0.00252188416197896,
      0.00036751103471033275,
      4.471043575904332e-05,
      4.730096861749189e-06,
      4.4759707407138194e-07,
      3.867345199637384e-08
    ],
    [
      0.04905308410525322,
      0.024859143421053886,
      0.006571065168827772,
      0.0012080012820661068,
      0.0001737579150358215,
      2.0859530195593834e-05,
      2.177119313273579e-06,
      2.0319664884027588e-07,
      1.7312697053739612e-08
    ],
    [
      0.0202072374522686,
      0.01011456549167633,
      0.0026399483904242516,
      0.00047908106353133917,
      6.800759001635015e-05,
      8.055332727963105e-06,
      8.293286555272061e-07,
      7.633632748138552e-08,
      6.412976372160983e-09
    ],
    [
      0.0071821571327745914,
      0.0035501066595315933,
      0.0009147874661721289,
      0.00016385265917051584,
      2.2951757273403928e-05,
      2.681979140106705e-06,
      2.72342816742821e-07,
      2.4719906122072643e-08,
      2.047451541642431e-09
    ],
    [
      0.0022652018815279007,
      0.0011055292561650276,
      0.00028119972557760775,
      4.97060245834291e-05,
      6.869600838399492e-06,
      7.918346796031983e-07,
      7.929880752044483e-08,
      7.0971086785220905e-09,
      5.794937307790349e-10
    ],
    [
      0.0006471112719736993,
      0.0003117835149168968,
      7.82715214882046e-05,
      1.3652214875037316e-05,
      1.8613773136166856e-06,
      2.1161844188100076e-07,
      2.0898463404250833e-08,
      1.844052355259862e-09,
      1.4842400919423682e-10
    ]
  ],
  "probs_results": [
    0.20444637537002563,
    0.6949463486671448,
    0.1006072387099266
  ]
}