{
  "skills_mean": [
    [
      -0.14879269897937775,
      0.523098886013031
    ],
    [
      0.5431418418884277,
      0.9588162899017334
    ]
  ],
  "skills_cov": [
    [
      [
        0.01885555312037468,
        0.010163562372326851
      ],
      [
        0.010163562372326851,
        0.023073270916938782
      ]
    ],
    [
      [
        0.01930091343820095,
        0.01180995348840952
      ],
      [
        0.01180995348840952,
        0.026300428435206413
      ]
    ]
  ],
  "probs_grid": [
    [
      0.07401399314403534,
      0.13913249969482422,
      0.13595592975616455,
      0.09206884354352951,
      0.04860435798764229,
      0.021333545446395874,
      0.008108704350888729,
      0.002744860714301467,
      0.000844634894747287
    ],
    [
      0.04874364286661148,
      0.09026241302490234,
      0.08687273412942886,
      0.05793522670865059,
      0.030115649104118347,
      0.01301407627761364,
      0.004869510419666767,
      0.0016225295839831233,
      0.0004914031596854329
    ],
    [
      0.016756199300289154,
      0.030558612197637558,
      0.028961235657334328,
      0.019016293808817863,
      0.009731306694447994,
      0.004139410797506571,
      0.0015244422247633338,
      0.0004998925724066794,
      0.00014898463268764317
    ],
    [
      0.004008735995739698,
      0.007198380772024393,
      0.006716304924339056,
      0.004341082647442818,
      0.002186515601351857,
      0.000915341661311686,
      0.00033172365510836244,
      0.00010703461884986609,
      3.1385945476358756e-05
    ],
    [
      0.000750838837120682,
      0.0013272389769554138,
      0.0012188974069431424,
      0.0007753670215606689,
      0.0003843164595309645,
      0.00015830823394935578,
      5.6447119277436286e-05,
      1.791837166820187e-05,
      5.1687534323718864e-06
    ],
    [
      0.00011743612412828952,
      0.0002043102722382173,
      0.00018464816093910486,
      0.00011557830293895677,
      5.63645335205365e-05,
      2.2841777536086738e-05,
      8.011999852897134e-06,
      2.5017095595103456e-06,
      7.097948468981485e-07
    ],
    [
      1.597644768480677e-05,
      2.7350786695024e-05,
      2.4320956072187982e-05,
      1.4977026694396045e-05,
      7.185040885815397e-06,
      2.8641159133258043e-06,
      9.881099458652898e-07,
      3.034409417068673e-07,
      8.466724921163404e-08
    ],
    [
      1.9444364625087474e-06,
      3.274955133747426e-06,
      2.8648075840465026e-06,
      1.7353237353745499e-06,
      8.188180800061673e-07,
      3.2100933822221123e-07,
      1.0891082524722151e-07,
      3.288891292640983e-08,
      9.023490399329148e-09
    ],
    [
      2.161094414532272e-07,
      3.580400687042129e-07,
      3.0805534834144055e-07,
      1.8352025676904304e-07,
      8.515842608858293e-08,
      3.28294085250036e-08,
      1.0951970885741957e-08,
      3.2517715187196927e-09,
      8.771433024357123e-10
    ]
  ],
  "probs_results": [
    0.19810163974761963,
    0.11890634149312973,
    0.6829919815063477
  ]
}