{
  "skills_mean": [
    [
      0.3510730266571045,
      0.6911845803260803
    ],
    [
      0.35536977648735046,
      0.7566040754318237
    ]
  ],
  "skills_cov": [
    [
      [
        0.01617484912276268,
        0.00890832208096981
      ],
      [
        0.00890832208096981,
        0.0221401359885931
      ]
    ],
    [
      [
        0.021031014621257782,
        0.012333239428699017
      ],
      [
        0.012333239428699017,
        0.02620317041873932
      ]
    ]
  ],
  "probs_grid": [
    [
      0.0681004598736763,
      0.09280217438936234,
      0.06582581996917725,
      0.032401639968156815,
      0.012450427748262882,
      0.003983249422162771,
      0.001105129369534552,
      0.00027346593560650945,
      6.160532211652026e-05
    ],
    [
      0.08708401769399643,
      0.11682724207639694,
      0.08156896382570267,
      0.03951722010970116,
      0.01494330633431673,
      0.004704331513494253,
      0.0012841932475566864,
      0.00031263643177226186,
      6.928487709956244e-05
    ],
    [
      0.057929299771785736,
      0.07649718225002289,
      0.0525672622025013,
      0.02506210282444954,
      0.00932551734149456,
      0.0028885293286293745,
      0.0007757510174997151,
      0.00018578392337076366,
      4.0499624446965754e-05
    ],
    [
      0.026726065203547478,
      0.03473533317446709,
      0.023489896208047867,
      0.011019878089427948,
      0.00403442932292819,
      0.001229406101629138,
      0.0003247980203013867,
      7.651331543456763e-05,
      1.6405356291215867e-05
    ],
    [
      0.009619838558137417,
      0.012303952127695084,
      0.008187439292669296,
      0.0037791337817907333,
      0.0013611469184979796,
      0.00040802586590871215,
      0.000106032493931707,
      2.456764195812866e-05,
      5.180631433177041e-06
    ],
    [
      0.0028813111130148172,
      0.0036262846551835537,
      0.0023741861805319786,
      0.0010781190358102322,
      0.0003819860576186329,
      0.00011263185297138989,
      2.878792474803049e-05,
      6.559947905770969e-06,
      1.3603681736640283e-06
    ],
    [
      0.0007479874766431749,
      0.0009262280073016882,
      0.0005965955788269639,
      0.0002665020583663136,
      9.28779409150593e-05,
      2.6935351343126968e-05,
      6.770719664928038e-06,
      1.5172552139119944e-06,
      3.0940023520997784e-07
    ],
    [
      0.00017309183022007346,
      0.0002108691114699468,
      0.00013361220771912485,
      5.870834138477221e-05,
      2.0123727153986692e-05,
      5.73960051042377e-06,
      1.4188161685524392e-06,
      3.1264599442693e-07,
      6.26890965804705e-08
    ],
    [
      3.644630123744719e-05,
      4.367828296381049e-05,
      2.7222928110859357e-05,
      1.1764894225052558e-05,
      3.966084932471858e-06,
      1.112417521653697e-06,
      2.704051667024032e-07,
      5.8589183282720114e-08,
      1.1550646661362407e-08
    ]
  ],
  "probs_results": [
    0.25001558661460876,
    0.354107528924942,
    0.39587709307670593
  ]
}