{
  "skills_mean": [
    [
      -0.14877039194107056,
      0.5230205059051514
    ],
    [
      0.6286054849624634,
      0.8488039970397949
    ]
  ],
  "skills_cov": [
    [
      [
        0.018981117755174637,
        0.010264934040606022
      ],
      [
        0.010264934040606022,
        0.023197568953037262
      ]
    ],
    [
      [
        0.01795574091374874,
        0.01053512841463089
      ],
      [
        0.01053512841463089,
        0.02407776564359665
      ]
    ]
  ],
  "probs_grid": [
    [
      0.05801592022180557,
      0.11831124871969223,
      0.1252579689025879,
      0.0917859748005867,
      0.0523652657866478,
      0.024807574227452278,
      0.010164262726902962,
      0.0037042435724288225,
      0.0012256192276254296
    ],
    [
      0.04257560893893242,
      0.08555832505226135,
      0.08925101906061172,
      0.0644330084323883,
      0.03621228039264679,
      0.01689806580543518,
      0.006819176487624645,
      0.002447513397783041,
      0.0007974804611876607
    ],
    [
      0.016275083646178246,
      0.03222290053963661,
      0.033113736659288406,
      0.023547908291220665,
      0.013034905306994915,
      0.005990453530102968,
      0.002380624646320939,
      0.0008413743926212192,
      0.0002699361939448863
    ],
    [
      0.004320712760090828,
      0.008426720276474953,
      0.008529426530003548,
      0.005973664112389088,
      0.0032563828863203526,
      0.0014736410230398178,
      0.0005766274989582598,
      0.00020064912678208202,
      6.337626109598204e-05
    ],
    [
      0.0008961725397966802,
      0.0017214019317179918,
      0.0017158918781206012,
      0.001183366752229631,
      0.0006351661286316812,
      0.00028299877885729074,
      0.00010901842324528843,
      3.7344500015024096e-05,
      1.1611190529947635e-05
    ],
    [
      0.00015489621728193015,
      0.00029298700974322855,
      0.0002875642094295472,
      0.0001952574384631589,
      0.0001031778083415702,
      4.5254771976033226e-05,
      1.716063343337737e-05,
      5.786136625829386e-06,
      1.7707006918499246e-06
    ],
    [
      2.3238639187184162e-05,
      4.3278112570988014e-05,
      4.1818599129328504e-05,
      2.7952717573498376e-05,
      1.4539655239786953e-05,
      6.277051852521254e-06,
      2.342732159377192e-06,
      7.774154937578714e-07,
      2.341337221878348e-07
    ],
    [
      3.1125380246521672e-06,
      5.706361207558075e-06,
      5.427677933766972e-06,
      3.571014531189576e-06,
      1.8281706388734165e-06,
      7.767606007291761e-07,
      2.852984835044481e-07,
      9.316531190961541e-08,
      2.761024653352706e-08
    ],
    [
      3.7991370049894613e-07,
      6.855777883174596e-07,
      6.418118800866068e-07,
      4.155784267823037e-07,
      2.0937231681728008e-07,
      8.754010849543192e-08,
      3.163840744946356e-08,
      1.0165880581780584e-08,
      2.964277490136169e-09
    ]
  ],
  "probs_results": [
    0.18352629244327545,
    0.1191994920372963,
    0.6972739696502686
  ]
}