{
  "skills_mean": [
    [
      0.42714932560920715,
      0.6945468783378601
    ],
    [
      0.3944756090641022,
      0.5961092710494995
    ]
  ],
  "skills_cov": [
    [
      [
        0.019149018451571465,
        0.010502656921744347
      ],
      [
        0.010502656921744347,
        0.0213925763964653
      ]
    ],
    [
      [
        0.02065821923315525,
        0.010802756063640118
      ],
      [
        0.010802756063640118,
        0.02189958095550537
      ]
    ]
  ],
  "probs_grid": [
    [
      0.04610518738627434,
      0.06547299027442932,
      0.048337195068597794,
      0.02473505027592182,
      0.009869011119008064,
      0.003274580230936408,
      0.0009411292267031968,
      0.0002409625449217856,
      5.610094376606867e-05
    ],
    [
      0.07386738806962967,
      0.10320282727479935,
      0.07495468109846115,
      0.03772960603237152,
      0.0148068368434906,
      0.004832062870264053,
      0.001365796895697713,
      0.0003438906278461218,
      7.873207505326718e-05
    ],
    [
      0.061459124088287354,
      0.08447292447090149,
      0.06035042926669121,
      0.029880274087190628,
      0.011533288285136223,
      0.003701542504131794,
      0.0010288895573467016,
      0.00025474760332144797,
      5.734908700105734e-05
    ],
    [
      0.03540409728884697,
      0.047867998480796814,
      0.03363822028040886,
      0.016380587592720985,
      0.00621811905875802,
      0.001962552312761545,
      0.0005364302196539938,
      0.00013059818593319505,
      2.89077634079149e-05
    ],
    [
      0.015884369611740112,
      0.021124834194779396,
      0.01460085529834032,
      0.0069926162250339985,
      0.002610385650768876,
      0.0008101672865450382,
      0.00021774547349195927,
      5.21233887411654e-05,
      1.134351987275295e-05
    ],
    [
      0.00592005392536521,
      0.007743795868009329,
      0.005263932980597019,
      0.0024792058393359184,
      0.0009100999450311065,
      0.00027774355839937925,
      7.339714647969231e-05,
      1.7274309357162565e-05,
      3.6960166198696243e-06
    ],
    [
      0.0019090157002210617,
      0.0024559395387768745,
      0.0016418074956163764,
      0.0007604005513712764,
      0.000274479272775352,
      8.23623122414574e-05,
      2.1399555407697335e-05,
      4.9515970204083715e-06,
      1.0415434417154756e-06
    ],
    [
      0.0005477906088344753,
      0.0006930758245289326,
      0.0004556303028948605,
      0.00020750582916662097,
      7.36492220312357e-05,
      2.1728674255427904e-05,
      5.550495188799687e-06,
      1.262622618014575e-06,
      2.610886156162451e-07
    ],
    [
      0.00014277527225203812,
      0.00017764701624400914,
      0.00011484111746540293,
      5.1427443395368755e-05,
      1.7946767911780626e-05,
      5.2057143875572365e-06,
      1.3073292848275742e-06,
      2.9235638976388145e-07,
      5.9428415966067405e-08
    ]
  ],
  "probs_results": [
    0.2289995402097702,
    0.4273626506328583,
    0.3436379134654999
  ]
}