{
  "skills_mean": [
    [
      0.5896502733230591,
      1.1431325674057007
    ],
    [
      0.5379803776741028,
      0.9467321038246155
    ]
  ],
  "skills_cov": [
    [
      [
        0.021163197234272957,
        0.012137715704739094
      ],
      [
        0.012137715704739094,
        0.02687067911028862
      ]
    ],
    [
      [
        0.019452258944511414,
        0.011728099547326565
      ],
      [
        0.011728099547326565,
        0.026584766805171967
      ]
    ]
  ],
  "probs_grid": [
    [
      0.08821874856948853,
      0.09331214427947998,
      0.051540691405534744,
      0.019819898530840874,
      0.005969091318547726,
      0.001501627266407013,
      0.0003286631836090237,
      6.436784315155819e-05,
      1.1514039215398952e-05
    ],
    [
      0.11716530472040176,
      0.12181534618139267,
      0.0661243125796318,
      0.024985352531075478,
      0.007392588537186384,
      0.0018267934210598469,
      0.00039269684930332005,
      7.55263608880341e-05,
      1.3265645065985154e-05
    ],
    [
      0.08132802695035934,
      0.08309902995824814,
      0.0443233996629715,
      0.016453765332698822,
      0.004782102070748806,
      0.001160627813078463,
      0.0002450105967000127,
      4.6269728045444936e-05,
      7.979001566127408e-06
    ],
    [
      0.03933464363217354,
      0.039492521435022354,
      0.020695023238658905,
      0.007546506356447935,
      0.0021541945170611143,
      0.0005134359234943986,
      0.00010642677079886198,
      1.973262260435149e-05,
      3.3405001431674464e-06
    ],
    [
      0.014910969883203506,
      0.014708450995385647,
      0.007571338675916195,
      0.0027117133140563965,
      0.000760178139898926,
      0.0001779071317287162,
      3.620623829192482e-05,
      6.590134034922812e-06,
      1.095098468795186e-06
    ],
    [
      0.004725064150989056,
      0.004578595049679279,
      0.0023149277549237013,
      0.0008142326259985566,
      0.00022413182887248695,
      5.150059223524295e-05,
      1.0289239980920684e-05,
      1.838355842664896e-06,
      2.9983388571963587e-07
    ],
    [
      0.0013036286691203713,
      0.0012407622998580337,
      0.0006160892080515623,
      0.00021278808708302677,
      5.750961645389907e-05,
      1.297291055379901e-05,
      2.5441891011723783e-06,
      4.4616186301027483e-07,
      7.14166787929571e-08
    ],
    [
      0.0003220491053070873,
      0.00030103613971732557,
      0.00014678343723062426,
      4.977713979315013e-05,
      1.3207516531110741e-05,
      2.9246057238196954e-06,
      5.629676138596551e-07,
      9.689204460983092e-08,
      1.522010961707565e-08
    ],
    [
      7.271236245287582e-05,
      6.674550968455151e-05,
      3.1955318263499066e-05,
      1.0639124411682133e-05,
      2.7711323582479963e-06,
      6.023071819072356e-07,
      1.137902430059512e-07,
      1.9219388747160338e-08,
      2.9625188968651628e-09
    ]
  ],
  "probs_results": [
    0.26273301243782043,
    0.4381641149520874,
    0.29910287261009216
  ]
}