{
  "skills_mean": [
    [
      0.8153541088104248,
      1.1934248208999634
    ],
    [
      0.6888757944107056,
      0.9065055251121521
    ]
  ],
  "skills_cov": [
    [
      [
        0.01572837494313717,
        0.009290658868849277
      ],
      [
        0.009290658868849277,
        0.02429850585758686
      ]
    ],
    [
      [
        0.016718948259949684,
        0.00944187119603157
      ],
      [
        0.00944187119603157,
        0.023074302822351456
      ]
    ]
  ],
  "probs_grid": [
    [
      0.052967898547649384,
      0.061896517872810364,
      0.03758714720606804,
      0.015814077109098434,
      0.005185664165765047,
      0.0014135775854811072,
      0.0003336473600938916,
      7.013120921328664e-05,
      1.3400247553363442e-05
    ],
    [
      0.09080810099840164,
      0.10465699434280396,
      0.06267282366752625,
      0.025999927893280983,
      0.00840570218861103,
      0.0022588458377867937,
      0.0005255459691397846,
      0.00010888106771744788,
      2.0503839550656267e-05
    ],
    [
      0.08069101721048355,
      0.09171036630868912,
      0.05415382981300354,
      0.022149985656142235,
      0.007059641182422638,
      0.0018700814107432961,
      0.00042885466245934367,
      8.756695024203509e-05,
      1.6250904081971385e-05
    ],
    [
      0.049547228962183,
      0.055529605597257614,
      0.032329462468624115,
      0.01303650252521038,
      0.004095861688256264,
      0.0010694431839510798,
      0.00024171547556761652,
      4.864022048423067e-05,
      8.895309292711318e-06
    ],
    [
      0.02364969253540039,
      0.02613404393196106,
      0.015000671148300171,
      0.005962924566119909,
      0.001846666680648923,
      0.0004752340028062463,
      0.00010585808922769502,
      2.0991876226617023e-05,
      3.7828624499525176e-06
    ],
    [
      0.009359133429825306,
      0.01019669882953167,
      0.005769817624241114,
      0.002260829322040081,
      0.0006901027518324554,
      0.00017503020353615284,
      3.842150908894837e-05,
      7.507819645979907e-06,
      1.333105956291547e-06
    ],
    [
      0.00319845718331635,
      0.003435396822169423,
      0.0019162341486662626,
      0.0007400884060189128,
      0.0002226493670605123,
      5.565136234508827e-05,
      1.2038140994263813e-05,
      2.317870439583203e-06,
      4.055095814692322e-07
    ],
    [
      0.0009708147263154387,
      0.001027913298457861,
      0.0005651599494740367,
      0.00021513468527700752,
      6.378460238920525e-05,
      1.571097891428508e-05,
      3.3487854125269223e-06,
      6.353122330438055e-07,
      1.0950670059628465e-07
    ],
    [
      0.00026714024716056883,
      0.0002788155397865921,
      0.0001510948350187391,
      5.668519952450879e-05,
      1.656230779190082e-05,
      4.019949301437009e-06,
      8.442784178441798e-07,
      1.5781105844325793e-07,
      2.679876764943856e-08
    ]
  ],
  "probs_results": [
    0.22690998017787933,
    0.512981653213501,
    0.2601085305213928
  ]
}