{
  "skills_mean": [
    [
      0.09428108483552933,
      0.7560278177261353
    ],
    [
      0.2543562948703766,
      0.8130601644515991
    ]
  ],
  "skills_cov": [
    [
      [
        0.026380030438303947,
        0.012716688215732574
      ],
      [
        0.012716688215732574,
        0.023631572723388672
      ]
    ],
    [
      [
        0.02059532143175602,
        0.011256931349635124
      ],
      [
        0.011256931349635124,
        0.0246809720993042
      ]
    ]
  ],
  "probs_grid": [
    [
      0.11818420141935349,
      0.13694380223751068,
      0.08270484209060669,
      0.03470803424715996,
      0.011385617777705193,
      0.003113885410130024,
      0.0007395327556878328,
      0.00015686154074501246,
      3.033138273167424e-05
    ],
    [
      0.1114935502409935,
      0.12709204852581024,
      0.0754917562007904,
      0.03115326724946499,
      0.01004737988114357,
      0.002701123710721731,
      0.0006304818671196699,
      0.0001314125256612897,
      2.496636261639651e-05
    ],
    [
      0.055179156363010406,
      0.06185976043343544,
      0.03613000363111496,
      0.014657813124358654,
      0.004646643530577421,
      0.0012276640627533197,
      0.0002815716725308448,
      5.7659581216285005e-05,
      1.076090666174423e-05
    ],
    [
      0.019099891185760498,
      0.02105308510363102,
      0.012087785638868809,
      0.004819971043616533,
      0.0015015493845567107,
      0.00038979650707915425,
      8.782988879829645e-05,
      1.766693458193913e-05,
      3.238322051402065e-06
    ],
    [
      0.005201443564146757,
      0.0056357975117862225,
      0.003180232597514987,
      0.0012461146106943488,
      0.00038140680408105254,
      9.726567805046216e-05,
      2.152677006961312e-05,
      4.2526248762442265e-06,
      7.654613796148624e-07
    ],
    [
      0.0011885998537763953,
      0.0012656557373702526,
      0.0007017761236056685,
      0.00027015432715415955,
      8.122588769765571e-05,
      2.0345078155514784e-05,
      4.42198006567196e-06,
      8.577914059060276e-07,
      1.5159560007305117e-07
    ],
    [
      0.00023737938317935914,
      0.00024835995282046497,
      0.00013528762792702764,
      5.115683961776085e-05,
      1.5106394130270928e-05,
      3.7157385577302193e-06,
      7.929950811558228e-07,
      1.5102705219760537e-07,
      2.6201965042105257e-08
    ],
    [
      4.2611769458744675e-05,
      4.3796873796964064e-05,
      2.3433320166077465e-05,
      8.702337254362646e-06,
      2.523451257729903e-06,
      6.094382456467429e-07,
      1.2769018553626665e-07,
      2.3872523513546184e-08,
      4.065287662058381e-09
    ],
    [
      7.017695679678582e-06,
      7.084438038873486e-06,
      3.7225220239633927e-06,
      1.3574567674368154e-06,
      3.86474397373604e-07,
      9.163100145315184e-08,
      1.8845652149934722e-08,
      3.4581997265803466e-09,
      5.779646206072186e-10
    ]
  ],
  "probs_results": [
    0.2866344749927521,
    0.30038270354270935,
    0.41298311948776245
  ]
}