{
  "skills_mean": [
    [
      0.2084842175245285,
      0.614895761013031
    ],
    [
      0.31203484535217285,
      1.1736291646957397
    ]
  ],
  "skills_cov": [
    [
      [
        0.02244229055941105,
        0.01137521956115961
      ],
      [
        0.01137521956115961,
        0.022697564214468002
      ]
    ],
    [
      [
        0.014887029305100441,
        0.008593049831688404
      ],
      [
        0.008593049831688404,
        0.02455790899693966
      ]
    ]
  ],
  "probs_grid": [
    [
      0.11321303993463516,
      0.1581222265958786,
      0.11440106481313705,
      0.05716376379132271,
      0.02219170331954956,
      0.007139045745134354,
      0.0019822970498353243,
      0.0004886311362497509,
      0.00010914448648691177
    ],
    [
      0.08445677161216736,
      0.11646895855665207,
      0.0831841379404068,
      0.04102443531155586,
      0.015716154128313065,
      0.004988338332623243,
      0.0013663904974237084,
      0.00033220931072719395,
      7.318031566683203e-05
    ],
    [
      0.03294750303030014,
      0.044847920536994934,
      0.03161098062992096,
      0.015382612124085426,
      0.00581369549036026,
      0.001820172998122871,
      0.0004917201003991067,
      0.00011789087147917598,
      2.5605326300137676e-05
    ],
    [
      0.008961313404142857,
      0.012036739848554134,
      0.008370459079742432,
      0.004018064588308334,
      0.0014977827668190002,
      0.00046244089026004076,
      0.0001231825299328193,
      2.9116717996657826e-05,
      6.234050488274079e-06
    ],
    [
      0.001911639585159719,
      0.0025330353528261185,
      0.0017374521121382713,
      0.0008225232013501227,
      0.0003023338795173913,
      9.203291119774804e-05,
      2.4167409719666466e-05,
      5.630737177853007e-06,
      1.1881884347531013e-06
    ],
    [
      0.00034113312722183764,
      0.0004458051989786327,
      0.0003015374531969428,
      0.00014074801583774388,
      5.1002400141442195e-05,
      1.5303940017474815e-05,
      3.960915364586981e-06,
      9.094684969568334e-07,
      1.8911188703896187e-07
    ],
    [
      5.304225123836659e-05,
      6.834774103481323e-05,
      4.5576878619613126e-05,
      2.097082142427098e-05,
      7.490005373256281e-06,
      2.2149470169097185e-06,
      5.649072249980236e-07,
      1.2780444080817688e-07,
      2.618249972385911e-08
    ],
    [
      7.390980499621946e-06,
      9.388295438839123e-06,
      6.17073783359956e-06,
      2.798259629344102e-06,
      9.84886924015882e-07,
      2.8698136134153174e-07,
      7.211238539639453e-08,
      1.607234878520103e-08,
      3.243438850830671e-09
    ],
    [
      9.420733704246231e-07,
      1.1793955536631984e-06,
      7.63926436775364e-07,
      3.4134819770770264e-07,
      1.1837139624049087e-07,
      3.3979915770032676e-08,
      8.410971474859252e-09,
      1.8464800799478098e-09,
      3.6699762673286784e-10
    ]
  ],
  "probs_results": [
    0.26564401388168335,
    0.20014482736587524,
    0.5342110395431519
  ]
}