{
  "skills_mean": [
    [
      0.25439563393592834,
      0.8725783228874207
    ],
    [
      0.7976778149604797,
      1.1316741704940796
    ]
  ],
  "skills_cov": [
    [
      [
        0.023439012467861176,
        0.013881219550967216
      ],
      [
        0.013881219550967216,
        0.027715051546692848
      ]
    ],
    [
      [
        0.016671795397996902,
        0.010220598429441452
      ],
      [
        0.010220598429441452,
        0.02582414634525776
      ]
    ]
  ],
  "probs_grid": [
    [
      0.07398849725723267,
      0.12767210602760315,
      0.11473195999860764,
      0.07158436626195908,
      0.03488178923726082,
      0.014157966710627079,
      0.004985372070223093,
      0.0015662694349884987,
      0.0004481293144635856
    ],
    [
      0.060812853276729584,
      0.10312947630882263,
      0.09106907248497009,
      0.055828142911195755,
      0.026726042851805687,
      0.010656002908945084,
      0.0036856087390333414,
      0.0011372622102499008,
      0.00031955665326677263
    ],
    [
      0.026179194450378418,
      0.04362213984131813,
      0.03784485161304474,
      0.022790445014834404,
      0.010716534219682217,
      0.004196564666926861,
      0.0014254497364163399,
      0.0004319302679505199,
      0.00011917400843231007
    ],
    [
      0.007869640365242958,
      0.012881970033049583,
      0.010977686382830143,
      0.006492938846349716,
      0.002998377662152052,
      0.0011530076153576374,
      0.00038455883623100817,
      0.00011441062815720215,
      3.0991974199423566e-05
    ],
    [
      0.001858280855230987,
      0.0029876811895519495,
      0.002500424161553383,
      0.001452291733585298,
      0.0006585227092728019,
      0.00024863009457476437,
      8.141229773173109e-05,
      2.3777771275490522e-05,
      6.322754870780045e-06
    ],
    [
      0.00036763728712685406,
      0.0005804465617984533,
      0.0004770014784298837,
      0.00027201915509067476,
      0.00012109344970667735,
      4.4882366637466475e-05,
      1.4426303096115589e-05,
      4.135737981414422e-06,
      1.0793979754453176e-06
    ],
    [
      6.347049202304333e-05,
      9.839283302426338e-05,
      7.938360067782924e-05,
      4.444109436008148e-05,
      1.9419905584072694e-05,
      7.0650194174959324e-06,
      2.2288284071692033e-06,
      6.270960852816643e-07,
      1.606203738901968e-07
    ],
    [
      9.834789125306997e-06,
      1.4967161405365914e-05,
      1.185368910228135e-05,
      6.513588232337497e-06,
      2.7936030164710246e-06,
      9.974361319109448e-07,
      3.0879971291142283e-07,
      8.525904604539392e-08,
      2.1428562035907817e-08
    ],
    [
      1.3960901696918881e-06,
      2.085497271764325e-06,
      1.6211049569392344e-06,
      8.742467798583675e-07,
      3.6796416225115536e-07,
      1.2892188294699736e-07,
      3.916477453458356e-08,
      1.0609995548804818e-08,
      2.616404426447616e-09
    ]
  ],
  "probs_results": [
    0.22223269939422607,
    0.17338193953037262,
    0.6043853163719177
  ]
}