{
  "skills_mean": [
    [
      -0.00045075686648488045,
      0.37714293599128723
    ],
    [
      0.5741598606109619,
      1.1810623407363892
    ]
  ],
  "skills_cov": [
    [
      [
        0.018608301877975464,
        0.009554780088365078
      ],
      [
        0.009554780088365078,
        0.019781582057476044
      ]
    ],
    [
      [
        0.018183838576078415,
        0.011167863383889198
      ],
      [
        0.011167863383889198,
        0.02714652195572853
      ]
    ]
  ],
  "probs_grid": [
    [
      0.05381035432219505,
      0.11970232427120209,
      0.1378415822982788,
      0.10954611748456955,
      0.06758714467287064,
      0.03452766314148903,
      0.015212157741189003,
      0.005944626405835152,
      0.0021031824871897697
    ],
    [
      0.033133476972579956,
      0.07265909761190414,
      0.08247168362140656,
      0.06459711492061615,
      0.039276160299777985,
      0.019771575927734375,
      0.008582962676882744,
      0.003304526675492525,
      0.0011517776874825358
    ],
    [
      0.010655808262526989,
      0.02303004078567028,
      0.02576025016605854,
      0.019881857559084892,
      0.01191056240350008,
      0.005907007027417421,
      0.0025261128321290016,
      0.0009580387850292027,
      0.0003289063461124897
    ],
    [
      0.0023864107206463814,
      0.005082101561129093,
      0.005600768141448498,
      0.004258577711880207,
      0.002513126702979207,
      0.0012276959605515003,
      0.0005171140655875206,
      0.00019315167446620762,
      6.530457176268101e-05
    ],
    [
      0.0004186754522379488,
      0.0008783655357547104,
      0.0009535450371913612,
      0.0007141425157897174,
      0.0004150766471866518,
      0.00019969527784269303,
      8.283203351311386e-05,
      3.046629899472464e-05,
      1.0142624887521379e-05
    ],
    [
      6.137506716186181e-05,
      0.00012682471424341202,
      0.0001355967397103086,
      0.00010000925249187276,
      5.7240118621848524e-05,
      2.711622801143676e-05,
      1.1074476788053289e-05,
      4.010369593743235e-06,
      1.3144168633516529e-06
    ],
    [
      7.830623871996067e-06,
      1.593461820448283e-05,
      1.6776011761976406e-05,
      1.2182923455839045e-05,
      6.8652498157462105e-06,
      3.2018713227444096e-06,
      1.287339500777307e-06,
      4.589103639318637e-07,
      1.4805763726144505e-07
    ],
    [
      8.943415537032706e-07,
      1.7918679304784746e-06,
      1.8572955013951287e-06,
      1.3278364576763124e-06,
      7.365882765952847e-07,
      3.3816164091149403e-07,
      1.3382717156673607e-07,
      4.695588629033409e-08,
      1.4910295220715852e-08
    ],
    [
      9.333506767461586e-08,
      1.8409106417038856e-07,
      1.8783056532356568e-07,
      1.3217929506481596e-07,
      7.216953434863171e-08,
      3.260936765059341e-08,
      1.2700812845878318e-08,
      4.385595442357726e-09,
      1.37043931758285e-09
    ]
  ],
  "probs_results": [
    0.15719491243362427,
    0.08354482054710388,
    0.7592601776123047
  ]
}