{
  "skills_mean": [
    [
      0.5859667658805847,
      0.9963482618331909
    ],
    [
      0.30760130286216736,
      0.45442190766334534
    ]
  ],
  "skills_cov": [
    [
      [
        0.018790656700730324,
        0.011412432417273521
      ],
      [
        0.011412432417273521,
        0.025874106213450432
      ]
    ],
    [
      [
        0.02110089361667633,
        0.010938149876892567
      ],
      [
        0.010938149876892567,
        0.0226901862770319
      ]
    ]
  ],
  "probs_grid": [
    [
      0.04210274666547775,
      0.04170479625463486,
      0.021583041176199913,
      0.007780312094837427,
      0.0021976486314088106,
      0.0005187874776311219,
      0.00010660608677426353,
      1.9612447431427427e-05,
      3.297260036561056e-06
    ],
    [
      0.08844322711229324,
      0.08614572137594223,
      0.043832406401634216,
      0.015533174388110638,
      0.004312718752771616,
      0.0010006094817072153,
      0.0002020669635385275,
      3.652941813925281e-05,
      6.034265879861778e-06
    ],
    [
      0.09645862877368927,
      0.09237939864397049,
      0.046211015433073044,
      0.016097795218229294,
      0.004393027164041996,
      0.001001700758934021,
      0.0001987863943213597,
      3.53112154698465e-05,
      5.731080818804912e-06
    ],
    [
      0.07281661778688431,
      0.06856527179479599,
      0.033717818558216095,
      0.011545535176992416,
      0.0030966890044510365,
      0.0006939257145859301,
      0.00013531983131542802,
      2.3618309569428675e-05,
      3.766160716622835e-06
    ],
    [
      0.042799267917871475,
      0.03962109610438347,
      0.019153384491801262,
      0.006446355488151312,
      0.0016992810415104032,
      0.0003742008993867785,
      7.170297612901777e-05,
      1.229620465892367e-05,
      1.926340019053896e-06
    ],
    [
      0.0208898838609457,
      0.019011767581105232,
      0.00903413351625204,
      0.0029884905088692904,
      0.0007742018206045032,
      0.0001675339153734967,
      3.154315345454961e-05,
      5.314620921126334e-06,
      8.179636097338516e-07
    ],
    [
      0.008818719536066055,
      0.007889881730079651,
      0.003685216186568141,
      0.0011981462594121695,
      0.0003050350060220808,
      6.486265192506835e-05,
      1.1999271919194143e-05,
      1.9862980025209254e-06,
      3.0032751396902313e-07
    ],
    [
      0.003311505541205406,
      0.0029124170541763306,
      0.0013370898086577654,
      0.0004272442893125117,
      0.00010689118062146008,
      2.2334304958349094e-05,
      4.059575985593256e-06,
      6.602116400244995e-07,
      9.806518619370763e-08
    ],
    [
      0.001129003008827567,
      0.0009760531247593462,
      0.0004404366482049227,
      0.00013831113756168634,
      3.4004708140855655e-05,
      6.981463684496703e-06,
      1.2467939995985944e-06,
      1.9920635452308488e-07,
      2.90675910008531e-08
    ]
  ],
  "probs_results": [
    0.18810699880123138,
    0.6466739773750305,
    0.16521890461444855
  ]
}