{
  "skills_mean": [
    [
      0.26557597517967224,
      0.9150952696800232
    ],
    [
      -0.2599184811115265,
      0.44601309299468994
    ]
  ],
  "skills_cov": [
    [
      [
        0.018174825236201286,
        0.010319258086383343
      ],
      [
        0.010319258086383343,
        0.025021882727742195
      ]
    ],
    [
      [
        0.02094798907637596,
        0.010750891640782356
      ],
      [
        0.010750891640782356,
        0.02221234142780304
      ]
    ]
  ],
  "probs_grid": [
    [
      0.10891424864530563,
      0.06663215905427933,
      0.02130027301609516,
      0.0047436002641916275,
      0.0008279128232970834,
      0.00012078741565346718,
      1.5343523045885377e-05,
      1.7454431144869886e-06,
      1.8150697655983095e-07
    ],
    [
      0.16998130083084106,
      0.10263407975435257,
      0.03236977756023407,
      0.007110055070370436,
      0.0012235768372192979,
      0.0001759658771334216,
      2.2028107196092606e-05,
      2.468851789672044e-06,
      2.528819891267631e-07
    ],
    [
      0.1377372145652771,
      0.08206069469451904,
      0.025529392063617706,
      0.005529702175408602,
      0.0009381360723637044,
      0.0001329699152847752,
      1.640149457671214e-05,
      1.8108369204128394e-06,
      1.826765583246015e-07
    ],
    [
      0.07725702226161957,
      0.04540703073143959,
      0.01393158733844757,
      0.002975170500576496,
      0.0004975193296559155,
      6.948989175725728e-05,
      8.444460945611354e-06,
      9.183104907606321e-07,
      9.122663868765812e-08
    ],
    [
      0.033742450177669525,
      0.0195603147149086,
      0.005917599890381098,
      0.0012457559350878,
      0.00020530376059468836,
      2.8253371056052856e-05,
      3.382072236490785e-06,
      3.6221692312210507e-07,
      3.543073390233076e-08
    ],
    [
      0.012239307165145874,
      0.006996622774749994,
      0.0020867707207798958,
      0.00043298088712617755,
      7.031281711533666e-05,
      9.53256767388666e-06,
      1.1239059176659794e-06,
      1.1853138204287461e-07,
      1.1415028922101556e-08
    ],
    [
      0.0038403193466365337,
      0.0021644828375428915,
      0.00063633534591645,
      0.00013011303963139653,
      2.0817464246647432e-05,
      2.78002949016809e-06,
      3.22793653140252e-07,
      3.351955157882003e-08,
      3.1778215614508554e-09
    ],
    [
      0.0010720164282247424,
      0.000595622812397778,
      0.00017257661966141313,
      3.476930214674212e-05,
      5.4800825637357775e-06,
      7.207785301943659e-07,
      8.24108283836722e-08,
      8.425229403030698e-09,
      7.862468454078453e-10
    ],
    [
      0.000271751283435151,
      0.00014881847891956568,
      4.248971163178794e-05,
      8.43371708469931e-06,
      1.309303911511961e-06,
      1.695894411568588e-07,
      1.9091586977992847e-08,
      1.92141436095028e-09,
      1.7648384142976425e-10
    ]
  ],
  "probs_results": [
    0.2403019219636917,
    0.617902934551239,
    0.1417950689792633
  ]
}