{
  "skills_mean": [
    [
      0.5768105983734131,
      1.1461790800094604
    ],
    [
      0.6024028062820435,
      0.9988906383514404
    ]
  ],
  "skills_cov": [
    [
      [
        0.02041170746088028,
        0.011617657728493214
      ],
      [
        0.011617657728493214,
        0.026365598663687706
      ]
    ],
    [
      [
        0.01884925179183483,
        0.011233142577111721
      ],
      [
        0.011233142577111721,
        0.02597920596599579
      ]
    ]
  ],
  "probs_grid": [
    [
      0.08982379734516144,
      0.10049806535243988,
      0.05865555629134178,
      0.023809492588043213,
      0.007561311591416597,
      0.0020037381909787655,
      0.00046149862464517355,
      9.501221938990057e-05,
      1.784762025636155e-05
    ],
    [
      0.1123703271150589,
      0.12368366122245789,
      0.0710037350654602,
      0.02834438532590866,
      0.008850972168147564,
      0.0023059409577399492,
      0.0005220736493356526,
      0.00010564279364189133,
      1.950242767634336e-05
    ],
    [
      0.07339528203010559,
      0.0794597864151001,
      0.044860273599624634,
      0.017608607187867165,
      0.00540582649409771,
      0.0013844340573996305,
      0.00030807245639152825,
      6.126403604866937e-05,
      1.1113496839243453e-05
    ],
    [
      0.0333685502409935,
      0.035527464002370834,
      0.01972230151295662,
      0.007610878441482782,
      0.0022968105040490627,
      0.0005781384534202516,
      0.00012643162335734814,
      2.470599429216236e-05,
      4.403470938996179e-06
    ],
    [
      0.0118786646053195,
      0.012435869313776493,
      0.006787129212170839,
      0.002574651502072811,
      0.0007636715890839696,
      0.0001889108243631199,
      4.059513230458833e-05,
      7.794114026182797e-06,
      1.3647781997860875e-06
    ],
    [
      0.003531356807798147,
      0.0036347147542983294,
      0.0019500193884596229,
      0.0007270629284903407,
      0.00021193650900386274,
      5.151701043359935e-05,
      1.0877129170694388e-05,
      2.0516761196631705e-06,
      3.5291012068228156e-07
    ],
    [
      0.000913144089281559,
      0.0009239147184416652,
      0.0004871980636380613,
      0.00017852059681899846,
      5.113521183375269e-05,
      1.2212763067509513e-05,
      2.53326584243041e-06,
      4.693921198395401e-07,
      7.930706402703436e-08
    ],
    [
      0.00021122525504324585,
      0.00021006318274885416,
      0.00010886277596000582,
      3.919813025277108e-05,
      1.1031906979042105e-05,
      2.5885187824314926e-06,
      5.274501404528564e-07,
      9.599726524811558e-08,
      1.5930130103924967e-08
    ],
    [
      4.4613287172978744e-05,
      4.360455568530597e-05,
      2.2206077119335532e-05,
      7.856298907427117e-06,
      2.1722814835811732e-06,
      5.00708665640559e-07,
      1.0021707907981181e-07,
      1.791457471256308e-08,
      2.9195637019086007e-09
    ]
  ],
  "probs_results": [
    0.2668073773384094,
    0.40086230635643005,
    0.3323308527469635
  ]
}