{
  "skills_mean": [
    [
      0.2684572637081146,
      0.7969827055931091
    ],
    [
      0.5137834548950195,
      0.827892541885376
    ]
  ],
  "skills_cov": [
    [
      [
        0.021312648430466652,
        0.01168052852153778
      ],
      [
        0.01168052852153778,
        0.024048354476690292
      ]
    ],
    [
      [
        0.021330904215574265,
        0.011819036677479744
      ],
      [
        0.011819036677479744,
        0.023926405236124992
      ]
    ]
  ],
  "probs_grid": [
    [
      0.0758175179362297,
      0.10822928696870804,
      0.08056270331144333,
      0.041690003126859665,
      0.016871172934770584,
      0.005694487597793341,
      0.0016697016544640064,
      0.00043740219553001225,
      0.00010449183901073411
    ],
    [
      0.08396271616220474,
      0.1178007498383522,
      0.0861719474196434,
      0.04381657391786575,
      0.017421146854758263,
      0.005776507314294577,
      0.0016637450316920877,
      0.00042808279977180064,
      0.00010043691145256162
    ],
    [
      0.04850206896662712,
      0.06687162071466446,
      0.048064541071653366,
      0.02401108294725418,
      0.009378153830766678,
      0.003054427681490779,
      0.0008640431333333254,
      0.0002183354808948934,
      5.03043265780434e-05
    ],
    [
      0.019484825432300568,
      0.02639586292207241,
      0.018639085814356804,
      0.009146800264716148,
      0.0035090360324829817,
      0.001122463378123939,
      0.00031182565726339817,
      7.737501437077299e-05,
      1.7504540664958768e-05
    ],
    [
      0.0061236959882080555,
      0.008149901404976845,
      0.005653159227222204,
      0.0027248342521488667,
      0.001026646001264453,
      0.00032249887590296566,
      8.797412010608241e-05,
      2.1433776055346243e-05,
      4.760732736031059e-06
    ],
    [
      0.0016058458713814616,
      0.0020993619691580534,
      0.0014302911004051566,
      0.0006770612089894712,
      0.0002505086886230856,
      7.726938201813027e-05,
      2.0695584680652246e-05,
      4.9503232730785385e-06,
      1.0794260560942348e-06
    ],
    [
      0.00036598005681298673,
      0.00046993227442726493,
      0.0003144284710288048,
      0.0001461617212044075,
      5.3100484365131706e-05,
      1.6081170542747714e-05,
      4.228535090078367e-06,
      9.929290172294714e-07,
      2.1253154613987135e-07
    ],
    [
      7.455385639332235e-05,
      9.40145255299285e-05,
      6.177122850203887e-05,
      2.8194421247462742e-05,
      1.0056724022433627e-05,
      2.9899940727773355e-06,
      7.718026608927175e-07,
      1.7789761841413565e-07,
      3.7375361472413715e-08
    ],
    [
      1.385656105412636e-05,
      1.715867801976856e-05,
      1.1069760148529895e-05,
      4.960669684805907e-06,
      1.7370959994877921e-06,
      5.069854296380072e-07,
      1.2845757169088756e-07,
      2.9061949291531164e-08,
      5.992616625150049e-09
    ]
  ],
  "probs_results": [
    0.25195983052253723,
    0.29428380727767944,
    0.453756183385849
  ]
}