{
  "skills_mean": [
    [
      0.8006958365440369,
      0.8134705424308777
    ],
    [
      0.10861313343048096,
      0.713910698890686
    ]
  ],
  "skills_cov": [
    [
      [
        0.017677119001746178,
        0.010217204689979553
      ],
      [
        0.010217204689979553,
        0.02295161969959736
      ]
    ],
    [
      [
        0.019907891750335693,
        0.01075182855129242
      ],
      [
        0.01075182855129242,
        0.02401476912200451
      ]
    ]
  ],
  "probs_grid": [
    [
      0.04703501611948013,
      0.04576636850833893,
      0.02318253181874752,
      0.00815041083842516,
      0.0022373294923454523,
      0.0005114634404890239,
      0.00010142244718736038,
      1.7943000784725882e-05,
      2.890828682211577e-06
    ],
    [
      0.09463934600353241,
      0.09066348522901535,
      0.04520895332098007,
      0.015644654631614685,
      0.004226566758006811,
      0.0009508128860034049,
      0.0001855204172898084,
      3.22913947456982e-05,
      5.118091848999029e-06
    ],
    [
      0.09890095144510269,
      0.09327409416437149,
      0.045782268047332764,
      0.015593025833368301,
      0.004145665094256401,
      0.0009176914463751018,
      0.00017617500270716846,
      3.0168173907441087e-05,
      4.703716513176914e-06
    ],
    [
      0.07156466692686081,
      0.06643953174352646,
      0.032097890973091125,
      0.0107590202242136,
      0.0028148251585662365,
      0.0006130894762463868,
      0.00011579738202271983,
      1.9507007891661488e-05,
      2.9918003292550566e-06
    ],
    [
      0.040333863347768784,
      0.03685830533504486,
      0.017525535076856613,
      0.005781020503491163,
      0.0014882434625178576,
      0.00031892850529402494,
      5.926170342718251e-05,
      9.82048823061632e-06,
      1.4815138911217218e-06
    ],
    [
      0.018883904442191124,
      0.016985096037387848,
      0.007948128506541252,
      0.002579952124506235,
      0.000653506547678262,
      0.00013778300490230322,
      2.5186222046613693e-05,
      4.10554730478907e-06,
      6.09196433742909e-07
    ],
    [
      0.007649631705135107,
      0.006771787069737911,
      0.003118448657914996,
      0.0009960430907085538,
      0.00024823646526783705,
      5.148960917722434e-05,
      9.258841600967571e-06,
      1.4845597888779594e-06,
      2.1666197369540896e-07
    ],
    [
      0.0027573825791478157,
      0.0024022876750677824,
      0.0010886263335123658,
      0.0003421310684643686,
      8.389036520384252e-05,
      1.711821460048668e-05,
      3.027959110113443e-06,
      4.775404249812709e-07,
      6.854582323967406e-08
    ],
    [
      0.0009027352789416909,
      0.0007739894208498299,
      0.0003451358061283827,
      0.00010672391363186762,
      2.574533937149681e-05,
      5.168012648937292e-06,
      8.992010975816811e-07,
      1.3948400123808824e-07,
      1.9691096753149395e-08
    ]
  ],
  "probs_results": [
    0.19604982435703278,
    0.6327188014984131,
    0.17123129963874817
  ]
}