{
  "skills_mean": [
    [
      0.5430604815483093,
      0.9586726427078247
    ],
    [
      0.3399919867515564,
      0.5174118876457214
    ]
  ],
  "skills_cov": [
    [
      [
        0.01942640356719494,
        0.01191086508333683
      ],
      [
        0.01191086508333683,
        0.026423828676342964
      ]
    ],
    [
      [
        0.021739551797509193,
        0.011633044108748436
      ],
      [
        0.011633044108748436,
        0.023809336125850677
      ]
    ]
  ],
  "probs_grid": [
    [
      0.04842057451605797,
      0.05113853141665459,
      0.028243767097592354,
      0.010875646024942398,
      0.0032844259403645992,
      0.0008297047461383045,
      0.00018261358491145074,
      3.601454955060035e-05,
      6.4963082877511624e-06
    ],
    [
      0.09226039052009583,
      0.09572204202413559,
      0.051928579807281494,
      0.01963835209608078,
      0.0058240522630512714,
      0.0014446380082517862,
      0.00031217298237606883,
      6.044050314812921e-05,
      1.070209782483289e-05
    ],
    [
      0.09142515808343887,
      0.09317698329687119,
      0.04964704439043999,
      0.018438681960105896,
      0.005369570571929216,
      0.0013077289331704378,
      0.0002774324093479663,
      5.2729657909367234e-05,
      9.164868970401585e-06
    ],
    [
      0.06281610578298569,
      0.06288271397352219,
      0.03290630504488945,
      0.012001292780041695,
      0.0034316519740968943,
      0.0008205463527701795,
      0.00017089294851757586,
      3.188355185557157e-05,
      5.439378583105281e-06
    ],
    [
      0.03366146981716156,
      0.03309669718146324,
      0.0170087069272995,
      0.006091300398111343,
      0.0017101300181820989,
      0.0004014492442365736,
      8.207561040762812e-05,
      1.5030848771857563e-05,
      2.5168646970996633e-06
    ],
    [
      0.015004720538854599,
      0.014489308930933475,
      0.007312259171158075,
      0.002571341348811984,
      0.0007087677367962897,
      0.00016333878738805652,
      3.278074291301891e-05,
      5.8924902077706065e-06,
      9.68398126133252e-07
    ],
    [
      0.0057946788147091866,
      0.005495373159646988,
      0.0027233250439167023,
      0.0009402853320352733,
      0.0002544559247326106,
      5.756606697104871e-05,
      1.1340371202095412e-05,
      2.0008033061458264e-06,
      3.227195293220575e-07
    ],
    [
      0.0019939597696065903,
      0.0018570116953924298,
      0.0009036476258188486,
      0.0003063347830902785,
      8.13849110272713e-05,
      1.8073964383802377e-05,
      3.4948886877828045e-06,
      6.051958507669042e-07,
      9.580135440501181e-08
    ],
    [
      0.0006240017246454954,
      0.0005706893862225115,
      0.0002726798120420426,
      9.075584966922179e-05,
      2.3670390874031e-05,
      5.160119144420605e-06,
      9.793743629415985e-07,
      1.664514996946309e-07,
      2.5858867047645617e-08
    ]
  ],
  "probs_results": [
    0.20780502259731293,
    0.5877937078475952,
    0.20440150797367096
  ]
}