{
  "skills_mean": [
    [
      0.5713135004043579,
      1.140243649482727
    ],
    [
      -0.15812227129936218,
      0.5478988885879517
    ]
  ],
  "skills_cov": [
    [
      [
        0.0217271838337183,
        0.012531607411801815
      ],
      [
        0.012531607411801815,
        0.027252772822976112
      ]
    ],
    [
      [
        0.0216350220143795,
        0.011145436204969883
      ],
      [
        0.011145436204969883,
        0.02374875731766224
      ]
    ]
  ],
  "probs_grid": [
    [
      0.08253410458564758,
      0.045268524438142776,
      0.013007399626076221,
      0.002610577270388603,
      0.0004116876807529479,
      5.441161192720756e-05,
      6.277899956330657e-06,
      6.503502163468511e-07,
      6.17476061393063e-08
    ],
    [
      0.1547754406929016,
      0.08358283340930939,
      0.023638635873794556,
      0.0046681687235832214,
      0.0007241528364829719,
      9.412129293195903e-05,
      1.067659741238458e-05,
      1.0871335689444095e-06,
      1.0143170925402956e-07
    ],
    [
      0.15127696096897125,
      0.08041788637638092,
      0.022381512448191643,
      0.004348292015492916,
      0.0006634194287471473,
      8.478496602037922e-05,
      9.454320206714328e-06,
      9.461199397264863e-07,
      8.67376996893654e-08
    ],
    [
      0.10273657739162445,
      0.05375128611922264,
      0.014719168655574322,
      0.002812872873619199,
      0.00042203007615171373,
      5.30262004758697e-05,
      5.811878509121016e-06,
      5.715451152354944e-07,
      5.1480139262594093e-08
    ],
    [
      0.05453190580010414,
      0.028075259178876877,
      0.007563226390630007,
      0.0014215068658813834,
      0.0002097049873555079,
      2.5901194021571428e-05,
      2.7900514396606013e-06,
      2.6960032073475304e-07,
      2.3855957209661938e-08
    ],
    [
      0.024127628654241562,
      0.01222160179167986,
      0.003238452598452568,
      0.0005985447787679732,
      8.681011968292296e-05,
      1.0538937203818932e-05,
      1.1156074606333277e-06,
      1.0591401888859764e-07,
      9.206182483012526e-09
    ],
    [
      0.009267880581319332,
      0.00461818091571331,
      0.0012035067193210125,
      0.00021871163335163146,
      3.1182502425508574e-05,
      3.7205634271231247e-06,
      3.869945999213087e-07,
      3.609471121990282e-08,
      3.0816647011988607e-09
    ],
    [
      0.003178450046107173,
      0.0015578479506075382,
      0.00039922515861690044,
      7.132754399208352e-05,
      9.995796972361859e-06,
      1.1720494512701407e-06,
      1.1978075065144367e-07,
      1.097459279009172e-08,
      9.202706374722425e-10
    ],
    [
      0.0009933562250807881,
      0.0004788301885128021,
      0.00012065391638316214,
      2.119106284226291e-05,
      2.918730842793593e-06,
      3.362922029737092e-07,
      3.376520396614069e-08,
      3.0388076499576755e-09,
      2.502579532492888e-10
    ]
  ],
  "probs_results": [
    0.1916530877351761,
    0.7121709585189819,
    0.09617605805397034
  ]
}