{
  "skills_mean": [
    [
      0.33240067958831787,
      0.9007042646408081
    ],
    [
      0.23846030235290527,
      0.7017745971679688
    ]
  ],
  "skills_cov": [
    [
      [
        0.01810283400118351,
        0.009771116077899933
      ],
      [
        0.009771116077899933,
        0.020427284762263298
      ]
    ],
    [
      [
        0.02021806314587593,
        0.011772174388170242
      ],
      [
        0.011772174388170242,
        0.025678366422653198
      ]
    ]
  ],
  "probs_grid": [
    [
      0.0952695682644844,
      0.09540536999702454,
      0.04964453727006912,
      0.017896434292197227,
      0.005027910694479942,
      0.0011741949710994959,
      0.0002374254254391417,
      4.2752057197503746e-05,
      6.997750460868701e-06
    ],
    [
      0.12505675852298737,
      0.12335631996393204,
      0.06321486085653305,
      0.022438842803239822,
      0.0062063951045274734,
      0.0014267365913838148,
      0.0002839363005477935,
      5.031328328186646e-05,
      8.10326400824124e-06
    ],
    [
      0.08550681173801422,
      0.0830642580986023,
      0.04191388934850693,
      0.014647279866039753,
      0.003987934906035662,
      0.0009022829472087324,
      0.00017670594388619065,
      3.0809784220764413e-05,
      4.881904715148266e-06
    ],
    [
      0.040600985288619995,
      0.038836147636175156,
      0.0192929208278656,
      0.006636663340032101,
      0.0017784092342481017,
      0.0003959665191359818,
      7.6303280366119e-05,
      1.3088922059978358e-05,
      2.0402239897521213e-06
    ],
    [
      0.015060081146657467,
      0.014182261191308498,
      0.006935243960469961,
      0.0023480388335883617,
      0.000619185040704906,
      0.00013565141125582159,
      2.571779077698011e-05,
      4.339782663009828e-06,
      6.65377854147664e-07
    ],
    [
      0.004654366057366133,
      0.004314538091421127,
      0.002076558768749237,
      0.000691868073772639,
      0.0001795221323845908,
      3.8694397517247126e-05,
      7.216599442472216e-06,
      1.1978282827840303e-06,
      1.8062453932543576e-07
    ],
    [
      0.0012483082246035337,
      0.0011389176361262798,
      0.0005394365289248526,
      0.00017684869817458093,
      4.5146643969928846e-05,
      9.57268366619246e-06,
      1.7560956848683418e-06,
      2.866779027499433e-07,
      4.25125250558267e-08
    ],
    [
      0.00029881452792324126,
      0.00026829607668332756,
      0.0001250399072887376,
      4.03313861170318e-05,
      1.0128587746294215e-05,
      2.112472429871559e-06,
      3.811473163750634e-07,
      6.119026352280343e-08,
      8.922913075082306e-09
    ],
    [
      6.516429129987955e-05,
      5.757229155278765e-05,
      2.6398925911053084e-05,
      8.376603545912076e-06,
      2.0692471025540726e-06,
      4.2446944803486986e-07,
      7.531754420142533e-08,
      1.1890267437308921e-08,
      1.704830276949565e-09
    ]
  ],
  "probs_results": [
    0.2678479552268982,
    0.44688352942466736,
    0.2852683961391449
  ]
}