{
  "skills_mean": [
    [
      0.427226185798645,
      0.6946716904640198
    ],
    [
      0.287577360868454,
      0.8441587090492249
    ]
  ],
  "skills_cov": [
    [
      [
        0.018998218700289726,
        0.010381007567048073
      ],
      [
        0.010381007567048073,
        0.02124258689582348
      ]
    ],
    [
      [
        0.021014586091041565,
        0.011677475646138191
      ],
      [
        0.011677475646138191,
        0.02533712610602379
      ]
    ]
  ],
  "probs_grid": [
    [
      0.07581553608179092,
      0.09671401977539062,
      0.06417211145162582,
      0.029528122395277023,
      0.010599316097795963,
      0.0031656729988753796,
      0.0008193943067453802,
      0.00018904116586782038,
      3.968006058130413e-05
    ],
    [
      0.09568940103054047,
      0.12010742723941803,
      0.07840488106012344,
      0.0354890339076519,
      0.012529859319329262,
      0.0036804117262363434,
      0.0009367861202917993,
      0.00021250976715236902,
      4.3856227421201766e-05
    ],
    [
      0.06293748319149017,
      0.07771911472082138,
      0.049906644970178604,
      0.0222184956073761,
      0.00771477073431015,
      0.002228351542726159,
      0.0005576935946010053,
      0.00012438336852937937,
      2.5235161956516095e-05
    ],
    [
      0.028760528191924095,
      0.03493570163846016,
      0.02206488884985447,
      0.009660742245614529,
      0.003298562252894044,
      0.0009368021856062114,
      0.00023050561139825732,
      5.053966015111655e-05,
      1.0079174899146892e-05
    ],
    [
      0.01027166098356247,
      0.012271937914192677,
      0.007622464094310999,
      0.0032817614264786243,
      0.001101742614991963,
      0.000307624286506325,
      7.441028719767928e-05,
      1.6037116438383237e-05,
      3.1436063636647305e-06
    ],
    [
      0.0030579424928873777,
      0.0035929479636251926,
      0.002194497035816312,
      0.0009289740119129419,
      0.00030661356868222356,
      8.41602886794135e-05,
      2.001050961553119e-05,
      4.238921974319965e-06,
      8.166373390849913e-07
    ],
    [
      0.0007904050289653242,
      0.0009132162667810917,
      0.0005484215798787773,
      0.0002282429049955681,
      7.405580981867388e-05,
      1.9980727302026935e-05,
      4.6694221964571625e-06,
      9.721392189021572e-07,
      1.840516432594086e-07
    ],
    [
      0.00018242874648422003,
      0.00020724117348436266,
      0.00012235807662364095,
      5.005991260986775e-05,
      1.5965708371368237e-05,
      4.233897925587371e-06,
      9.72430029833049e-07,
      1.9895662717317464e-07,
      3.70147716921565e-08
    ],
    [
      3.8376943848561496e-05,
      4.28619678132236e-05,
      2.4877468604245223e-05,
      1.0004652722273022e-05,
      3.136183750029886e-06,
      8.173731202987256e-07,
      1.8448990601882542e-07,
      3.709168794330253e-08,
      6.780611627732469e-09
    ]
  ],
  "probs_results": [
    0.25669586658477783,
    0.3689349591732025,
    0.3743690848350525
  ]
}