{
  "skills_mean": [
    [
      0.08214277774095535,
      0.4952371418476105
    ],
    [
      -0.02786117233335972,
      0.7072901725769043
    ]
  ],
  "skills_cov": [
    [
      [
        0.0229808297008276,
        0.011290717869997025
      ],
      [
        0.011290717869997025,
        0.025120027363300323
      ]
    ],
    [
      [
        0.01857614517211914,
        0.009473960846662521
      ],
      [
        0.009473960846662521,
        0.022032195702195168
      ]
    ]
  ],
  "probs_grid": [
    [
      0.11081522703170776,
      0.12571828067302704,
      0.074310302734375,
      0.030511030927300453,
      0.00978902168571949,
      0.002617516089230776,
      0.000607571448199451,
      0.00012590977712534368,
      2.3778799004503526e-05
    ],
    [
      0.11420629173517227,
      0.12777775526046753,
      0.07446901500225067,
      0.030141295865178108,
      0.009530989453196526,
      0.0025113141164183617,
      0.0005743108922615647,
      0.00011724013165803626,
      2.1807609300594777e-05
    ],
    [
      0.06140680983662605,
      0.06773992627859116,
      0.03891690447926521,
      0.015524327754974365,
      0.0048372321762144566,
      0.0012557207373902202,
      0.0002828794240485877,
      5.687567318091169e-05,
      1.0418204510642681e-05
    ],
    [
      0.022965962067246437,
      0.024973470717668533,
      0.014140157960355282,
      0.005558161064982414,
      0.0017062542028725147,
      0.00043631158769130707,
      9.68045715126209e-05,
      1.9166833226336166e-05,
      3.456900913079153e-06
    ],
    [
      0.006720665842294693,
      0.007202473934739828,
      0.004018400330096483,
      0.0015561539912596345,
      0.00047056147013790905,
      0.00011851004819618538,
      2.5892733901855536e-05,
      5.047740160080139e-06,
      8.962801416600996e-07
    ],
    [
      0.0016413148259744048,
      0.0017332077259197831,
      0.0009526614448986948,
      0.0003633990418165922,
      0.00010822498006746173,
      2.6840139980777167e-05,
      5.773869816039223e-06,
      1.1081305046900525e-06,
      1.9368246739759343e-07
    ],
    [
      0.00034842907916754484,
      0.000362478633178398,
      0.00019625038839876652,
      7.372775144176558e-05,
      2.1621603082166985e-05,
      5.279585820971988e-06,
      1.1181023182871286e-06,
      2.1122855287103448e-07,
      3.633716616491256e-08
    ],
    [
      6.612650031456724e-05,
      6.776073132641613e-05,
      3.6130641092313454e-05,
      1.3366090570343658e-05,
      3.859323896904243e-06,
      9.277217714043218e-07,
      1.933936744080711e-07,
      3.595897624109057e-08,
      6.087702342227885e-09
    ],
    [
      1.1452203580120113e-05,
      1.1557302968867589e-05,
      6.06817047810182e-06,
      2.2102019556768937e-06,
      6.282456865847053e-07,
      1.486533420802516e-07,
      3.0499233361069855e-08,
      5.580813144945296e-09,
      9.297015379772233e-10
    ]
  ],
  "probs_results": [
    0.2835721969604492,
    0.3309638500213623,
    0.38546401262283325
  ]
}