{
  "skills_mean": [
    [
      0.49873533844947815,
      0.8458812236785889
    ],
    [
      0.5840355157852173,
      1.014374852180481
    ]
  ],
  "skills_cov": [
    [
      [
        0.02236902341246605,
        0.012356424704194069
      ],
      [
        0.012356424704194069,
        0.026219379156827927
      ]
    ],
    [
      [
        0.01992107927799225,
        0.01180428545922041
      ],
      [
        0.01180428545922041,
        0.02580947056412697
      ]
    ]
  ],
  "probs_grid": [
    [
      0.06993259489536285,
      0.10194811969995499,
      0.07754196971654892,
      0.041024625301361084,
      0.01698268949985504,
      0.0058667841367423534,
      0.0017615758115425706,
      0.0004728137864731252,
      0.0001157882870757021
    ],
    [
      0.08070504665374756,
      0.11555919796228409,
      0.08632029592990875,
      0.04484584927558899,
      0.01822805404663086,
      0.006182283163070679,
      0.0018223313381895423,
      0.00048013051855377853,
      0.00011541081039467826
    ],
    [
      0.04870382696390152,
      0.06848666816949844,
      0.050234634429216385,
      0.025624459609389305,
      0.010225212201476097,
      0.003404404502362013,
      0.0009850186761468649,
      0.00025472367997281253,
      6.009257776895538e-05
    ],
    [
      0.02049103006720543,
      0.028293410316109657,
      0.02037574164569378,
      0.010203568264842033,
      0.003996834624558687,
      0.0013061546487733722,
      0.00037091461126692593,
      9.413354564458132e-05,
      2.1792891857330687e-05
    ],
    [
      0.006761009339243174,
      0.009165488183498383,
      0.0064797960221767426,
      0.0031851916573941708,
      0.0012246081605553627,
      0.0003927697252947837,
      0.00010945805843221024,
      2.7259646230959333e-05,
      6.192514774738811e-06
    ],
    [
      0.001865902217105031,
      0.002483155345544219,
      0.0017232074169442058,
      0.0008313814178109169,
      0.00031369950738735497,
      9.873548697214574e-05,
      2.7000492991646752e-05,
      6.597895662707742e-06,
      1.4705817648064112e-06
    ],
    [
      0.0004486175603233278,
      0.0005860229139216244,
      0.0003991451521869749,
      0.00018898988491855562,
      6.997810851316899e-05,
      2.1612268028547987e-05,
      5.798935490020085e-06,
      1.3902911177865462e-06,
      3.040116212105204e-07
    ],
    [
      9.664025128586218e-05,
      0.00012390145275276154,
      8.28197444207035e-05,
      3.8481030060211197e-05,
      1.3981129995954689e-05,
      4.2366436900920235e-06,
      1.1152804972880404e-06,
      2.623197588036419e-07,
      5.6270749837494805e-08
    ],
    [
      1.9038698155782185e-05,
      2.3954999051056802e-05,
      1.5712925232946873e-05,
      7.163720965763787e-06,
      2.553709464336862e-06,
      7.592050792482041e-07,
      1.9606633827606856e-07,
      4.523847252357882e-08,
      9.51911616198231e-09
    ]
  ],
  "probs_results": [
    0.2472856044769287,
    0.3020414710044861,
    0.4506726861000061
  ]
}