{
  "skills_mean": [
    [
      0.26769739389419556,
      0.9072542786598206
    ],
    [
      0.7702595591545105,
      1.1051108837127686
    ]
  ],
  "skills_cov": [
    [
      [
        0.024380682036280632,
        0.014571494422852993
      ],
      [
        0.014571494422852993,
        0.028375260531902313
      ]
    ],
    [
      [
        0.01729409396648407,
        0.010680092498660088
      ],
      [
        0.010680092498660088,
        0.026301216334104538
      ]
    ]
  ],
  "probs_grid": [
    [
      0.07934451848268509,
      0.12925654649734497,
      0.10979293286800385,
      0.06482914835214615,
      0.029932314530014992,
      0.011525445617735386,
      0.0038547294680029154,
      0.0011516616214066744,
      0.00031372159719467163
    ],
    [
      0.06769126653671265,
      0.10827355086803436,
      0.09029009938240051,
      0.05233332887291908,
      0.023715993389487267,
      0.008962036110460758,
      0.0029413735028356314,
      0.0008622863097116351,
      0.0002304667723365128
    ],
    [
      0.030282968655228615,
      0.04754980280995369,
      0.03892000392079353,
      0.022139500826597214,
      0.00984558742493391,
      0.0036506997421383858,
      0.0011755760060623288,
      0.0003381029819138348,
      8.864876144798473e-05
    ],
    [
      0.009471490979194641,
      0.014596257358789444,
      0.011724341660737991,
      0.006544245406985283,
      0.0028554010204970837,
      0.001038714894093573,
      0.00032811835990287364,
      9.256713383365422e-05,
      2.3805660021025687e-05
    ],
    [
      0.002329743467271328,
      0.003523079911246896,
      0.0027766027487814426,
      0.0015204980736598372,
      0.0006508107180707157,
      0.00023222497839014977,
      7.19507661415264e-05,
      1.9907867681467906e-05,
      5.020939170208294e-06
    ],
    [
      0.00048068127944134176,
      0.0007131594466045499,
      0.0005513777723535895,
      0.000296177517157048,
      0.00012434102245606482,
      4.351396273705177e-05,
      1.3221610970504116e-05,
      3.587364744817023e-06,
      8.871832619661291e-07
    ],
    [
      8.664687629789114e-05,
      0.00012610340490937233,
      9.562962804920971e-05,
      5.03802984894719e-05,
      2.0742147171404213e-05,
      7.118144822015893e-06,
      2.120766794178053e-06,
      5.641942379952525e-07,
      1.3680075028332794e-07
    ],
    [
      1.40341790029197e-05,
      2.0032708562212065e-05,
      1.4898607332725078e-05,
      7.696944521740079e-06,
      3.107300244664657e-06,
      1.0455346455273684e-06,
      3.054074966257758e-07,
      7.96538728309315e-08,
      1.8933763001882653e-08
    ],
    [
      2.084820152958855e-06,
      2.918365453297156e-06,
      2.128274445567513e-06,
      1.078074205906887e-06,
      4.267081408215745e-07,
      1.4075882859287958e-07,
      4.030708211644196e-08,
      1.0305048370184977e-08,
      2.4010546884056794e-09
    ]
  ],
  "probs_results": [
    0.23382948338985443,
    0.19413039088249207,
    0.5720402002334595
  ]
}