{
  "skills_mean": [
    [
      0.6106730699539185,
      1.1939127445220947
    ],
    [
      -0.19818150997161865,
      0.37896212935447693
    ]
  ],
  "skills_cov": [
    [
      [
        0.018799392506480217,
        0.011610322631895542
      ],
      [
        0.011610322631895542,
        0.027568448334932327
      ]
    ],
    [
      [
        0.023981472477316856,
        0.01206847932189703
      ],
      [
        0.01206847932189703,
        0.023868663236498833
      ]
    ]
  ],
  "probs_grid": [
    [
      0.05613560602068901,
      0.02835894003510475,
      0.007523742038756609,
      0.001397621352225542,
      0.00020449853036552668,
      2.5138644559774548e-05,
      2.7042672172683524e-06,
      2.6183249701716704e-07,
      2.32911858688567e-08
    ],
    [
      0.1277986466884613,
      0.06354187428951263,
      0.016586236655712128,
      0.00303052575327456,
      0.00043602383811958134,
      5.269124449114315e-05,
      5.570771463681012e-06,
      5.29976546204125e-07,
      4.631229089113731e-08
    ],
    [
      0.1511891931295395,
      0.0739734023809433,
      0.018995588645339012,
      0.003413405502215028,
      0.0004828674136660993,
      5.735786180594005e-05,
      5.959396730759181e-06,
      5.570295229517797e-07,
      4.781466955705582e-08
    ],
    [
      0.12390901148319244,
      0.05965166166424751,
      0.015067415311932564,
      0.002662521554157138,
      0.00037028788938187063,
      4.323201210354455e-05,
      4.413819624460302e-06,
      4.0531762124373927e-07,
      3.417392946403197e-08
    ],
    [
      0.07913462817668915,
      0.03748002275824547,
      0.009311258792877197,
      0.001617858768440783,
      0.0002211850805906579,
      2.537979707994964e-05,
      2.5460519736952847e-06,
      2.296821008940242e-07,
      1.902034973966238e-08
    ],
    [
      0.042002949863672256,
      0.019569484516978264,
      0.004781208001077175,
      0.000816787825897336,
      0.00010976394696626812,
      1.2377368875604589e-05,
      1.2199723187222844e-06,
      1.081094538335492e-07,
      8.792777173027844e-09
    ],
    [
      0.01929784193634987,
      0.008843638002872467,
      0.0021247128024697304,
      0.0003568429092410952,
      4.713378439191729e-05,
      5.222869731369428e-06,
      5.057654561824165e-07,
      4.402462039365673e-08,
      3.5164919864882904e-09
    ],
    [
      0.007892657071352005,
      0.0035573728382587433,
      0.0008403792744502425,
      0.00013874770957045257,
      1.8011825886787847e-05,
      1.9611886727943784e-06,
      1.865760737018718e-07,
      1.595203968918213e-08,
      1.251310055572219e-09
    ],
    [
      0.002933000447228551,
      0.0013000729959458113,
      0.0003019663563463837,
      4.9006735935108736e-05,
      6.2523040469386615e-06,
      6.689049882879772e-07,
      6.251421780234523e-08,
      5.249719325917113e-09,
      4.0439529502833693e-10
    ]
  ],
  "probs_results": [
    0.14189156889915466,
    0.7959346175193787,
    0.06217370927333832
  ]
}