{
  "skills_mean": [
    [
      -0.14248287677764893,
      0.5872007608413696
    ],
    [
      -0.04302094876766205,
      0.5115392804145813
    ]
  ],
  "skills_cov": [
    [
      [
        0.02109973318874836,
        0.010305306874215603
      ],
      [
        0.010305306874215603,
        0.022066699340939522
      ]
    ],
    [
      [
        0.02185150422155857,
        0.011445985175669193
      ],
      [
        0.011445985175669193,
        0.02373810112476349
      ]
    ]
  ],
  "probs_grid": [
    [
      0.1279565542936325,
      0.13109101355075836,
      0.06999972462654114,
      0.025974109768867493,
      0.007534039672464132,
      0.0018220179481431842,
      0.00038265655166469514,
      7.17788643669337e-05,
      1.2275310837139841e-05
    ],
    [
      0.12813980877399445,
      0.12942703068256378,
      0.06811892241239548,
      0.024907337501645088,
      0.007117555942386389,
      0.0016954283928498626,
      0.0003506488574203104,
      6.47611086606048e-05,
      1.090254318114603e-05
    ],
    [
      0.06694165617227554,
      0.06664281338453293,
      0.03456276282668114,
      0.012450385838747025,
      0.00350435939617455,
      0.0008220392628572881,
      0.0001673936058068648,
      3.043385368073359e-05,
      5.0428297981852666e-06
    ],
    [
      0.024322479963302612,
      0.02386009506881237,
      0.012190974317491055,
      0.00432546203956008,
      0.0011989233316853642,
      0.0002769024285953492,
      5.550696369027719e-05,
      9.932701686921064e-06,
      1.6196397609746782e-06
    ],
    [
      0.006914123892784119,
      0.006682015955448151,
      0.003362709889188409,
      0.0011749332770705223,
      0.0003206421388313174,
      7.290011853910983e-05,
      1.4382968402060214e-05,
      2.5327931325591635e-06,
      4.063662117914646e-07
    ],
    [
      0.0016401304164901376,
      0.001561201410368085,
      0.000773689360357821,
      0.0002661556063685566,
      7.150106830522418e-05,
      1.599987990630325e-05,
      3.106459416812868e-06,
      5.382461267799954e-07,
      8.495761250060241e-08
    ],
    [
      0.0003381614515092224,
      0.0003169750270899385,
      0.00015465858450625092,
      5.237314326222986e-05,
      1.3847771697328426e-05,
      3.049368842766853e-06,
      5.825324933539378e-07,
      9.929701150213077e-08,
      1.5417018772723168e-08
    ],
    [
      6.23263549641706e-05,
      5.751872231485322e-05,
      2.76261089311447e-05,
      9.207576113112736e-06,
      2.3957379653438693e-06,
      5.190728984416637e-07,
      9.755218854934355e-08,
      1.6356615617496573e-08,
      2.4977202528475573e-09
    ],
    [
      1.0481829121999908e-05,
      9.522078471491113e-06,
      4.50121660833247e-06,
      1.4763047602173174e-06,
      3.779432233841362e-07,
      8.055854294752862e-08,
      1.4892198585414462e-08,
      2.4558362010651535e-09,
      3.687926075635062e-10
    ]
  ],
  "probs_results": [
    0.2966125011444092,
    0.3456134498119354,
    0.35777390003204346
  ]
}