{
  "skills_mean": [
    [
      0.2878684103488922,
      0.9283161163330078
    ],
    [
      0.8167650699615479,
      1.1246039867401123
    ]
  ],
  "skills_cov": [
    [
      [
        0.023586902767419815,
        0.01387941837310791
      ],
      [
        0.01387941837310791,
        0.027349945157766342
      ]
    ],
    [
      [
        0.018107905983924866,
        0.01124660111963749
      ],
      [
        0.01124660111963749,
        0.026810061186552048
      ]
    ]
  ],
  "probs_grid": [
    [
      0.0760456770658493,
      0.12686695158481598,
      0.11033172160387039,
      0.06668341159820557,
      0.0315065011382103,
      0.012411396950483322,
      0.004245710093528032,
      0.0012970740208402276,
      0.00036120801814831793
    ],
    [
      0.06497431546449661,
      0.10643481463193893,
      0.09087579697370529,
      0.05391719192266464,
      0.02500486932694912,
      0.009667573496699333,
      0.0032454952597618103,
      0.0009729589801281691,
      0.00026586157036945224
    ],
    [
      0.02910313382744789,
      0.046801384538412094,
      0.03922374173998833,
      0.02284054085612297,
      0.010395338758826256,
      0.003943908493965864,
      0.0012991222320124507,
      0.00038211242645047605,
      0.00010243570432066917
    ],
    [
      0.009111149236559868,
      0.01438083779066801,
      0.01182820089161396,
      0.0067589012905955315,
      0.00301833963021636,
      0.00112351612187922,
      0.0003630715364124626,
      0.00010475947783561423,
      2.75478269031737e-05
    ],
    [
      0.0022426352370530367,
      0.003473619930446148,
      0.0028033971320837736,
      0.0015716977650299668,
      0.0006885731709189713,
      0.00025142941740341485,
      7.969901344040409e-05,
      2.2555414034286514e-05,
      5.8172381613985635e-06
    ],
    [
      0.00046289913007058203,
      0.0007034751470200717,
      0.0005569906206801534,
      0.0003063306794501841,
      0.00013164205302018672,
      4.7146771976258606e-05,
      1.4657218343927525e-05,
      4.068046109750867e-06,
      1.028883048093121e-06
    ],
    [
      8.345351670868695e-05,
      0.00012441613944247365,
      9.662878437666222e-05,
      5.21247238793876e-05,
      2.1968962755636312e-05,
      7.716114851064049e-06,
      2.352355295442976e-06,
      6.402034955499403e-07,
      1.587661131452478e-07
    ],
    [
      1.3515307728084736e-05,
      1.9763507225434296e-05,
      1.5054385585244745e-05,
      7.964081305544823e-06,
      3.29159092871123e-06,
      1.1336293255226337e-06,
      3.3886470873767394e-07,
      9.04211461261184e-08,
      2.198460791191792e-08
    ],
    [
      2.006968770729145e-06,
      2.878232635339373e-06,
      2.1499947706615785e-06,
      1.1152967545058345e-06,
      4.519723972862266e-07,
      1.5261666419519315e-07,
      4.472581949244159e-08,
      1.1699894386651977e-08,
      2.788638653328235e-09
    ]
  ],
  "probs_results": [
    0.22926002740859985,
    0.1889563649892807,
    0.5817835927009583
  ]
}