{
  "skills_mean": [
    [
      0.3526246249675751,
      0.6911861896514893
    ],
    [
      0.3393932580947876,
      0.7445806860923767
    ]
  ],
  "skills_cov": [
    [
      [
        0.01578148640692234,
        0.00859148520976305
      ],
      [
        0.00859148520976305,
        0.021692100912332535
      ]
    ],
    [
      [
        0.02061370387673378,
        0.011731413193047047
      ],
      [
        0.011731413193047047,
        0.02508404478430748
      ]
    ]
  ],
  "probs_grid": [
    [
      0.06845168024301529,
      0.09187977761030197,
      0.06414774060249329,
      0.031057946383953094,
      0.011730345897376537,
      0.0036862690467387438,
      0.0010039013577625155,
      0.0002436787763144821,
      5.381216760724783e-05
    ],
    [
      0.08863554894924164,
      0.11721320450305939,
      0.08061473071575165,
      0.038444072008132935,
      0.014300195500254631,
      0.00442533940076828,
      0.0011866872664541006,
      0.00028360160649754107,
      6.16567485849373e-05
    ],
    [
      0.059624362736940384,
      0.07767301052808762,
      0.052617769688367844,
      0.024712789803743362,
      0.00905236229300499,
      0.0027583555784076452,
      0.0007282539154402912,
      0.00017134069639723748,
      3.666930933832191e-05
    ],
    [
      0.02778053656220436,
      0.035646192729473114,
      0.023782143369317055,
      0.010999378748238087,
      0.003967266529798508,
      0.0011902034748345613,
      0.00030935448012314737,
      7.164745329646394e-05,
      1.5093023648660164e-05
    ],
    [
      0.010085105895996094,
      0.012744731269776821,
      0.0083733219653368,
      0.0038132821209728718,
      0.0013541397638618946,
      0.00039994021062739193,
      0.00010232810018351302,
      2.3327576855081134e-05,
      4.8366405280830804e-06
    ],
    [
      0.0030425640288740396,
      0.003786359680816531,
      0.002449485706165433,
      0.0010982946259900928,
      0.0003839596756733954,
      0.00011163012095494196,
      2.8113196094636805e-05,
      6.307847343123285e-06,
      1.2871262242697412e-06
    ],
    [
      0.0007945357356220484,
      0.0009736095671541989,
      0.0006201309734024107,
      0.00027373572811484337,
      9.420276182936504e-05,
      2.6958054149872623e-05,
      6.682099865429336e-06,
      1.475529415984056e-06,
      2.9629404707520735e-07
    ],
    [
      0.00018471485236659646,
      0.00022285520390141755,
      0.00013974265311844647,
      6.072185351513326e-05,
      2.0568772015394643e-05,
      5.793348464067094e-06,
      1.4132469914329704e-06,
      3.0710501164321613e-07,
      6.068317759400088e-08
    ],
    [
      3.9023336285026744e-05,
      4.63508658867795e-05,
      2.8611202651518397e-05,
      1.223733397637261e-05,
      4.079896370967617e-06,
      1.1309311958029866e-06,
      2.714934623782028e-07,
      5.805429381666727e-08,
      1.1287424328543239e-08
    ]
  ],
  "probs_results": [
    0.25077345967292786,
    0.36249661445617676,
    0.3867299258708954
  ]
}