{
  "skills_mean": [
    [
      -0.15810330212116241,
      0.5478332042694092
    ],
    [
      0.012210487388074398,
      0.6145233511924744
    ]
  ],
  "skills_cov": [
    [
      [
        0.021734844893217087,
        0.011226339265704155
      ],
      [
        0.011226339265704155,
        0.02384808100759983
      ]
    ],
    [
      [
        0.02268095314502716,
        0.012564292177557945
      ],
      [
        0.012564292177557945,
        0.02573922649025917
      ]
    ]
  ],
  "probs_grid": [
    [
      0.12914378941059113,
      0.14450132846832275,
      0.08445388078689575,
      0.03437289595603943,
      0.010959066450595856,
      0.002919293474406004,
      0.0006767256418243051,
      0.00014039989036973566,
      2.661012695170939e-05
    ],
    [
      0.11577833443880081,
      0.12751124799251556,
      0.07333426922559738,
      0.02936360612511635,
      0.009208191186189651,
      0.0024120924063026905,
      0.0005497414385899901,
      0.0001121146124205552,
      2.0884190234937705e-05
    ],
    [
      0.054281968623399734,
      0.05882701277732849,
      0.033283673226833344,
      0.013107855804264545,
      0.004042059648782015,
      0.001040980569086969,
      0.00023320989566855133,
      4.674288720707409e-05,
      8.555912245356012e-06
    ],
    [
      0.017744533717632294,
      0.01891779527068138,
      0.010527190752327442,
      0.004076703917235136,
      0.0012359210522845387,
      0.0003128676034975797,
      6.888418283779174e-05,
      1.356664506602101e-05,
      2.439730906189652e-06
    ],
    [
      0.004549596458673477,
      0.0047704013995826244,
      0.0026102527044713497,
      0.0009937557624652982,
      0.0002961292047984898,
      7.367085345322266e-05,
      1.5937812349875458e-05,
      3.0838234579277923e-06,
      5.447599278340931e-07
    ],
    [
      0.0009758266387507319,
      0.0010060726199299097,
      0.000541186542250216,
      0.00020251356181688607,
      5.9304915339453146e-05,
      1.4496705261990428e-05,
      3.0810579119133763e-06,
      5.855935114595923e-07,
      1.0159901364659163e-07
    ],
    [
      0.00018237059703096747,
      0.00018483787425793707,
      9.77257004706189e-05,
      3.5936962376581505e-05,
      1.0340287190047093e-05,
      2.483129719621502e-06,
      5.183889015825116e-07,
      9.676518430978831e-08,
      1.6486362497403206e-08
    ],
    [
      3.054322223761119e-05,
      3.0425755539909005e-05,
      1.5807941963430494e-05,
      5.711546691600233e-06,
      1.6144490473379847e-06,
      3.8080955278019246e-07,
      7.807682322891196e-08,
      1.431159990517017e-08,
      2.394113352011118e-09
    ],
    [
      4.679145149566466e-06,
      4.580366294248961e-06,
      2.338146032343502e-06,
      8.298916327476036e-07,
      2.3040971086629725e-07,
      5.337452790854513e-08,
      1.0745888623375777e-08,
      1.9339727597156298e-09,
      3.1761432373045295e-10
    ]
  ],
  "probs_results": [
    0.29433107376098633,
    0.29240116477012634,
    0.4132675230503082
  ]
}