{
  "skills_mean": [
    [
      0.37213394045829773,
      0.7217148542404175
    ],
    [
      0.3325382471084595,
      0.7452396154403687
    ]
  ],
  "skills_cov": [
    [
      [
        0.016370663419365883,
        0.009256373159587383
      ],
      [
        0.009256373159587383,
        0.022949833422899246
      ]
    ],
    [
      [
        0.021585769951343536,
        0.012789451517164707
      ],
      [
        0.012789451517164707,
        0.02673342078924179
      ]
    ]
  ],
  "probs_grid": [
    [
      0.07003442943096161,
      0.09080521762371063,
      0.061361245810985565,
      0.028811275959014893,
      0.010573742911219597,
      0.003235042793676257,
      0.0008594123646616936,
      0.0002038842358160764,
      4.408944005263038e-05
    ],
    [
      0.09226226061582565,
      0.11769291013479233,
      0.07823526114225388,
      0.036131445318460464,
      0.01304114144295454,
      0.003923592157661915,
      0.0010248944163322449,
      0.00023905328998807818,
      5.0820945034502074e-05
    ],
    [
      0.06326384842395782,
      0.07938773185014725,
      0.051906514912843704,
      0.023575956001877785,
      0.008367887698113918,
      0.0024754591286182404,
      0.0006357426755130291,
      0.0001457770704291761,
      3.0464536393992603e-05
    ],
    [
      0.03010302595794201,
      0.037155881524086,
      0.02389257773756981,
      0.01067156158387661,
      0.0037243147380650043,
      0.0010832169791683555,
      0.0002734831359703094,
      6.164413935039192e-05,
      1.2662431799981277e-05
    ],
    [
      0.011181605979800224,
      0.013573520816862583,
      0.008583190850913525,
      0.0037695334758609533,
      0.0012934092665091157,
      0.00036982327583245933,
      9.178274194709957e-05,
      2.033476448559668e-05,
      4.1053449422179256e-06
    ],
    [
      0.0034580270294100046,
      0.0041280267760157585,
      0.0025667084846645594,
      0.0011082771234214306,
      0.00037384164170362055,
      0.00010507466504350305,
      2.56319108302705e-05,
      5.581384812103352e-06,
      1.1074006351918797e-06
    ],
    [
      0.0009274095646105707,
      0.0010886029340326786,
      0.0006654899916611612,
      0.0002824933617375791,
      9.367041639052331e-05,
      2.5877989173750393e-05,
      6.204351848282386e-06,
      1.3277260677568847e-06,
      2.588768950317899e-07
    ],
    [
      0.00022183395049069077,
      0.00025601821835152805,
      0.0001538664218969643,
      6.42052327748388e-05,
      2.0925994249409996e-05,
      5.681980383087648e-06,
      1.3388076922637993e-06,
      2.815477841977554e-07,
      5.394246471723818e-08
    ],
    [
      4.83069998153951e-05,
      5.481028347276151e-05,
      3.23818858305458e-05,
      1.3281782230478711e-05,
      4.254638042766601e-06,
      1.1353570243954891e-06,
      2.628905804158421e-07,
      5.432549698980438e-08,
      1.0227043212296394e-08
    ]
  ],
  "probs_results": [
    0.25172877311706543,
    0.3787976801395416,
    0.36947372555732727
  ]
}