{
  "skills_mean": [
    [
      0.47305116057395935,
      0.8006864190101624
    ],
    [
      -0.09936945885419846,
      0.329349547624588
    ]
  ],
  "skills_cov": [
    [
      [
        0.02001478150486946,
        0.010960104875266552
      ],
      [
        0.010960104875266552,
        0.023161809891462326
      ]
    ],
    [
      [
        0.023917650803923607,
        0.011363312602043152
      ],
      [
        0.011363312602043152,
        0.021539583802223206
      ]
    ]
  ],
  "probs_grid": [
    [
      0.04960748180747032,
      0.04013664647936821,
      0.016974080353975296,
      0.005002598278224468,
      0.0011558320838958025,
      0.00022329718922264874,
      3.7571564462268725e-05,
      5.662730472977273e-06,
      7.80376865350263e-07
    ],
    [
      0.10497548431158066,
      0.08355769515037537,
      0.03475840017199516,
      0.01007454190403223,
      0.002288826508447528,
      0.00043473675032146275,
      7.190641917986795e-05,
      1.0652312994352542e-05,
      1.4427133692151983e-06
    ],
    [
      0.11534477770328522,
      0.09031577408313751,
      0.036951351910829544,
      0.010532223619520664,
      0.0023526991717517376,
      0.0004393161798361689,
      7.142631511669606e-05,
      1.0399682651041076e-05,
      1.3841773807143909e-06
    ],
    [
      0.08773378282785416,
      0.0675717294216156,
      0.02718903310596943,
      0.007620407734066248,
      0.0016736179823055863,
      0.00030721284565515816,
      4.909497147309594e-05,
      7.025269951554947e-06,
      9.188610761157179e-07
    ],
    [
      0.051963284611701965,
      0.039363738149404526,
      0.015576071105897427,
      0.0042925039306283,
      0.0009268212597817183,
      0.00016723554290365428,
      2.6267687644576654e-05,
      3.693964572448749e-06,
      4.74762998692313e-07
    ],
    [
      0.025560153648257256,
      0.01904303953051567,
      0.007409774232655764,
      0.002007715404033661,
      0.0004261598805896938,
      7.558483048342168e-05,
      1.166822221421171e-05,
      1.6125130741784233e-06,
      2.0364259967209364e-07
    ],
    [
      0.010875312611460686,
      0.007968241348862648,
      0.0030487016774713993,
      0.0008121481514535844,
      0.00016946159303188324,
      2.9542345146182925e-05,
      4.482038548303535e-06,
      6.086766006774269e-07,
      7.553003200655439e-08
    ],
    [
      0.004116336815059185,
      0.002965903375297785,
      0.0011157648405060172,
      0.0002922115381807089,
      5.9935231547569856e-05,
      1.0269561244058423e-05,
      1.531188900116831e-06,
      2.043334745849279e-07,
      2.491311512642369e-08
    ],
    [
      0.0014147137990221381,
      0.0010023523354902864,
      0.00037075040745548904,
      9.545408829580992e-05,
      1.924479875015095e-05,
      3.2409016057499684e-06,
      4.748725643821672e-07,
      6.226963478184189e-08,
      7.459516560004431e-09
    ]
  ],
  "probs_results": [
    0.17897266149520874,
    0.6940311789512634,
    0.12699638307094574
  ]
}