{
  "skills_mean": [
    [
      0.33234089612960815,
      0.9005423784255981
    ],
    [
      0.23204225301742554,
      0.5120283365249634
    ]
  ],
  "skills_cov": [
    [
      [
        0.01825382001698017,
        0.009892916306853294
      ],
      [
        0.009892916306853294,
        0.02057742327451706
      ]
    ],
    [
      [
        0.02006087824702263,
        0.011150456964969635
      ],
      [
        0.011150456964969635,
        0.0240565687417984
      ]
    ]
  ],
  "probs_grid": [
    [
      0.07299597561359406,
      0.07299358397722244,
      0.037924353033304214,
      0.013649513944983482,
      0.0038283513858914375,
      0.0008924980065785348,
      0.00018013887165579945,
      3.237590499338694e-05,
      5.289066393743269e-06
    ],
    [
      0.11463887989521027,
      0.11290263384580612,
      0.057764217257499695,
      0.020469971001148224,
      0.005652136169373989,
      0.0012970400275662541,
      0.00025765952887013555,
      4.5572589442599565e-05,
      7.325834758376004e-06
    ],
    [
      0.09361907839775085,
      0.09079598635435104,
      0.045739319175481796,
      0.015957217663526535,
      0.004337162245064974,
      0.0009795946534723043,
      0.00019150893785990775,
      3.333104177727364e-05,
      5.271812369755935e-06
    ],
    [
      0.05300229787826538,
      0.05061446875333786,
      0.025102457031607628,
      0.008620765060186386,
      0.0023062319960445166,
      0.000512627069838345,
      9.861749276751652e-05,
      1.6887992387637496e-05,
      2.6279080884705763e-06
    ],
    [
      0.02340097166597843,
      0.02200101874768734,
      0.01074129156768322,
      0.00363081693649292,
      0.0009559359168633819,
      0.0002090959605993703,
      3.957951412303373e-05,
      6.6684242483461276e-06,
      1.0208051435256493e-06
    ],
    [
      0.008593442849814892,
      0.00795352179557085,
      0.0038221038412302732,
      0.0012715344782918692,
      0.0003294435446150601,
      7.090550207067281e-05,
      1.3205120922066271e-05,
      2.188722646678798e-06,
      3.295840542705264e-07
    ],
    [
      0.0027338701765984297,
      0.002490644110366702,
      0.001177997444756329,
      0.0003856648690998554,
      9.832313662627712e-05,
      2.0821060388698243e-05,
      3.814791853073984e-06,
      6.219912052074505e-07,
      9.21269247555756e-08
    ],
    [
      0.000774916261434555,
      0.0006948505179025233,
      0.0003234277246519923,
      0.00010419534373795614,
      2.613691503938753e-05,
      5.445255283120787e-06,
      9.8143607374368e-07,
      1.5740275216558075e-07,
      2.2930567666890056e-08
    ],
    [
      0.00019975833129137754,
      0.0001762824394972995,
      8.074472134467214e-05,
      2.5595230908947997e-05,
      6.316770395642379e-06,
      1.294635239901254e-06,
      2.2953027212224697e-07,
      3.6207751463734894e-08,
      5.1877551143775236e-09
    ]
  ],
  "probs_results": [
    0.24132609367370605,
    0.5189234614372253,
    0.23975031077861786
  ]
}