{
  "skills_mean": [
    [
      0.5842105746269226,
      1.014678955078125
    ],
    [
      0.28065797686576843,
      0.9547457695007324
    ]
  ],
  "skills_cov": [
    [
      [
        0.019670287147164345,
        0.011602322570979595
      ],
      [
        0.011602322570979595,
        0.025562208145856857
      ]
    ],
    [
      [
        0.018203258514404297,
        0.010496937669813633
      ],
      [
        0.010496937669813633,
        0.025540098547935486
      ]
    ]
  ],
  "probs_grid": [
    [
      0.10223978757858276,
      0.09548038989305496,
      0.046469952911138535,
      0.015714749693870544,
      0.004153791815042496,
      0.0009153443388640881,
      0.0001751559175318107,
      2.9934326448710635e-05,
      4.663814252126031e-06
    ],
    [
      0.13378523290157318,
      0.12305012345314026,
      0.058969445526599884,
      0.019631853327155113,
      0.005107579752802849,
      0.0011076258961111307,
      0.00020854422473348677,
      3.5062144888797775e-05,
      5.37329469807446e-06
    ],
    [
      0.09130512177944183,
      0.08269168436527252,
      0.03901328891515732,
      0.012784096412360668,
      0.003273171838372946,
      0.0006984217907302082,
      0.0001293672394240275,
      2.1394414943642914e-05,
      3.2246075534203555e-06
    ],
    [
      0.04332885518670082,
      0.03863279148936272,
      0.017940588295459747,
      0.0057855648919939995,
      0.001457546022720635,
      0.00030597022850997746,
      5.574777242145501e-05,
      9.067410246643703e-06,
      1.343942358289496e-06
    ],
    [
      0.01608288288116455,
      0.014114946126937866,
      0.006450873799622059,
      0.0020469750743359327,
      0.0005073455395177007,
      0.00010476334136910737,
      1.8773429474094883e-05,
      3.0027981665625703e-06,
      4.3761716028711817e-07
    ],
    [
      0.004980101250112057,
      0.0043014963157474995,
      0.0019344224128872156,
      0.0006039038416929543,
      0.00014723643835168332,
      2.9902945243520662e-05,
      5.2696509555971716e-06,
      8.287845503218705e-07,
      1.1875010130779629e-07
    ],
    [
      0.001339927315711975,
      0.0011388412676751614,
      0.0005038784584030509,
      0.00015474144311156124,
      3.710697274073027e-05,
      7.4113231676165015e-06,
      1.2842466503570904e-06,
      1.9858167377151403e-07,
      2.797126263942573e-08
    ],
    [
      0.00032216557883657515,
      0.00026940208044834435,
      0.00011725653166649863,
      3.541837213560939e-05,
      8.352722034032922e-06,
      1.6404447933382471e-06,
      2.7948183856096875e-07,
      4.2484696649580656e-08,
      5.882269782375715e-09
    ],
    [
      7.06538776285015e-05,
      5.81221429456491e-05,
      2.4882760044420138e-05,
      7.3918090492952615e-06,
      1.7141692296718247e-06,
      3.310062481887144e-07,
      5.544030301507519e-08,
      8.2842399606875e-09,
      1.1273709743520044e-09
    ]
  ],
  "probs_results": [
    0.2706391513347626,
    0.4624669849872589,
    0.2668939232826233
  ]
}