{
  "skills_mean": [
    [
      -0.039018724113702774,
      0.6882606148719788
    ],
    [
      0.224409818649292,
      0.8276646137237549
    ]
  ],
  "skills_cov": [
    [
      [
        0.018920375034213066,
        0.009917634539306164
      ],
      [
        0.009917634539306164,
        0.022894082590937614
      ]
    ],
    [
      [
        0.022239694371819496,
        0.013347280211746693
      ],
      [
        0.013347280211746693,
        0.029801400378346443
      ]
    ]
  ],
  "probs_grid": [
    [
      0.12887178361415863,
      0.15417473018169403,
      0.09621270000934601,
      0.04175570607185364,
      0.014176738448441029,
      0.0040160659700632095,
      0.000988721614703536,
      0.00021756339992862195,
      4.3676172936102375e-05
    ],
    [
      0.10563598573207855,
      0.12446549534797668,
      0.07647857069969177,
      0.03267316520214081,
      0.010917486622929573,
      0.0030431754421442747,
      0.0007370468229055405,
      0.0001595226931385696,
      3.149363328702748e-05
    ],
    [
      0.04534250125288963,
      0.05260034278035164,
      0.03181438148021698,
      0.013375913724303246,
      0.004397574812173843,
      0.0012058451538905501,
      0.00028724627918563783,
      6.113680137787014e-05,
      1.186738518299535e-05
    ],
    [
      0.01358766108751297,
      0.015514805912971497,
      0.009234340861439705,
      0.003819808131083846,
      0.0012353311758488417,
      0.0003331464540679008,
      7.803655898896977e-05,
      1.632967178011313e-05,
      3.1159945592662552e-06
    ],
    [
      0.0031977759208530188,
      0.003592930966988206,
      0.002103876555338502,
      0.0008560229325667024,
      0.0002722570498008281,
      7.219544932013378e-05,
      1.6625814168946818e-05,
      3.4198592402390204e-06,
      6.413768005586462e-07
    ],
    [
      0.0006303879781626165,
      0.0006967806257307529,
      0.0004013042780570686,
      0.00016057152242865413,
      5.0213420763611794e-05,
      1.309000526816817e-05,
      2.9630457447638037e-06,
      5.990031013425323e-07,
      1.1039345082508589e-07
    ],
    [
      0.00010842139454325661,
      0.00011786526010837406,
      6.675300392089412e-05,
      2.626042260089889e-05,
      8.07275137049146e-06,
      2.068457888526609e-06,
      4.6014045551601157e-07,
      9.140508439031692e-08,
      1.65508922123081e-08
    ],
    [
      1.6732643416617066e-05,
      1.7886284695123322e-05,
      9.959092494682409e-06,
      3.851224391837604e-06,
      1.163600359177508e-06,
      2.9299138759597554e-07,
      6.404255969982842e-08,
      1.2498730050936047e-08,
      2.223233153131332e-09
    ],
    [
      2.365213276789291e-06,
      2.485531695128884e-06,
      1.3603383877125452e-06,
      5.170016379452136e-07,
      1.534985045736903e-07,
      3.797576653141732e-08,
      8.154913189173385e-09,
      1.5633869754339003e-09,
      2.731425086111017e-10
    ]
  ],
  "probs_results": [
    0.28926366567611694,
    0.2539973855018616,
    0.45673877000808716
  ]
}