{
  "skills_mean": [
    [
      -0.17906859517097473,
      0.47398191690444946
    ],
    [
      0.6761325001716614,
      0.8784022331237793
    ]
  ],
  "skills_cov": [
    [
      [
        0.018702566623687744,
        0.009826283901929855
      ],
      [
        0.009826283901929855,
        0.022292369976639748
      ]
    ],
    [
      [
        0.017340073361992836,
        0.010008363984525204
      ],
      [
        0.010008363984525204,
        0.023369116708636284
      ]
    ]
  ],
  "probs_grid": [
    [
      0.049253810197114944,
      0.10988128930330276,
      0.12707234919071198,
      0.10155803710222244,
      0.06309854984283447,
      0.032504674047231674,
      0.014460126869380474,
      0.005713231861591339,
      0.0020463361870497465
    ],
    [
      0.034174054861068726,
      0.07518550753593445,
      0.08573699742555618,
      0.06756088137626648,
      0.04138316586613655,
      0.0210153479129076,
      0.009215427562594414,
      0.003588777268305421,
      0.001266878331080079
    ],
    [
      0.012340462766587734,
      0.026769621297717094,
      0.030095823109149933,
      0.02337883599102497,
      0.014115747064352036,
      0.007065372541546822,
      0.003053518943488598,
      0.0011718978639692068,
      0.00040767149766907096
    ],
    [
      0.0030922037549316883,
      0.0066126491874456406,
      0.007328178267925978,
      0.005610891152173281,
      0.003338854294270277,
      0.0016469544498249888,
      0.0007014086586423218,
      0.0002652514958754182,
      9.091838728636503e-05
    ],
    [
      0.000604843779001385,
      0.0012748948065564036,
      0.00139245530590415,
      0.0010506768012419343,
      0.0006161052151583135,
      0.0002994536189362407,
      0.00012565588986035436,
      4.6817585825920105e-05,
      1.5809582691872492e-05
    ],
    [
      9.850723290583119e-05,
      0.0002046226873062551,
      0.00022023217752575874,
      0.000163740711286664,
      9.460208093514666e-05,
      4.530088699539192e-05,
      1.872692519100383e-05,
      6.873477559565799e-06,
      2.2863978301757015e-06
    ],
    [
      1.391404657624662e-05,
      2.847921678039711e-05,
      3.0200337278074585e-05,
      2.2121506844996475e-05,
      1.2590946425916627e-05,
      5.939349648542702e-06,
      2.418524218228413e-06,
      8.743619446249795e-07,
      2.8646977057178447e-07
    ],
    [
      1.7531351659272332e-06,
      3.5352188660908723e-06,
      3.6931492104486097e-06,
      2.6648256152839167e-06,
      1.494019670644775e-06,
      6.941561991880008e-07,
      2.783991988053458e-07,
      9.912639598042006e-08,
      3.1984537685048053e-08
    ],
    [
      2.0113559173751128e-07,
      3.9953727082320256e-07,
      4.111284681584948e-07,
      2.921888437867892e-07,
      1.6133985525357275e-07,
      7.38264134270139e-08,
      2.915895969124449e-08,
      1.0224100677191927e-08,
      3.2485709677843033e-09
    ]
  ],
  "probs_results": [
    0.16109734773635864,
    0.09572142362594604,
    0.7431812286376953
  ]
}