{
  "skills_mean": [
    [
      0.26557597517967224,
      0.9150952696800232
    ],
    [
      -0.2599184215068817,
      0.44601306319236755
    ]
  ],
  "skills_cov": [
    [
      [
        0.018174905329942703,
        0.010319299064576626
      ],
      [
        0.010319299064576626,
        0.025021960958838463
      ]
    ],
    [
      [
        0.02094806730747223,
        0.010750927031040192
      ],
      [
        0.010750927031040192,
        0.02221241593360901
      ]
    ]
  ],
  "probs_grid": [
    [
      0.10891417413949966,
      0.06663218140602112,
      0.021300286054611206,
      0.004743602126836777,
      0.0008279142784886062,
      0.0001207877357956022,
      1.5343572158599272e-05,
      1.7454505041314405e-06,
      1.8150781500025914e-07
    ],
    [
      0.16998115181922913,
      0.10263404995203018,
      0.03236977010965347,
      0.007110058795660734,
      0.0012235784670338035,
      0.0001759662409313023,
      2.20281563088065e-05,
      2.4688613393664127e-06,
      2.5288318283855915e-07
    ],
    [
      0.13773716986179352,
      0.08206074684858322,
      0.025529388338327408,
      0.005529703572392464,
      0.0009381368290632963,
      0.0001329700753558427,
      1.6401534594479017e-05,
      1.8108421500073746e-06,
      1.8267745360844856e-07
    ],
    [
      0.07725698500871658,
      0.04540698230266571,
      0.013931584544479847,
      0.002975170034915209,
      0.0004975194460712373,
      6.948998634470627e-05,
      8.444476407021284e-06,
      9.183131055578997e-07,
      9.1226993959026e-08
    ],
    [
      0.03374244645237923,
      0.0195603184401989,
      0.005917599890381098,
      0.0012457557022571564,
      0.00020530392066575587,
      2.8253391064936295e-05,
      3.3820779208326712e-06,
      3.62217775773388e-07,
      3.5430861800023195e-08
    ],
    [
      0.012239315547049046,
      0.006996623706072569,
      0.002086771884933114,
      0.0004329809744376689,
      7.031288259895518e-05,
      9.532584954285994e-06,
      1.1239078503422206e-06,
      1.1853174441966985e-07,
      1.141507688373622e-08
    ],
    [
      0.0038403235375881195,
      0.0021644849330186844,
      0.0006363361026160419,
      0.0001301131705986336,
      2.08174988074461e-05,
      2.780033128146897e-06,
      3.227941363093123e-07,
      3.3519647502089356e-08,
      3.1778331077703115e-09
    ],
    [
      0.0010720182908698916,
      0.0005956236273050308,
      0.00017257672152481973,
      3.476936399238184e-05,
      5.480092113430146e-06,
      7.207796102193242e-07,
      8.24109775976467e-08,
      8.42525427202645e-09,
      7.862495654542556e-10
    ],
    [
      0.0002717521274462342,
      0.0001488188427174464,
      4.2489795305300504e-05,
      8.43373254610924e-06,
      1.3093076631776057e-06,
      1.695898959042097e-07,
      1.909163849234119e-08,
      1.921420356154613e-09,
      1.7648454919694245e-10
    ]
  ],
  "probs_results": [
    0.24030189216136932,
    0.6179029941558838,
    0.14179517328739166
  ]
}