{
  "skills_mean": [
    [
      0.19712775945663452,
      0.616119384765625
    ],
    [
      0.6693978905677795,
      1.1095616817474365
    ]
  ],
  "skills_cov": [
    [
      [
        0.02216249145567417,
        0.01105113048106432
      ],
      [
        0.01105113048106432,
        0.022159725427627563
      ]
    ],
    [
      [
        0.019728537648916245,
        0.01139590423554182
      ],
      [
        0.01139590423554182,
        0.026738179847598076
      ]
    ]
  ],
  "probs_grid": [
    [
      0.060200635343790054,
      0.11713815480470657,
      0.11841282248497009,
      0.08290738612413406,
      0.045225925743579865,
      0.020500201731920242,
      0.00804234016686678,
      0.0028082875069230795,
      0.0008909135940484703
    ],
    [
      0.04793896526098251,
      0.09178158640861511,
      0.09128064662218094,
      0.06287146359682083,
      0.03373550996184349,
      0.015040486119687557,
      0.005803056061267853,
      0.001992767909541726,
      0.000621676561422646
    ],
    [
      0.01998915895819664,
      0.03764810040593147,
      0.03683023154735565,
      0.024950414896011353,
      0.01316660363227129,
      0.005772667471319437,
      0.0021901309955865145,
      0.0007395044667646289,
      0.000226827003643848
    ],
    [
      0.005818736273795366,
      0.010778913274407387,
      0.010370394214987755,
      0.006908613722771406,
      0.0035848848056048155,
      0.0015453826636075974,
      0.0005764465895481408,
      0.00019135263573843986,
      5.7699373428476974e-05
    ],
    [
      0.0013301832368597388,
      0.002423141384497285,
      0.002292361343279481,
      0.0015015112003311515,
      0.0007660061819478869,
      0.00032462654053233564,
      0.00011903431004611775,
      3.884097532136366e-05,
      1.1511939192132559e-05
    ],
    [
      0.0002547056647017598,
      0.00045619867159985006,
      0.0004242995346430689,
      0.0002732127613853663,
      0.00013701205898541957,
      5.7074023061431944e-05,
      2.056985249510035e-05,
      6.596790171897737e-06,
      1.921568809848395e-06
    ],
    [
      4.255044768797234e-05,
      7.492031727451831e-05,
      6.849622150184587e-05,
      4.335255653131753e-05,
      2.136808143404778e-05,
      8.74811848916579e-06,
      3.098524985034601e-06,
      9.765271897776984e-07,
      2.795238458475069e-07
    ],
    [
      6.378311809385195e-06,
      1.1038694538001437e-05,
      9.919108379108366e-06,
      6.169949301693123e-06,
      2.9886080028518336e-06,
      1.2023523368043243e-06,
      4.184718136457377e-07,
      1.2959010575741559e-07,
      3.6447421081220455e-08
    ],
    [
      8.75710213676939e-07,
      1.4894660580466734e-06,
      1.3152726978660212e-06,
      8.039533554438094e-07,
      3.826492616099131e-07,
      1.512608776010893e-07,
      5.172553940724356e-08,
      1.573760144424341e-08,
      4.348575721735415e-09
    ]
  ],
  "probs_results": [
    0.19668807089328766,
    0.14204111695289612,
    0.6612709760665894
  ]
}