{
  "skills_mean": [
    [
      -0.1409243941307068,
      0.5721937417984009
    ],
    [
      0.007217221427708864,
      0.5916550159454346
    ]
  ],
  "skills_cov": [
    [
      [
        0.02141336351633072,
        0.010759249329566956
      ],
      [
        0.010759249329566956,
        0.022944366559386253
      ]
    ],
    [
      [
        0.022319000214338303,
        0.012025800533592701
      ],
      [
        0.012025800533592701,
        0.024738870561122894
      ]
    ]
  ],
  "probs_grid": [
    [
      0.1287229210138321,
      0.14016030728816986,
      0.07963110506534576,
      0.031472545117139816,
      0.009733940474689007,
      0.002512716455385089,
      0.0005638764705508947,
      0.00011313678987789899,
      2.0716443032142706e-05
    ],
    [
      0.11977943032979965,
      0.12847690284252167,
      0.07188593596220016,
      0.027973728254437447,
      0.008516596630215645,
      0.002163650467991829,
      0.0004777581780217588,
      9.430350473849103e-05,
      1.6984906324069016e-05
    ],
    [
      0.05821732059121132,
      0.06149621680378914,
      0.03387800604104996,
      0.012977072969079018,
      0.0038882382214069366,
      0.0009719598456285894,
      0.00021113613911438733,
      4.099202487850562e-05,
      7.260755864990642e-06
    ],
    [
      0.01970483735203743,
      0.020493222400546074,
      0.011112824082374573,
      0.004189254716038704,
      0.0012350386241450906,
      0.0003037123824469745,
      6.489152292488143e-05,
      1.238981985807186e-05,
      2.1578430278168526e-06
    ],
    [
      0.005224721506237984,
      0.005348553881049156,
      0.0028542790096253157,
      0.0010586903663352132,
      0.0003070382808800787,
      7.426407682942227e-05,
      1.5604018699377775e-05,
      2.929401489382144e-06,
      5.015761530557938e-07
    ],
    [
      0.00115749123506248,
      0.0011660782620310783,
      0.0006122652557678521,
      0.00022340078430715948,
      6.372433563228697e-05,
      1.5157130292209331e-05,
      3.1313622912421124e-06,
      5.779245952908241e-07,
      9.726692695721795e-08
    ],
    [
      0.00022316612012218684,
      0.0002211982209701091,
      0.00011425056436564773,
      4.100084333913401e-05,
      1.1500917935336474e-05,
      2.6896502731688088e-06,
      5.462613898998825e-07,
      9.909855691603298e-08,
      1.639210900350463e-08
    ],
    [
      3.851162546197884e-05,
      3.754930730792694e-05,
      1.907484511320945e-05,
      6.731434950779658e-06,
      1.8564870742920903e-06,
      4.2681298850766325e-07,
      8.520492400521107e-08,
      1.519140901962146e-08,
      2.4693307398848674e-09
    ],
    [
      6.071894404158229e-06,
      5.8225014072377235e-06,
      2.9085306323395343e-06,
      1.009158268061583e-06,
      2.7360241006135766e-07,
      6.182753509165195e-08,
      1.2130243476349278e-08,
      2.1252484216915946e-09,
      3.3942856858537596e-10
    ]
  ],
  "probs_results": [
    0.29559388756752014,
    0.3092513978481293,
    0.3951546847820282
  ]
}