{
  "skills_mean": [
    [
      0.4522293508052826,
      0.7270177602767944
    ],
    [
      0.3693702816963196,
      0.5858336091041565
    ]
  ],
  "skills_cov": [
    [
      [
        0.01873772032558918,
        0.010125097818672657
      ],
      [
        0.010125097818672657,
        0.02086779847741127
      ]
    ],
    [
      [
        0.020117556676268578,
        0.010375522077083588
      ],
      [
        0.010375522077083588,
        0.0213673897087574
      ]
    ]
  ],
  "probs_grid": [
    [
      0.047177135944366455,
      0.0634949803352356,
      0.04439187049865723,
      0.021494770422577858,
      0.008108654990792274,
      0.0025418358854949474,
      0.0006896418053656816,
      0.00016656237130519003,
      3.6553257814375684e-05
    ],
    [
      0.07802022993564606,
      0.1033821776509285,
      0.07115403562784195,
      0.03391406312584877,
      0.012592481449246407,
      0.0038850081618875265,
      0.0010373351396992803,
      0.00024654422304593027,
      5.324024095898494e-05
    ],
    [
      0.06694980710744858,
      0.0873340517282486,
      0.05916893854737282,
      0.027758369222283363,
      0.010144036263227463,
      0.0030799582600593567,
      0.0008092736243270338,
      0.00018926341726910323,
      4.021445056423545e-05
    ],
    [
      0.03974303603172302,
      0.05103394389152527,
      0.034032631665468216,
      0.015713991597294807,
      0.005651459563523531,
      0.0016885779332369566,
      0.00043658562935888767,
      0.00010046432726085186,
      2.1002664652769454e-05
    ],
    [
      0.018359439447522163,
      0.02320554479956627,
      0.015230920165777206,
      0.00692118750885129,
      0.002449550898745656,
      0.0007201924454420805,
      0.00018321906100027263,
      4.14821770391427e-05,
      8.531956154911313e-06
    ],
    [
      0.007039401214569807,
      0.00875739473849535,
      0.00565693061798811,
      0.002529728226363659,
      0.000881023530382663,
      0.0002548757183831185,
      6.379734259098768e-05,
      1.4210865629138425e-05,
      2.8754900540661765e-06
    ],
    [
      0.0023333467543125153,
      0.0028569349087774754,
      0.0018161591142416,
      0.0007992139435373247,
      0.00027388130547478795,
      7.795802230248228e-05,
      1.9198503650841303e-05,
      4.207201072858879e-06,
      8.374716458092735e-07
    ],
    [
      0.0006876778788864613,
      0.0008286377415060997,
      0.0005183757748454809,
      0.0002244649949716404,
      7.568578439531848e-05,
      2.119589589710813e-05,
      5.135371793585364e-06,
      1.1071030030507245e-06,
      2.1678715711459517e-07
    ],
    [
      0.00018393609207123518,
      0.00021811446640640497,
      0.00013426750956568867,
      5.720726039726287e-05,
      1.8978627849719487e-05,
      5.229072939982871e-06,
      1.2463542589102872e-06,
      2.643214429554064e-07,
      5.0913296689714116e-08
    ]
  ],
  "probs_results": [
    0.22822026908397675,
    0.4569396674633026,
    0.31483981013298035
  ]
}