{
  "skills_mean": [
    [
      0.6013304591178894,
      1.0217454433441162
    ],
    [
      0.8144240379333496,
      1.1728949546813965
    ]
  ],
  "skills_cov": [
    [
      [
        0.018068185076117516,
        0.010411947965621948
      ],
      [
        0.010411947965621948,
        0.024633660912513733
      ]
    ],
    [
      [
        0.016020644456148148,
        0.009614584967494011
      ],
      [
        0.009614584967494011,
        0.024895625188946724
      ]
    ]
  ],
  "probs_grid": [
    [
      0.06891278922557831,
      0.10572294145822525,
      0.08422353118658066,
      0.04645109176635742,
      0.01995140314102173,
      0.00711797596886754,
      0.0021970237139612436,
      0.0006033960380591452,
      0.0001505127438576892
    ],
    [
      0.07534731924533844,
      0.11392925679683685,
      0.08944257348775864,
      0.04860735312104225,
      0.020569702610373497,
      0.0072296299040317535,
      0.0021981573663651943,
      0.0005946391029283404,
      0.00014608859783038497
    ],
    [
      0.042891379445791245,
      0.0639100968837738,
      0.0494379922747612,
      0.026469994336366653,
      0.01103497389703989,
      0.003820408834144473,
      0.0011441021924838424,
      0.00030481506837531924,
      7.374686538241804e-05
    ],
    [
      0.0169479101896286,
      0.024882012978196144,
      0.018962683156132698,
      0.010001652874052525,
      0.00410701846703887,
      0.0014004386030137539,
      0.00041303044417873025,
      0.00010836356523213908,
      2.581601256679278e-05
    ],
    [
      0.005229114554822445,
      0.007563261315226555,
      0.005677937064319849,
      0.0029497698415070772,
      0.0011929705506190658,
      0.00040060593164525926,
      0.00011634601833065972,
      3.0056458854232915e-05,
      7.050171006994788e-06
    ],
    [
      0.0013437006855383515,
      0.0019144332036376,
      0.0014155869139358401,
      0.00072428525891155,
      0.0002884629648178816,
      9.538546873955056e-05,
      2.727651735767722e-05,
      6.937736998224864e-06,
      1.6021191413528868e-06
    ],
    [
      0.000299526029266417,
      0.00042031751945614815,
      0.0003060833550989628,
      0.00015422029537148774,
      6.0480539104901254e-05,
      1.969106961041689e-05,
      5.543792667594971e-06,
      1.388158239024051e-06,
      3.155682009037264e-07
    ],
    [
      5.956958921160549e-05,
      8.23236841824837e-05,
      5.903463170398027e-05,
      2.9288245059433393e-05,
      1.1308875400573015e-05,
      3.6248820833861828e-06,
      1.0046712759503862e-06,
      2.4764054273873626e-07,
      5.5413710953189366e-08
    ],
    [
      1.0789258340082597e-05,
      1.4682641449326184e-05,
      1.0367240065534133e-05,
      5.06399737787433e-06,
      1.9250051082053687e-06,
      6.074208158679539e-07,
      1.6572030858696962e-07,
      4.0207261520208704e-08,
      8.855386646189345e-09
    ]
  ],
  "probs_results": [
    0.24360650777816772,
    0.2716323137283325,
    0.48476147651672363
  ]
}