{
  "skills_mean": [
    [
      0.22448380291461945,
      0.8279374837875366
    ],
    [
      0.06366927176713943,
      0.49653467535972595
    ]
  ],
  "skills_cov": [
    [
      [
        0.021965326741337776,
        0.013126143254339695
      ],
      [
        0.013126143254339695,
        0.02953203022480011
      ]
    ],
    [
      [
        0.023279666900634766,
        0.011645877733826637
      ],
      [
        0.011645877733826637,
        0.025802239775657654
      ]
    ]
  ],
  "probs_grid": [
    [
      0.09160621464252472,
      0.08329536020755768,
      0.0397927425801754,
      0.013315817341208458,
      0.0035108996089547873,
      0.0007779190200380981,
      0.00015086610801517963,
      2.6337251256336458e-05,
      4.224430085741915e-06
    ],
    [
      0.13141831755638123,
      0.11740974336862564,
      0.055097796022892,
      0.018107052892446518,
      0.0046876720152795315,
      0.0010196430375799537,
      0.00019409005471970886,
      3.3251304557779804e-05,
      5.233208412391832e-06
    ],
    [
      0.09851893782615662,
      0.08646588772535324,
      0.03985220566391945,
      0.012860292568802834,
      0.003268579486757517,
      0.0006978613091632724,
      0.0001303676253883168,
      2.191558451158926e-05,
      3.38398558596964e-06
    ],
    [
      0.051452040672302246,
      0.04435419663786888,
      0.020074980333447456,
      0.00636031199246645,
      0.0015868282644078135,
      0.0003325119032524526,
      6.09544113103766e-05,
      1.005359081318602e-05,
      1.5228948768708506e-06
    ],
    [
      0.021057289093732834,
      0.01782696694135666,
      0.007922298274934292,
      0.0024640182964503765,
      0.0006033747922629118,
      0.00012407488247845322,
      2.2316924514598213e-05,
      3.6111139252170688e-06,
      5.365672564039414e-07
    ],
    [
      0.007202633190900087,
      0.005987558048218489,
      0.0026122923009097576,
      0.0007975052576512098,
      0.00019165540288668126,
      3.8671707443427294e-05,
      6.82425661580055e-06,
      1.0832148973349831e-06,
      1.5786864082656393e-07
    ],
    [
      0.0021445590537041426,
      0.001750354073010385,
      0.000749628699850291,
      0.000224610572331585,
      5.296867311699316e-05,
      1.0486407518328633e-05,
      1.8153596101910807e-06,
      2.8264372531339177e-07,
      4.040041901021141e-08
    ],
    [
      0.0005716317100450397,
      0.00045802004751749337,
      0.0001925339747685939,
      5.661368413711898e-05,
      1.3100037904223427e-05,
      2.544362359913066e-06,
      4.320708342220314e-07,
      6.598074264729803e-08,
      9.249095711538757e-09
    ],
    [
      0.000139225012389943,
      0.00010950176510959864,
      4.5175791456131265e-05,
      1.3035024494456593e-05,
      2.9593059025501134e-06,
      5.638482889480656e-07,
      9.391776245593064e-08,
      1.406588445718171e-08,
      1.933560644928889e-09
    ]
  ],
  "probs_results": [
    0.2558956444263458,
    0.5049304366111755,
    0.23917384445667267
  ]
}