{
  "skills_mean": [
    [
      0.7051239609718323,
      1.1461671590805054
    ],
    [
      0.5385083556175232,
      0.7993248701095581
    ]
  ],
  "skills_cov": [
    [
      [
        0.01874670758843422,
        0.010555779561400414
      ],
      [
        0.010555779561400414,
        0.02555806003510952
      ]
    ],
    [
      [
        0.019992617890238762,
        0.010413466021418571
      ],
      [
        0.010413466021418571,
        0.023652099072933197
      ]
    ]
  ],
  "probs_grid": [
    [
      0.059637367725372314,
      0.06319932639598846,
      0.03494942933320999,
      0.013446434400975704,
      0.0040488457307219505,
      0.0010176640935242176,
      0.00022239085228648037,
      4.3457428546389565e-05,
      7.751028533675708e-06
    ],
    [
      0.10154608637094498,
      0.10596607625484467,
      0.05769513547420502,
      0.021851923316717148,
      0.0064764972776174545,
      0.0016020877519622445,
      0.0003445260808803141,
      6.624399247812107e-05,
      1.1624557373579592e-05
    ],
    [
      0.08989642560482025,
      0.09236542135477066,
      0.049508851021528244,
      0.01845763623714447,
      0.0053841168992221355,
      0.0013106829719617963,
      0.0002773466694634408,
      5.24677598150447e-05,
      9.057884199137334e-06
    ],
    [
      0.05516350269317627,
      0.05580061301589012,
      0.02944239228963852,
      0.010803666897118092,
      0.003101430367678404,
      0.0007429315592162311,
      0.00015467926277779043,
      2.878838131437078e-05,
      4.889088813797571e-06
    ],
    [
      0.02639363892376423,
      0.026282494887709618,
      0.013649729080498219,
      0.00492937583476305,
      0.0013925237581133842,
      0.00032821777858771384,
      6.72317182761617e-05,
      1.2309708836255595e-05,
      2.0564068563544424e-06
    ],
    [
      0.010501869954168797,
      0.010293840430676937,
      0.005261674989014864,
      0.0018699481151998043,
      0.0005197920836508274,
      0.00012054064427502453,
      2.42911610257579e-05,
      4.375071966933319e-06,
      7.189080406533321e-07
    ],
    [
      0.0036193805281072855,
      0.003491845680400729,
      0.0017565444577485323,
      0.0006142894271761179,
      0.0001680100103840232,
      3.8331672840286046e-05,
      7.598901447636308e-06,
      1.3462571359923459e-06,
      2.1758143020633725e-07
    ],
    [
      0.0011111870408058167,
      0.0010550848674029112,
      0.0005223006592132151,
      0.00017972812929656357,
      4.836323932977393e-05,
      1.085508665710222e-05,
      2.1168134480831213e-06,
      3.688753622554941e-07,
      5.863537921868556e-08
    ],
    [
      0.00031019109883345664,
      0.00028985535027459264,
      0.0001411944831488654,
      4.780472590937279e-05,
      1.265566152142128e-05,
      2.7943267468799604e-06,
      5.359977990337939e-07,
      9.18674700756128e-08,
      1.4361853040156802e-08
    ]
  ],
  "probs_results": [
    0.22749952971935272,
    0.537487804889679,
    0.23501276969909668
  ]
}