{
  "skills_mean": [
    [
      0.31183335185050964,
      1.187253713607788
    ],
    [
      -0.04481805860996246,
      0.24307075142860413
    ]
  ],
  "skills_cov": [
    [
      [
        0.014787591993808746,
        0.00847601518034935
      ],
      [
        0.00847601518034935,
        0.024280710145831108
      ]
    ],
    [
      [
        0.020312879234552383,
        0.00985702034085989
      ],
      [
        0.00985702034085989,
        0.022118546068668365
      ]
    ]
  ],
  "probs_grid": [
    [
      0.07270979136228561,
      0.042223796248435974,
      0.012796727940440178,
      0.0026985970325767994,
      0.0004454606678336859,
      6.139359902590513e-05,
      7.358460152318003e-06,
      7.888883715168049e-07,
      7.722209716121142e-08
    ],
    [
      0.14358776807785034,
      0.08242559432983398,
      0.024686463177204132,
      0.0051432219333946705,
      0.0008385576074942946,
      0.00011412135063437745,
      1.3503678928827867e-05,
      1.4289182672655443e-06,
      1.3802939236029488e-07
    ],
    [
      0.1467055082321167,
      0.08323349058628082,
      0.02463105134665966,
      0.005069149658083916,
      0.0008162104059010744,
      0.00010967432899633422,
      1.2810440239263698e-05,
      1.3378363519223058e-06,
      1.2751637257224502e-07
    ],
    [
      0.10339148342609406,
      0.057966019958257675,
      0.016946615651249886,
      0.0034447102807462215,
      0.0005476914811879396,
      7.265386375365779e-05,
      8.376184268854558e-06,
      8.632329695501539e-07,
      8.118040994986586e-08
    ],
    [
      0.056539084762334824,
      0.03131912276148796,
      0.009044475853443146,
      0.0018155809957534075,
      0.00028501267661340535,
      3.732163168024272e-05,
      4.246531716489699e-06,
      4.3183632669752114e-07,
      4.006523113275762e-08
    ],
    [
      0.02558770962059498,
      0.014002389274537563,
      0.003993770573288202,
      0.0007916365866549313,
      0.0001226851891260594,
      1.585689460625872e-05,
      1.7804831031753565e-06,
      1.7864441304027423e-07,
      1.6350419684840745e-08
    ],
    [
      0.009982118383049965,
      0.005395669024437666,
      0.0015197789762169123,
      0.0002974296803586185,
      4.550119047053158e-05,
      5.804130069009261e-06,
      6.430797725442972e-07,
      6.365723947965307e-08,
      5.747068154704493e-09
    ],
    [
      0.0034523862414062023,
      0.0018430581549182534,
      0.0005125993047840893,
      9.903680620482191e-05,
      1.4954284779378213e-05,
      1.8824738390321727e-06,
      2.0579197723691323e-07,
      2.0096031505545398e-08,
      1.78952341833849e-09
    ],
    [
      0.0010805304627865553,
      0.0005696414154954255,
      0.00015642179641872644,
      2.983236117870547e-05,
      4.445764716365375e-06,
      5.522330752683047e-07,
      5.9560775866884796e-08,
      5.737325281529593e-09,
      5.038919836941602e-10
    ]
  ],
  "probs_results": [
    0.18364374339580536,
    0.7205734848976135,
    0.09578306972980499
  ]
}