{
  "skills_mean": [
    [
      0.0636482834815979,
      0.4963710606098175
    ],
    [
      0.6247768402099609,
      0.8706493377685547
    ]
  ],
  "skills_cov": [
    [
      [
        0.023553162813186646,
        0.011867992579936981
      ],
      [
        0.011867992579936981,
        0.02607407607138157
      ]
    ],
    [
      [
        0.01888178288936615,
        0.011393386870622635
      ],
      [
        0.011393386870622635,
        0.025881342589855194
      ]
    ]
  ],
  "probs_grid": [
    [
      0.04746251925826073,
      0.09874874353408813,
      0.10698261111974716,
      0.08045892417430878,
      0.047250330448150635,
      0.02310836873948574,
      0.00980232935398817,
      0.0037089530378580093,
      0.0012776728253811598
    ],
    [
      0.041998304426670074,
      0.08589111268520355,
      0.09145966917276382,
      0.067601777613163,
      0.03901463747024536,
      0.018750185146927834,
      0.007815511897206306,
      0.002905712928622961,
      0.0009835109813138843
    ],
    [
      0.019463028758764267,
      0.0391191765666008,
      0.04093557596206665,
      0.029732365161180496,
      0.016860593110322952,
      0.00796162523329258,
      0.003260503988713026,
      0.0011909527238458395,
      0.00039602414472028613
    ],
    [
      0.006297850515693426,
      0.012438451871275902,
      0.012789154425263405,
      0.009126565419137478,
      0.005084678530693054,
      0.0023587625473737717,
      0.0009489452932029963,
      0.00034049429814331234,
      0.00011122025898657739
    ],
    [
      0.0016006446676328778,
      0.003105990821495652,
      0.003137463005259633,
      0.0021994896233081818,
      0.0012037430424243212,
      0.0005485182045958936,
      0.00021675450261682272,
      7.639124669367447e-05,
      2.4508351998520084e-05
    ],
    [
      0.0003408078628126532,
      0.0006496610003523529,
      0.0006446310435421765,
      0.00044389188406057656,
      0.00023861143563408405,
      0.00010679068509489298,
      4.1445793613092974e-05,
      1.4345447198138572e-05,
      4.5199440137366764e-06
    ],
    [
      6.331778422463685e-05,
      0.00011855502816615626,
      0.00011554124648682773,
      7.814018317731097e-05,
      4.12516419601161e-05,
      1.8130920580006205e-05,
      6.910192041686969e-06,
      2.34874596571899e-06,
      7.267067871907784e-07
    ],
    [
      1.0556917004578281e-05,
      1.9413222617004067e-05,
      1.8580542018753476e-05,
      1.2340125977061689e-05,
      6.39724339634995e-06,
      2.760979668892105e-06,
      1.0332681767977192e-06,
      3.448488143931172e-07,
      1.0476451706153966e-07
    ],
    [
      1.6123368595799548e-06,
      2.9116265523043694e-06,
      2.736496753641404e-06,
      1.7845792399384663e-06,
      9.083914278562588e-07,
      3.849403924505168e-07,
      1.4144333704280143e-07,
      4.63477363155107e-08,
      1.382414005490773e-08
    ]
  ],
  "probs_results": [
    0.18496255576610565,
    0.1451634019613266,
    0.6698739528656006
  ]
}