{
  "skills_mean": [
    [
      0.3945465683937073,
      0.5962164998054504
    ],
    [
      0.08167262375354767,
      0.7267417311668396
    ]
  ],
  "skills_cov": [
    [
      [
        0.020507967099547386,
        0.010681206360459328
      ],
      [
        0.010681206360459328,
        0.021749768406152725
      ]
    ],
    [
      [
        0.027102511376142502,
        0.013272065669298172
      ],
      [
        0.013272065669298172,
        0.02428431436419487
      ]
    ]
  ],
  "probs_grid": [
    [
      0.0771324634552002,
      0.08885790407657623,
      0.05356504023075104,
      0.022526197135448456,
      0.007433978375047445,
      0.0020533441565930843,
      0.0004944093525409698,
      0.00010672783537302166,
      2.108311491610948e-05
    ],
    [
      0.10536079853773117,
      0.11925589293241501,
      0.0706213042140007,
      0.029170671477913857,
      0.00945416372269392,
      0.0025641899555921555,
      0.0006061916355974972,
      0.0001284660684177652,
      2.491092891432345e-05
    ],
    [
      0.07501412183046341,
      0.08341175317764282,
      0.04851754009723663,
      0.019681669771671295,
      0.006263724993914366,
      0.0016680147964507341,
      0.0003871241642627865,
      8.053305646171793e-05,
      1.5327803339459933e-05
    ],
    [
      0.037113115191459656,
      0.04053598642349243,
      0.023156696930527687,
      0.009224525652825832,
      0.0028824582695961,
      0.0007535758195444942,
      0.00017168279737234116,
      3.505554559524171e-05,
      6.548306828335626e-06
    ],
    [
      0.014353026635944843,
      0.01539696753025055,
      0.008637496270239353,
      0.0033784264232963324,
      0.001036427915096283,
      0.0002659864549059421,
      5.9479880292201415e-05,
      1.1919814824068453e-05,
      2.1851105884707067e-06
    ],
    [
      0.004627810325473547,
      0.004875275772064924,
      0.002685495652258396,
      0.0010312608210369945,
      0.00031057005980983377,
      7.823460327927023e-05,
      1.7170583305414766e-05,
      3.3769117635529255e-06,
      6.074670295674878e-07
    ],
    [
      0.001295706955716014,
      0.0013403529301285744,
      0.0007248973706737161,
      0.00027327495627105236,
      8.078316750470549e-05,
      1.99730657186592e-05,
      4.302029083191883e-06,
      8.302562832795957e-07,
      1.465494818830848e-07
    ],
    [
      0.00032398488838225603,
      0.00032906862907111645,
      0.00017471842875238508,
      6.465557089541107e-05,
      1.8759614249574952e-05,
      4.5519823288486805e-06,
      9.62147396421642e-07,
      1.8220315212147398e-07,
      3.15551105245504e-08
    ],
    [
      7.38474409445189e-05,
      7.363947224803269e-05,
      3.8381673221010715e-05,
      1.3941293218522333e-05,
      3.969971658079885e-06,
      9.453402185499726e-07,
      1.9607138312949246e-07,
      3.6431572425499326e-08,
      6.190247425763573e-09
    ]
  ],
  "probs_results": [
    0.25526708364486694,
    0.4247746765613556,
    0.31995803117752075
  ]
}