{
  "skills_mean": [
    [
      0.19712775945663452,
      0.616119384765625
    ],
    [
      0.6693979501724243,
      1.1095616817474365
    ]
  ],
  "skills_cov": [
    [
      [
        0.022162482142448425,
        0.01105113048106432
      ],
      [
        0.01105113048106432,
        0.022159719839692116
      ]
    ],
    [
      [
        0.019728537648916245,
        0.011395908892154694
      ],
      [
        0.011395908892154694,
        0.026738176122307777
      ]
    ]
  ],
  "probs_grid": [
    [
      0.06020062416791916,
      0.11713815480470657,
      0.11841282248497009,
      0.08290739357471466,
      0.04522593319416046,
      0.020500201731920242,
      0.008042342960834503,
      0.0028082882054150105,
      0.0008909138268791139
    ],
    [
      0.04793896526098251,
      0.09178156405687332,
      0.09128064662218094,
      0.06287146359682083,
      0.03373551368713379,
      0.015040488913655281,
      0.00580305652692914,
      0.0019927681423723698,
      0.0006216767360456288
    ],
    [
      0.01998915895819664,
      0.037648096680641174,
      0.03683023154735565,
      0.024950411170721054,
      0.01316660363227129,
      0.005772668868303299,
      0.002190131228417158,
      0.0007395045249722898,
      0.00022682706185150892
    ],
    [
      0.005818735808134079,
      0.010778912343084812,
      0.01037039328366518,
      0.006908613722771406,
      0.003584884572774172,
      0.0015453830128535628,
      0.0005764466477558017,
      0.00019135267939418554,
      5.76993879803922e-05
    ],
    [
      0.0013301830040290952,
      0.002423140686005354,
      0.0022923608776181936,
      0.0015015110839158297,
      0.0007660062983632088,
      0.00032462654053233564,
      0.00011903431004611775,
      3.884097168338485e-05,
      1.1511941011121962e-05
    ],
    [
      0.0002547056647017598,
      0.0004561985842883587,
      0.00042429950553923845,
      0.0002732127904891968,
      0.00013701205898541957,
      5.7074023061431944e-05,
      2.056985249510035e-05,
      6.596790626645088e-06,
      1.921568809848395e-06
    ],
    [
      4.2550436774035916e-05,
      7.492030272260308e-05,
      6.849619967397302e-05,
      4.335254925535992e-05,
      2.1368074158090167e-05,
      8.74811848916579e-06,
      3.0985243029135745e-06,
      9.765271897776984e-07,
      2.7952381742579746e-07
    ],
    [
      6.378310445143143e-06,
      1.1038694538001437e-05,
      9.919107469613664e-06,
      6.1699465732090175e-06,
      2.9886080028518336e-06,
      1.2023523368043243e-06,
      4.1847184206744714e-07,
      1.2959007733570616e-07,
      3.6447421081220455e-08
    ],
    [
      8.757097589295881e-07,
      1.4894648074914585e-06,
      1.3152720157449949e-06,
      8.039526164793642e-07,
      3.826489205493999e-07,
      1.5126079233596101e-07,
      5.172551453824781e-08,
      1.5737594338816052e-08,
      4.348574833556995e-09
    ]
  ],
  "probs_results": [
    0.19668804109096527,
    0.14204110205173492,
    0.6612709760665894
  ]
}