{
  "skills_mean": [
    [
      0.2677375078201294,
      0.9073902368545532
    ],
    [
      -0.27847790718078613,
      0.3624497354030609
    ]
  ],
  "skills_cov": [
    [
      [
        0.024256588891148567,
        0.014471331611275673
      ],
      [
        0.014471331611275673,
        0.02825235016644001
      ]
    ],
    [
      [
        0.023474590852856636,
        0.011243530549108982
      ],
      [
        0.011243530549108982,
        0.023638125509023666
      ]
    ]
  ],
  "probs_grid": [
    [
      0.0953301340341568,
      0.058236926794052124,
      0.018684016540646553,
      0.004197197034955025,
      0.0007426631054840982,
      0.00011039962555514649,
      1.4361000467033591e-05,
      1.6813007732707774e-06,
      1.8083008512803644e-07
    ],
    [
      0.16023674607276917,
      0.09620536118745804,
      0.030324770137667656,
      0.006690819747745991,
      0.0011624612379819155,
      0.00016963010421022773,
      2.1654988813679665e-05,
      2.4874439077393617e-06,
      2.6243159823025053e-07
    ],
    [
      0.140705406665802,
      0.08300945907831192,
      0.02570221573114395,
      0.005568907130509615,
      0.0009498772560618818,
      0.0001360434398520738,
      1.7041693354258314e-05,
      1.9203889678465202e-06,
      1.987195332731062e-07
    ],
    [
      0.08605046570301056,
      0.04987316578626633,
      0.015166288241744041,
      0.003226466476917267,
      0.0005402058595791459,
      7.59271060815081e-05,
      9.33165483729681e-06,
      1.0314944347555866e-06,
      1.0467935140923146e-07
    ],
    [
      0.04122662544250488,
      0.023469973355531693,
      0.007008491083979607,
      0.0014637174317613244,
      0.00024052785011008382,
      3.317238952149637e-05,
      3.9995929910219274e-06,
      4.3362095425436564e-07,
      4.315243273822489e-08
    ],
    [
      0.01650238037109375,
      0.009226411581039429,
      0.0027050822973251343,
      0.000554548401851207,
      8.94273107405752e-05,
      1.2100576896045823e-05,
      1.4311235645436682e-06,
      1.5216549797969492e-07,
      1.4848206220108295e-08
    ],
    [
      0.005748027935624123,
      0.003155679674819112,
      0.0009082767646759748,
      0.00018274685135111213,
      2.891708027163986e-05,
      3.838576049020048e-06,
      4.452786299680156e-07,
      4.642777184926672e-08,
      4.441842893498915e-09
    ],
    [
      0.0017916709184646606,
      0.0009657448390498757,
      0.0002728427352849394,
      5.3872703574597836e-05,
      8.363781489606481e-06,
      1.0890740895774798e-06,
      1.2390043480081658e-07,
      1.2667520365994278e-08,
      1.1881553518833243e-09
    ],
    [
      0.0005100888083688915,
      0.00026991553022526205,
      7.484365778509527e-05,
      1.450082072551595e-05,
      2.2085951059125364e-06,
      2.8208074809299433e-07,
      3.147091121036283e-08,
      3.154788874581982e-09,
      2.900819306983493e-10
    ]
  ],
  "probs_results": [
    0.22078393399715424,
    0.6514779329299927,
    0.12773792445659637
  ]
}