{
  "skills_mean": [
    [
      -0.22677062451839447,
      0.47185736894607544
    ],
    [
      0.287963330745697,
      0.9286221861839294
    ]
  ],
  "skills_cov": [
    [
      [
        0.019392259418964386,
        0.009788565337657928
      ],
      [
        0.009788565337657928,
        0.019820543006062508
      ]
    ],
    [
      [
        0.023313410580158234,
        0.0136586157605052
      ],
      [
        0.0136586157605052,
        0.027078937739133835
      ]
    ]
  ],
  "probs_grid": [
    [
      0.10807545483112335,
      0.16791820526123047,
      0.1357770562171936,
      0.07617435604333878,
      0.03335440158843994,
      0.012157429940998554,
      0.0038419824559241533,
      0.0010826274519786239,
      0.0002776624169200659
    ],
    [
      0.06761480867862701,
      0.10345719009637833,
      0.08236518502235413,
      0.04548754170536995,
      0.019602922722697258,
      0.007030990440398455,
      0.0021860762499272823,
      0.0006059790612198412,
      0.0001528629072709009
    ],
    [
      0.022110192105174065,
      0.03330620378255844,
      0.02609970048069954,
      0.014185037463903427,
      0.006014905869960785,
      0.002122379606589675,
      0.0006490884115919471,
      0.0001769563532434404,
      4.3895830458495766e-05
    ],
    [
      0.005038475152105093,
      0.007469966541975737,
      0.005760179366916418,
      0.003080085152760148,
      0.0012847607722505927,
      0.00044587362208403647,
      0.00013409912935458124,
      3.594712325138971e-05,
      8.766850442043506e-06
    ],
    [
      0.0009001073776744306,
      0.0013130480656400323,
      0.0009960721945390105,
      0.000523890892509371,
      0.00021491084771696478,
      7.334058318519965e-05,
      2.1686933905584738e-05,
      5.715077804779867e-06,
      1.3700544059247477e-06
    ],
    [
      0.00013445752847474068,
      0.00019294110825285316,
      0.00014395276957657188,
      7.445440860465169e-05,
      3.0030862035346217e-05,
      1.0075273166876286e-05,
      2.9285995424288558e-06,
      7.585496177853202e-07,
      1.7871185775675258e-07
    ],
    [
      1.749354851199314e-05,
      2.46867275564e-05,
      1.81109626282705e-05,
      9.209475138050038e-06,
      3.651563247331069e-06,
      1.2041524541928084e-06,
      3.439923546011414e-07,
      8.755699809626094e-08,
      2.0269137479544952e-08
    ],
    [
      2.0388415578054264e-06,
      2.828875949489884e-06,
      2.0402246718731476e-06,
      1.01976922906033e-06,
      3.9739637713864795e-07,
      1.2878209076916391e-07,
      3.6149788940065264e-08,
      9.0403995400834e-09,
      2.0560400049163263e-09
    ],
    [
      2.1728583021740633e-07,
      2.9635444320774695e-07,
      2.1007299721986783e-07,
      1.0318991172653114e-07,
      3.951423721559877e-08,
      1.258153492500469e-08,
      3.4696807649226002e-09,
      8.523862726761422e-10,
      1.904182506118346e-10
    ]
  ],
  "probs_results": [
    0.24097314476966858,
    0.1457139402627945,
    0.6133130788803101
  ]
}