{
  "skills_mean": [
    [
      0.6139476895332336,
      1.0303292274475098
    ],
    [
      -0.25994962453842163,
      0.44606658816337585
    ]
  ],
  "skills_cov": [
    [
      [
        0.019391121342778206,
        0.011318914592266083
      ],
      [
        0.011318914592266083,
        0.02513744868338108
      ]
    ],
    [
      [
        0.020847918465733528,
        0.010669857263565063
      ],
      [
        0.010669857263565063,
        0.02211257815361023
      ]
    ]
  ],
  "probs_grid": [
    [
      0.06131969019770622,
      0.034002989530563354,
      0.00985078327357769,
      0.0019878544844686985,
      0.00031433728872798383,
      4.154474663664587e-05,
      4.78031415696023e-06,
      4.925291250401642e-07,
      4.638502559828339e-08
    ],
    [
      0.13197490572929382,
      0.07210972905158997,
      0.020578671246767044,
      0.004089694004505873,
      0.0006367334863170981,
      8.283910574391484e-05,
      9.380791198054794e-06,
      9.510216614216915e-07,
      8.81106387851105e-08
    ],
    [
      0.147487610578537,
      0.07939258962869644,
      0.022315887734293938,
      0.004367114044725895,
      0.0006693729665130377,
      8.571521902922541e-05,
      9.551787115924526e-06,
      9.527377073936805e-07,
      8.682967944650954e-08
    ],
    [
      0.1140986829996109,
      0.060501690953969955,
      0.0167478546500206,
      0.0032269759103655815,
      0.00048688947572372854,
      6.136076262919232e-05,
      6.72823489367147e-06,
      6.602259645660524e-07,
      5.918514389691154e-08
    ],
    [
      0.06873328983783722,
      0.035897284746170044,
      0.00978497602045536,
      0.0018561223987489939,
      0.0002756515459623188,
      3.418628330109641e-05,
      3.688174501803587e-06,
      3.5601843251242826e-07,
      3.138970328109281e-08
    ],
    [
      0.034386612474918365,
      0.017686447128653526,
      0.0047467793338000774,
      0.000886367226485163,
      0.00012955286365468055,
      1.581010474183131e-05,
      1.678069452282216e-06,
      1.593347462858219e-07,
      1.381635073016696e-08
    ],
    [
      0.014880573377013206,
      0.007536701858043671,
      0.0019913932774215937,
      0.00036601623287424445,
      5.264745050226338e-05,
      6.321616638160776e-06,
      6.600687356694834e-07,
      6.164570720557094e-08,
      5.2568758235338464e-09
    ],
    [
      0.005728434771299362,
      0.002856702543795109,
      0.0007430514669977129,
      0.00013441729242913425,
      1.9025832443730906e-05,
      2.2476424419437535e-06,
      2.3085927125521266e-07,
      2.1205490696729612e-08,
      1.7782512129471684e-09
    ],
    [
      0.002002324676141143,
      0.0009830865310505033,
      0.00025170284789055586,
      4.481099676922895e-05,
      6.241008122742642e-06,
      7.253451599353866e-07,
      7.328227269454146e-08,
      6.62010801733004e-09,
      5.458953289405599e-10
    ]
  ],
  "probs_results": [
    0.1595017910003662,
    0.7630531787872314,
    0.0774451270699501
  ]
}