{
  "skills_mean": [
    [
      0.7703749537467957,
      1.1052764654159546
    ],
    [
      -0.2140771597623825,
      0.4863995313644409
    ]
  ],
  "skills_cov": [
    [
      [
        0.017167953774333,
        0.010578817687928677
      ],
      [
        0.010578817687928677,
        0.0261777825653553
      ]
    ],
    [
      [
        0.019305845722556114,
        0.009612934663891792
      ],
      [
        0.009612934663891792,
        0.019452674314379692
      ]
    ]
  ],
  "probs_grid": [
    [
      0.04756489023566246,
      0.025673987343907356,
      0.007237069308757782,
      0.0014204276958480477,
      0.00021837350504938513,
      2.8048989406670444e-05,
      3.135322458547307e-06,
      3.1369762609756435e-07,
      2.8677410668365155e-08
    ],
    [
      0.11468953639268875,
      0.0610688216984272,
      0.01697731763124466,
      0.0032855048775672913,
      0.0004979227087460458,
      6.303261034190655e-05,
      6.942702839296544e-06,
      6.84341898704588e-07,
      6.162242272012008e-08
    ],
    [
      0.1429646760225296,
      0.07508690655231476,
      0.020584894344210625,
      0.003927511163055897,
      0.0005867034196853638,
      7.319374708458781e-05,
      7.943365744722541e-06,
      7.713225045336003e-07,
      6.840888744363838e-08
    ],
    [
      0.12282904982566833,
      0.06362531334161758,
      0.01719915308058262,
      0.0032349906396120787,
      0.0004762996977660805,
      5.8553876442601904e-05,
      6.26072142040357e-06,
      5.988473503748537e-07,
      5.2309388820503955e-08
    ],
    [
      0.08181887865066528,
      0.0417957529425621,
      0.011139421723783016,
      0.0020653302781283855,
      0.0002996885741595179,
      3.630241917562671e-05,
      3.823975930572487e-06,
      3.602820868309209e-07,
      3.099347978263722e-08
    ],
    [
      0.04506848752498627,
      0.022701844573020935,
      0.005964962765574455,
      0.001090089208446443,
      0.00015587825328111649,
      1.8604292563395575e-05,
      1.9305380192236044e-06,
      1.7915070316121273e-07,
      1.51771324397032e-08
    ],
    [
      0.021381866186857224,
      0.01061953417956829,
      0.002750641666352749,
      0.0004954325850121677,
      6.981075421208516e-05,
      8.208929102693219e-06,
      8.391003234464733e-07,
      7.669121515618826e-08,
      6.397953278280966e-09
    ],
    [
      0.008985921740531921,
      0.004400067497044802,
      0.0011234092526137829,
      0.00019941403297707438,
      2.7687377951224335e-05,
      3.2074412956717424e-06,
      3.229435208140785e-07,
      2.9069024520822495e-08,
      2.3879902499857053e-09
    ],
    [
      0.00341455964371562,
      0.001648298348300159,
      0.00041479646461084485,
      7.255936361616477e-05,
      9.926216989697423e-06,
      1.1327952051942702e-06,
      1.1234159558171086e-07,
      9.958609936688845e-09,
      8.055481837132561e-10
    ]
  ],
  "probs_results": [
    0.13314710557460785,
    0.8060886263847351,
    0.0607643760740757
  ]
}