{
  "skills_mean": [
    [
      0.007470931392163038,
      0.36724361777305603
    ],
    [
      0.3869571089744568,
      0.7411888837814331
    ]
  ],
  "skills_cov": [
    [
      [
        0.018872348591685295,
        0.009899044409394264
      ],
      [
        0.009899044409394264,
        0.02039830945432186
      ]
    ],
    [
      [
        0.019838813692331314,
        0.011233475059270859
      ],
      [
        0.011233475059270859,
        0.02398296445608139
      ]
    ]
  ],
  "probs_grid": [
    [
      0.055023886263370514,
      0.10422659665346146,
      0.1024288460612297,
      0.06962744891643524,
      0.03682679682970047,
      0.016164332628250122,
      0.006132605019956827,
      0.0020683049224317074,
      0.000632956565823406
    ],
    [
      0.05196988582611084,
      0.09691836684942245,
      0.09376423805952072,
      0.06274031102657318,
      0.032662324607372284,
      0.014109977521002293,
      0.005268306937068701,
      0.0017485262360423803,
      0.0005265502841211855
    ],
    [
      0.025554805994033813,
      0.046912781894207,
      0.044673506170511246,
      0.029420608654618263,
      0.015073489397764206,
      0.006408035755157471,
      0.0023543713614344597,
      0.0007688771584071219,
      0.0002278155880048871
    ],
    [
      0.008722265250980854,
      0.015759894624352455,
      0.014770066365599632,
      0.009572428651154041,
      0.004826050717383623,
      0.002018756465986371,
      0.0007297756965272129,
      0.00023447908461093903,
      6.835074600530788e-05
    ],
    [
      0.002324610250070691,
      0.0041335527785122395,
      0.0038121400866657495,
      0.0024310548324137926,
      0.0012059297878295183,
      0.000496302149258554,
      0.00017650624795351177,
      5.579073331318796e-05,
      1.599813549546525e-05
    ],
    [
      0.000515987048856914,
      0.000902834755834192,
      0.0008192548993974924,
      0.0005140214925631881,
      0.00025085287052206695,
      0.00010156143252970651,
      3.5530956665752456e-05,
      1.1047217412851751e-05,
      3.115924755547894e-06
    ],
    [
      9.935646812664345e-05,
      0.00017104575817938894,
      0.0001527004351373762,
      9.425251482753083e-05,
      4.5247681555338204e-05,
      1.8019736671703868e-05,
      6.20080936641898e-06,
      1.896258595479594e-06,
      5.26038945736218e-07
    ],
    [
      1.7069827663362958e-05,
      2.8909822503919713e-05,
      2.5389006623299792e-05,
      1.54150457092328e-05,
      7.278989869519137e-06,
      2.851182216545567e-06,
      9.64955006566015e-07,
      2.9021560976616456e-07,
      7.917529387668765e-08
    ],
    [
      2.6709403755376115e-06,
      4.449756943358807e-06,
      3.843847935058875e-06,
      2.295468220836483e-06,
      1.0660578482202254e-06,
      4.106746018806007e-07,
      1.3668606868577626e-07,
      4.042648171775909e-08,
      1.0845469411435715e-08
    ]
  ],
  "probs_results": [
    0.2076173722743988,
    0.1801874339580536,
    0.6121952533721924
  ]
}