{
  "skills_mean": [
    [
      0.5644389986991882,
      1.1604893207550049
    ],
    [
      -0.17910228669643402,
      0.42534539103507996
    ]
  ],
  "skills_cov": [
    [
      [
        0.019981293007731438,
        0.011185011826455593
      ],
      [
        0.011185011826455593,
        0.025676097720861435
      ]
    ],
    [
      [
        0.0232005063444376,
        0.011017907410860062
      ],
      [
        0.011017907410860062,
        0.0219985730946064
      ]
    ]
  ],
  "probs_grid": [
    [
      0.06694866716861725,
      0.03534724563360214,
      0.009777412749826908,
      0.0018891546642407775,
      0.0002868269511964172,
      3.649972131825052e-05,
      4.054922555951634e-06,
      4.0449265270581236e-07,
      3.6983188067551964e-08
    ],
    [
      0.14017029106616974,
      0.07293456047773361,
      0.01987599954009056,
      0.003782436717301607,
      0.0005654599517583847,
      7.083277159836143e-05,
      7.744308277324308e-06,
      7.600901881232858e-07,
      6.836245347585646e-08
    ],
    [
      0.15246035158634186,
      0.0781673789024353,
      0.020983722060918808,
      0.0039324574172496796,
      0.0005787851987406611,
      7.136146450648084e-05,
      7.677551366214175e-06,
      7.413411253764934e-07,
      6.558316556493082e-08
    ],
    [
      0.114850252866745,
      0.058012790977954865,
      0.01533844880759716,
      0.002830387791618705,
      0.00041008254629559815,
      4.9760554247768596e-05,
      5.267602773528779e-06,
      5.003611818210629e-07,
      4.3535589355769844e-08
    ],
    [
      0.0674031600356102,
      0.03353770077228546,
      0.008732398971915245,
      0.001586461323313415,
      0.00022624556731898338,
      2.7015848900191486e-05,
      2.8136885248386534e-06,
      2.6289731636097713e-07,
      2.2495806106803684e-08
    ],
    [
      0.03286822512745857,
      0.016107633709907532,
      0.0041297366842627525,
      0.0007385858334600925,
      0.00010366528294980526,
      1.2180272278783377e-05,
      1.2479812312449212e-06,
      1.1468986116369706e-07,
      9.650846344300135e-09
    ],
    [
      0.013870485126972198,
      0.0066941580735147,
      0.0016897699097171426,
      0.00029747135704383254,
      4.108835128135979e-05,
      4.749972504214384e-06,
      4.787430043506902e-07,
      4.3270979688259104e-08,
      3.5804279541196138e-09
    ],
    [
      0.005209580063819885,
      0.002475749934092164,
      0.0006152258138172328,
      0.00010659822874004021,
      1.4488655324385036e-05,
      1.6478409179399023e-06,
      1.6336443309228343e-07,
      1.4521164715119994e-08,
      1.181443276543348e-09
    ],
    [
      0.0017774816369637847,
      0.0008316932362504303,
      0.00020344476797617972,
      3.4691503969952464e-05,
      4.639504822989693e-06,
      5.190913157093746e-07,
      5.061609087420038e-08,
      4.424429711491484e-09,
      3.539319948231423e-10
    ]
  ],
  "probs_results": [
    0.1641414314508438,
    0.7590298652648926,
    0.07682925462722778
  ]
}