{
  "skills_mean": [
    [
      0.22499288618564606,
      0.6899448037147522
    ],
    [
      0.24257105588912964,
      0.5277720093727112
    ]
  ],
  "skills_cov": [
    [
      [
        0.020603550598025322,
        0.012188516557216644
      ],
      [
        0.012188516557216644,
        0.026330091059207916
      ]
    ],
    [
      [
        0.02022898755967617,
        0.011397802270948887
      ],
      [
        0.011397802270948887,
        0.02453366480767727
      ]
    ]
  ],
  "probs_grid": [
    [
      0.068385049700737,
      0.08411477506160736,
      0.054020002484321594,
      0.024149414151906967,
      0.008453535847365856,
      0.0024713529273867607,
      0.0006284602568484843,
      0.000142973120091483,
      2.9700897357543e-05
    ],
    [
      0.09612958878278732,
      0.11618062853813171,
      0.07330308854579926,
      0.03219030797481537,
      0.011067692190408707,
      0.0031776500400155783,
      0.0007935210014693439,
      0.00017725744692143053,
      3.6153731343802065e-05
    ],
    [
      0.07044786214828491,
      0.08364833891391754,
      0.051844459027051926,
      0.022361917421221733,
      0.00755084864795208,
      0.002128896303474903,
      0.000522005429957062,
      0.00011448574514361098,
      2.292429235239979e-05
    ],
    [
      0.035883091390132904,
      0.04185463488101959,
      0.02547995001077652,
      0.01079356949776411,
      0.003579026786610484,
      0.0009908172069117427,
      0.00023853068705648184,
      5.135875835549086e-05,
      1.0095309335156344e-05
    ],
    [
      0.014289995655417442,
      0.01637212000787258,
      0.009788752533495426,
      0.004072048235684633,
      0.0013258279068395495,
      0.000360370147973299,
      8.51714939926751e-05,
      1.800215250113979e-05,
      3.47342279383156e-06
    ],
    [
      0.004745447542518377,
      0.005339831113815308,
      0.0031352913938462734,
      0.0012806939193978906,
      0.0004094098403584212,
      0.00010924936941592023,
      2.5347020709887147e-05,
      5.258789315121248e-06,
      9.95903405964782e-07
    ],
    [
      0.0013686919119209051,
      0.0015125012723729014,
      0.0008720436017028987,
      0.00034974634763784707,
      0.00010976714111166075,
      2.8754180675605312e-05,
      6.548496912728297e-06,
      1.3335238691070117e-06,
      2.4785796881587885e-07
    ],
    [
      0.00035261697485111654,
      0.00038264706381596625,
      0.00021662078506778926,
      8.529658225597814e-05,
      2.628013135108631e-05,
      6.7576511355582625e-06,
      1.510573383711744e-06,
      3.019084431343799e-07,
      5.507103750801434e-08
    ],
    [
      8.282726048491895e-05,
      8.825563418213278e-05,
      4.9053945986088365e-05,
      1.8962426111102104e-05,
      5.735082595492713e-06,
      1.44751197694859e-06,
      3.1757724627823336e-07,
      6.229220872455699e-08,
      1.1150767420531338e-08
    ]
  ],
  "probs_results": [
    0.2486681193113327,
    0.41847482323646545,
    0.33285704255104065
  ]
}