{
  "skills_mean": [
    [
      -0.11352169513702393,
      0.30946674942970276
    ],
    [
      -0.20925752818584442,
      0.06398043781518936
    ]
  ],
  "skills_cov": [
    [
      [
        0.024638138711452484,
        0.012056488543748856
      ],
      [
        0.012056488543748856,
        0.02253362350165844
      ]
    ],
    [
      [
        0.021527595818042755,
        0.011976933106780052
      ],
      [
        0.011976933106780052,
        0.022638894617557526
      ]
    ]
  ],
  "probs_grid": [
    [
      0.06177361682057381,
      0.07145378738641739,
      0.04305892810225487,
      0.0180229339748621,
      0.005894308444112539,
      0.0016064983792603016,
      0.00038006799877621233,
      8.027384319575503e-05,
      1.5450255887117237e-05
    ],
    [
      0.09730488806962967,
      0.11053875088691711,
      0.06541182845830917,
      0.02688261866569519,
      0.008631466887891293,
      0.002309370320290327,
      0.000536284176632762,
      0.00011117064423160627,
      2.099901576002594e-05
    ],
    [
      0.08003047108650208,
      0.08927839249372482,
      0.051873743534088135,
      0.020930225029587746,
      0.006597090512514114,
      0.001732544507831335,
      0.0003948838566429913,
      8.033623453229666e-05,
      1.4891332284605596e-05
    ],
    [
      0.04581942409276962,
      0.05018911510705948,
      0.028630565851926804,
      0.01134040579199791,
      0.0035086183343082666,
      0.0009043908794410527,
      0.00020229774236213416,
      4.038759652758017e-05,
      7.346021902776556e-06
    ],
    [
      0.020540636032819748,
      0.022090431302785873,
      0.012371069751679897,
      0.004809987265616655,
      0.0014606527984142303,
      0.00036950749927200377,
      8.111062197713181e-05,
      1.58898692461662e-05,
      2.8358199415379204e-06
    ],
    [
      0.0076898569241166115,
      0.008119036443531513,
      0.0044633145444095135,
      0.001703337300568819,
      0.0005076561355963349,
      0.0001260299322893843,
      2.7146923457621597e-05,
      5.218221758696018e-06,
      9.137127108260756e-07
    ],
    [
      0.0025039773900061846,
      0.0025952658616006374,
      0.001400411012582481,
      0.0005245388019829988,
      0.00015342140977736562,
      3.737599035957828e-05,
      7.89964815339772e-06,
      1.4898608924340806e-06,
      2.559406766522443e-07
    ],
    [
      0.0007293261587619781,
      0.0007420128677040339,
      0.00039298905176110566,
      0.00014446311979554594,
      4.146500214119442e-05,
      9.91217530099675e-06,
      2.0555635273922235e-06,
      3.8035094007682346e-07,
      6.410104447240883e-08
    ],
    [
      0.00019394666014704853,
      0.000193680971278809,
      0.00010067671973956749,
      3.6319426726549864e-05,
      1.0229636245639995e-05,
      2.39943437918555e-06,
      4.882019197793852e-07,
      8.862404143883396e-08,
      1.4652169255668923e-08
    ]
  ],
  "probs_results": [
    0.2371646612882614,
    0.4834512770175934,
    0.2793842554092407
  ]
}