{
  "skills_mean": [
    [
      0.5768105983734131,
      1.1461790800094604
    ],
    [
      0.6024028062820435,
      0.9988906979560852
    ]
  ],
  "skills_cov": [
    [
      [
        0.020411644130945206,
        0.011617623269557953
      ],
      [
        0.011617623269557953,
        0.02636553719639778
      ]
    ],
    [
      [
        0.018849194049835205,
        0.01123310811817646
      ],
      [
        0.01123310811817646,
        0.025979140773415565
      ]
    ]
  ],
  "probs_grid": [
    [
      0.08982380479574203,
      0.10049803555011749,
      0.05865555629134178,
      0.023809481412172318,
      0.007561306469142437,
      0.0020037360955029726,
      0.0004614978388417512,
      9.501197200734168e-05,
      1.784756750566885e-05
    ],
    [
      0.11237029731273651,
      0.12368366867303848,
      0.0710037425160408,
      0.028344357386231422,
      0.008850970305502415,
      0.002305938396602869,
      0.0005220734747126698,
      0.00010564260446699336,
      1.9502378563629463e-05
    ],
    [
      0.07339529693126678,
      0.07945980131626129,
      0.04486027732491493,
      0.017608612775802612,
      0.00540582463145256,
      0.0013844325440004468,
      0.0003080720780417323,
      6.126394146122038e-05,
      1.1113473192381207e-05
    ],
    [
      0.0333685465157032,
      0.03552745655179024,
      0.01972230151295662,
      0.007610876578837633,
      0.0022968107368797064,
      0.0005781379295513034,
      0.0001264314923901111,
      2.4705965188331902e-05,
      4.403464117785916e-06
    ],
    [
      0.011878659017384052,
      0.012435860000550747,
      0.006787128280848265,
      0.0025746505707502365,
      0.0007636714726686478,
      0.00018891070794779807,
      4.059510683873668e-05,
      7.794104021741077e-06,
      1.3647747891809558e-06
    ],
    [
      0.0035313533153384924,
      0.0036347119603306055,
      0.0019500178750604391,
      0.0007270628120750189,
      0.00021193636348471045,
      5.151693767402321e-05,
      1.0877121894736774e-05,
      2.0516733911790652e-06,
      3.5290946698296466e-07
    ],
    [
      0.0009131425758823752,
      0.0009239129140041769,
      0.000487197597976774,
      0.0001785204076441005,
      5.113517545396462e-05,
      1.2212746696604881e-05,
      2.533261294956901e-06,
      4.6939121034483833e-07,
      7.930693612934192e-08
    ],
    [
      0.00021122464386280626,
      0.00021006270253565162,
      0.00010886249219765887,
      3.919805749319494e-05,
      1.1031887879653368e-05,
      2.588512870715931e-06,
      5.274491741147358e-07,
      9.599708761243164e-08,
      1.593009280043134e-08
    ],
    [
      4.461315620574169e-05,
      4.360445382189937e-05,
      2.2206022549653426e-05,
      7.856286174501292e-06,
      2.172276253986638e-06,
      5.007076993024384e-07,
      1.0021690854955523e-07,
      1.7914535632712614e-08,
      2.9195579287488727e-09
    ]
  ],
  "probs_results": [
    0.2668073773384094,
    0.4008621573448181,
    0.33233073353767395
  ]
}