{
  "skills_mean": [
    [
      -0.2494634985923767,
      0.3713997006416321
    ],
    [
      -0.23610864579677582,
      0.45625635981559753
    ]
  ],
  "skills_cov": [
    [
      [
        0.0232101883739233,
        0.010872116312384605
      ],
      [
        0.010872116312384605,
        0.022913066670298576
      ]
    ],
    [
      [
        0.01915539801120758,
        0.00928659737110138
      ],
      [
        0.00928659737110138,
        0.018768370151519775
      ]
    ]
  ],
  "probs_grid": [
    [
      0.13165459036827087,
      0.1376497447490692,
      0.07488769292831421,
      0.028265157714486122,
      0.008325737901031971,
      0.002041372936218977,
      0.00043395833927206695,
      8.226241334341466e-05,
      1.4193966308084782e-05
    ],
    [
      0.12550491094589233,
      0.12956489622592926,
      0.06958183646202087,
      0.025918127968907356,
      0.007532522082328796,
      0.0018218392506241798,
      0.00038195744855329394,
      7.139419903978705e-05,
      1.214451822306728e-05
    ],
    [
      0.06225829944014549,
      0.06344479322433472,
      0.03362564742565155,
      0.012357891537249088,
      0.003542841412127018,
      0.0008450894383713603,
      0.00017470456077717245,
      3.219354402972385e-05,
      5.397930635808734e-06
    ],
    [
      0.021426936611533165,
      0.021548714488744736,
      0.011268344707787037,
      0.004085111897438765,
      0.0011550277704373002,
      0.00027166903601028025,
      5.5368007451761514e-05,
      1.005693047773093e-05,
      1.6618602103335434e-06
    ],
    [
      0.005755404010415077,
      0.00571079459041357,
      0.002945795189589262,
      0.001053235144354403,
      0.00029363599605858326,
      6.808844773331657e-05,
      1.3678345567313954e-05,
      2.448559371259762e-06,
      3.986969261404738e-07
    ],
    [
      0.0012869025813415647,
      0.0012595884036272764,
      0.0006407808978110552,
      0.00022590463049709797,
      6.209030834725127e-05,
      1.4191484297043644e-05,
      2.8096826554246945e-06,
      4.956053771820734e-07,
      7.950740865680928e-08
    ],
    [
      0.00024949954240582883,
      0.00024083652533590794,
      0.00012080694432370365,
      4.198734677629545e-05,
      1.1375085705367383e-05,
      2.5622771318012383e-06,
      4.998685199097963e-07,
      8.68704432832601e-08,
      1.3728432612936103e-08
    ],
    [
      4.313735189498402e-05,
      4.1057162889046595e-05,
      2.0303250494180247e-05,
      6.955454864510102e-06,
      1.8570606243883958e-06,
      4.121881715946074e-07,
      7.922468370225033e-08,
      1.3562894807250814e-08,
      2.111151919947929e-09
    ],
    [
      6.789248345739907e-06,
      6.370277333189733e-06,
      3.1050121833686717e-06,
      1.0482970083103282e-06,
      2.757907395789516e-07,
      6.03089418405034e-08,
      1.1418785916816887e-08,
      1.925432924210213e-09,
      2.9516078470237517e-10
    ]
  ],
  "probs_results": [
    0.2992417514324188,
    0.32519441843032837,
    0.37556391954421997
  ]
}