{
  "skills_mean": [
    [
      0.699076235294342,
      1.3345866203308105
    ],
    [
      0.013228612020611763,
      0.7334896922111511
    ]
  ],
  "skills_cov": [
    [
      [
        0.016667405143380165,
        0.010418891906738281
      ],
      [
        0.010418891906738281,
        0.02713070809841156
      ]
    ],
    [
      [
        0.01813177578151226,
        0.008975026197731495
      ],
      [
        0.008975026197731495,
        0.02103148028254509
      ]
    ]
  ],
  "probs_grid": [
    [
      0.0927361324429512,
      0.04928942397236824,
      0.013681934215128422,
      0.0026445561088621616,
      0.0004004106449428946,
      5.065430741524324e-05,
      5.5769269238226116e-06,
      5.49611968381214e-07,
      4.949193055381329e-08
    ],
    [
      0.1660904586315155,
      0.08725951611995697,
      0.02393416315317154,
      0.004569748416543007,
      0.0006832483923062682,
      8.532879292033613e-05,
      9.27170640352415e-06,
      9.015558930514089e-07,
      8.008203877807318e-08
    ],
    [
      0.15404260158538818,
      0.0799795612692833,
      0.02167261578142643,
      0.0040867384523153305,
      0.0006032900419086218,
      7.43677155696787e-05,
      7.973978426889516e-06,
      7.64937169606128e-07,
      6.701672816689097e-08
    ],
    [
      0.09863749891519547,
      0.05060139298439026,
      0.013543833047151566,
      0.0025218825321644545,
      0.0003675105981528759,
      4.4710355723509565e-05,
      4.730084583570715e-06,
      4.47595624564201e-07,
      3.867328146611726e-08
    ],
    [
      0.04905310645699501,
      0.024859141558408737,
      0.00657106377184391,
      0.0012080003507435322,
      0.00017375768220517784,
      2.085949745378457e-05,
      2.177114311052719e-06,
      2.0319596671924955e-07,
      1.7312627775822875e-08
    ],
    [
      0.020207231864333153,
      0.010114560835063457,
      0.002639946062117815,
      0.00047908068518154323,
      6.800753180868924e-05,
      8.055318176047876e-06,
      8.293268933812215e-07,
      7.633612852941951e-08,
      6.412947506362343e-09
    ],
    [
      0.007182152476161718,
      0.003550106193870306,
      0.000914786709472537,
      0.00016385249909944832,
      2.2951739083509892e-05,
      2.681974592633196e-06,
      2.7234230515205127e-07,
      2.471982618601487e-08,
      2.0474435480366537e-09
    ],
    [
      0.002265198854729533,
      0.0011055279755964875,
      0.00028119946364313364,
      4.970595546183176e-05,
      6.8695917434524745e-06,
      7.918329743006325e-07,
      7.929862988476089e-08,
      7.097084253615549e-09,
      5.794912882883807e-10
    ],
    [
      0.000647110166028142,
      0.00031178307835943997,
      7.827141234884039e-05,
      1.3652190318680368e-05,
      1.8613731072036899e-06,
      2.1161795871194045e-07,
      2.0898399455404615e-08,
      1.8440456939217142e-09,
      1.484234263271489e-10
    ]
  ],
  "probs_results": [
    0.20444636046886444,
    0.6949461698532104,
    0.10060721635818481
  ]
}