{
  "skills_mean": [
    [
      0.31354305148124695,
      0.8308456540107727
    ],
    [
      0.3267045319080353,
      1.1717010736465454
    ]
  ],
  "skills_cov": [
    [
      [
        0.019019149243831635,
        0.010012420825660229
      ],
      [
        0.010012420825660229,
        0.022172467783093452
      ]
    ],
    [
      [
        0.014456486329436302,
        0.00812104344367981
      ],
      [
        0.00812104344367981,
        0.023522263392806053
      ]
    ]
  ],
  "probs_grid": [
    [
      0.13472908735275269,
      0.15541154146194458,
      0.09281402081251144,
      0.0382622629404068,
      0.012248591519892216,
      0.0032476289197802544,
      0.0007428770186379552,
      0.00015078192518558353,
      2.772005245788023e-05
    ],
    [
      0.11085620522499084,
      0.12651856243610382,
      0.07473985105752945,
      0.0304703451693058,
      0.00964419636875391,
      0.0025277212262153625,
      0.0005714482394978404,
      0.00011461054964456707,
      2.0816489268327132e-05
    ],
    [
      0.047501735389232635,
      0.053621649742126465,
      0.03132404386997223,
      0.012625555507838726,
      0.003950014710426331,
      0.001023146091029048,
      0.00022854996495880187,
      4.5284417865332216e-05,
      8.124172381940298e-06
    ],
    [
      0.01413271389901638,
      0.015774806961417198,
      0.00911004189401865,
      0.0036293279845267534,
      0.0011220854939892888,
      0.0002871696196962148,
      6.33696690783836e-05,
      1.2401596904965118e-05,
      2.1971945898258127e-06
    ],
    [
      0.0032842548098415136,
      0.0036237791646271944,
      0.0020683398470282555,
      0.0008142401929944754,
      0.00024871458299458027,
      6.287677388172597e-05,
      1.3703790500585455e-05,
      2.648364898050204e-06,
      4.632835839402105e-07
    ],
    [
      0.0006358381360769272,
      0.0006933356053195894,
      0.0003910200030077249,
      0.00015207276737783104,
      4.5882999984314665e-05,
      1.1455794265202712e-05,
      2.465443913024501e-06,
      4.7042473738656554e-07,
      8.12377507486417e-08
    ],
    [
      0.00010682110587367788,
      0.00011508473835419863,
      6.411594949895516e-05,
      2.462880547682289e-05,
      7.3384262577746995e-06,
      1.80914184966241e-06,
      3.843957756544114e-07,
      7.240227262172994e-08,
      1.2340800381593908e-08
    ],
    [
      1.6016807421692647e-05,
      1.7045053027686663e-05,
      9.378702998219524e-06,
      3.5575626498030033e-06,
      1.0466070534675964e-06,
      2.5472195375186857e-07,
      5.3423125478957445e-08,
      9.931289568498869e-09,
      1.6705049565857166e-09
    ],
    [
      2.187911604778492e-06,
      2.299417701578932e-06,
      1.2492993164414656e-06,
      4.678663572121877e-07,
      1.358756236413683e-07,
      3.2640606661971105e-08,
      6.7561991556885914e-09,
      1.2393951420719418e-09,
      2.0570005421216564e-10
    ]
  ],
  "probs_results": [
    0.2964656949043274,
    0.26308315992355347,
    0.4404512047767639
  ]
}