{
  "skills_mean": [
    [
      0.5380449891090393,
      0.9468455910682678
    ],
    [
      0.007218086160719395,
      0.5917258858680725
    ]
  ],
  "skills_cov": [
    [
      [
        0.019351745024323463,
        0.011647265404462814
      ],
      [
        0.011647265404462814,
        0.026485979557037354
      ]
    ],
    [
      [
        0.022219335660338402,
        0.011945118196308613
      ],
      [
        0.011945118196308613,
        0.024639779701828957
      ]
    ]
  ],
  "probs_grid": [
    [
      0.07497397065162659,
      0.05804181098937988,
      0.023525157943367958,
      0.006655737292021513,
      0.001478615216910839,
      0.00027510992367751896,
      4.465246820473112e-05,
      6.502374617411988e-06,
      8.6717261638114e-07
    ],
    [
      0.13182006776332855,
      0.10035103559494019,
      0.03998756781220436,
      0.011120103299617767,
      0.0024277358315885067,
      0.00044381830957718194,
      7.076541805872694e-05,
      1.0121708328370005e-05,
      1.3256426427687984e-06
    ],
    [
      0.12065736204385757,
      0.09031182527542114,
      0.035375725477933884,
      0.00966849084943533,
      0.002074137795716524,
      0.0003725207061506808,
      5.834481999045238e-05,
      8.196023372875061e-06,
      1.0540971970840474e-06
    ],
    [
      0.07665077596902847,
      0.05640312284231186,
      0.02171553298830986,
      0.005832386203110218,
      0.0012293301988393068,
      0.00021689514687750489,
      3.336570807732642e-05,
      4.602929038810544e-06,
      5.812772201352345e-07
    ],
    [
      0.038016363978385925,
      0.027498088777065277,
      0.010404713451862335,
      0.0027459014672785997,
      0.0005686046788468957,
      9.854239033302292e-05,
      1.4888053556205705e-05,
      2.0168436094536446e-06,
      2.500707694252924e-07
    ],
    [
      0.015699703246355057,
      0.01116149965673685,
      0.004150182940065861,
      0.0010761215817183256,
      0.00021890370408073068,
      3.726175054907799e-05,
      5.528536348720081e-06,
      7.353873456850124e-07,
      8.952012819918309e-08
    ],
    [
      0.0056227948516607285,
      0.003928620368242264,
      0.001435365411452949,
      0.0003656453627627343,
      7.306082989089191e-05,
      1.2214092748763505e-05,
      1.779555873326899e-06,
      2.3241391033934633e-07,
      2.7775142186214907e-08
    ],
    [
      0.0017961006378754973,
      0.0012332077603787184,
      0.00044269132195040584,
      0.00011078212992288172,
      2.1741858290624805e-05,
      3.569532509573037e-06,
      5.10669110553863e-07,
      6.548023634422862e-08,
      7.681947522542032e-09
    ],
    [
      0.0005223031039349735,
      0.0003523805644363165,
      0.0001242760190507397,
      3.0548970244126394e-05,
      5.888424311706331e-06,
      9.493512607150478e-07,
      1.3335508697309706e-07,
      1.678724714793134e-08,
      1.9332480061251545e-09
    ]
  ],
  "probs_results": [
    0.21722039580345154,
    0.6248418092727661,
    0.15793757140636444
  ]
}