{
  "skills_mean": [
    [
      -0.09935159236192703,
      0.32929036021232605
    ],
    [
      -0.18236054480075836,
      0.10709431022405624
    ]
  ],
  "skills_cov": [
    [
      [
        0.024066634476184845,
        0.011484588496387005
      ],
      [
        0.011484588496387005,
        0.02168942615389824
      ]
    ],
    [
      [
        0.02097233384847641,
        0.011204673908650875
      ],
      [
        0.011204673908650875,
        0.021319502964615822
      ]
    ]
  ],
  "probs_grid": [
    [
      0.06417179107666016,
      0.07458628714084625,
      0.045110542327165604,
      0.01892830617725849,
      0.006198448594659567,
      0.0016896200831979513,
      0.0003993244899902493,
      8.415777119807899e-05,
      1.6144109395099804e-05
    ],
    [
      0.09845921397209167,
      0.1125185415148735,
      0.06690233200788498,
      0.027594419196248055,
      0.00888158567249775,
      0.002379300072789192,
      0.0005525811575353146,
      0.00011442873073974624,
      2.156694608856924e-05
    ],
    [
      0.07875989377498627,
      0.08848632872104645,
      0.05171830579638481,
      0.020966505631804466,
      0.00663209380581975,
      0.0017459068913012743,
      0.00039841822581365705,
      8.106093446258456e-05,
      1.5009401067800354e-05
    ],
    [
      0.04379069432616234,
      0.04836269095540047,
      0.027783451601862907,
      0.01106951292604208,
      0.0034408755600452423,
      0.0008900486282072961,
      0.00019955707830376923,
      3.9887658203952014e-05,
      7.255302080011461e-06
    ],
    [
      0.01903661899268627,
      0.020664945244789124,
      0.011667500250041485,
      0.0045681726187467575,
      0.0013952851295471191,
      0.0003546072111930698,
      7.810940587660298e-05,
      1.5337060176534578e-05,
      2.7402745672588935e-06
    ],
    [
      0.006900912616401911,
      0.007362554781138897,
      0.004085108172148466,
      0.0015716510824859142,
      0.0004716539988294244,
      0.00011776507017202675,
      2.5482664568698965e-05,
      4.914984856441151e-06,
      8.625440273135609e-07
    ],
    [
      0.002172737382352352,
      0.0022780965082347393,
      0.0012420685961842537,
      0.00046952086267992854,
      0.00013843286433257163,
      3.395566818653606e-05,
      7.217479833343532e-06,
      1.367336494695337e-06,
      2.3567682205793972e-07
    ],
    [
      0.0006110429530963302,
      0.0006295762141235173,
      0.00033728007110767066,
      0.00012526457430794835,
      3.628297781688161e-05,
      8.742394129512832e-06,
      1.825258209464664e-06,
      3.39627746370752e-07,
      5.7491590155223093e-08
    ],
    [
      0.0001566743740113452,
      0.00015862011059653014,
      8.34916572785005e-05,
      3.0463797884294763e-05,
      8.668124792166054e-06,
      2.0515597043413436e-06,
      4.207042252346582e-07,
      7.688192482646627e-08,
      1.2781006475393042e-08
    ]
  ],
  "probs_results": [
    0.24103377759456635,
    0.4705650210380554,
    0.28840118646621704
  ]
}