{
  "skills_mean": [
    [
      0.08213048428297043,
      0.4951629638671875
    ],
    [
      0.6082556843757629,
      0.8567931652069092
    ]
  ],
  "skills_cov": [
    [
      [
        0.02310519479215145,
        0.011391762644052505
      ],
      [
        0.011391762644052505,
        0.025243742391467094
      ]
    ],
    [
      [
        0.018402917310595512,
        0.010992745868861675
      ],
      [
        0.010992745868861675,
        0.025379961356520653
      ]
    ]
  ],
  "probs_grid": [
    [
      0.047590456902980804,
      0.09781437367200851,
      0.10457776486873627,
      0.0775376558303833,
      0.044845473021268845,
      0.021578798070549965,
      0.008997177705168724,
      0.0033429362811148167,
      0.001129751093685627
    ],
    [
      0.043354861438274384,
      0.08764753490686417,
      0.09216335415840149,
      0.06720181554555893,
      0.03822140023112297,
      0.018084585666656494,
      0.007414080668240786,
      0.002708497690036893,
      0.000899944978300482
    ],
    [
      0.020667316392064095,
      0.04108982905745506,
      0.04248818755149841,
      0.03046318329870701,
      0.017035627737641335,
      0.007924885489046574,
      0.003194135846570134,
      0.001147142960689962,
      0.0003746987204067409
    ],
    [
      0.006873296573758125,
      0.01343687903136015,
      0.013661033473908901,
      0.009629734791815281,
      0.0052941408939659595,
      0.002421064767986536,
      0.0009592311689630151,
      0.0003386316238902509,
      0.00010872223356273025
    ],
    [
      0.0017938982928171754,
      0.0034478839952498674,
      0.003446123795583844,
      0.0023879657965153456,
      0.0012904835166409612,
      0.0005800782237201929,
      0.00022589571017306298,
      7.837953307898715e-05,
      2.4732657038839534e-05
    ],
    [
      0.00039190007373690605,
      0.0007404478965327144,
      0.0007274613017216325,
      0.0004954735632054508,
      0.00026317022275179625,
      0.00011626358173089102,
      4.449617335922085e-05,
      1.5172604435065296e-05,
      4.705007540906081e-06
    ],
    [
      7.464262307621539e-05,
      0.0001386171643389389,
      0.0001338500587735325,
      8.959689148468897e-05,
      4.676852040574886e-05,
      2.0304243662394583e-05,
      7.6362175605027e-06,
      2.5586718948034104e-06,
      7.79658080318768e-07
    ],
    [
      1.2747551409120206e-05,
      2.3265864001587033e-05,
      2.2077971152612008e-05,
      1.452284323022468e-05,
      7.449238637491362e-06,
      3.1778160973772174e-06,
      1.174328531305946e-06,
      3.86620598646914e-07,
      1.157508506821614e-07
    ],
    [
      1.992547140616807e-06,
      3.573689809854841e-06,
      3.332359256091877e-06,
      2.1538724013225874e-06,
      1.0855216032723547e-06,
      4.549872016923473e-07,
      1.651927732382319e-07,
      5.343272846403124e-08,
      1.571660135368802e-08
    ]
  ],
  "probs_results": [
    0.18897758424282074,
    0.15354661643505096,
    0.6574756503105164
  ]
}