{
  "skills_mean": [
    [
      -0.27843615412712097,
      0.36239543557167053
    ],
    [
      -0.21404509246349335,
      0.4863266348838806
    ]
  ],
  "skills_cov": [
    [
      [
        0.02359892800450325,
        0.011344674043357372
      ],
      [
        0.011344674043357372,
        0.023762408643960953
      ]
    ],
    [
      [
        0.019431347027420998,
        0.00971450936049223
      ],
      [
        0.00971450936049223,
        0.019578134641051292
      ]
    ]
  ],
  "probs_grid": [
    [
      0.1344435065984726,
      0.14467622339725494,
      0.08109014481306076,
      0.03156169876456261,
      0.009596099145710468,
      0.002430895110592246,
      0.0005344023811630905,
      0.0001048575941240415,
      1.8744687622529455e-05
    ],
    [
      0.12120882421731949,
      0.12870687246322632,
      0.07116489857435226,
      0.027317535132169724,
      0.008189464919269085,
      0.002045073313638568,
      0.0004430991248227656,
      8.56714541441761e-05,
      1.5088181498867925e-05
    ],
    [
      0.05692984163761139,
      0.05963429808616638,
      0.03251923248171806,
      0.012308167293667793,
      0.0036373718176037073,
      0.0008952202624641359,
      0.00019112812879029661,
      3.640668001025915e-05,
      6.315779955912149e-06
    ],
    [
      0.018572496250271797,
      0.01918671280145645,
      0.010316151194274426,
      0.003848995780572295,
      0.0011210569646209478,
      0.00027187541127204895,
      5.718519241781905e-05,
      1.0729585483204573e-05,
      1.8331576256969129e-06
    ],
    [
      0.004734253976494074,
      0.004822226241230965,
      0.002555852523073554,
      0.000939824793022126,
      0.0002697262680158019,
      6.444382597692311e-05,
      1.33516459754901e-05,
      2.4671851406310452e-06,
      4.150670633862319e-07
    ],
    [
      0.0010057369945570827,
      0.001009819912724197,
      0.0005274814320728183,
      0.00019112131849396974,
      5.403768227552064e-05,
      1.2717163372144569e-05,
      2.594820671220077e-06,
      4.7213944753821124e-07,
      7.820222691634626e-08
    ],
    [
      0.00018546776846051216,
      0.00018352489860262722,
      9.445876639802009e-05,
      3.371705315657891e-05,
      9.39004348765593e-06,
      2.1763071345048957e-06,
      4.372492412585416e-07,
      7.83285116767729e-08,
      1.2771335100580927e-08
    ],
    [
      3.053573163924739e-05,
      2.977219810418319e-05,
      1.5095811249921098e-05,
      5.307477749738609e-06,
      1.4556599126080982e-06,
      3.321997326111159e-07,
      6.570999033783664e-08,
      1.1587383497158044e-08,
      1.859548626192975e-09
    ],
    [
      4.581714620144339e-06,
      4.400689704198157e-06,
      2.197777575929649e-06,
      7.609621661686106e-07,
      2.055020758007231e-07,
      4.617147908447805e-08,
      8.990094002570004e-09,
      1.5603406344766313e-09,
      2.4642760054760515e-10
    ]
  ],
  "probs_results": [
    0.2998049259185791,
    0.3022956848144531,
    0.3978996276855469
  ]
}