{
  "skills_mean": [
    [
      0.7020413279533386,
      1.3065402507781982
    ],
    [
      0.5279514789581299,
      0.8714837431907654
    ]
  ],
  "skills_cov": [
    [
      [
        0.01633099652826786,
        0.010140009224414825
      ],
      [
        0.010140009224414825,
        0.026774577796459198
      ]
    ],
    [
      [
        0.018424542620778084,
        0.009640809148550034
      ],
      [
        0.009640809148550034,
        0.021388757973909378
      ]
    ]
  ],
  "probs_grid": [
    [
      0.07967902719974518,
      0.07142183184623718,
      0.03341110050678253,
      0.010875129140913486,
      0.002770661376416683,
      0.000589299772400409,
      0.00010899031622102484,
      1.8027691112365574e-05,
      2.72214629148948e-06
    ],
    [
      0.12657643854618073,
      0.11190172284841537,
      0.05161842331290245,
      0.016564249992370605,
      0.0041597397066652775,
      0.0008719461620785296,
      0.0001589069579495117,
      2.589588621049188e-05,
      3.851921064779162e-06
    ],
    [
      0.10414265841245651,
      0.09079290181398392,
      0.04129276052117348,
      0.01306215487420559,
      0.0032330132089555264,
      0.0006678185309283435,
      0.0001199147300212644,
      1.9251239791628905e-05,
      2.820622967192321e-06
    ],
    [
      0.05916723608970642,
      0.0508614145219326,
      0.0228041410446167,
      0.007110192906111479,
      0.0017343172803521156,
      0.0003529926761984825,
      6.244565884117037e-05,
      9.875308933260385e-06,
      1.4250929325498873e-06
    ],
    [
      0.026111537590622902,
      0.022129546850919724,
      0.009780315682291985,
      0.003005401464179158,
      0.0007223742431961,
      0.0001448594412067905,
      2.5244637072319165e-05,
      3.932295840058941e-06,
      5.588722729044093e-07
    ],
    [
      0.009547283872961998,
      0.007976350374519825,
      0.003474515862762928,
      0.0010521647054702044,
      0.0002491817285772413,
      4.922792868455872e-05,
      8.450560926576145e-06,
      1.2964570714757429e-06,
      1.814551353618299e-07
    ],
    [
      0.0030124462209641933,
      0.0024807441513985395,
      0.001064974581822753,
      0.0003177814942318946,
      7.414763240376487e-05,
      1.4430070223170333e-05,
      2.4398409550485667e-06,
      3.686380978251691e-07,
      5.080734055695757e-08
    ],
    [
      0.0008436305215582252,
      0.0006847154581919312,
      0.0002896641963161528,
      8.51620570756495e-05,
      1.957566200871952e-05,
      3.7525883271882776e-06,
      6.24903179868852e-07,
      9.297985315015467e-08,
      1.2618383671281208e-08
    ],
    [
      0.00021404234576039016,
      0.00017120341362897307,
      7.136524800444022e-05,
      2.0671182937803678e-05,
      4.680627171183005e-06,
      8.837540121930942e-07,
      1.449349866788907e-07,
      2.123535303155677e-08,
      2.837516888121172e-09
    ]
  ],
  "probs_results": [
    0.24079269170761108,
    0.5471248030662537,
    0.21208246052265167
  ]
}