{
  "skills_mean": [
    [
      -0.1409243792295456,
      0.5721936821937561
    ],
    [
      0.00721722049638629,
      0.5916549563407898
    ]
  ],
  "skills_cov": [
    [
      [
        0.02141343243420124,
        0.010759279131889343
      ],
      [
        0.010759279131889343,
        0.022944429889321327
      ]
    ],
    [
      [
        0.022319072857499123,
        0.012025834992527962
      ],
      [
        0.012025834992527962,
        0.024738948792219162
      ]
    ]
  ],
  "probs_grid": [
    [
      0.12872286140918732,
      0.14016026258468628,
      0.07963110506534576,
      0.03147255629301071,
      0.009733948856592178,
      0.0025127194821834564,
      0.0005638775764964521,
      0.00011313714639982209,
      2.071652670565527e-05
    ],
    [
      0.11977942287921906,
      0.12847688794136047,
      0.07188592851161957,
      0.02797374129295349,
      0.008516599424183369,
      0.0021636534947901964,
      0.0004777589056175202,
      9.4303693913389e-05,
      1.6984960893751122e-05
    ],
    [
      0.05821731314063072,
      0.06149622052907944,
      0.03387800604104996,
      0.012977072969079018,
      0.0038882389198988676,
      0.0009719604859128594,
      0.00021113640104886144,
      4.0992126741912216e-05,
      7.260776328621432e-06
    ],
    [
      0.019704846665263176,
      0.02049322985112667,
      0.011112825013697147,
      0.004189256113022566,
      0.0012350394390523434,
      0.00030371281900443137,
      6.48916102363728e-05,
      1.2389846233418211e-05,
      2.1578491669060895e-06
    ],
    [
      0.005224727094173431,
      0.005348555278033018,
      0.002854280872270465,
      0.0010586909484118223,
      0.00030703848460689187,
      7.426415686495602e-05,
      1.5604044165229425e-05,
      2.9294074010977056e-06,
      5.015775741412654e-07
    ],
    [
      0.0011574927484616637,
      0.0011660796590149403,
      0.0006122657796368003,
      0.0002234010025858879,
      6.372438656399027e-05,
      1.5157149391598068e-05,
      3.1313670660892967e-06,
      5.779257890026201e-07,
      9.726723959602168e-08
    ],
    [
      0.00022316652757581323,
      0.00022119870118331164,
      0.00011425076081650332,
      4.100093065062538e-05,
      1.1500935215735808e-05,
      2.6896552753896685e-06,
      5.462629246721917e-07,
      9.909884823855464e-08,
      1.639216229420981e-08
    ],
    [
      3.851173823932186e-05,
      3.7549409171333537e-05,
      1.907488149299752e-05,
      6.731448593200184e-06,
      1.8564915080787614e-06,
      4.2681392642407445e-07,
      8.520517980059594e-08,
      1.5191460533969803e-08,
      2.4693385114460398e-09
    ],
    [
      6.071917141525773e-06,
      5.822520506626461e-06,
      2.908539272539201e-06,
      1.0091612239193637e-06,
      2.736031206040934e-07,
      6.182772693819061e-08,
      1.2130275450772388e-08,
      2.125255971208162e-09,
      3.394298453418543e-10
    ]
  ],
  "probs_results": [
    0.29559385776519775,
    0.30925148725509644,
    0.395154744386673
  ]
}