{
  "skills_mean": [
    [
      0.5859668850898743,
      0.9963482618331909
    ],
    [
      0.3076012432575226,
      0.45442190766334534
    ]
  ],
  "skills_cov": [
    [
      [
        0.018790587782859802,
        0.01141239982098341
      ],
      [
        0.01141239982098341,
        0.02587401680648327
      ]
    ],
    [
      [
        0.02110082097351551,
        0.010938122868537903
      ],
      [
        0.010938122868537903,
        0.022690096870064735
      ]
    ]
  ],
  "probs_grid": [
    [
      0.04210270196199417,
      0.04170478135347366,
      0.021583007648587227,
      0.007780302781611681,
      0.0021976453717797995,
      0.0005187861388549209,
      0.00010660572297638282,
      1.961236193892546e-05,
      3.2972402550512925e-06
    ],
    [
      0.08844323456287384,
      0.08614569902420044,
      0.043832361698150635,
      0.015533167868852615,
      0.004312712699174881,
      0.0010006071534007788,
      0.00020206629415042698,
      3.6529276258079335e-05,
      6.034234047547216e-06
    ],
    [
      0.09645862132310867,
      0.09237941354513168,
      0.04621100798249245,
      0.0160977803170681,
      0.00439302297309041,
      0.00100169877987355,
      0.00019878595776390284,
      3.531107722665183e-05,
      5.731055352953263e-06
    ],
    [
      0.0728166326880455,
      0.06856527179479599,
      0.033717792481184006,
      0.011545530520379543,
      0.003096684580668807,
      0.0006939243176020682,
      0.00013531952572520822,
      2.3618236809852533e-05,
      3.7661450278392294e-06
    ],
    [
      0.04279927909374237,
      0.03962108865380287,
      0.01915338821709156,
      0.006446353159844875,
      0.0016992794116958976,
      0.0003742001426871866,
      7.170283060986549e-05,
      1.2296170098125003e-05,
      1.926332288348931e-06
    ],
    [
      0.020889881998300552,
      0.019011763855814934,
      0.00903413351625204,
      0.002988486783578992,
      0.0007742011221125722,
      0.00016753372619859874,
      3.15430952468887e-05,
      5.314607733453158e-06,
      8.179603696589766e-07
    ],
    [
      0.008818714879453182,
      0.007889881730079651,
      0.00368521292693913,
      0.0011981456773355603,
      0.00030503468587994576,
      6.486257188953459e-05,
      1.1999246453342494e-05,
      1.9862918634316884e-06,
      3.0032651920919307e-07
    ],
    [
      0.003311500884592533,
      0.0029124135617166758,
      0.0013370885280892253,
      0.0004272436199244112,
      0.00010689102055039257,
      2.2334264940582216e-05,
      4.059566435898887e-06,
      6.602100484087714e-07,
      9.806480250063032e-08
    ],
    [
      0.0011290014954283834,
      0.0009760515531525016,
      0.00044043571688234806,
      0.00013831090473104268,
      3.4004646295215935e-05,
      6.981449132581474e-06,
      1.246791271114489e-06,
      1.9920564398034912e-07,
      2.9067464879517502e-08
    ]
  ],
  "probs_results": [
    0.18810699880123138,
    0.6466741561889648,
    0.1652188003063202
  ]
}