{
  "skills_mean": [
    [
      0.09428109228610992,
      0.75602787733078
    ],
    [
      0.2543562948703766,
      0.8130601644515991
    ]
  ],
  "skills_cov": [
    [
      [
        0.026380036026239395,
        0.012716691009700298
      ],
      [
        0.012716691009700298,
        0.023631585761904716
      ]
    ],
    [
      [
        0.020595328882336617,
        0.011256935074925423
      ],
      [
        0.011256935074925423,
        0.024680979549884796
      ]
    ]
  ],
  "probs_grid": [
    [
      0.1181841790676117,
      0.13694380223751068,
      0.08270484209060669,
      0.034708037972450256,
      0.011385621502995491,
      0.003113886108621955,
      0.000739533279556781,
      0.0001568615552969277,
      3.0331402740557678e-05
    ],
    [
      0.11149357259273529,
      0.12709206342697144,
      0.0754917785525322,
      0.031153270974755287,
      0.010047388263046741,
      0.0027011255733668804,
      0.0006304821581579745,
      0.0001314126275246963,
      2.496636807336472e-05
    ],
    [
      0.0551791787147522,
      0.06185976788401604,
      0.03612999618053436,
      0.014657814987003803,
      0.004646643530577421,
      0.0012276642955839634,
      0.0002815718180499971,
      5.765961032011546e-05,
      1.0760915756691247e-05
    ],
    [
      0.019099893048405647,
      0.02105308510363102,
      0.012087793089449406,
      0.004819971043616533,
      0.001501549151726067,
      0.0003897964197676629,
      8.782992517808452e-05,
      1.766694003890734e-05,
      3.2383227335230913e-06
    ],
    [
      0.005201447289437056,
      0.00563579797744751,
      0.003180232597514987,
      0.0012461150763556361,
      0.00038140712422318757,
      9.726577263791114e-05,
      2.1526775526581332e-05,
      4.252623966749525e-06,
      7.654614933017001e-07
    ],
    [
      0.0011885995045304298,
      0.0012656559702008963,
      0.0007017762400209904,
      0.00027015426894649863,
      8.122590224957094e-05,
      2.0345083612482995e-05,
      4.421980975166662e-06,
      8.577917469665408e-07,
      1.5159568533817946e-07
    ],
    [
      0.00023737948504276574,
      0.00024836004013195634,
      0.00013528772979043424,
      5.115687599754892e-05,
      1.5106396858755033e-05,
      3.7157390124775702e-06,
      7.929953085294983e-07,
      1.5102715167358838e-07,
      2.6201979252959973e-08
    ],
    [
      4.2611780372681096e-05,
      4.3796859245048836e-05,
      2.343331289011985e-05,
      8.702338163857348e-06,
      2.5234517124772537e-06,
      6.094387003940938e-07,
      1.2769021395797608e-07,
      2.387253417168722e-08,
      4.0652894384152205e-09
    ],
    [
      7.017702046141494e-06,
      7.084443950589048e-06,
      3.7225229334580945e-06,
      1.3574572221841663e-06,
      3.864742836867663e-07,
      9.163104408571598e-08,
      1.8845664584432598e-08,
      3.458204167472445e-09,
      5.779647316295211e-10
    ]
  ],
  "probs_results": [
    0.2866344451904297,
    0.3003827929496765,
    0.4129832088947296
  ]
}