{
  "skills_mean": [
    [
      0.37213394045829773,
      0.7217148542404175
    ],
    [
      0.3325382471084595,
      0.7452396154403687
    ]
  ],
  "skills_cov": [
    [
      [
        0.016370637342333794,
        0.009256371296942234
      ],
      [
        0.009256371296942234,
        0.022949812933802605
      ]
    ],
    [
      [
        0.021585743874311447,
        0.012789449654519558
      ],
      [
        0.012789449654519558,
        0.02673340030014515
      ]
    ]
  ],
  "probs_grid": [
    [
      0.07003442943096161,
      0.09080521017313004,
      0.061361245810985565,
      0.028811275959014893,
      0.010573741979897022,
      0.0032350418623536825,
      0.000859412073623389,
      0.00020388409029692411,
      4.408939275890589e-05
    ],
    [
      0.09226224571466446,
      0.11769291013479233,
      0.07823526114225388,
      0.036131445318460464,
      0.013041140511631966,
      0.003923592157661915,
      0.0010248939506709576,
      0.0002390531444689259,
      5.082088682684116e-05
    ],
    [
      0.06326385587453842,
      0.07938772439956665,
      0.051906514912843704,
      0.023575956001877785,
      0.008367887698113918,
      0.0024754591286182404,
      0.0006357424426823854,
      0.0001457769685657695,
      3.046450910915155e-05
    ],
    [
      0.03010302409529686,
      0.037155881524086,
      0.02389257401227951,
      0.010671560652554035,
      0.0037243138067424297,
      0.0010832163970917463,
      0.0002734829904511571,
      6.164409569464624e-05,
      1.2662420886044856e-05
    ],
    [
      0.01118160504847765,
      0.013573520816862583,
      0.008583190850913525,
      0.0037695334758609533,
      0.0012934092665091157,
      0.00036982318852096796,
      9.178267646348104e-05,
      2.0334748114692047e-05,
      4.105340849491768e-06
    ],
    [
      0.0034580258652567863,
      0.004128025379031897,
      0.0025667075533419847,
      0.0011082766577601433,
      0.00037384143797680736,
      0.00010507459955988452,
      2.563189082138706e-05,
      5.581379355135141e-06,
      1.1073991572629893e-06
    ],
    [
      0.0009274091571569443,
      0.0010886024683713913,
      0.0006654897006228566,
      0.00028249318711459637,
      9.367035090690479e-05,
      2.5877965526888147e-05,
      6.204345936566824e-06,
      1.3277249308885075e-06,
      2.5887655397127673e-07
    ],
    [
      0.0002218338195234537,
      0.00025601807283237576,
      0.0001538663200335577,
      6.420519639505073e-05,
      2.092598151648417e-05,
      5.68197629036149e-06,
      1.3388059869612334e-06,
      2.815474147155328e-07,
      5.3942368793968853e-08
    ],
    [
      4.830696707358584e-05,
      5.481025073095225e-05,
      3.2381864002672955e-05,
      1.328177131654229e-05,
      4.254634859535145e-06,
      1.135355887527112e-06,
      2.628902677770384e-07,
      5.432543659367184e-08,
      1.022702367237116e-08
    ]
  ],
  "probs_results": [
    0.25172877311706543,
    0.3787976801395416,
    0.36947372555732727
  ]
}