{
  "skills_mean": [
    [
      0.5596838593482971,
      0.9668661952018738
    ],
    [
      0.012211951427161694,
      0.6145970821380615
    ]
  ],
  "skills_cov": [
    [
      [
        0.01999739371240139,
        0.012145638465881348
      ],
      [
        0.012145638465881348,
        0.027029328048229218
      ]
    ],
    [
      [
        0.02258129231631756,
        0.012483691796660423
      ],
      [
        0.012483691796660423,
        0.02564031258225441
      ]
    ]
  ],
  "probs_grid": [
    [
      0.07599159330129623,
      0.05806263908743858,
      0.0232451893389225,
      0.0065010664984583855,
      0.001428808318451047,
      0.0002632069808896631,
      4.233013532939367e-05,
      6.112653409218183e-06,
      8.090119649750704e-07
    ],
    [
      0.1332540661096573,
      0.10004045814275742,
      0.039343759417533875,
      0.010806809179484844,
      0.002332216128706932,
      0.00042178540024906397,
      6.658338679699227e-05,
      9.436174877919257e-06,
      1.2254732837391202e-06
    ],
    [
      0.12181451171636581,
      0.08984582126140594,
      0.03470615670084953,
      0.009361529722809792,
      0.00198359158821404,
      0.0003521519247442484,
      5.4561351134907454e-05,
      7.58799114919384e-06,
      9.669000746725942e-07
    ],
    [
      0.0773935467004776,
      0.056072790175676346,
      0.02127247117459774,
      0.0056341649033129215,
      0.0011719934409484267,
      0.0002042289706878364,
      3.1053834391059354e-05,
      4.237726898281835e-06,
      5.297873144627374e-07
    ],
    [
      0.03844090923666954,
      0.027355125173926353,
      0.010190957225859165,
      0.002650051610544324,
      0.0005411282181739807,
      9.254842734662816e-05,
      1.3809413758281153e-05,
      1.8489993180992315e-06,
      2.2677174627006025e-07
    ],
    [
      0.015919703990221024,
      0.011125808581709862,
      0.004069821909070015,
      0.0010389703093096614,
      0.00020823923114221543,
      3.4952201531268656e-05,
      5.117494310979964e-06,
      6.722538614667428e-07,
      8.088013458973364e-08
    ],
    [
      0.005725271068513393,
      0.0039291828870773315,
      0.0014111564960330725,
      0.0003536352305673063,
      6.95657217875123e-05,
      1.1458290828159079e-05,
      1.646080932005134e-06,
      2.1213642753536988e-07,
      2.5035461703737383e-08
    ],
    [
      0.0018388592870905995,
      0.001239157747477293,
      0.0004369117959868163,
      0.00010747186024673283,
      2.0748457245645113e-05,
      3.3534788599354215e-06,
      4.726613269667723e-07,
      5.975565642302172e-08,
      6.917185491062128e-09
    ],
    [
      0.000538371445145458,
      0.00035620364360511303,
      0.00012329031596891582,
      2.9766131774522364e-05,
      5.639471055474132e-06,
      8.943537181949068e-07,
      1.236702047435756e-07,
      1.533692639554829e-08,
      1.741324306969716e-09
    ]
  ],
  "probs_results": [
    0.21703194081783295,
    0.6270906329154968,
    0.15587766468524933
  ]
}