{
  "skills_mean": [
    [
      0.3510730266571045,
      0.6911846399307251
    ],
    [
      0.35536983609199524,
      0.7566041350364685
    ]
  ],
  "skills_cov": [
    [
      [
        0.0161748006939888,
        0.008908303454518318
      ],
      [
        0.008908303454518318,
        0.022140080109238625
      ]
    ],
    [
      [
        0.021030962467193604,
        0.012333216145634651
      ],
      [
        0.012333216145634651,
        0.026203103363513947
      ]
    ]
  ],
  "probs_grid": [
    [
      0.0681004747748375,
      0.09280217438936234,
      0.06582585722208023,
      0.03240165486931801,
      0.01245043333619833,
      0.003983248025178909,
      0.0011051283217966557,
      0.00027346552815288305,
      6.160523480502889e-05
    ],
    [
      0.0870840921998024,
      0.11682730913162231,
      0.08156899362802505,
      0.039517227560281754,
      0.01494330819696188,
      0.004704330116510391,
      0.0012841924326494336,
      0.0003126358787994832,
      6.928474613232538e-05
    ],
    [
      0.05792930722236633,
      0.07649720460176468,
      0.052567292004823685,
      0.025062114000320435,
      0.00932551734149456,
      0.0028885286301374435,
      0.0007757508428767323,
      0.00018578387971501797,
      4.049956987728365e-05
    ],
    [
      0.02672605775296688,
      0.03473533317446709,
      0.02348991669714451,
      0.011019879952073097,
      0.00403442932292819,
      0.0012294058687984943,
      0.00032479778747074306,
      7.651323539903387e-05,
      1.6405334463343024e-05
    ],
    [
      0.009619835764169693,
      0.012303953990340233,
      0.008187435567378998,
      0.0037791335489600897,
      0.0013611475005745888,
      0.0004080257785972208,
      0.00010603246482787654,
      2.4567609216319397e-05,
      5.180622792977374e-06
    ],
    [
      0.002881309250369668,
      0.003626283025369048,
      0.0023741847835481167,
      0.0010781183373183012,
      0.00038198582478798926,
      0.00011263180203968659,
      2.8787886549253017e-05,
      6.559939720318653e-06,
      1.3603664683614625e-06
    ],
    [
      0.0007479863124899566,
      0.0009262271923944354,
      0.000596594822127372,
      0.000266501767328009,
      9.287782449973747e-05,
      2.69353167823283e-05,
      6.770711479475722e-06,
      1.5172523717410513e-06,
      3.0939958151066094e-07
    ],
    [
      0.00017309148097410798,
      0.00021086868946440518,
      0.0001336119748884812,
      5.870821769349277e-05,
      2.0123696231166832e-05,
      5.739590505982051e-06,
      1.4188135537551716e-06,
      3.1264542599274137e-07,
      6.268891183935921e-08
    ],
    [
      3.644618482212536e-05,
      4.367814472061582e-05,
      2.7222877179156058e-05,
      1.1764868759200908e-05,
      3.966074928030139e-06,
      1.1124151342301047e-06,
      2.7040462668992404e-07,
      5.858902341060457e-08,
      1.155060669333352e-08
    ]
  ],
  "probs_results": [
    0.25001558661460876,
    0.3541073799133301,
    0.39587706327438354
  ]
}