{
  "skills_mean": [
    [
      0.2320839762687683,
      0.5121204257011414
    ],
    [
      -0.21495379507541656,
      0.4662548303604126
    ]
  ],
  "skills_cov": [
    [
      [
        0.019910480827093124,
        0.011029064655303955
      ],
      [
        0.011029064655303955,
        0.023907603695988655
      ]
    ],
    [
      [
        0.021131174638867378,
        0.011400865390896797
      ],
      [
        0.011400865390896797,
        0.024781418964266777
      ]
    ]
  ],
  "probs_grid": [
    [
      0.08390738815069199,
      0.07917372137308121,
      0.03897511214017868,
      0.013345340266823769,
      0.003575454233214259,
      0.0007994467741809785,
      0.00015538197476416826,
      2.700010190892499e-05,
      4.281574092601659e-06
    ],
    [
      0.12492848187685013,
      0.1160101667046547,
      0.056191880255937576,
      0.018928198143839836,
      0.004988051950931549,
      0.0010968330316245556,
      0.0002096225944114849,
      3.581201963243075e-05,
      5.582596259046113e-06
    ],
    [
      0.09693366289138794,
      0.08857184648513794,
      0.04220668599009514,
      0.013984632678329945,
      0.0036244092043489218,
      0.0007836924633011222,
      0.00014725855726283044,
      2.4731518351472914e-05,
      3.7895147215749603e-06
    ],
    [
      0.05225566774606705,
      0.04697621241211891,
      0.022019771859049797,
      0.007175656035542488,
      0.0018287752754986286,
      0.00038879335625097156,
      7.181989349192008e-05,
      1.1856353012262844e-05,
      1.7855348914963542e-06
    ],
    [
      0.022016262635588646,
      0.019469445571303368,
      0.008976004086434841,
      0.002876466838642955,
      0.0007208124734461308,
      0.00015065558545757085,
      2.7356447390047833e-05,
      4.438758878677618e-06,
      6.569387664967508e-07
    ],
    [
      0.007731880526989698,
      0.006725222337990999,
      0.0030491575598716736,
      0.000960807257797569,
      0.00023671117378398776,
      4.863447247771546e-05,
      8.680154678586405e-06,
      1.384163056172838e-06,
      2.0130809730289911e-07
    ],
    [
      0.0023574151564389467,
      0.0020165969617664814,
      0.0008990621427074075,
      0.00027853657957166433,
      6.745947030140087e-05,
      1.3623611266666558e-05,
      2.389721885265317e-06,
      3.7448177181431674e-07,
      5.351586551682885e-08
    ],
    [
      0.0006417689728550613,
      0.0005398559151217341,
      0.00023664796026423573,
      7.207607268355787e-05,
      1.715901817078702e-05,
      3.4058803066727705e-06,
      5.871149255654018e-07,
      9.040621051781272e-08,
      1.2693986306544502e-08
    ],
    [
      0.00015922611055430025,
      0.00013170055171940476,
      5.675809006788768e-05,
      1.6993204553727992e-05,
      3.9763299355399795e-06,
      7.756663649161055e-07,
      1.3139421639607463e-07,
      1.9879905721609248e-08,
      2.7424227333483486e-09
    ]
  ],
  "probs_results": [
    0.2500992715358734,
    0.5112974047660828,
    0.23860323429107666
  ]
}