{
  "skills_mean": [
    [
      0.007470035459846258,
      0.3671995997428894
    ],
    [
      0.6105998754501343,
      1.1937696933746338
    ]
  ],
  "skills_cov": [
    [
      [
        0.018972894176840782,
        0.009980260394513607
      ],
      [
        0.009980260394513607,
        0.02049849182367325
      ]
    ],
    [
      [
        0.01890002191066742,
        0.011691172607243061
      ],
      [
        0.011691172607243061,
        0.027666984125971794
      ]
    ]
  ],
  "probs_grid": [
    [
      0.0486135333776474,
      0.11263047903776169,
      0.13522520661354065,
      0.11216449737548828,
      0.0723026692867279,
      0.03863081708550453,
      0.017818540334701538,
      0.0072971368208527565,
      0.0027081770822405815
    ],
    [
      0.029908694326877594,
      0.06824939697980881,
      0.08069723099470139,
      0.0659133568406105,
      0.041836097836494446,
      0.022007716819643974,
      0.00999368540942669,
      0.004028927534818649,
      0.001471874536946416
    ],
    [
      0.009617718867957592,
      0.021611148491501808,
      0.025159507989883423,
      0.020232202485203743,
      0.01264191698282957,
      0.006546312943100929,
      0.002926028333604336,
      0.0011610386427491903,
      0.00041745437192730606
    ],
    [
      0.002155272290110588,
      0.004767824895679951,
      0.005464108195155859,
      0.004325150512158871,
      0.002659986261278391,
      0.0013556363992393017,
      0.0005963187431916595,
      0.00023285002680495381,
      8.238481677835807e-05
    ],
    [
      0.0003786361776292324,
      0.0008244495838880539,
      0.0009299375815317035,
      0.0007244268199428916,
      0.0004384332278277725,
      0.00021987232321407646,
      9.516679710941389e-05,
      3.6562974855769426e-05,
      1.272774170502089e-05
    ],
    [
      5.56211089133285e-05,
      0.0001191855117212981,
      0.0001322888711001724,
      0.00010140184895135462,
      6.0382306401152164e-05,
      2.9792614441248588e-05,
      1.2686236914305482e-05,
      4.794896085513756e-06,
      1.6419559187852428e-06
    ],
    [
      7.116424512787489e-06,
      1.5004076885816175e-05,
      1.63849053933518e-05,
      1.2355912986095063e-05,
      7.2380807978333905e-06,
      3.5130547075823415e-06,
      1.4714715916852583e-06,
      5.470458290801616e-07,
      1.842536505591852e-07
    ],
    [
      8.156454214258702e-07,
      1.6917573475438985e-06,
      1.8173408307120553e-06,
      1.3480528195941588e-06,
      7.767346801301755e-07,
      3.7079306025589176e-07,
      1.5274909515028412e-07,
      5.584882956100046e-08,
      1.8499338949595767e-08
    ],
    [
      8.54849204756647e-08,
      1.7439971600197168e-07,
      1.8426382553116127e-07,
      1.3442638646665728e-07,
      7.617364161660589e-08,
      3.576016993633857e-08,
      1.4486589705597908e-08,
      5.208432796166562e-09,
      1.6964543103625829e-09
    ]
  ],
  "probs_results": [
    0.14715571701526642,
    0.07709766179323196,
    0.7757464647293091
  ]
}