{
  "skills_mean": [
    [
      0.19712772965431213,
      0.6161193251609802
    ],
    [
      0.6693978309631348,
      1.1095616817474365
    ]
  ],
  "skills_cov": [
    [
      [
        0.022162552922964096,
        0.011051168665289879
      ],
      [
        0.011051168665289879,
        0.022159790620207787
      ]
    ],
    [
      [
        0.019728610292077065,
        0.011395941488444805
      ],
      [
        0.011395941488444805,
        0.0267382450401783
      ]
    ]
  ],
  "probs_grid": [
    [
      0.06020064279437065,
      0.11713814735412598,
      0.1184128001332283,
      0.08290740102529526,
      0.04522594064474106,
      0.02050020545721054,
      0.008042349480092525,
      0.0028082916978746653,
      0.0008909154566936195
    ],
    [
      0.04793897643685341,
      0.09178156405687332,
      0.09128061681985855,
      0.06287145614624023,
      0.03373551368713379,
      0.015040486119687557,
      0.005803060717880726,
      0.0019927702378481627,
      0.0006216777255758643
    ],
    [
      0.019989164546132088,
      0.037648096680641174,
      0.03683022782206535,
      0.024950409308075905,
      0.01316660363227129,
      0.005772668868303299,
      0.0021901314612478018,
      0.0007395051070488989,
      0.00022682728013023734
    ],
    [
      0.0058187395334243774,
      0.010778914205729961,
      0.010370397008955479,
      0.00690861139446497,
      0.003584883874282241,
      0.0015453826636075974,
      0.0005764467059634626,
      0.000191352708498016,
      5.76994389120955e-05
    ],
    [
      0.0013301847502589226,
      0.002423142781481147,
      0.002292362507432699,
      0.0015015113167464733,
      0.0007660064147785306,
      0.00032462665694765747,
      0.00011903434642590582,
      3.884099351125769e-05,
      1.1511951925058383e-05
    ],
    [
      0.00025470610125921667,
      0.00045619902084581554,
      0.00042429976747371256,
      0.00027321287780068815,
      0.0001370120735373348,
      5.7074033975368366e-05,
      2.0569865228026174e-05,
      6.596794264623895e-06,
      1.9215704014641233e-06
    ],
    [
      4.255053499946371e-05,
      7.492041913792491e-05,
      6.849630881333724e-05,
      4.33525929111056e-05,
      2.1368099623941816e-05,
      8.748122127144597e-06,
      3.0985272587713553e-06,
      9.765280992724001e-07,
      2.795241300646012e-07
    ],
    [
      6.378325451805722e-06,
      1.103872182284249e-05,
      9.919118383550085e-06,
      6.169955668156035e-06,
      2.988610731335939e-06,
      1.2023534736727015e-06,
      4.1847221154966974e-07,
      1.295902194442533e-07,
      3.644746726649828e-08
    ],
    [
      8.757131126913009e-07,
      1.4894706055201823e-06,
      1.3152758810974774e-06,
      8.039547196858621e-07,
      3.8264991530923e-07,
      1.512611618181836e-07,
      5.172560335608978e-08,
      1.5737622760525483e-08,
      4.348584159430402e-09
    ]
  ],
  "probs_results": [
    0.19668805599212646,
    0.1420411318540573,
    0.6612709164619446
  ]
}