{
  "skills_mean": [
    [
      0.47305113077163696,
      0.8006862998008728
    ],
    [
      -0.09936945140361786,
      0.3293495774269104
    ]
  ],
  "skills_cov": [
    [
      [
        0.020014865323901176,
        0.010960135608911514
      ],
      [
        0.010960135608911514,
        0.023161884397268295
      ]
    ],
    [
      [
        0.02391771599650383,
        0.01136334054172039
      ],
      [
        0.01136334054172039,
        0.02153964526951313
      ]
    ]
  ],
  "probs_grid": [
    [
      0.04960745945572853,
      0.040136631578207016,
      0.01697409525513649,
      0.005002601537853479,
      0.001155833131633699,
      0.00022329766943585128,
      3.757165904971771e-05,
      5.662750027113361e-06,
      7.803810149198398e-07
    ],
    [
      0.10497543960809708,
      0.08355770260095596,
      0.03475838899612427,
      0.010074545629322529,
      0.0022888286039233208,
      0.00043473756522871554,
      7.190662290668115e-05,
      1.06523430076777e-05,
      1.4427189398702467e-06
    ],
    [
      0.11534471064805984,
      0.09031571447849274,
      0.03695134446024895,
      0.010532223619520664,
      0.002352701500058174,
      0.0004393164999783039,
      7.142646791180596e-05,
      1.0399711754871532e-05,
      1.384182269248413e-06
    ],
    [
      0.08773371577262878,
      0.0675717145204544,
      0.02718902938067913,
      0.007620410993695259,
      0.0016736184479668736,
      0.0003072131657972932,
      4.909502968075685e-05,
      7.025285867712228e-06,
      9.188642025037552e-07
    ],
    [
      0.05196328088641167,
      0.03936372697353363,
      0.015576069243252277,
      0.0042925039306283,
      0.0009268220164813101,
      0.00016723568842280656,
      2.6267720386385918e-05,
      3.6939738947694423e-06,
      4.747644197777845e-07
    ],
    [
      0.025560148060321808,
      0.019043035805225372,
      0.007409774698317051,
      0.00200771470554173,
      0.0004261602007318288,
      7.558489596704021e-05,
      1.1668241313600447e-05,
      1.612516484783555e-06,
      2.036432107388464e-07
    ],
    [
      0.010875317268073559,
      0.007968239486217499,
      0.0030487016774713993,
      0.0008121479186229408,
      0.00016946173855103552,
      2.9542370612034574e-05,
      4.482046733755851e-06,
      6.086774533287098e-07,
      7.55302664856572e-08
    ],
    [
      0.004116339143365622,
      0.0029659054707735777,
      0.0011157655389979482,
      0.0002922117419075221,
      5.9935297031188384e-05,
      1.0269569429510739e-05,
      1.5311918559746118e-06,
      2.0433392933227879e-07,
      2.4913200391551982e-08
    ],
    [
      0.0014147167094051838,
      0.001002353965304792,
      0.0003707507567014545,
      9.545420471113175e-05,
      1.9244836948928423e-05,
      3.2409081995865563e-06,
      4.748739002025104e-07,
      6.226981241752583e-08,
      7.459545869892281e-09
    ]
  ],
  "probs_results": [
    0.17897269129753113,
    0.6940310597419739,
    0.12699641287326813
  ]
}