{
  "skills_mean": [
    [
      0.7927559614181519,
      1.1438122987747192
    ],
    [
      0.3527139127254486,
      0.7219588160514832
    ]
  ],
  "skills_cov": [
    [
      [
        0.016387080773711205,
        0.009947067126631737
      ],
      [
        0.009947067126631737,
        0.025394590571522713
      ]
    ],
    [
      [
        0.020108893513679504,
        0.011233515106141567
      ],
      [
        0.011233515106141567,
        0.024340646341443062
      ]
    ]
  ],
  "probs_grid": [
    [
      0.05255458503961563,
      0.047009941190481186,
      0.021946847438812256,
      0.00712968036532402,
      0.001813041977584362,
      0.00038493191823363304,
      7.107158307917416e-05,
      1.1736704436771106e-05,
      1.7695181213639444e-06
    ],
    [
      0.1042032316327095,
      0.09177368134260178,
      0.042178258299827576,
      0.01348678208887577,
      0.003375249681994319,
      0.0007051537977531552,
      0.00012809813779313117,
      2.081079946947284e-05,
      3.086354809056502e-06
    ],
    [
      0.1072266697883606,
      0.0929732546210289,
      0.042061008512973785,
      0.01323691476136446,
      0.003259959863498807,
      0.0006701338570564985,
      0.00011976766109000891,
      1.9140581571264192e-05,
      2.792133500406635e-06
    ],
    [
      0.07634324580430984,
      0.06516393274068832,
      0.02901650406420231,
      0.008986868895590305,
      0.002177868504077196,
      0.00044047870323993266,
      7.744549657218158e-05,
      1.2174677976872772e-05,
      1.7467850739194546e-06
    ],
    [
      0.04230493679642677,
      0.035544734448194504,
      0.015577539801597595,
      0.004747754894196987,
      0.0011320945341140032,
      0.00022526552493218333,
      3.8961465179454535e-05,
      6.024487447575666e-06,
      8.501243655700819e-07
    ],
    [
      0.019460152834653854,
      0.01609337143599987,
      0.006941080559045076,
      0.002081691287457943,
      0.0004883789806626737,
      9.560147736920044e-05,
      1.626498305995483e-05,
      2.4736721115914406e-06,
      3.432942321524024e-07
    ],
    [
      0.007739551831036806,
      0.006299487315118313,
      0.0026737197767943144,
      0.0007890069391578436,
      0.00018211465794593096,
      3.5069348086835817e-05,
      5.868747848580824e-06,
      8.778483788773883e-07,
      1.1980888814377977e-07
    ],
    [
      0.0027370606549084187,
      0.0021924867760390043,
      0.0009157031308859587,
      0.0002658726298250258,
      6.03728331043385e-05,
      1.1436173736001365e-05,
      1.8823930076905526e-06,
      2.7691964987752726e-07,
      3.716666441277994e-08
    ],
    [
      0.0008785299141891301,
      0.0006925467168912292,
      0.0002846118586603552,
      8.13029837445356e-05,
      1.8161870684707537e-05,
      3.3840706237242557e-06,
      5.478550519910641e-07,
      7.92619587741683e-08,
      1.046121855807769e-08
    ]
  ],
  "probs_results": [
    0.19676433503627777,
    0.6445350050926208,
    0.1587005853652954
  ]
}