{
  "skills_mean": [
    [
      0.08213048428297043,
      0.4951629340648651
    ],
    [
      0.6082556247711182,
      0.8567931056022644
    ]
  ],
  "skills_cov": [
    [
      [
        0.02310517244040966,
        0.01139176357537508
      ],
      [
        0.01139176357537508,
        0.025243720039725304
      ]
    ],
    [
      [
        0.018402906134724617,
        0.010992745868861675
      ],
      [
        0.010992745868861675,
        0.02537994086742401
      ]
    ]
  ],
  "probs_grid": [
    [
      0.047590479254722595,
      0.09781446307897568,
      0.10457774996757507,
      0.0775376483798027,
      0.04484548419713974,
      0.021578803658485413,
      0.008997178636491299,
      0.0033429348841309547,
      0.001129751093685627
    ],
    [
      0.04335487633943558,
      0.08764755725860596,
      0.09216339141130447,
      0.06720183044672012,
      0.03822142258286476,
      0.018084585666656494,
      0.007414079736918211,
      0.0027084974572062492,
      0.0008999443962238729
    ],
    [
      0.02066732943058014,
      0.041089870035648346,
      0.042488209903240204,
      0.030463198199868202,
      0.01703563705086708,
      0.007924885489046574,
      0.003194134682416916,
      0.0011471427278593183,
      0.0003746987204067409
    ],
    [
      0.006873297970741987,
      0.013436879962682724,
      0.013661041855812073,
      0.00962973665446043,
      0.005294142756611109,
      0.0024210645351558924,
      0.0009592311107553542,
      0.00033863156568259,
      0.00010872218990698457
    ],
    [
      0.0017939003882929683,
      0.003447887022048235,
      0.003446123795583844,
      0.0023879660293459892,
      0.0012904844479635358,
      0.0005800779908895493,
      0.00022589589934796095,
      7.83795039751567e-05,
      2.4732657038839534e-05
    ],
    [
      0.00039190027746371925,
      0.0007404478383250535,
      0.0007274613017216325,
      0.0004954735049977899,
      0.00026317036827094853,
      0.0001162635744549334,
      4.4496162445284426e-05,
      1.517260170658119e-05,
      4.705004357674625e-06
    ],
    [
      7.464263762813061e-05,
      0.00013861713523510844,
      0.00013385004422161728,
      8.959691331256181e-05,
      4.676852040574886e-05,
      2.030425821430981e-05,
      7.636210284545086e-06,
      2.5586725769244367e-06,
      7.796577961016737e-07
    ],
    [
      1.2747555956593715e-05,
      2.32658476306824e-05,
      2.2077965695643798e-05,
      1.452283777325647e-05,
      7.449235454259906e-06,
      3.1778160973772174e-06,
      1.1743281902454328e-06,
      3.8662045653836685e-07,
      1.1575070857361425e-07
    ],
    [
      1.9925469132431317e-06,
      3.5736907193495426e-06,
      3.3323601655865787e-06,
      2.1538714918278856e-06,
      1.0855212622118415e-06,
      4.549869458969624e-07,
      1.6519264534053946e-07,
      5.34326680678987e-08,
      1.5716590695546984e-08
    ]
  ],
  "probs_results": [
    0.18897758424282074,
    0.15354666113853455,
    0.6574756503105164
  ]
}