{
  "skills_mean": [
    [
      0.3510729968547821,
      0.6911846399307251
    ],
    [
      0.35536983609199524,
      0.7566041946411133
    ]
  ],
  "skills_cov": [
    [
      [
        0.016174785792827606,
        0.008908312767744064
      ],
      [
        0.008908312767744064,
        0.02214007079601288
      ]
    ],
    [
      [
        0.02103094570338726,
        0.012333222664892673
      ],
      [
        0.012333222664892673,
        0.02620309591293335
      ]
    ]
  ],
  "probs_grid": [
    [
      0.06810048222541809,
      0.09280219674110413,
      0.06582588702440262,
      0.032401662319898605,
      0.012450439855456352,
      0.003983248025178909,
      0.0011051283217966557,
      0.00027346552815288305,
      6.160523480502889e-05
    ],
    [
      0.08708411455154419,
      0.1168273389339447,
      0.08156900852918625,
      0.03951723501086235,
      0.01494330819696188,
      0.0047043305821716785,
      0.0012841924326494336,
      0.0003126358787994832,
      6.928473158041015e-05
    ],
    [
      0.05792931094765663,
      0.07649719715118408,
      0.05256729573011398,
      0.025062115862965584,
      0.00932551734149456,
      0.0028885281644761562,
      0.0007757508428767323,
      0.00018578380695544183,
      4.049956987728365e-05
    ],
    [
      0.02672605775296688,
      0.03473532944917679,
      0.02348991297185421,
      0.011019879020750523,
      0.004034428857266903,
      0.0012294055195525289,
      0.00032479772926308215,
      7.651317719137296e-05,
      1.6405325368396007e-05
    ],
    [
      0.00961983297020197,
      0.012303951196372509,
      0.008187433704733849,
      0.0037791321519762278,
      0.0013611465692520142,
      0.00040802545845508575,
      0.00010603237024042755,
      2.456759466440417e-05,
      5.180617336009163e-06
    ],
    [
      0.002881307853385806,
      0.0036262809298932552,
      0.0023741840850561857,
      0.0010781176388263702,
      0.0003819856501650065,
      0.00011263172200415283,
      2.8787866540369578e-05,
      6.559933808603091e-06,
      1.3603645356852212e-06
    ],
    [
      0.0007479857886210084,
      0.0009262267267331481,
      0.0005965944728814065,
      0.0002665016218088567,
      9.287776629207656e-05,
      2.6935294954455458e-05,
      6.770707386749564e-06,
      1.517250893812161e-06,
      3.0939921202843834e-07
    ],
    [
      0.00017309140821453184,
      0.00021086855849716812,
      0.00013361188757698983,
      5.870816676178947e-05,
      2.01236798602622e-05,
      5.739585958508542e-06,
      1.4188118484526058e-06,
      3.1264502808880934e-07,
      6.268883367965827e-08
    ],
    [
      3.644617027021013e-05,
      4.367811561678536e-05,
      2.7222855351283215e-05,
      1.1764860573748592e-05,
      3.966071290051332e-06,
      1.1124139973617275e-06,
      2.704042856294109e-07,
      5.8588948803617313e-08,
      1.1550589817943546e-08
    ]
  ],
  "probs_results": [
    0.25001558661460876,
    0.3541073501110077,
    0.39587703347206116
  ]
}