{
  "skills_mean": [
    [
      0.6990761160850525,
      1.3345863819122314
    ],
    [
      0.013228611089289188,
      0.7334896326065063
    ]
  ],
  "skills_cov": [
    [
      [
        0.016667474061250687,
        0.010418929159641266
      ],
      [
        0.010418929159641266,
        0.027130769565701485
      ]
    ],
    [
      [
        0.018131840974092484,
        0.00897506345063448
      ],
      [
        0.00897506345063448,
        0.021031543612480164
      ]
    ]
  ],
  "probs_grid": [
    [
      0.0927361473441124,
      0.04928941652178764,
      0.013681938871741295,
      0.002644560532644391,
      0.00040041145985014737,
      5.06544420204591e-05,
      5.576948751695454e-06,
      5.496145263350627e-07,
      4.9492211218193916e-08
    ],
    [
      0.1660904884338379,
      0.08725947886705399,
      0.023934155702590942,
      0.004569751676172018,
      0.000683249905705452,
      8.532890933565795e-05,
      9.271736416849308e-06,
      9.015594173433783e-07,
      8.008242957657785e-08
    ],
    [
      0.15404252707958221,
      0.0799795389175415,
      0.021672630682587624,
      0.004086741711944342,
      0.0006032908568158746,
      7.436785381287336e-05,
      7.974000254762359e-06,
      7.649396707165579e-07,
      6.701707633283149e-08
    ],
    [
      0.09863752126693726,
      0.05060139298439026,
      0.013543834909796715,
      0.0025218839291483164,
      0.0003675110056065023,
      4.471042848308571e-05,
      4.730095952254487e-06,
      4.475969603845442e-07,
      3.867343423280545e-08
    ],
    [
      0.04905308410525322,
      0.024859143421053886,
      0.006571065168827772,
      0.0012080013984814286,
      0.00017375790048390627,
      2.0859524738625623e-05,
      2.177118403778877e-06,
      2.0319663462942117e-07,
      1.7312691724669094e-08
    ],
    [
      0.0202072374522686,
      0.01011456549167633,
      0.0026399483904242516,
      0.00047908100532367826,
      6.800758274039254e-05,
      8.055329999479e-06,
      8.293284849969496e-07,
      7.633630616510345e-08,
      6.412971043090465e-09
    ],
    [
      0.0071821571327745914,
      0.0035501059610396624,
      0.0009147873497568071,
      0.0001638526446186006,
      2.2951755454414524e-05,
      2.681978003238328e-06,
      2.723427314776927e-07,
      2.4719897240288446e-08,
      2.0474502093748015e-09
    ],
    [
      0.0022652021143585443,
      0.001105529023334384,
      0.00028119972557760775,
      4.970601366949268e-05,
      6.8695994741574395e-06,
      7.918343385426851e-07,
      7.929875067702596e-08,
      7.097105125808412e-09,
      5.794934532232787e-10
    ],
    [
      0.0006471110973507166,
      0.0003117834567092359,
      7.827149966033176e-05,
      1.3652208508574404e-05,
      1.8613760630614706e-06,
      2.1161831398330833e-07,
      2.089844741703928e-08,
      1.8440514670814423e-09,
      1.4842389817193435e-10
    ]
  ],
  "probs_results": [
    0.20444639027118683,
    0.6949462890625,
    0.10060723125934601
  ]
}