{
  "skills_mean": [
    [
      0.5333447456359863,
      0.851729691028595
    ],
    [
      0.5472083687782288,
      1.1604002714157104
    ]
  ],
  "skills_cov": [
    [
      [
        0.018670717254281044,
        0.009927062317728996
      ],
      [
        0.009927062317728996,
        0.021902207285165787
      ]
    ],
    [
      [
        0.019309990108013153,
        0.010756930336356163
      ],
      [
        0.010756930336356163,
        0.025301668792963028
      ]
    ]
  ],
  "probs_grid": [
    [
      0.08423071354627609,
      0.11779257655143738,
      0.08559762686491013,
      0.043093059211969376,
      0.016907239332795143,
      0.0055137863382697105,
      0.001556789386086166,
      0.00039138912688940763,
      8.943378634285182e-05
    ],
    [
      0.08714175969362259,
      0.12009085714817047,
      0.08598543703556061,
      0.042646218091249466,
      0.0164815504103899,
      0.005293879192322493,
      0.0014719817554578185,
      0.00036440411349758506,
      8.198490832000971e-05
    ],
    [
      0.04698563739657402,
      0.06379777193069458,
      0.04500040039420128,
      0.02198420651257038,
      0.008367843925952911,
      0.002646815963089466,
      0.0007246686727739871,
      0.0001766293280525133,
      3.912148895324208e-05
    ],
    [
      0.017603356391191483,
      0.02354605495929718,
      0.016358911991119385,
      0.00787082314491272,
      0.0029501477256417274,
      0.0009188129915855825,
      0.0002476689114701003,
      5.9426729421829805e-05,
      1.2956354112247936e-05
    ],
    [
      0.005155117716640234,
      0.0067916251718997955,
      0.004646956920623779,
      0.0022016207221895456,
      0.0008125054300762713,
      0.00024912969092838466,
      6.610633863601834e-05,
      1.5613066352671012e-05,
      3.3503274607937783e-06
    ],
    [
      0.0012586078373715281,
      0.0016329454956576228,
      0.0011001774109899998,
      0.0005131982616148889,
      0.0001864543155534193,
      5.6277200201293454e-05,
      1.469848029955756e-05,
      3.4166612294939114e-06,
      7.215251685011026e-07
    ],
    [
      0.00026683646137826145,
      0.00034088801476173103,
      0.00022612042084801942,
      0.00010383749031461775,
      3.713568366947584e-05,
      1.1032190741389059e-05,
      2.8357892460917355e-06,
      6.486965844487713e-07,
      1.3480189409165177e-07
    ],
    [
      5.0524504331406206e-05,
      6.3547064200975e-05,
      4.149596861680038e-05,
      1.8756869394565e-05,
      6.602327630389482e-06,
      1.930320877363556e-06,
      4.882790562987793e-07,
      1.0990800802801459e-07,
      2.2472256944183755e-08
    ],
    [
      8.721260201127734e-06,
      1.0798074072226882e-05,
      6.9404486566782e-06,
      3.0876797154633095e-06,
      1.0696002163967933e-06,
      3.077306587329076e-07,
      7.659373579826934e-08,
      1.6963156213023467e-08,
      3.4123002201624786e-09
    ]
  ],
  "probs_results": [
    0.25808146595954895,
    0.28013876080513,
    0.4617798328399658
  ]
}