{
  "skills_mean": [
    [
      0.26464608311653137,
      0.47666648030281067
    ],
    [
      -0.11288554221391678,
      0.6039006114006042
    ]
  ],
  "skills_cov": [
    [
      [
        0.02208610810339451,
        0.011915212497115135
      ],
      [
        0.011915212497115135,
        0.02416044846177101
      ]
    ],
    [
      [
        0.019113246351480484,
        0.010476035065948963
      ],
      [
        0.010476035065948963,
        0.02365194447338581
      ]
    ]
  ],
  "probs_grid": [
    [
      0.08483026921749115,
      0.09111246466636658,
      0.050962794572114944,
      0.01979190669953823,
      0.006003490183502436,
      0.0015170470578595996,
      0.0003326359437778592,
      6.509012018796057e-05,
      1.1602629456319846e-05
    ],
    [
      0.11463715136051178,
      0.12115944921970367,
      0.06667540967464447,
      0.025472110137343407,
      0.0075994450598955154,
      0.001888503204099834,
      0.00040716619696468115,
      7.833367999410257e-05,
      1.3726864381169435e-05
    ],
    [
      0.08082347363233566,
      0.08404357731342316,
      0.04549669474363327,
      0.01709548756480217,
      0.005015797913074493,
      0.0012256328482180834,
      0.0002598036371637136,
      4.91362989123445e-05,
      8.463667654723395e-06
    ],
    [
      0.03963528946042061,
      0.04054328426718712,
      0.021587366238236427,
      0.007977108471095562,
      0.00230139191262424,
      0.0005528954789042473,
      0.0001152149707195349,
      2.1419013137347065e-05,
      3.626134457590524e-06
    ],
    [
      0.015207787044346333,
      0.01530073769390583,
      0.008012001402676105,
      0.002911232179030776,
      0.0008257664158008993,
      0.00019502616487443447,
      3.994787039118819e-05,
      7.299165645235917e-06,
      1.214406665894785e-06
    ],
    [
      0.004869343247264624,
      0.004818035289645195,
      0.002480810973793268,
      0.0008862767717801034,
      0.0002471365442033857,
      5.737347237300128e-05,
      1.1550577255547978e-05,
      2.0741081243613735e-06,
      3.391013478903915e-07
    ],
    [
      0.0013551079900935292,
      0.0013184851268306375,
      0.0006674901233054698,
      0.000234430335694924,
      6.425769242923707e-05,
      1.4662080502603203e-05,
      2.9009497666265815e-06,
      5.118919261803967e-07,
      8.223330638656989e-08
    ],
    [
      0.00033710102434270084,
      0.0003224894171580672,
      0.00016050408885348588,
      5.541225982597098e-05,
      1.4928640666767024e-05,
      3.34771721099969e-06,
      6.508916499115003e-07,
      1.1285538192851163e-07,
      1.7812697095109797e-08
    ],
    [
      7.65122240409255e-05,
      7.196091610239819e-05,
      3.520685640978627e-05,
      1.1946999620704446e-05,
      3.163291012242553e-06,
      6.970926165195124e-07,
      1.3317803393420036e-07,
      2.268765975088627e-08,
      3.5180698354508877e-09
    ]
  ],
  "probs_results": [
    0.26036521792411804,
    0.44077831506729126,
    0.29885655641555786
  ]
}