{
  "skills_mean": [
    [
      -0.027856998145580292,
      0.7071842551231384
    ],
    [
      0.2218778431415558,
      0.803103506565094
    ]
  ],
  "skills_cov": [
    [
      [
        0.01870187371969223,
        0.009575579315423965
      ],
      [
        0.009575579315423965,
        0.022156886756420135
      ]
    ],
    [
      [
        0.021677514538168907,
        0.012825755402445793
      ],
      [
        0.012825755402445793,
        0.02906724624335766
      ]
    ]
  ],
  "probs_grid": [
    [
      0.12840236723423004,
      0.15064184367656708,
      0.09208746999502182,
      0.039105866104364395,
      0.012977363541722298,
      0.0035894273314625025,
      0.0008618808933533728,
      0.00018477665435057133,
      3.610251587815583e-05
    ],
    [
      0.10880273580551147,
      0.12580043077468872,
      0.07577021420001984,
      0.0316956527531147,
      0.010358771309256554,
      0.002821116242557764,
      0.0006668568239547312,
      0.00014071578334551305,
      2.7056368708144873e-05
    ],
    [
      0.048234764486551285,
      0.05494648218154907,
      0.03259820118546486,
      0.013428822159767151,
      0.00432116212323308,
      0.001158467261120677,
      0.0002695176226552576,
      5.596487972070463e-05,
      1.0587457836663816e-05
    ],
    [
      0.01491560973227024,
      0.016735302284359932,
      0.009777051396667957,
      0.003965382464230061,
      0.0012560244649648666,
      0.00033140083542093635,
      7.586761785205454e-05,
      1.549942317069508e-05,
      2.8844135613326216e-06
    ],
    [
      0.0036191034596413374,
      0.003998434171080589,
      0.002299718325957656,
      0.0009180809720419347,
      0.00028618471696972847,
      7.429884135490283e-05,
      1.673387669143267e-05,
      3.362814595675445e-06,
      6.155058258627832e-07
    ],
    [
      0.0007349083898589015,
      0.0007992985774762928,
      0.0004524816758930683,
      0.0001777620054781437,
      5.452108962344937e-05,
      1.3924919585406315e-05,
      3.0848634651192697e-06,
      6.096929041632393e-07,
      1.0973690933724356e-07
    ],
    [
      0.0001300855219596997,
      0.00013924813538324088,
      7.756961713312194e-05,
      2.9982624255353585e-05,
      9.046249033417553e-06,
      2.272515075674164e-06,
      4.951086225446488e-07,
      9.622104357731587e-08,
      1.702759533372955e-08
    ],
    [
      2.0643557945732027e-05,
      2.174370274588e-05,
      1.1916687071789056e-05,
      4.5309302549867425e-06,
      1.3445524018607102e-06,
      3.3216099382116226e-07,
      7.115726674555845e-08,
      1.3596056724907157e-08,
      2.3652153569031498e-09
    ],
    [
      2.997880983457435e-06,
      3.1064375889400253e-06,
      1.6746313349358388e-06,
      6.262164333747933e-07,
      1.8273841817517678e-07,
      4.4387469699813664e-08,
      9.34842603328434e-09,
      1.755860901120343e-09,
      3.002337545243705e-10
    ]
  ],
  "probs_results": [
    0.2910725772380829,
    0.2669287621974945,
    0.4419987201690674
  ]
}