{
  "skills_mean": [
    [
      0.5859667658805847,
      0.9963482618331909
    ],
    [
      0.30760127305984497,
      0.45442190766334534
    ]
  ],
  "skills_cov": [
    [
      [
        0.018790647387504578,
        0.011412432417273521
      ],
      [
        0.011412432417273521,
        0.025874091312289238
      ]
    ],
    [
      [
        0.021100884303450584,
        0.010938150808215141
      ],
      [
        0.010938150808215141,
        0.0226901788264513
      ]
    ]
  ],
  "probs_grid": [
    [
      0.042102716863155365,
      0.04170479625463486,
      0.02158302254974842,
      0.007780309300869703,
      0.0021976481657475233,
      0.0005187872448004782,
      0.00010660601401468739,
      1.961242924153339e-05,
      3.297256398582249e-06
    ],
    [
      0.08844322711229324,
      0.08614570647478104,
      0.04383237659931183,
      0.015533175319433212,
      0.004312716890126467,
      0.0010006085503846407,
      0.0002020667598117143,
      3.652938539744355e-05,
      6.0342586039041635e-06
    ],
    [
      0.09645861387252808,
      0.09237939864397049,
      0.04621100425720215,
      0.016097785905003548,
      0.004393026232719421,
      0.0010016999440267682,
      0.00019878626335412264,
      3.531117181410082e-05,
      5.731073997594649e-06
    ],
    [
      0.0728166326880455,
      0.0685652494430542,
      0.033717792481184006,
      0.011545534245669842,
      0.0030966862104833126,
      0.0006939248996786773,
      0.00013531970034819096,
      2.3618284103577025e-05,
      3.7661559417756507e-06
    ],
    [
      0.04279925674200058,
      0.03962108492851257,
      0.019153384491801262,
      0.006446353159844875,
      0.0016992803430184722,
      0.00037420037551783025,
      7.170291064539924e-05,
      1.2296195563976653e-05,
      1.926337063196115e-06
    ],
    [
      0.0208898838609457,
      0.019011760130524635,
      0.009034132584929466,
      0.0029884877149015665,
      0.0007742014131508768,
      0.0001675338135100901,
      3.1543135264655575e-05,
      5.314620466378983e-06,
      8.179624728654744e-07
    ],
    [
      0.00881871860474348,
      0.007889881730079651,
      0.003685213392600417,
      0.0011981461429968476,
      0.00030503488960675895,
      6.486261554528028e-05,
      1.1999258276773617e-05,
      1.9862950466631446e-06,
      3.003271160650911e-07
    ],
    [
      0.0033115041442215443,
      0.0029124165885150433,
      0.0013370894594118,
      0.0004272439982742071,
      0.00010689111513784155,
      2.2334290406433865e-05,
      4.059572802361799e-06,
      6.602111852771486e-07,
      9.806502987430576e-08
    ],
    [
      0.001129003008827567,
      0.0009760527173057199,
      0.00044043626985512674,
      0.00013831107935402542,
      3.4004682675004005e-05,
      6.981459137023194e-06,
      1.2467928627302172e-06,
      1.9920602767342643e-07,
      2.9067543039218435e-08
    ]
  ],
  "probs_results": [
    0.18810701370239258,
    0.6466740965843201,
    0.16521887481212616
  ]
}