{
  "skills_mean": [
    [
      0.2084529995918274,
      0.6148035526275635
    ],
    [
      0.6611751317977905,
      1.0924991369247437
    ]
  ],
  "skills_cov": [
    [
      [
        0.022566841915249825,
        0.011476260609924793
      ],
      [
        0.011476260609924793,
        0.022822031751275063
      ]
    ],
    [
      [
        0.020788533613085747,
        0.012122193351387978
      ],
      [
        0.012122193351387978,
        0.027426568791270256
      ]
    ]
  ],
  "probs_grid": [
    [
      0.05962054431438446,
      0.11514925956726074,
      0.11570543795824051,
      0.08064185827970505,
      0.043851058930158615,
      0.01984199695289135,
      0.007781210821121931,
      0.0027198244351893663,
      0.0008648887742310762
    ],
    [
      0.048859305679798126,
      0.09275653958320618,
      0.09160612523555756,
      0.06274476647377014,
      0.03352787718176842,
      0.014906872063875198,
      0.0057437182404100895,
      0.0019724443554878235,
      0.0006161952624097466
    ],
    [
      0.020984480157494545,
      0.03915087878704071,
      0.037994980812072754,
      0.025570910423994064,
      0.013424789533019066,
      0.005863938946276903,
      0.00221957522444427,
      0.0007487391703762114,
      0.00022975854517426342
    ],
    [
      0.006297316402196884,
      0.011544209904968739,
      0.011007185094058514,
      0.007277610246092081,
      0.0037532777059823275,
      0.001610367326065898,
      0.0005987039767205715,
      0.00019836134742945433,
      5.978097760817036e-05
    ],
    [
      0.0014853818574920297,
      0.0026750804390758276,
      0.0025055536534637213,
      0.0016271916683763266,
      0.0008242408512160182,
      0.00034732441417872906,
      0.0001268136693397537,
      4.126047497265972e-05,
      1.221083766722586e-05
    ],
    [
      0.0002937233366537839,
      0.0005195854464545846,
      0.00047798114246688783,
      0.0003048617800232023,
      0.0001516521442681551,
      6.275319174164906e-05,
      2.249837234558072e-05,
      7.187618393800221e-06,
      2.088554083456984e-06
    ],
    [
      5.0716280384222046e-05,
      8.810896542854607e-05,
      7.959721551742405e-05,
      4.985242412658408e-05,
      2.4350232706638053e-05,
      9.893256901705172e-06,
      3.482439751678612e-06,
      1.0922678939095931e-06,
      3.115925721886015e-07
    ],
    [
      7.864293365855701e-06,
      1.3416093679552432e-05,
      1.1900604476977605e-05,
      7.3180749495804776e-06,
      3.5093764836346963e-06,
      1.3997862424730556e-06,
      4.83708163301344e-07,
      1.489328411707902e-07,
      4.1705792597213076e-08
    ],
    [
      1.1178634622410755e-06,
      1.8723734456216334e-06,
      1.630595534152235e-06,
      9.843761290539987e-07,
      4.634034951322974e-07,
      1.8144163504985045e-07,
      6.154431275717798e-08,
      1.859985410135323e-08,
      5.112316348032664e-09
    ]
  ],
  "probs_results": [
    0.19868098199367523,
    0.14834409952163696,
    0.6529749631881714
  ]
}