{
  "skills_mean": [
    [
      0.3203972280025482,
      0.8848390579223633
    ],
    [
      -0.19773805141448975,
      0.481950044631958
    ]
  ],
  "skills_cov": [
    [
      [
        0.01835550181567669,
        0.009913492016494274
      ],
      [
        0.009913492016494274,
        0.02051808498799801
      ]
    ],
    [
      [
        0.021353401243686676,
        0.011793624609708786
      ],
      [
        0.011793624609708786,
        0.02559521049261093
      ]
    ]
  ],
  "probs_grid": [
    [
      0.09980457276105881,
      0.06694190949201584,
      0.02336699701845646,
      0.00565964262932539,
      0.0010700244456529617,
      0.00016843373305164278,
      2.299357765878085e-05,
      2.799901267280802e-06,
      3.104371728568367e-07
    ],
    [
      0.15818926692008972,
      0.10460368543863297,
      0.03598852828145027,
      0.008589304983615875,
      0.001599819865077734,
      0.0002480390830896795,
      3.3344284020131454e-05,
      3.997568455815781e-06,
      4.3629879087347945e-07
    ],
    [
      0.13057412207126617,
      0.08510518819093704,
      0.028853517025709152,
      0.006784525699913502,
      0.0012447013286873698,
      0.00019004537898581475,
      2.5154529794235714e-05,
      2.9687050755455857e-06,
      3.188997368397395e-07
    ],
    [
      0.07483123242855072,
      0.04806441441178322,
      0.01605500839650631,
      0.0037186220288276672,
      0.0006718762451782823,
      0.00010100850340677425,
      1.3161704373487737e-05,
      1.5289066368495696e-06,
      1.6162644556061423e-07
    ],
    [
      0.03349334001541138,
      0.021196290850639343,
      0.006974527612328529,
      0.0015909842913970351,
      0.0002830532903317362,
      4.189392348052934e-05,
      5.373314252210548e-06,
      6.142910820017278e-07,
      6.389964823938499e-08
    ],
    [
      0.012487121857702732,
      0.007784819230437279,
      0.0025229037273675203,
      0.0005667154327966273,
      9.926588245434687e-05,
      1.4462347280641552e-05,
      1.8256276916872594e-06,
      2.053789671663253e-07,
      2.1019623375195806e-08
    ],
    [
      0.004038973245769739,
      0.002480113646015525,
      0.0007915073074400425,
      0.00017505339928902686,
      3.018426286871545e-05,
      4.328334853198612e-06,
      5.376820695346396e-07,
      5.951594417297201e-08,
      5.992411455935098e-09
    ],
    [
      0.0011656436836346984,
      0.0007048803963698447,
      0.00022149742289911956,
      4.8225676437141374e-05,
      8.184826583601534e-06,
      1.1550498584256275e-06,
      1.4118522528860922e-07,
      1.53750416842513e-08,
      1.5227982208543267e-09
    ],
    [
      0.0003063700278289616,
      0.0001824250939534977,
      5.643535405397415e-05,
      1.2094890735170338e-05,
      2.0202458017593017e-06,
      2.8054310519110004e-07,
      3.373867230038741e-08,
      3.6143736892313427e-09,
      3.5210961923937134e-10
    ]
  ],
  "probs_results": [
    0.2373199611902237,
    0.6098714470863342,
    0.1528087854385376
  ]
}