{
  "skills_mean": [
    [
      -0.295453280210495,
      0.06976407766342163
    ],
    [
      0.11040495336055756,
      0.7164895534515381
    ]
  ],
  "skills_cov": [
    [
      [
        0.02128760889172554,
        0.00970025546848774
      ],
      [
        0.00970025546848774,
        0.02144463174045086
      ]
    ],
    [
      [
        0.019580015912652016,
        0.010270382277667522
      ],
      [
        0.010270382277667522,
        0.02304881252348423
      ]
    ]
  ],
  "probs_grid": [
    [
      0.06672649085521698,
      0.12807437777519226,
      0.12763391435146332,
      0.08804474771022797,
      0.047291260212659836,
      0.02109495922923088,
      0.008139084093272686,
      0.002793548395857215,
      0.0008706084336154163
    ],
    [
      0.04808736965060234,
      0.09104235470294952,
      0.08948168158531189,
      0.06086960807442665,
      0.032236892729997635,
      0.014176737517118454,
      0.00539203267544508,
      0.0018241889774799347,
      0.0005603177123703063
    ],
    [
      0.018075231462717056,
      0.033748138695955276,
      0.03270667791366577,
      0.02193540520966053,
      0.01145227625966072,
      0.004964343272149563,
      0.0018609842518344522,
      0.0006204757955856621,
      0.00018780947721097618
    ],
    [
      0.004724714905023575,
      0.008697706274688244,
      0.008310019038617611,
      0.00549379363656044,
      0.0028270469047129154,
      0.0012077459832653403,
      0.0004461584030650556,
      0.00014657768770121038,
      4.3714302591979504e-05
    ],
    [
      0.0009661332005634904,
      0.001753251883201301,
      0.0016510902205482125,
      0.0010757828131318092,
      0.0005455398932099342,
      0.00022965185053180903,
      8.358879858860746e-05,
      2.7055652026319876e-05,
      7.94902825873578e-06
    ],
    [
      0.00016484473599120975,
      0.00029483536491170526,
      0.00027362650143913925,
      0.0001756798301357776,
      8.777972107054666e-05,
      3.640590875875205e-05,
      1.3054200280748773e-05,
      4.162257482676068e-06,
      1.204551608680049e-06
    ],
    [
      2.4445182134513743e-05,
      4.308433926780708e-05,
      3.939828820875846e-05,
      2.4921935619204305e-05,
      1.2267541023902595e-05,
      5.011934717913391e-06,
      1.7701987644613837e-06,
      5.559179498959566e-07,
      1.584494953021931e-07
    ],
    [
      3.2404336707259063e-06,
      5.627022346743615e-06,
      5.069296094006859e-06,
      3.158828576488304e-06,
      1.5315902146539884e-06,
      6.163102170830825e-07,
      2.1438602004764107e-07,
      6.630382642924815e-08,
      1.8610084140391336e-08
    ],
    [
      3.919513744676806e-07,
      6.704865427309414e-07,
      5.949834189777903e-07,
      3.651701945273089e-07,
      1.7437830024391587e-07,
      6.910372718493818e-08,
      2.3671375970479858e-08,
      7.208848185058514e-09,
      1.992293663377609e-09
    ]
  ],
  "probs_results": [
    0.19668015837669373,
    0.12834002077579498,
    0.6749799251556396
  ]
}