{
  "skills_mean": [
    [
      0.6612741351127625,
      1.0926626920700073
    ],
    [
      -0.03175356239080429,
      0.2506062090396881
    ]
  ],
  "skills_cov": [
    [
      [
        0.020663509145379066,
        0.0120213832706213
      ],
      [
        0.0120213832706213,
        0.027303524315357208
      ]
    ],
    [
      [
        0.020592084154486656,
        0.010401508770883083
      ],
      [
        0.010401508770883083,
        0.02333770878612995
      ]
    ]
  ],
  "probs_grid": [
    [
      0.031042002141475677,
      0.020467089489102364,
      0.0070597040466964245,
      0.0016984794056043029,
      0.0003206337569281459,
      5.065687219030224e-05,
      6.97674295224715e-06,
      8.615108413323469e-07,
      9.736238837376732e-08
    ],
    [
      0.08305007964372635,
      0.05388232693076134,
      0.018284961581230164,
      0.004327194765210152,
      0.0008033768972381949,
      0.00012480806617531925,
      1.6899924958124757e-05,
      2.0514428342721658e-06,
      2.2787540387980698e-07
    ],
    [
      0.11551018804311752,
      0.07373892515897751,
      0.024616949260234833,
      0.005730079486966133,
      0.0010462029604241252,
      0.0001598135568201542,
      2.1274852770147845e-05,
      2.5385822937096236e-06,
      2.7715520900528645e-07
    ],
    [
      0.11134208738803864,
      0.06993255019187927,
      0.02296588011085987,
      0.0052577778697013855,
      0.0009440194116905332,
      0.00014178692072164267,
      1.8556016584625468e-05,
      2.17644014810503e-06,
      2.3353979372586764e-07
    ],
    [
      0.08366401493549347,
      0.051698580384254456,
      0.01670045405626297,
      0.0037602961529046297,
      0.0006639079074375331,
      9.804083674680442e-05,
      1.26136064864113e-05,
      1.4542119970428757e-06,
      1.5336111403030372e-07
    ],
    [
      0.05226520448923111,
      0.03177264332771301,
      0.010095574893057346,
      0.0022355502005666494,
      0.00038811867125332355,
      5.635030902340077e-05,
      7.126924174372107e-06,
      8.076251560851233e-07,
      8.370732729190422e-08
    ],
    [
      0.028270533308386803,
      0.016906697303056717,
      0.005283850245177746,
      0.0011506715090945363,
      0.00019643352425191551,
      2.8039576136507094e-05,
      3.4861398034991e-06,
      3.882977921421116e-07,
      3.955316074666371e-08
    ],
    [
      0.013616313226521015,
      0.00801043026149273,
      0.002462353091686964,
      0.0005273385904729366,
      8.851774327922612e-05,
      1.2422360669006594e-05,
      1.5182376955635846e-06,
      1.6621494580704166e-07,
      1.6639727817846506e-08
    ],
    [
      0.00596026424318552,
      0.0034492334816604853,
      0.0010428261011838913,
      0.00021962568280287087,
      3.6248973628971726e-05,
      5.0013150030281395e-06,
      6.008694981574081e-07,
      6.46575486484835e-08,
      6.361443816160772e-09
    ]
  ],
  "probs_results": [
    0.11630643159151077,
    0.8219255805015564,
    0.061767783015966415
  ]
}