{
  "skills_mean": [
    [
      -0.14879268407821655,
      0.523098886013031
    ],
    [
      0.5431418418884277,
      0.9588162899017334
    ]
  ],
  "skills_cov": [
    [
      [
        0.018855487927794456,
        0.010163530707359314
      ],
      [
        0.010163530707359314,
        0.02307320013642311
      ]
    ],
    [
      [
        0.019300835207104683,
        0.011809919029474258
      ],
      [
        0.011809919029474258,
        0.026300353929400444
      ]
    ]
  ],
  "probs_grid": [
    [
      0.07401400059461594,
      0.1391325742006302,
      0.13595595955848694,
      0.09206884354352951,
      0.04860435798764229,
      0.021333539858460426,
      0.008108695968985558,
      0.0027448581531643867,
      0.0008446330321021378
    ],
    [
      0.048743654042482376,
      0.09026243537664413,
      0.08687276393175125,
      0.05793524160981178,
      0.030115647241473198,
      0.013014071621000767,
      0.004869509022682905,
      0.0016225283034145832,
      0.0004914020537398756
    ],
    [
      0.016756203025579453,
      0.030558601021766663,
      0.028961248695850372,
      0.01901629939675331,
      0.009731311351060867,
      0.0041394103318452835,
      0.0015244422247633338,
      0.0004998921067453921,
      0.0001489844435127452
    ],
    [
      0.0040087332017719746,
      0.007198377046734095,
      0.006716306321322918,
      0.004341083578765392,
      0.002186516532674432,
      0.000915341661311686,
      0.00033172365510836244,
      0.00010703448060667142,
      3.138591273454949e-05
    ],
    [
      0.000750838138628751,
      0.0013272383948788047,
      0.0012188971741124988,
      0.0007753672543913126,
      0.00038431628490798175,
      0.00015830817574169487,
      5.644711200147867e-05,
      1.7918353478307836e-05,
      5.168746611161623e-06
    ],
    [
      0.00011743602226488292,
      0.00020431008306331933,
      0.00018464801541995257,
      0.00011557823017938063,
      5.63645335205365e-05,
      2.2841761165182106e-05,
      8.011993486434221e-06,
      2.5017063762788894e-06,
      7.097943353073788e-07
    ],
    [
      1.5976407667039894e-05,
      2.735075213422533e-05,
      2.432092878734693e-05,
      1.497700850450201e-05,
      7.185033155110432e-06,
      2.8641118205996463e-06,
      9.881086953100748e-07,
      3.0344043011609756e-07,
      8.466707868137746e-08
    ],
    [
      1.944430550793186e-06,
      3.2749462661740836e-06,
      2.86480121758359e-06,
      1.735319187901041e-06,
      8.188164315470203e-07,
      3.2100896873998863e-07,
      1.0891060497897342e-07,
      3.288885253027729e-08,
      9.023471747582335e-09
    ],
    [
      2.1610854616938013e-07,
      3.580388465707074e-07,
      3.080544388467388e-07,
      1.8351977359998273e-07,
      8.515822003118956e-08,
      3.282933036530267e-08,
      1.0951938023140428e-08,
      3.2517635251139154e-09,
      8.771410264785118e-10
    ]
  ],
  "probs_results": [
    0.19810160994529724,
    0.11890631914138794,
    0.6829918026924133
  ]
}