{
  "skills_mean": [
    [
      0.6083467602729797,
      0.8569214940071106
    ],
    [
      0.22191107273101807,
      0.8032238483428955
    ]
  ],
  "skills_cov": [
    [
      [
        0.018277160823345184,
        0.01089157722890377
      ],
      [
        0.01089157722890377,
        0.02525629848241806
      ]
    ],
    [
      [
        0.021552693098783493,
        0.012725108303129673
      ],
      [
        0.012725108303129673,
        0.02894464321434498
      ]
    ]
  ],
  "probs_grid": [
    [
      0.07214020937681198,
      0.07448157668113708,
      0.04017282649874687,
      0.01509152166545391,
      0.004441886208951473,
      0.0010925134411081672,
      0.000233883794862777,
      4.482095755520277e-05,
      7.848412678868044e-06
    ],
    [
      0.11146818846464157,
      0.11311094462871552,
      0.05995127558708191,
      0.022127969190478325,
      0.00639818049967289,
      0.0015457408735528588,
      0.00032499508233740926,
      6.11608920735307e-05,
      1.051584149536211e-05
    ],
    [
      0.08993947505950928,
      0.08968669921159744,
      0.046706587076187134,
      0.016936102882027626,
      0.004810163751244545,
      0.0011413429165259004,
      0.00023565672745462507,
      4.354637712822296e-05,
      7.35111780159059e-06
    ],
    [
      0.05051961913704872,
      0.04950042814016342,
      0.025325892493128777,
      0.009020806290209293,
      0.002516397275030613,
      0.0005863675614818931,
      0.00011888252629432827,
      2.1568912416114472e-05,
      3.574577931431122e-06
    ],
    [
      0.022221645340323448,
      0.021391816437244415,
      0.010751383379101753,
      0.0037613753229379654,
      0.0010304526658728719,
      0.00023578439140692353,
      4.693658775067888e-05,
      8.360378160432447e-06,
      1.360142846351664e-06
    ],
    [
      0.00816336739808321,
      0.007720043417066336,
      0.0038111417088657618,
      0.0013094854075461626,
      0.0003522837068885565,
      7.914815796539187e-05,
      1.5468662240891717e-05,
      2.704829739741399e-06,
      4.319487345583184e-07
    ],
    [
      0.002608599839732051,
      0.0024232384748756886,
      0.001174934091977775,
      0.0003964486240874976,
      0.00010472639405634254,
      2.3101216356735677e-05,
      4.432334662851645e-06,
      7.607897600792057e-07,
      1.1925145315672125e-07
    ],
    [
      0.0007456972380168736,
      0.0006803837604820728,
      0.0003239806683268398,
      0.0001073468301910907,
      2.784237585728988e-05,
      6.029581072652945e-06,
      1.1356512459315127e-06,
      1.9133622686240415e-07,
      2.9436019843842587e-08
    ],
    [
      0.00019463631906546652,
      0.0001744161854730919,
      8.155873365467414e-05,
      2.6534387870924547e-05,
      6.7569062593975104e-06,
      1.4365020888362778e-06,
      2.6558319632385974e-07,
      4.391887031829356e-08,
      6.631255544675696e-09
    ]
  ],
  "probs_results": [
    0.24213047325611115,
    0.5051106214523315,
    0.25275903940200806
  ]
}