{
  "skills_mean": [
    [
      0.007470930926501751,
      0.3672436475753784
    ],
    [
      0.3869571387767792,
      0.7411888241767883
    ]
  ],
  "skills_cov": [
    [
      [
        0.018872417509555817,
        0.009899083524942398
      ],
      [
        0.009899083524942398,
        0.020398391410708427
      ]
    ],
    [
      [
        0.019838880747556686,
        0.011233505792915821
      ],
      [
        0.011233505792915821,
        0.02398304082453251
      ]
    ]
  ],
  "probs_grid": [
    [
      0.05502390116453171,
      0.10422655940055847,
      0.1024288460612297,
      0.06962744891643524,
      0.03682680055499077,
      0.01616433821618557,
      0.006132610607892275,
      0.002068308414891362,
      0.0006329579628072679
    ],
    [
      0.05196989327669144,
      0.09691835939884186,
      0.09376423805952072,
      0.06274028867483139,
      0.032662324607372284,
      0.014109984040260315,
      0.005268312059342861,
      0.0017485283315181732,
      0.000526551331859082
    ],
    [
      0.025554805994033813,
      0.046912781894207,
      0.04467351362109184,
      0.02942061237990856,
      0.015073489397764206,
      0.0064080385491251945,
      0.0023543734569102526,
      0.0007688779151067138,
      0.00022781598090659827
    ],
    [
      0.008722273632884026,
      0.0157599039375782,
      0.014770067296922207,
      0.009572431445121765,
      0.004826051648706198,
      0.0020187573973089457,
      0.0007297763950191438,
      0.00023447930288966745,
      6.835084786871448e-05
    ],
    [
      0.0023246125783771276,
      0.004133556038141251,
      0.0038121419493108988,
      0.0024310555309057236,
      0.0012059301370754838,
      0.0004963022656738758,
      0.00017650632071308792,
      5.5790773330954835e-05,
      1.5998159142327495e-05
    ],
    [
      0.0005159879219718277,
      0.0009028358617797494,
      0.0008192556560970843,
      0.0005140219000168145,
      0.00025085307424888015,
      0.00010156154166907072,
      3.5530993045540527e-05,
      1.1047236512240488e-05,
      3.1159299851424294e-06
    ],
    [
      9.935673006111756e-05,
      0.00017104607832152396,
      0.00015270074072759598,
      9.425269672647119e-05,
      4.52477324870415e-05,
      1.801976395654492e-05,
      6.200820280355401e-06,
      1.8962621197715634e-06,
      5.260400826045952e-07
    ],
    [
      1.706988587102387e-05,
      2.8909895263495855e-05,
      2.538905755500309e-05,
      1.5415078451042064e-05,
      7.2790035119396634e-06,
      2.851187900887453e-06,
      9.64956711868581e-07,
      2.902162918871909e-07,
      7.917551414493573e-08
    ],
    [
      2.67095242634241e-06,
      4.44977376901079e-06,
      3.843861122732051e-06,
      2.295475496794097e-06,
      1.0660606903911685e-06,
      4.1067579559239675e-07,
      1.36686480800563e-07,
      4.042661672087888e-08,
      1.0845501385858825e-08
    ]
  ],
  "probs_results": [
    0.2076173722743988,
    0.18018744885921478,
    0.6121951341629028
  ]
}