{
  "skills_mean": [
    [
      0.032141827046871185,
      0.3789747655391693
    ],
    [
      0.3913012146949768,
      0.7851741313934326
    ]
  ],
  "skills_cov": [
    [
      [
        0.019209524616599083,
        0.010160230100154877
      ],
      [
        0.010160230100154877,
        0.020714430138468742
      ]
    ],
    [
      [
        0.02013864368200302,
        0.011657332070171833
      ],
      [
        0.011657332070171833,
        0.024762246757745743
      ]
    ]
  ],
  "probs_grid": [
    [
      0.0567777156829834,
      0.10675188899040222,
      0.10418879240751266,
      0.07037379592657089,
      0.0370044969022274,
      0.01615605130791664,
      0.006100071128457785,
      0.0020485217683017254,
      0.0006245363620109856
    ],
    [
      0.05266326665878296,
      0.09743427485227585,
      0.09356709569692612,
      0.06217872351408005,
      0.03216472268104553,
      0.013814128004014492,
      0.005130473058670759,
      0.0016946159303188324,
      0.0005081281997263432
    ],
    [
      0.02545655332505703,
      0.04633873328566551,
      0.043778255581855774,
      0.028618384152650833,
      0.014561926946043968,
      0.006151326932013035,
      0.0022468925453722477,
      0.000729879888240248,
      0.00021522209863178432
    ],
    [
      0.00855003111064434,
      0.015310550108551979,
      0.014228146523237228,
      0.009148405864834785,
      0.004578248597681522,
      0.0019019624451175332,
      0.0006831921637058258,
      0.00021823120187036693,
      6.32756928098388e-05
    ],
    [
      0.0022446021903306246,
      0.003953507170081139,
      0.003613489679992199,
      0.0022849664092063904,
      0.0011245051864534616,
      0.00045937334652990103,
      0.00016225004219450057,
      5.095842789160088e-05,
      1.4526945051329676e-05
    ],
    [
      0.0004912649164907634,
      0.0008509890176355839,
      0.0007648952887393534,
      0.0004756194830406457,
      0.00023015443002805114,
      9.244371176464483e-05,
      3.210171053069644e-05,
      9.912223504215945e-06,
      2.7779440188169247e-06
    ],
    [
      9.33677947614342e-05,
      0.00015904450265225023,
      0.000140565971378237,
      8.593979146098718e-05,
      4.088701825821772e-05,
      1.6145511835929938e-05,
      5.5117607189458795e-06,
      1.673024257797806e-06,
      4.6090050886959943e-07
    ],
    [
      1.584851816005539e-05,
      2.6544512365944684e-05,
      2.3066055291565135e-05,
      1.3864313586964272e-05,
      6.484504865511553e-06,
      2.5171495963149937e-06,
      8.446828587693744e-07,
      2.5201970288435405e-07,
      6.824216569611963e-08
    ],
    [
      2.4525297703803517e-06,
      4.038497991132317e-06,
      3.4499380490160547e-06,
      2.038472985077533e-06,
      9.371939313496114e-07,
      3.5759163097282e-07,
      1.1794496401762444e-07,
      3.4586854269491596e-08,
      9.204613959923336e-09
    ]
  ],
  "probs_results": [
    0.2084728479385376,
    0.17819055914878845,
    0.6133366227149963
  ]
}