{
  "skills_mean": [
    [
      0.5361917018890381,
      0.8595119714736938
    ],
    [
      0.6138741374015808,
      1.0302057266235352
    ]
  ],
  "skills_cov": [
    [
      [
        0.02159370854496956,
        0.011840436607599258
      ],
      [
        0.011840436607599258,
        0.025732848793268204
      ]
    ],
    [
      [
        0.01949145272374153,
        0.011399753391742706
      ],
      [
        0.011399753391742706,
        0.025236429646611214
      ]
    ]
  ],
  "probs_grid": [
    [
      0.06665410846471786,
      0.09869607537984848,
      0.07618656754493713,
      0.040874820202589035,
      0.01714503765106201,
      0.005996608640998602,
      0.0018215267919003963,
      0.0004942086525261402,
      0.00012224484817124903
    ],
    [
      0.07852551341056824,
      0.11428303271532059,
      0.0866975486278534,
      0.04570706933736801,
      0.01883740909397602,
      0.006472970824688673,
      0.0019315771060064435,
      0.0005147926276549697,
      0.00012507436622399837
    ],
    [
      0.04831806942820549,
      0.06910618394613266,
      0.051514528691768646,
      0.02668389119207859,
      0.010804098099470139,
      0.0036469914484769106,
      0.0010689868358895183,
      0.00027982753817923367,
      6.677229976048693e-05
    ],
    [
      0.02070249244570732,
      0.02909436821937561,
      0.021308593451976776,
      0.010843384079635143,
      0.004312762524932623,
      0.0014299380127340555,
      0.00041165901347994804,
      0.00010583006223896518,
      2.4799443053780124e-05
    ],
    [
      0.006948027294129133,
      0.009593416936695576,
      0.006902417168021202,
      0.003450269578024745,
      0.0013478713808581233,
      0.00043891542009077966,
      0.00012409119517542422,
      3.132739948341623e-05,
      7.208484475995647e-06
    ],
    [
      0.0019481000490486622,
      0.0026424038223922253,
      0.0018675061874091625,
      0.0009168757824227214,
      0.00035177695099264383,
      0.00011249385715927929,
      3.123121859971434e-05,
      7.741863555565942e-06,
      1.7490998516223044e-06
    ],
    [
      0.00047528621507808566,
      0.0006332481279969215,
      0.0004395701689645648,
      0.0002119491109624505,
      7.985646516317502e-05,
      2.507622957637068e-05,
      6.8357344389369246e-06,
      1.6637162616461865e-06,
      3.6903122691001045e-07
    ],
    [
      0.00010377222497481853,
      0.00013579662481788546,
      9.25752246985212e-05,
      4.3834414100274444e-05,
      1.621729643375147e-05,
      5.000184046366485e-06,
      1.3382508541326388e-06,
      3.197689295575401e-07,
      6.963112042512876e-08
    ],
    [
      2.0696414139820263e-05,
      2.659830352058634e-05,
      1.7806351024773903e-05,
      8.278987479570787e-06,
      3.0074045298533747e-06,
      9.103799243348476e-07,
      2.3920591729620355e-07,
      5.6110636137418624e-08,
      1.1994059079256658e-08
    ]
  ],
  "probs_results": [
    0.2447912096977234,
    0.3040527403354645,
    0.4511561989784241
  ]
}