{
  "skills_mean": [
    [
      0.5802001953125,
      1.198250412940979
    ],
    [
      0.39137157797813416,
      0.7853153347969055
    ]
  ],
  "skills_cov": [
    [
      [
        0.01915285363793373,
        0.011974727734923363
      ],
      [
        0.011974727734923363,
        0.02812817692756653
      ]
    ],
    [
      [
        0.019988248124718666,
        0.01153611484915018
      ],
      [
        0.01153611484915018,
        0.02461351454257965
      ]
    ]
  ],
  "probs_grid": [
    [
      0.08618197590112686,
      0.07541526854038239,
      0.03452847898006439,
      0.011027529835700989,
      0.0027636373415589333,
      0.0005796676850877702,
      0.0001059897622326389,
      1.7375281458953395e-05,
      2.606738462418434e-06
    ],
    [
      0.13190264999866486,
      0.11350589990615845,
      0.05109340697526932,
      0.016040055081248283,
      0.003950630314648151,
      0.0008142259321175516,
      0.00014626425399910659,
      2.3553053324576467e-05,
      3.4704944482655264e-06
    ],
    [
      0.10511315613985062,
      0.08893626928329468,
      0.03935438394546509,
      0.012142780236899853,
      0.002938892226666212,
      0.0005951047642156482,
      0.00010501436918275431,
      1.6609457816230133e-05,
      2.403462985967053e-06
    ],
    [
      0.058146361261606216,
      0.04836606979370117,
      0.021036159247159958,
      0.006378559395670891,
      0.0015168549725785851,
      0.00030174426501616836,
      5.230140232015401e-05,
      8.124138730636332e-06,
      1.1544065046109608e-06
    ],
    [
      0.0251164473593235,
      0.020536039024591446,
      0.008778112940490246,
      0.0026154080405831337,
      0.0006110417889431119,
      0.0001194010183098726,
      2.0326435333117843e-05,
      3.100591356997029e-06,
      4.3260325810479117e-07
    ],
    [
      0.009035371243953705,
      0.0072609311901032925,
      0.0030499096028506756,
      0.0008928164024837315,
      0.000204908981686458,
      3.9327893318841234e-05,
      6.574993676622398e-06,
      9.84833377515315e-07,
      1.3490837602603278e-07
    ],
    [
      0.0028194617480039597,
      0.0022266514133661985,
      0.0009189927950501442,
      0.00026429074932821095,
      5.958121255389415e-05,
      1.1230906238779426e-05,
      1.843810650825617e-06,
      2.711662432375306e-07,
      3.646801971513014e-08
    ],
    [
      0.0007848812965676188,
      0.0006090952665545046,
      0.0002469840692356229,
      6.977422162890434e-05,
      1.544950828247238e-05,
      2.859907681340701e-06,
      4.6102971396067005e-07,
      6.656877360455837e-08,
      8.788594740849476e-09
    ],
    [
      0.00019895848527085036,
      0.00015170453116297722,
      6.043218309059739e-05,
      1.676931424299255e-05,
      3.6466512938204687e-06,
      6.628768005612073e-07,
      1.0491952195934573e-07,
      1.487280432144189e-08,
      1.927473958218684e-09
    ]
  ],
  "probs_results": [
    0.2461051046848297,
    0.5395227670669556,
    0.21437224745750427
  ]
}