{
  "skills_mean": [
    [
      0.5380450487136841,
      0.9468455910682678
    ],
    [
      0.007218086626380682,
      0.5917259454727173
    ]
  ],
  "skills_cov": [
    [
      [
        0.019351663067936897,
        0.01164721604436636
      ],
      [
        0.01164721604436636,
        0.02648589387536049
      ]
    ],
    [
      [
        0.02221924625337124,
        0.011945069767534733
      ],
      [
        0.011945069767534733,
        0.02463970147073269
      ]
    ]
  ],
  "probs_grid": [
    [
      0.07497397065162659,
      0.058041807264089584,
      0.02352515608072281,
      0.006655731704086065,
      0.0014786130050197244,
      0.00027510934160090983,
      4.4652326323557645e-05,
      6.502350970549742e-06,
      8.671678983773745e-07
    ],
    [
      0.13182009756565094,
      0.10035104304552078,
      0.039987560361623764,
      0.01112009771168232,
      0.00242773350328207,
      0.0004438177275005728,
      7.076525798765942e-05,
      1.0121671948581934e-05,
      1.3256368447400746e-06
    ],
    [
      0.12065737694501877,
      0.09031184762716293,
      0.03537572920322418,
      0.009668489918112755,
      0.002074137097224593,
      0.00037252024048939347,
      5.834471812704578e-05,
      8.195998816518113e-06,
      1.054092876984214e-06
    ],
    [
      0.07665077596902847,
      0.05640311539173126,
      0.02171553485095501,
      0.005832385271787643,
      0.0012293299660086632,
      0.0002168949431506917,
      3.3365660783601925e-05,
      4.602918579621473e-06,
      5.812753443024121e-07
    ],
    [
      0.03801636025309563,
      0.027498090639710426,
      0.010404713451862335,
      0.002745899837464094,
      0.000568604504223913,
      9.85423248494044e-05,
      1.4888031728332862e-05,
      2.0168390619801357e-06,
      2.500700304608472e-07
    ],
    [
      0.01569969579577446,
      0.011161495000123978,
      0.0041501810774207115,
      0.0010761215817183256,
      0.00021890363132115453,
      3.7261717807268724e-05,
      5.528529982257169e-06,
      7.35385867756122e-07,
      8.951989372008029e-08
    ],
    [
      0.0056227874010801315,
      0.003928616642951965,
      0.0014353644801303744,
      0.00036564504262059927,
      7.3060771683231e-05,
      1.2214075468364172e-05,
      1.7795534859033069e-06,
      2.3241352664626902e-07,
      2.7775060473800295e-08
    ],
    [
      0.0017960976110771298,
      0.0012332065962255,
      0.000442690885392949,
      0.00011078202078351751,
      2.174184010073077e-05,
      3.569529098967905e-06,
      5.106683147459989e-07,
      6.548010844653618e-08,
      7.681926206259959e-09
    ],
    [
      0.0005223018233664334,
      0.0003523797495290637,
      0.0001242758153239265,
      3.0548930226359516e-05,
      5.888415216759313e-06,
      9.493497827861574e-07,
      1.3335481696685747e-07,
      1.678721339715139e-08,
      1.9332420109208215e-09
    ]
  ],
  "probs_results": [
    0.21722039580345154,
    0.6248418092727661,
    0.15793755650520325
  ]
}