{
  "skills_mean": [
    [
      0.208452969789505,
      0.6148036122322083
    ],
    [
      0.6611750721931458,
      1.092499017715454
    ]
  ],
  "skills_cov": [
    [
      [
        0.022566910833120346,
        0.011476295068860054
      ],
      [
        0.011476295068860054,
        0.022822102531790733
      ]
    ],
    [
      [
        0.020788606256246567,
        0.012122233398258686
      ],
      [
        0.012122233398258686,
        0.027426637709140778
      ]
    ]
  ],
  "probs_grid": [
    [
      0.059620581567287445,
      0.11514920741319656,
      0.11570540070533752,
      0.08064178377389908,
      0.04385105147957802,
      0.01984199695289135,
      0.00778121268376708,
      0.0027198255993425846,
      0.0008648897055536509
    ],
    [
      0.048859305679798126,
      0.09275655448436737,
      0.09160605818033218,
      0.06274473667144775,
      0.033527862280607224,
      0.014906865544617176,
      0.005743715912103653,
      0.001972445286810398,
      0.0006161959609016776
    ],
    [
      0.02098449133336544,
      0.03915087878704071,
      0.03799496591091156,
      0.025570888072252274,
      0.013424782082438469,
      0.005863936617970467,
      0.0022195749916136265,
      0.0007487395196221769,
      0.00022975861793383956
    ],
    [
      0.006297317799180746,
      0.011544209904968739,
      0.011007186956703663,
      0.007277610246092081,
      0.003753276774659753,
      0.0016103677917271852,
      0.0005987039767205715,
      0.00019836140563711524,
      5.978098124614917e-05
    ],
    [
      0.001485383720137179,
      0.0026750832330435514,
      0.0025055543519556522,
      0.001627192017622292,
      0.0008242410258390009,
      0.0003473244432825595,
      0.00012681368389166892,
      4.126048588659614e-05,
      1.221084312419407e-05
    ],
    [
      0.00029372397693805397,
      0.0005195862031541765,
      0.0004779817536473274,
      0.00030486207106150687,
      0.0001516522461315617,
      6.275320629356429e-05,
      2.2498379621538334e-05,
      7.187623850768432e-06,
      2.0885563571937382e-06
    ],
    [
      5.0716393161565065e-05,
      8.810916915535927e-05,
      7.959730282891542e-05,
      4.9852482334244996e-05,
      2.435024180158507e-05,
      9.893262358673383e-06,
      3.48244134329434e-06,
      1.0922684623437817e-06,
      3.115927995622769e-07
    ],
    [
      7.864321560191456e-06,
      1.341613915428752e-05,
      1.190063267131336e-05,
      7.318089046748355e-06,
      3.5093826227239333e-06,
      1.399787720401946e-06,
      4.837085612052761e-07,
      1.4893295485762792e-07,
      4.170584588791826e-08
    ],
    [
      1.1178683507750975e-06,
      1.872380153145059e-06,
      1.630599967938906e-06,
      9.843781754170777e-07,
      4.634045183138369e-07,
      1.8144189084523532e-07,
      6.154441223316098e-08,
      1.859988962849002e-08,
      5.112323897549231e-09
    ]
  ],
  "probs_results": [
    0.19868104159832,
    0.14834417402744293,
    0.6529747843742371
  ]
}