{
  "skills_mean": [
    [
      -0.1125321090221405,
      0.2966803312301636
    ],
    [
      -0.23439982533454895,
      0.027007535099983215
    ]
  ],
  "skills_cov": [
    [
      [
        0.023505747318267822,
        0.010892900638282299
      ],
      [
        0.010892900638282299,
        0.02077610045671463
      ]
    ],
    [
      [
        0.02052301913499832,
        0.010654008015990257
      ],
      [
        0.010654008015990257,
        0.02042595110833645
      ]
    ]
  ],
  "probs_grid": [
    [
      0.059096310287714005,
      0.06751303374767303,
      0.04008743166923523,
      0.016494376584887505,
      0.0052904910407960415,
      0.0014108795439824462,
      0.00032584925065748394,
      6.703187682433054e-05,
      1.2537390830402728e-05
    ],
    [
      0.09650567173957825,
      0.1084945872426033,
      0.06338754296302795,
      0.025659993290901184,
      0.008096467703580856,
      0.0021238503977656364,
      0.00048244031495414674,
      9.760279499460012e-05,
      1.7951708287000656e-05
    ],
    [
      0.08205071836709976,
      0.09076524525880814,
      0.0521731860935688,
      0.020777074620127678,
      0.0064485641196370125,
      0.001663750852458179,
      0.00037167666596360505,
      7.394425483653322e-05,
      1.3373141882766504e-05
    ],
    [
      0.04842185974121094,
      0.05270104855298996,
      0.029801558703184128,
      0.011674072593450546,
      0.0035637246910482645,
      0.0009042583405971527,
      0.00019865251670125872,
      3.886169724864885e-05,
      6.910450338182272e-06
    ],
    [
      0.022311873733997345,
      0.023889930918812752,
      0.013288933783769608,
      0.0051201810128986835,
      0.0015372232301160693,
      0.0003835803654510528,
      8.286142838187516e-05,
      1.5938237993395887e-05,
      2.7864589355885983e-06
    ],
    [
      0.008561388589441776,
      0.009017571806907654,
      0.0049338554963469505,
      0.001869654399342835,
      0.0005520176491700113,
      0.00013544855755753815,
      2.8769853088306263e-05,
      5.440756012831116e-06,
      9.35135858526337e-07
    ],
    [
      0.002849337412044406,
      0.002952047623693943,
      0.001588588347658515,
      0.000592020689509809,
      0.00017188614583574235,
      4.1470433643553406e-05,
      8.660526873427443e-06,
      1.6101861319839372e-06,
      2.720642271469842e-07
    ],
    [
      0.0008458953816443682,
      0.0008619876462034881,
      0.00045619803131558,
      0.00016718734696041793,
      4.773040927830152e-05,
      1.132258967118105e-05,
      2.32472257266636e-06,
      4.249046412496682e-07,
      7.0574280641722e-08
    ],
    [
      0.00022864548373036087,
      0.0002291535201948136,
      0.00011926635488634929,
      4.298035128158517e-05,
      1.2065001101291273e-05,
      2.8139054393250262e-06,
      5.679821128978801e-07,
      1.0205281597563953e-07,
      1.6661786617078178e-08
    ]
  ],
  "probs_results": [
    0.23316994309425354,
    0.5011226534843445,
    0.2657075524330139
  ]
}