{
  "skills_mean": [
    [
      0.42722615599632263,
      0.6946717500686646
    ],
    [
      0.28757739067077637,
      0.8441587090492249
    ]
  ],
  "skills_cov": [
    [
      [
        0.018998222425580025,
        0.010380995459854603
      ],
      [
        0.010380995459854603,
        0.021242598071694374
      ]
    ],
    [
      [
        0.021014586091041565,
        0.011677466332912445
      ],
      [
        0.011677466332912445,
        0.025337139144539833
      ]
    ]
  ],
  "probs_grid": [
    [
      0.07581553608179092,
      0.09671401977539062,
      0.06417210400104523,
      0.029528126120567322,
      0.010599315166473389,
      0.0031656725332140923,
      0.0008193942485377192,
      0.00018904115131590515,
      3.9680046029388905e-05
    ],
    [
      0.09568940848112106,
      0.12010741233825684,
      0.07840488106012344,
      0.0354890339076519,
      0.012529859319329262,
      0.0036804114934056997,
      0.0009367860038764775,
      0.00021250973804853857,
      4.385622378322296e-05
    ],
    [
      0.06293747574090958,
      0.07771911472082138,
      0.049906644970178604,
      0.02221849374473095,
      0.007714770268648863,
      0.0022283513098955154,
      0.0005576935363933444,
      0.00012438336852937937,
      2.523516013752669e-05
    ],
    [
      0.028760526329278946,
      0.03493570163846016,
      0.02206488884985447,
      0.009660741314291954,
      0.0032985620200634003,
      0.0009368021856062114,
      0.00023050562595017254,
      5.053966378909536e-05,
      1.0079176718136296e-05
    ],
    [
      0.010271660052239895,
      0.012271936982870102,
      0.007622464094310999,
      0.003281761659309268,
      0.001101742614991963,
      0.000307624286506325,
      7.441028719767928e-05,
      1.603712371434085e-05,
      3.1436063636647305e-06
    ],
    [
      0.003057942260056734,
      0.0035929479636251926,
      0.002194497035816312,
      0.0009289740701206028,
      0.00030661365599371493,
      8.416033233515918e-05,
      2.0010515072499402e-05,
      4.238923793309368e-06,
      8.166376233020856e-07
    ],
    [
      0.0007904050289653242,
      0.0009132163249887526,
      0.0005484216380864382,
      0.00022824299230705947,
      7.405583892250434e-05,
      1.9980736396973953e-05,
      4.669424470193917e-06,
      9.721394462758326e-07,
      1.840517427353916e-07
    ],
    [
      0.00018242874648422003,
      0.00020724121714010835,
      0.0001223581057274714,
      5.005993079976179e-05,
      1.5965713828336447e-05,
      4.233901108818827e-06,
      9.72430825640913e-07,
      1.9895679770343122e-07,
      3.701480011386593e-08
    ],
    [
      3.8376943848561496e-05,
      4.2861975089181215e-05,
      2.487747224222403e-05,
      1.0004655450757127e-05,
      3.1361853416456142e-06,
      8.173736887329142e-07,
      1.8449003391651786e-07,
      3.709172347043932e-08,
      6.780618289070617e-09
    ]
  ],
  "probs_results": [
    0.25669586658477783,
    0.3689349591732025,
    0.3743690848350525
  ]
}