{
  "skills_mean": [
    [
      -0.1125321090221405,
      0.2966803312301636
    ],
    [
      -0.23439981043338776,
      0.027007535099983215
    ]
  ],
  "skills_cov": [
    [
      [
        0.023505760356783867,
        0.010892891325056553
      ],
      [
        0.010892891325056553,
        0.020776107907295227
      ]
    ],
    [
      [
        0.02052302658557892,
        0.010653997771441936
      ],
      [
        0.010653997771441936,
        0.020425964146852493
      ]
    ]
  ],
  "probs_grid": [
    [
      0.0590963251888752,
      0.06751304119825363,
      0.04008743166923523,
      0.016494374722242355,
      0.005290492437779903,
      0.0014108800096437335,
      0.00032584930886514485,
      6.703186954837292e-05,
      1.2537390830402728e-05
    ],
    [
      0.09650568664073944,
      0.1084945872426033,
      0.06338754296302795,
      0.025659993290901184,
      0.008096467703580856,
      0.00212385063059628,
      0.00048244043136946857,
      9.760280227055773e-05,
      1.7951717381947674e-05
    ],
    [
      0.08205071836709976,
      0.09076524525880814,
      0.0521731860935688,
      0.020777074620127678,
      0.006448563188314438,
      0.0016637513181194663,
      0.00037167681148275733,
      7.394427666440606e-05,
      1.3373145520745311e-05
    ],
    [
      0.04842185974121094,
      0.05270104855298996,
      0.029801558703184128,
      0.011674072593450546,
      0.003563724923878908,
      0.0009042585152201355,
      0.00019865253125317395,
      3.886170816258527e-05,
      6.910452611919027e-06
    ],
    [
      0.022311873733997345,
      0.023889930918812752,
      0.013288936577737331,
      0.0051201810128986835,
      0.0015372236957773566,
      0.00038358051097020507,
      8.286147203762084e-05,
      1.5938247088342905e-05,
      2.7864612093253527e-06
    ],
    [
      0.008561389520764351,
      0.009017572738230228,
      0.004933856427669525,
      0.0018696546321734786,
      0.000552017823792994,
      0.0001354486303171143,
      2.8769865821232088e-05,
      5.440759196062572e-06,
      9.351365406473633e-07
    ],
    [
      0.0028493383433669806,
      0.0029520485550165176,
      0.0015885891625657678,
      0.0005920209223404527,
      0.0001718862185953185,
      4.147045547142625e-05,
      8.660532330395654e-06,
      1.6101887467812048e-06,
      2.720645113640785e-07
    ],
    [
      0.00084589549805969,
      0.000861987704411149,
      0.00045619814773090184,
      0.00016718740516807884,
      4.773043474415317e-05,
      1.132260058511747e-05,
      2.3247243916557636e-06,
      4.2490506757530966e-07,
      7.057433748514086e-08
    ],
    [
      0.000228645556489937,
      0.0002291535638505593,
      0.00011926642036996782,
      4.298038766137324e-05,
      1.2065005648764782e-05,
      2.8139097594248597e-06,
      5.679829087057442e-07,
      1.0205295097875933e-07,
      1.666181148607393e-08
    ]
  ],
  "probs_results": [
    0.23316994309425354,
    0.5011225938796997,
    0.26570749282836914
  ]
}