{
  "skills_mean": [
    [
      0.0050257048569619656,
      0.7240585684776306
    ],
    [
      0.2193765640258789,
      0.83387291431427
    ]
  ],
  "skills_cov": [
    [
      [
        0.018364926800131798,
        0.009283721446990967
      ],
      [
        0.009283721446990967,
        0.02170795574784279
      ]
    ],
    [
      [
        0.021120460703969002,
        0.012131028808653355
      ],
      [
        0.012131028808653355,
        0.02780860848724842
      ]
    ]
  ],
  "probs_grid": [
    [
      0.13121092319488525,
      0.1511133313179016,
      0.0906052514910698,
      0.03770754113793373,
      0.012253119610249996,
      0.00331591023132205,
      0.0007783739129081368,
      0.00016300521383527666,
      3.10855102725327e-05
    ],
    [
      0.11130403727293015,
      0.1264503449201584,
      0.07477137446403503,
      0.030681021511554718,
      0.009827637113630772,
      0.0026210329961031675,
      0.0006062310421839356,
      0.00012506867642514408,
      2.3492280888604e-05
    ],
    [
      0.04932745173573494,
      0.055263858288526535,
      0.032217882573604584,
      0.013030916452407837,
      0.004113440867513418,
      0.0010809189407154918,
      0.00024628700339235365,
      5.004464037483558e-05,
      9.256952580471989e-06
    ],
    [
      0.015226932242512703,
      0.016818365082144737,
      0.009664136916399002,
      0.0038518880028277636,
      0.0011979847913607955,
      0.000310103059746325,
      6.95896742399782e-05,
      1.3924513041274622e-05,
      2.535954536142526e-06
    ],
    [
      0.0036830229219049215,
      0.004009378142654896,
      0.002270225901156664,
      0.0008914741920307279,
      0.00027310868608765304,
      6.962485349504277e-05,
      1.5385299775516614e-05,
      3.030936568393372e-06,
      5.433890919448459e-07
    ],
    [
      0.0007444923394359648,
      0.0007985907723195851,
      0.000445476733148098,
      0.00017230398952960968,
      5.1985094614792615e-05,
      1.3049498193140607e-05,
      2.838935643012519e-06,
      5.505331728272722e-07,
      9.714383963910223e-08
    ],
    [
      0.0001310013176407665,
      0.00013842896441929042,
      7.605690916534513e-05,
      2.8969903723918833e-05,
      8.605970833741594e-06,
      2.126758090525982e-06,
      4.554294719127938e-07,
      8.692236264096209e-08,
      1.5093531757770506e-08
    ],
    [
      2.0637144189095125e-05,
      2.147785562556237e-05,
      1.1620418263191823e-05,
      4.357942088972777e-06,
      1.2744427522193291e-06,
      3.1000180911178177e-07,
      6.533320373591778e-08,
      1.2270330529418061e-08,
      2.096405049556438e-09
    ],
    [
      2.970982905026176e-06,
      3.0446742584899766e-06,
      1.6218264136114158e-06,
      5.987329814161058e-07,
      1.7233814730843733e-07,
      4.125495323137329e-08,
      8.55545856381923e-09,
      1.5809217268625275e-09,
      2.6572108402511674e-10
    ]
  ],
  "probs_results": [
    0.2940225601196289,
    0.2711295783519745,
    0.43484780192375183
  ]
}