{
  "skills_mean": [
    [
      -0.01818402111530304,
      0.38589343428611755
    ],
    [
      0.7002600431442261,
      1.3645795583724976
    ]
  ],
  "skills_cov": [
    [
      [
        0.020384684205055237,
        0.01002627145498991
      ],
      [
        0.01002627145498991,
        0.02028733119368553
      ]
    ],
    [
      [
        0.018354717642068863,
        0.011729813180863857
      ],
      [
        0.011729813180863857,
        0.028570258989930153
      ]
    ]
  ],
  "probs_grid": [
    [
      0.045721635222435,
      0.11294856667518616,
      0.14447757601737976,
      0.12757731974124908,
      0.08747918158769608,
      0.049679141491651535,
      0.02433660626411438,
      0.010576581582427025,
      0.004162291064858437
    ],
    [
      0.0233081616461277,
      0.05673796311020851,
      0.07150724530220032,
      0.06220624968409538,
      0.042017824947834015,
      0.023503459990024567,
      0.011339906603097916,
      0.004853489343076944,
      0.0018809189787134528
    ],
    [
      0.006225166842341423,
      0.014927982352674007,
      0.018531812354922295,
      0.015878163278102875,
      0.010562327690422535,
      0.005818116944283247,
      0.002764089498668909,
      0.00116481923032552,
      0.00044443606748245656
    ],
    [
      0.0011613756651058793,
      0.0027427913155406713,
      0.003353042993694544,
      0.0028288718312978745,
      0.00185280735604465,
      0.0010047967080026865,
      0.00046994167496450245,
      0.0001949485158547759,
      7.321772136492655e-05
    ],
    [
      0.00017025832494255155,
      0.0003959039750043303,
      0.0004764978075399995,
      0.00039575487608090043,
      0.0002551544166635722,
      0.0001362017064820975,
      6.269794539548457e-05,
      2.559829044912476e-05,
      9.461662557441741e-06
    ],
    [
      2.092029717459809e-05,
      4.788592559634708e-05,
      5.6728975323494524e-05,
      4.6373104851227254e-05,
      2.942461651400663e-05,
      1.5457251720363274e-05,
      7.0020073508203495e-06,
      2.8130514238000615e-06,
      1.0230876341665862e-06
    ],
    [
      2.2441870441980427e-06,
      5.055465408076998e-06,
      5.893741217732895e-06,
      4.74087028123904e-06,
      2.95994277621503e-06,
      1.5298969628929626e-06,
      6.818506221861753e-07,
      2.6950218057208986e-07,
      9.64270512326948e-08
    ],
    [
      2.1616970968807436e-07,
      4.791470473719528e-07,
      5.495960522239329e-07,
      4.349413416093739e-07,
      2.671493462003127e-07,
      1.3583471059064323e-07,
      5.955202198038023e-08,
      2.3153269523845665e-08,
      8.148479224701077e-09
    ],
    [
      1.9085691249642878e-08,
      4.1616704749003475e-08,
      4.6957477906062195e-08,
      3.6553753801626954e-08,
      2.2083868955746766e-08,
      1.1044173575669447e-08,
      4.762165328742185e-09,
      1.8209196372964698e-09,
      6.302505184407892e-10
    ]
  ],
  "probs_results": [
    0.12452821433544159,
    0.05357084795832634,
    0.8219009041786194
  ]
}