{
  "skills_mean": [
    [
      0.3271816074848175,
      0.8367366194725037
    ],
    [
      0.5030524134635925,
      0.8131305575370789
    ]
  ],
  "skills_cov": [
    [
      [
        0.01977904513478279,
        0.010642806999385357
      ],
      [
        0.010642806999385357,
        0.0230312068015337
      ]
    ],
    [
      [
        0.019364532083272934,
        0.010535468347370625
      ],
      [
        0.010535468347370625,
        0.022771602496504784
      ]
    ]
  ],
  "probs_grid": [
    [
      0.07496283203363419,
      0.10222932696342468,
      0.07251887768507004,
      0.0356760174036026,
      0.013692043721675873,
      0.004372363910079002,
      0.0012100697495043278,
      0.0002985000319313258,
      6.6993226937484e-05
    ],
    [
      0.08879607915878296,
      0.1192401871085167,
      0.0832795575261116,
      0.040331970900297165,
      0.015236158855259418,
      0.004788614809513092,
      0.00130420399364084,
      0.0003165776142850518,
      6.990828114794567e-05
    ],
    [
      0.05473286658525467,
      0.07236241549253464,
      0.04975191503763199,
      0.023716453462839127,
      0.008817709982395172,
      0.0027272498700767756,
      0.0007308914791792631,
      0.00017455829947721213,
      3.792328789131716e-05
    ],
    [
      0.023405443876981735,
      0.030462009832262993,
      0.020614854991436005,
      0.009671536274254322,
      0.0035385936498641968,
      0.001076925778761506,
      0.00028396170819178224,
      6.671999290119857e-05,
      1.4259210729505867e-05
    ],
    [
      0.00781125295907259,
      0.010006548836827278,
      0.006664657033979893,
      0.003076933091506362,
      0.0011077309027314186,
      0.00033168759546242654,
      8.604099275544286e-05,
      1.9886936570401303e-05,
      4.180627456662478e-06
    ],
    [
      0.0021699785720556974,
      0.002735824789851904,
      0.0017930977046489716,
      0.0008145581232383847,
      0.00028851875686086714,
      8.49896896397695e-05,
      2.1687172193196602e-05,
      4.9305167522106785e-06,
      1.0194401056651259e-06
    ],
    [
      0.0005226547364145517,
      0.0006484381156042218,
      0.0004181769036222249,
      0.00018690078286454082,
      6.51263544568792e-05,
      1.8871473002946004e-05,
      4.736572918773163e-06,
      1.0591160162221058e-06,
      2.153634852675168e-07
    ],
    [
      0.0001122530666179955,
      0.00013703358126804233,
      8.694610733073205e-05,
      3.822908547590487e-05,
      1.3103694072924554e-05,
      3.7347474517446244e-06,
      9.219450021191733e-07,
      2.0273984091545572e-07,
      4.054100344319522e-08
    ],
    [
      2.1944351829006337e-05,
      2.635631426528562e-05,
      1.6451287592644803e-05,
      7.115356311260257e-06,
      2.3989089186216006e-06,
      6.72456735628657e-07,
      1.6325252261140122e-07,
      3.530336556423208e-08,
      6.941712538122147e-09
    ]
  ],
  "probs_results": [
    0.2548409700393677,
    0.32808417081832886,
    0.41707468032836914
  ]
}