{
  "skills_mean": [
    [
      0.6083467602729797,
      0.8569215536117554
    ],
    [
      0.22191110253334045,
      0.8032239079475403
    ]
  ],
  "skills_cov": [
    [
      [
        0.018277091905474663,
        0.010891548357903957
      ],
      [
        0.010891548357903957,
        0.02525622397661209
      ]
    ],
    [
      [
        0.02155262418091297,
        0.01272507756948471
      ],
      [
        0.01272507756948471,
        0.028944561257958412
      ]
    ]
  ],
  "probs_grid": [
    [
      0.07214021682739258,
      0.07448157668113708,
      0.040172819048166275,
      0.015091516077518463,
      0.004441882483661175,
      0.001092512160539627,
      0.0002338833292014897,
      4.4820833863923326e-05,
      7.848385394026991e-06
    ],
    [
      0.11146824806928635,
      0.1131109744310379,
      0.05995126813650131,
      0.022127967327833176,
      0.0063981772400438786,
      0.0015457392437383533,
      0.00032499447115696967,
      6.116073200246319e-05,
      1.0515807844058145e-05
    ],
    [
      0.08993947505950928,
      0.08968669921159744,
      0.046706583350896835,
      0.016936102882027626,
      0.0048101614229381084,
      0.0011413421016186476,
      0.00023565639276057482,
      4.3546304368646815e-05,
      7.351095973717747e-06
    ],
    [
      0.050519611686468124,
      0.04950040951371193,
      0.025325892493128777,
      0.009020802564918995,
      0.002516396576538682,
      0.0005863672122359276,
      0.0001188823880511336,
      2.1568877855315804e-05,
      3.574567699615727e-06
    ],
    [
      0.022221630439162254,
      0.021391816437244415,
      0.01075138058513403,
      0.003761374158784747,
      0.0010304517345502973,
      0.00023578412947244942,
      4.693650407716632e-05,
      8.36035906104371e-06,
      1.3601390946860192e-06
    ],
    [
      0.008163361810147762,
      0.007720036897808313,
      0.003811138914898038,
      0.0013094843598082662,
      0.00035228332853876054,
      7.914803427411243e-05,
      1.5468631318071857e-05,
      2.7048242827731883e-06,
      4.319474271596846e-07
    ],
    [
      0.0026085965801030397,
      0.002423235448077321,
      0.0011749323457479477,
      0.0003964482166338712,
      0.00010472627764102072,
      2.3101174519979395e-05,
      4.432325113157276e-06,
      7.607881116200588e-07,
      1.192511263070628e-07
    ],
    [
      0.0007456956664100289,
      0.0006803825381211936,
      0.00032398008625023067,
      0.00010734665556810796,
      2.784232856356539e-05,
      6.0295683397271205e-06,
      1.1356487448210828e-06,
      1.9133568684992497e-07,
      2.943592392057326e-08
    ],
    [
      0.00019463570788502693,
      0.00017441569070797414,
      8.155850082403049e-05,
      2.6534320568316616e-05,
      6.756889433745528e-06,
      1.4364985645443085e-06,
      2.655824005159957e-07,
      4.391873531517376e-08,
      6.6312302315907345e-09
    ]
  ],
  "probs_results": [
    0.24213053286075592,
    0.5051106214523315,
    0.25275900959968567
  ]
}