{
  "skills_mean": [
    [
      0.2084842324256897,
      0.6148957014083862
    ],
    [
      0.31203484535217285,
      1.1736291646957397
    ]
  ],
  "skills_cov": [
    [
      [
        0.02244228683412075,
        0.011375225149095058
      ],
      [
        0.011375225149095058,
        0.02269754745066166
      ]
    ],
    [
      [
        0.014887023717164993,
        0.008593058213591576
      ],
      [
        0.008593058213591576,
        0.024557894095778465
      ]
    ]
  ],
  "probs_grid": [
    [
      0.11321302503347397,
      0.1581222116947174,
      0.11440107226371765,
      0.05716376379132271,
      0.02219170518219471,
      0.007139046210795641,
      0.001982297282665968,
      0.0004886312526650727,
      0.00010914447921095416
    ],
    [
      0.08445677161216736,
      0.11646895855665207,
      0.0831841379404068,
      0.04102443903684616,
      0.015716155990958214,
      0.004988338332623243,
      0.001366390846669674,
      0.0003322092816233635,
      7.31803011149168e-05
    ],
    [
      0.03294749930500984,
      0.044847920536994934,
      0.03161098062992096,
      0.015382613055408001,
      0.005813695956021547,
      0.001820172998122871,
      0.0004917201003991067,
      0.0001178908787551336,
      2.5605324481148273e-05
    ],
    [
      0.008961312472820282,
      0.01203673891723156,
      0.008370457217097282,
      0.004018064122647047,
      0.0014977826504036784,
      0.0004624408029485494,
      0.00012318251538090408,
      2.9116716177668422e-05,
      6.2340477597899735e-06
    ],
    [
      0.0019116394687443972,
      0.0025330353528261185,
      0.0017374521121382713,
      0.0008225232595577836,
      0.00030233385041356087,
      9.203291119774804e-05,
      2.4167409719666466e-05,
      5.630735813610954e-06,
      1.1881879800057504e-06
    ],
    [
      0.0003411330981180072,
      0.0004458051116671413,
      0.0003015374531969428,
      0.00014074798673391342,
      5.100239286548458e-05,
      1.5303938198485412e-05,
      3.960914455092279e-06,
      9.094680422094825e-07,
      1.8911178756297886e-07
    ],
    [
      5.3042233048472553e-05,
      6.8347726482898e-05,
      4.55768640676979e-05,
      2.097081596730277e-05,
      7.490001280530123e-06,
      2.2149461074150167e-06,
      5.649068839375104e-07,
      1.2780435554304859e-07,
      2.6182487289361234e-08
    ],
    [
      7.390981409116648e-06,
      9.388295438839123e-06,
      6.17073783359956e-06,
      2.798259174596751e-06,
      9.848868103290442e-07,
      2.8698127607640345e-07,
      7.21123569746851e-08,
      1.6072341679773672e-08,
      3.243436186295412e-09
    ],
    [
      9.420729156772722e-07,
      1.1793950989158475e-06,
      7.63926038871432e-07,
      3.413480555991555e-07,
      1.1837134650249936e-07,
      3.397990155917796e-08,
      8.410967033967154e-09,
      1.8464785256355754e-09,
      3.6699726591038484e-10
    ]
  ],
  "probs_results": [
    0.26564404368400574,
    0.20014484226703644,
    0.5342110991477966
  ]
}