{
  "skills_mean": [
    [
      0.06194472312927246,
      0.450722336769104
    ],
    [
      0.5914944410324097,
      0.8656144142150879
    ]
  ],
  "skills_cov": [
    [
      [
        0.02257440984249115,
        0.01093531958758831
      ],
      [
        0.01093531958758831,
        0.02455979958176613
      ]
    ],
    [
      [
        0.017924929037690163,
        0.010542565956711769
      ],
      [
        0.010542565956711769,
        0.02471708506345749
      ]
    ]
  ],
  "probs_grid": [
    [
      0.04612457752227783,
      0.09728893637657166,
      0.10663632303476334,
      0.08097362518310547,
      0.04791567847132683,
      0.02356570027768612,
      0.01003278885036707,
      0.0038025742396712303,
      0.0013096112525090575
    ],
    [
      0.040861766785383224,
      0.08483915776014328,
      0.09152701497077942,
      0.0684015303850174,
      0.03983341157436371,
      0.019278349354863167,
      0.00807619746774435,
      0.003011878812685609,
      0.001020606723614037
    ],
    [
      0.018923403695225716,
      0.03866839036345482,
      0.04105374217033386,
      0.030191313475370407,
      0.017300093546509743,
      0.008238169364631176,
      0.0033955159597098827,
      0.0012458169367164373,
      0.0004153136978857219
    ],
    [
      0.0061078378930687904,
      0.012281619012355804,
      0.01283017173409462,
      0.009283533319830894,
      0.005233656615018845,
      0.002451832639053464,
      0.0009941415628418326,
      0.00035880785435438156,
      0.00011766137322410941
    ],
    [
      0.0015456174733117223,
      0.0030578775331377983,
      0.0031428064685314894,
      0.0022371369414031506,
      0.0012406675377860665,
      0.0005717286840081215,
      0.0002280227345181629,
      8.094805525615811e-05,
      2.6108369638677686e-05
    ],
    [
      0.0003270689630880952,
      0.0006365743465721607,
      0.0006435928517021239,
      0.0004506364930421114,
      0.0002458146191202104,
      0.00011141442519146949,
      4.370308306533843e-05,
      1.5258368875947781e-05,
      4.839903795073042e-06
    ],
    [
      6.0282720369286835e-05,
      0.00011540907871676609,
      0.00011476634972495958,
      7.903507503215224e-05,
      4.240051930537447e-05,
      1.8899791029980406e-05,
      7.290616849786602e-06,
      2.5031304176081903e-06,
      7.807735187270737e-07
    ],
    [
      9.953143489838112e-06,
      1.8741082385531627e-05,
      1.8328781152376905e-05,
      1.241314566868823e-05,
      6.548743385792477e-06,
      2.8704607757390477e-06,
      1.0888120414165314e-06,
      3.6758220289812016e-07,
      1.1273731104211038e-07
    ],
    [
      1.5026536175355432e-06,
      2.78249194707314e-06,
      2.6760342279885663e-06,
      1.7821309938881313e-06,
      9.244812417819048e-07,
      3.984365548603819e-07,
      1.4859860186788865e-07,
      4.932414654490458e-08,
      1.4873296372286404e-08
    ]
  ],
  "probs_results": [
    0.18289439380168915,
    0.14265355467796326,
    0.6744521260261536
  ]
}