{
  "skills_mean": [
    [
      0.49873533844947815,
      0.8458812236785889
    ],
    [
      0.5840355157852173,
      1.014374852180481
    ]
  ],
  "skills_cov": [
    [
      [
        0.022369058802723885,
        0.012356437742710114
      ],
      [
        0.012356437742710114,
        0.02621941640973091
      ]
    ],
    [
      [
        0.019921112805604935,
        0.01180429570376873
      ],
      [
        0.01180429570376873,
        0.025809500366449356
      ]
    ]
  ],
  "probs_grid": [
    [
      0.06993259489536285,
      0.10194810479879379,
      0.07754196971654892,
      0.041024625301361084,
      0.01698269136250019,
      0.005866785999387503,
      0.0017615769756957889,
      0.00047281422303058207,
      0.00011578840349102393
    ],
    [
      0.08070504665374756,
      0.11555919051170349,
      0.08632029592990875,
      0.04484584927558899,
      0.018228057771921158,
      0.006182285025715828,
      0.0018223320366814733,
      0.0004801308095920831,
      0.00011541094863787293
    ],
    [
      0.04870382696390152,
      0.06848666816949844,
      0.050234634429216385,
      0.025624459609389305,
      0.010225214064121246,
      0.0034044054336845875,
      0.0009850190253928304,
      0.00025472388369962573,
      6.009262870065868e-05
    ],
    [
      0.020491033792495728,
      0.028293408453464508,
      0.02037574164569378,
      0.010203568264842033,
      0.0039968350902199745,
      0.0013061548816040158,
      0.00037091472768224776,
      9.413358202436939e-05,
      2.1792910047224723e-05
    ],
    [
      0.006761011201888323,
      0.009165489114820957,
      0.0064797974191606045,
      0.0031851918902248144,
      0.0012246085098013282,
      0.00039276984171010554,
      0.00010945809481199831,
      2.7259658963885158e-05,
      6.19251932221232e-06
    ],
    [
      0.001865902915596962,
      0.00248315604403615,
      0.001723207882605493,
      0.0008313814760185778,
      0.0003136995364911854,
      9.873553062789142e-05,
      2.700050754356198e-05,
      6.597900210181251e-06,
      1.4705829016747884e-06
    ],
    [
      0.0004486178222578019,
      0.0005860232631675899,
      0.000399145414121449,
      0.00018898994312621653,
      6.997813034104183e-05,
      2.161227894248441e-05,
      5.798939582746243e-06,
      1.3902923683417612e-06,
      3.04011990692743e-07
    ],
    [
      9.664036042522639e-05,
      0.0001239015837199986,
      8.281981718027964e-05,
      3.8481055526062846e-05,
      1.3981142728880513e-05,
      4.236648237565532e-06,
      1.1152815204695798e-06,
      2.6232001459902676e-07,
      5.627082444448206e-08
    ],
    [
      1.903873089759145e-05,
      2.395503906882368e-05,
      1.5712947060819715e-05,
      7.163730515458155e-06,
      2.553712647568318e-06,
      7.592062729600002e-07,
      1.9606657986059872e-07,
      4.52385435778524e-08,
      9.519132149193865e-09
    ]
  ],
  "probs_results": [
    0.24728558957576752,
    0.3020414710044861,
    0.4506726861000061
  ]
}