{
  "skills_mean": [
    [
      -0.2494634985923767,
      0.3713997006416321
    ],
    [
      -0.23610863089561462,
      0.45625635981559753
    ]
  ],
  "skills_cov": [
    [
      [
        0.023210175335407257,
        0.010872126556932926
      ],
      [
        0.010872126556932926,
        0.022913062945008278
      ]
    ],
    [
      [
        0.019155390560626984,
        0.009286608546972275
      ],
      [
        0.009286608546972275,
        0.018768364563584328
      ]
    ]
  ],
  "probs_grid": [
    [
      0.1316545605659485,
      0.1376497447490692,
      0.07488769292831421,
      0.028265153989195824,
      0.00832573976367712,
      0.0020413731690496206,
      0.0004339583683758974,
      8.226242789532989e-05,
      1.4193968127074186e-05
    ],
    [
      0.12550489604473114,
      0.12956489622592926,
      0.06958184391260147,
      0.025918131694197655,
      0.007532523013651371,
      0.0018218394834548235,
      0.00038195756496861577,
      7.139420631574467e-05,
      1.214451822306728e-05
    ],
    [
      0.06225829944014549,
      0.06344479322433472,
      0.03362565115094185,
      0.012357894331216812,
      0.0035428423434495926,
      0.0008450893801636994,
      0.000174704531673342,
      3.219353311578743e-05,
      5.397930635808734e-06
    ],
    [
      0.021426932886242867,
      0.021548714488744736,
      0.011268344707787037,
      0.004085112363100052,
      0.0011550276540219784,
      0.00027166903601028025,
      5.5367992899846286e-05,
      1.0056929568236228e-05,
      1.6618593008388416e-06
    ],
    [
      0.00575540354475379,
      0.00571079459041357,
      0.0029457949567586184,
      0.0010532350279390812,
      0.0002936359669547528,
      6.808843318140134e-05,
      1.3678334653377533e-05,
      2.4485575522703584e-06,
      3.9869669876679836e-07
    ],
    [
      0.0012869024649262428,
      0.0012595878215506673,
      0.0006407808396033943,
      0.00022590458684135228,
      6.209028651937842e-05,
      1.4191478840075433e-05,
      2.8096810638089664e-06,
      4.956050929649791e-07,
      7.950735181339041e-08
    ],
    [
      0.0002494994841981679,
      0.00024083646712824702,
      0.00012080690066795796,
      4.198735041427426e-05,
      1.1375083886377979e-05,
      2.562275994932861e-06,
      4.998682925361209e-07,
      8.687037933441388e-08,
      1.3728419290259808e-08
    ],
    [
      4.313735189498402e-05,
      4.10571665270254e-05,
      2.0303243218222633e-05,
      6.955452590773348e-06,
      1.8570599422673695e-06,
      4.1218802948606026e-07,
      7.92246552805409e-08,
      1.3562879708217679e-08,
      2.1111501435910895e-09
    ],
    [
      6.789244253013749e-06,
      6.370275059452979e-06,
      3.105010364379268e-06,
      1.048296326189302e-06,
      2.7579051220527617e-07,
      6.030888499708453e-08,
      1.1418773482319011e-08,
      1.9254309258087687e-09,
      2.951603406131653e-10
    ]
  ],
  "probs_results": [
    0.2992417514324188,
    0.32519441843032837,
    0.37556391954421997
  ]
}