{
  "skills_mean": [
    [
      0.22094778716564178,
      0.9666783213615417
    ],
    [
      0.7983092665672302,
      0.8113410472869873
    ]
  ],
  "skills_cov": [
    [
      [
        0.021847231313586235,
        0.011838930658996105
      ],
      [
        0.011838930658996105,
        0.024126963689923286
      ]
    ],
    [
      [
        0.017232760787010193,
        0.00986551959067583
      ],
      [
        0.00986551959067583,
        0.022525612264871597
      ]
    ]
  ],
  "probs_grid": [
    [
      0.06602533906698227,
      0.10513035207986832,
      0.08696562796831131,
      0.04982764646410942,
      0.022243868559598923,
      0.00825192779302597,
      0.0026496758218854666,
      0.0007573800394311547,
      0.00019671117479447275
    ],
    [
      0.0711010992527008,
      0.11141395568847656,
      0.09068954735994339,
      0.05112504959106445,
      0.02245362475514412,
      0.008194191381335258,
      0.002588107483461499,
      0.0007276295218616724,
      0.0001858671457739547
    ],
    [
      0.03991137072443962,
      0.061537791043519974,
      0.04928293824195862,
      0.027331840246915817,
      0.011808045208454132,
      0.004238559398800135,
      0.0013166862772777677,
      0.00036405492573976517,
      9.145102376351133e-05
    ],
    [
      0.015569662675261497,
      0.023618187755346298,
      0.018607214093208313,
      0.010150652378797531,
      0.004313273821026087,
      0.0015227090334519744,
      0.0004651786875911057,
      0.00012647775292862207,
      3.1240630050888285e-05
    ],
    [
      0.004748375155031681,
      0.007085627876222134,
      0.005490843206644058,
      0.0029460524674504995,
      0.001231140922755003,
      0.00042740569915622473,
      0.00012839111150242388,
      3.4323787986068055e-05,
      8.335677193826996e-06
    ],
    [
      0.001207504072226584,
      0.0017722910270094872,
      0.001350739854387939,
      0.0007127115386538208,
      0.0002928792673628777,
      9.997652523452416e-05,
      2.9528569939429872e-05,
      7.761147571727633e-06,
      1.8529849512560759e-06
    ],
    [
      0.0002666878281161189,
      0.00038495869375765324,
      0.00028852224932052195,
      0.00014969818585086614,
      6.048612340237014e-05,
      2.030020914389752e-05,
      5.894590231037e-06,
      1.523075638942828e-06,
      3.574614027002099e-07
    ],
    [
      5.2612285799114034e-05,
      7.468220428563654e-05,
      5.503855209099129e-05,
      2.807742748700548e-05,
      1.1153714694955852e-05,
      3.680108648040914e-06,
      1.0504713827685919e-06,
      2.6680871201278933e-07,
      6.155089238291112e-08
    ],
    [
      9.463623428018764e-06,
      1.3208811651566066e-05,
      9.571009286446497e-06,
      4.800225269718794e-06,
      1.8746051182461088e-06,
      6.080097136873519e-07,
      1.7059635126770445e-07,
      4.2589132220882675e-08,
      9.656655919343393e-09
    ]
  ],
  "probs_results": [
    0.23824934661388397,
    0.2574313282966614,
    0.5043191313743591
  ]
}