{
  "skills_mean": [
    [
      -0.27843618392944336,
      0.36239537596702576
    ],
    [
      -0.21404506266117096,
      0.4863266944885254
    ]
  ],
  "skills_cov": [
    [
      [
        0.02359897829592228,
        0.011344696395099163
      ],
      [
        0.011344696395099163,
        0.023762494325637817
      ]
    ],
    [
      [
        0.01943141780793667,
        0.009714523330330849
      ],
      [
        0.009714523330330849,
        0.019578194245696068
      ]
    ]
  ],
  "probs_grid": [
    [
      0.134443461894989,
      0.14467619359493256,
      0.08109011501073837,
      0.03156169503927231,
      0.009596103802323341,
      0.0024308974388986826,
      0.000534403370693326,
      0.00010485792881809175,
      1.8744764020084403e-05
    ],
    [
      0.12120888382196426,
      0.12870681285858154,
      0.07116487622261047,
      0.027317533269524574,
      0.008189468644559383,
      0.0020450749434530735,
      0.00044309982331469655,
      8.567162149120122e-05,
      1.5088233340065926e-05
    ],
    [
      0.0569298192858696,
      0.059634242206811905,
      0.032519228756427765,
      0.012308166362345219,
      0.0036373743787407875,
      0.0008952213684096932,
      0.00019112836162094027,
      3.640675276983529e-05,
      6.315798145806184e-06
    ],
    [
      0.01857249066233635,
      0.01918671280145645,
      0.010316147468984127,
      0.0038489948492497206,
      0.0011210569646209478,
      0.0002718755858950317,
      5.718528700526804e-05,
      1.0729615496529732e-05,
      1.8331626279177726e-06
    ],
    [
      0.004734252579510212,
      0.004822226241230965,
      0.002555851126089692,
      0.0009398244437761605,
      0.0002697264135349542,
      6.444387690862641e-05,
      1.335165597993182e-05,
      2.4671883238625014e-06,
      4.150682855197374e-07
    ],
    [
      0.0010057371109724045,
      0.001009819796308875,
      0.0005274814320728183,
      0.00019112137670163065,
      5.403770410339348e-05,
      1.2717183381028008e-05,
      2.5948222628358053e-06,
      4.7214058440658846e-07,
      7.82024542900217e-08
    ],
    [
      0.00018546787032391876,
      0.00018352486949879676,
      9.44587736739777e-05,
      3.371706043253653e-05,
      9.390050763613544e-06,
      2.17630940824165e-06,
      4.3724975284931134e-07,
      7.832867510160213e-08,
      1.2771363522290358e-08
    ],
    [
      3.053578257095069e-05,
      2.9772232664981857e-05,
      1.509582762082573e-05,
      5.3074813877174165e-06,
      1.4556608221028e-06,
      3.322001020933385e-07,
      6.571010402467437e-08,
      1.1587408366153795e-08,
      1.8595549544642154e-09
    ],
    [
      4.5817218961019535e-06,
      4.400696525408421e-06,
      2.197780077040079e-06,
      7.609630756633123e-07,
      2.0550233159610798e-07,
      4.6171560796892663e-08,
      8.990116207030496e-09,
      1.5603452974133347e-09,
      2.4642846097044924e-10
    ]
  ],
  "probs_results": [
    0.29980483651161194,
    0.30229565501213074,
    0.3978995978832245
  ]
}