{
  "skills_mean": [
    [
      -0.3065589666366577,
      0.025193635374307632
    ],
    [
      0.10859686136245728,
      0.713803768157959
    ]
  ],
  "skills_cov": [
    [
      [
        0.0216231569647789,
        0.01020507700741291
      ],
      [
        0.01020507700741291,
        0.022476451471447945
      ]
    ],
    [
      [
        0.020033277571201324,
        0.010853083804249763
      ],
      [
        0.010853083804249763,
        0.0241389162838459
      ]
    ]
  ],
  "probs_grid": [
    [
      0.06173587590456009,
      0.12308789789676666,
      0.1275617629289627,
      0.09160954505205154,
      0.0512833334505558,
      0.02386716939508915,
      0.009618056006729603,
      0.0034515345469117165,
      0.0011258266167715192
    ],
    [
      0.0442686602473259,
      0.08697468042373657,
      0.08880949020385742,
      0.06283307820558548,
      0.03464842587709427,
      0.01588265225291252,
      0.006303516216576099,
      0.0022276341915130615,
      0.0007154925260692835
    ],
    [
      0.016577372327446938,
      0.03208756819367409,
      0.032275695353746414,
      0.022491978481411934,
      0.012215213850140572,
      0.00551413232460618,
      0.0021549430675804615,
      0.0007498268387280405,
      0.00023711298126727343
    ],
    [
      0.004322278779000044,
      0.008240808732807636,
      0.008163868449628353,
      0.0056026107631623745,
      0.002996155759319663,
      0.0013316894182935357,
      0.0005123763112351298,
      0.00017551328346598893,
      5.4635078413411975e-05
    ],
    [
      0.0008827089914120734,
      0.0016573976026847959,
      0.0016168139409273863,
      0.0010924965608865023,
      0.0005752031574957073,
      0.00025168171850964427,
      9.532299009151757e-05,
      3.214025855413638e-05,
      9.847258297668304e-06
    ],
    [
      0.00015060325677040964,
      0.00027843035059049726,
      0.0002674123097676784,
      0.0001778829173417762,
      9.219194907927886e-05,
      3.970532270614058e-05,
      1.4800973076489754e-05,
      4.911462383461185e-06,
      1.4808863397774985e-06
    ],
    [
      2.2359723516274244e-05,
      4.06955587095581e-05,
      3.847438711090945e-05,
      2.519121699151583e-05,
      1.2849897757405415e-05,
      5.446496288641356e-06,
      1.9979900116595672e-06,
      6.524149966935511e-07,
      1.935632525373876e-07
    ],
    [
      2.9711313800362404e-06,
      5.322682682162849e-06,
      4.95276572110015e-06,
      3.1914278224576265e-06,
      1.6020098883018363e-06,
      6.68166308059881e-07,
      2.4117795760503213e-07,
      7.748588615186236e-08,
      2.261807807713012e-08
    ],
    [
      3.60684907718678e-07,
      6.359143185363791e-07,
      5.822978437208803e-07,
      3.6921639434694953e-07,
      1.8236100629565044e-07,
      7.483362196580856e-08,
      2.6574921818678376e-08,
      8.399600126551832e-09,
      2.4119861663507436e-09
    ]
  ],
  "probs_results": [
    0.18737104535102844,
    0.12014862149953842,
    0.6924805045127869
  ]
}