{
  "skills_mean": [
    [
      0.2878684401512146,
      0.9283161163330078
    ],
    [
      0.8167651295661926,
      1.1246041059494019
    ]
  ],
  "skills_cov": [
    [
      [
        0.023586902767419815,
        0.013879398815333843
      ],
      [
        0.013879398815333843,
        0.02734992653131485
      ]
    ],
    [
      [
        0.01810789853334427,
        0.011246581561863422
      ],
      [
        0.011246581561863422,
        0.026810048148036003
      ]
    ]
  ],
  "probs_grid": [
    [
      0.0760456770658493,
      0.12686695158481598,
      0.11033172905445099,
      0.06668341904878616,
      0.0315065011382103,
      0.012411397881805897,
      0.004245710093528032,
      0.0012970740208402276,
      0.000361207959940657
    ],
    [
      0.06497431546449661,
      0.10643480718135834,
      0.09087580442428589,
      0.053917206823825836,
      0.025004873052239418,
      0.009667573496699333,
      0.003245495492592454,
      0.0009729591547511518,
      0.00026586157036945224
    ],
    [
      0.029103124514222145,
      0.046801380813121796,
      0.03922374173998833,
      0.02284054271876812,
      0.010395338758826256,
      0.003943910356611013,
      0.0012991225812584162,
      0.00038211248465813696,
      0.00010243572614854202
    ],
    [
      0.00911114551126957,
      0.014380834996700287,
      0.011828199028968811,
      0.006758901756256819,
      0.0030183398630470037,
      0.0011235163547098637,
      0.0003630715946201235,
      0.00010475952149135992,
      2.7547828722163104e-05
    ],
    [
      0.0022426340728998184,
      0.003473618533462286,
      0.0028033966664224863,
      0.0015716977650299668,
      0.0006885732873342931,
      0.0002514295047149062,
      7.969904254423454e-05,
      2.2555424948222935e-05,
      5.817240435135318e-06
    ],
    [
      0.00046289878082461655,
      0.0007034746813587844,
      0.0005569904460571706,
      0.00030633065034635365,
      0.00013164206757210195,
      4.714677561423741e-05,
      1.4657221981906332e-05,
      4.068048383487621e-06,
      1.028883502840472e-06
    ],
    [
      8.345345850102603e-05,
      0.00012441608123481274,
      9.662875527283177e-05,
      5.212472751736641e-05,
      2.1968968212604523e-05,
      7.716117579548154e-06,
      2.352356204937678e-06,
      6.402038934538723e-07,
      1.5876624104294024e-07
    ],
    [
      1.351529499515891e-05,
      1.9763492673519067e-05,
      1.5054381037771236e-05,
      7.964081305544823e-06,
      3.2915911560849054e-06,
      1.1336297802699846e-06,
      3.388648508462211e-07,
      9.042122428581933e-08,
      2.1984625675486313e-08
    ],
    [
      2.006966269618715e-06,
      2.8782299068552675e-06,
      2.1499936337932013e-06,
      1.1152962997584837e-06,
      4.5197234044280776e-07,
      1.5261669261690258e-07,
      4.472583725600998e-08,
      1.1699902380257754e-08,
      2.788640873774284e-09
    ]
  ],
  "probs_results": [
    0.22926002740859985,
    0.18895629048347473,
    0.5817835927009583
  ]
}