{
  "skills_mean": [
    [
      0.032137975096702576,
      0.37892934679985046
    ],
    [
      0.5800263285636902,
      1.197891354560852
    ]
  ],
  "skills_cov": [
    [
      [
        0.019309982657432556,
        0.010241387411952019
      ],
      [
        0.010241387411952019,
        0.020814524963498116
      ]
    ],
    [
      [
        0.019403988495469093,
        0.012176486663520336
      ],
      [
        0.012176486663520336,
        0.02837393991649151
      ]
    ]
  ],
  "probs_grid": [
    [
      0.0528445728123188,
      0.11769450455904007,
      0.13594277203083038,
      0.10856546461582184,
      0.06743217259645462,
      0.03474246338009834,
      0.015464968048036098,
      0.006116657517850399,
      0.0021941005252301693
    ],
    [
      0.03315233811736107,
      0.07268043607473373,
      0.08262649178504944,
      0.06494030356407166,
      0.03969264030456543,
      0.020122777670621872,
      0.008813089691102505,
      0.0034293788485229015,
      0.0012101891916245222
    ],
    [
      0.010880940593779087,
      0.023475607857108116,
      0.02626175619661808,
      0.02030884101986885,
      0.012212700210511684,
      0.006090987008064985,
      0.0026241953019052744,
      0.0010044421069324017,
      0.00034864211920648813
    ],
    [
      0.0024910164065659046,
      0.005287849344313145,
      0.005819686688482761,
      0.004427304025739431,
      0.0026188548654317856,
      0.0012847048928961158,
      0.0005443780100904405,
      0.0002049244212685153,
      6.995058356551453e-05
    ],
    [
      0.00044748312211595476,
      0.0009344184072688222,
      0.001011554035358131,
      0.0007568736909888685,
      0.00044031202560290694,
      0.0002124174643540755,
      8.851175516610965e-05,
      3.2763113267719746e-05,
      1.0996504897775594e-05
    ],
    [
      6.727800064254552e-05,
      0.00013817044964525849,
      0.00014709852985106409,
      0.00010823269985849038,
      6.19133425061591e-05,
      2.9368235118454322e-05,
      1.2031784535793122e-05,
      4.37860671809176e-06,
      1.444805207029276e-06
    ],
    [
      8.818014066491742e-06,
      1.7807818949222565e-05,
      1.864111800387036e-05,
      1.3485383533407003e-05,
      7.584121703985147e-06,
      3.5366554129723227e-06,
      1.424355559720425e-06,
      5.095418487144343e-07,
      1.6526954027540341e-07
    ],
    [
      1.0362866760260658e-06,
      2.0575123471644474e-06,
      2.1173818822717294e-06,
      1.5057790960781858e-06,
      8.324365694534208e-07,
      3.815628701886453e-07,
      1.5104311046343355e-07,
      5.310741357789084e-08,
      1.6929595503256678e-08
    ],
    [
      1.1146253342531054e-07,
      2.1754206613877614e-07,
      2.2005292521498632e-07,
      1.5381313289708487e-07,
      8.357318392882007e-08,
      3.764841949305264e-08,
      1.4646357904268825e-08,
      5.060777574783515e-09,
      1.5853650614516823e-09
    ]
  ],
  "probs_results": [
    0.1569664627313614,
    0.0850115716457367,
    0.7580219507217407
  ]
}