{
  "skills_mean": [
    [
      -0.1125321015715599,
      0.29668036103248596
    ],
    [
      -0.23439978063106537,
      0.027007531374692917
    ]
  ],
  "skills_cov": [
    [
      [
        0.023505819961428642,
        0.010892924852669239
      ],
      [
        0.010892924852669239,
        0.0207761712372303
      ]
    ],
    [
      [
        0.02052309177815914,
        0.010654032230377197
      ],
      [
        0.010654032230377197,
        0.020426027476787567
      ]
    ]
  ],
  "probs_grid": [
    [
      0.059096310287714005,
      0.06751303374767303,
      0.04008742794394493,
      0.016494380310177803,
      0.00529049476608634,
      0.0014108811737969518,
      0.000325849890941754,
      6.703203689539805e-05,
      1.2537428119685501e-05
    ],
    [
      0.09650565683841705,
      0.10849457234144211,
      0.06338752806186676,
      0.025659997016191483,
      0.00809647049754858,
      0.0021238524932414293,
      0.00048244098434224725,
      9.760299872141331e-05,
      1.795176103769336e-05
    ],
    [
      0.08205071836709976,
      0.09076524525880814,
      0.052173178642988205,
      0.020777076482772827,
      0.006448565516620874,
      0.0016637519001960754,
      0.0003716772189363837,
      7.394439307972789e-05,
      1.3373177353059873e-05
    ],
    [
      0.04842187836766243,
      0.05270105600357056,
      0.029801560565829277,
      0.011674074456095695,
      0.003563724923878908,
      0.00090425880625844,
      0.0001986527058761567,
      3.88617736462038e-05,
      6.910468073328957e-06
    ],
    [
      0.02231188677251339,
      0.023889940232038498,
      0.013288941234350204,
      0.005120182875543833,
      0.0015372242778539658,
      0.0003835807438008487,
      8.286153752123937e-05,
      1.593827073520515e-05,
      2.786467121040914e-06
    ],
    [
      0.008561396040022373,
      0.009017577394843102,
      0.004933858755975962,
      0.0018696559127420187,
      0.0005520180566236377,
      0.00013544870307669044,
      2.8769891287083738e-05,
      5.4407664720201865e-06,
      9.351381891065103e-07
    ],
    [
      0.002849341370165348,
      0.002952051116153598,
      0.0015885907923802733,
      0.00059202138800174,
      0.00017188639321830124,
      4.147049185121432e-05,
      8.660542334837373e-06,
      1.6101904520837707e-06,
      2.7206502295484825e-07
    ],
    [
      0.0008458973024971783,
      0.0008619895670562983,
      0.00045619881711900234,
      0.00016718766710255295,
      4.7730507503729314e-05,
      1.1322615137032699e-05,
      2.324728711755597e-06,
      4.2490589180488314e-07,
      7.057452222625216e-08
    ],
    [
      0.00022864610946271569,
      0.00022915411682333797,
      0.0001192666677525267,
      4.298045678297058e-05,
      1.2065029295627028e-05,
      2.813914079524693e-06,
      5.679838750438648e-07,
      1.0205318545786213e-07,
      1.6661848789567557e-08
    ]
  ],
  "probs_results": [
    0.23316994309425354,
    0.5011227130889893,
    0.26570752263069153
  ]
}