{
  "skills_mean": [
    [
      0.3913765549659729,
      0.973646342754364
    ],
    [
      0.5715787410736084,
      1.1818559169769287
    ]
  ],
  "skills_cov": [
    [
      [
        0.01747051812708378,
        0.009260033257305622
      ],
      [
        0.009260033257305622,
        0.01976904086768627
      ]
    ],
    [
      [
        0.017139846459031105,
        0.010362900793552399
      ],
      [
        0.010362900793552399,
        0.02623123861849308
      ]
    ]
  ],
  "probs_grid": [
    [
      0.11220014095306396,
      0.142990842461586,
      0.09435199201107025,
      0.042977236211299896,
      0.015201973728835583,
      0.004453896079212427,
      0.0011258024023845792,
      0.00025250817998312414,
      5.1298924518050626e-05
    ],
    [
      0.09888432174921036,
      0.12441348284482956,
      0.0810319110751152,
      0.036426179111003876,
      0.012713737785816193,
      0.0036748782731592655,
      0.0009162830538116395,
      0.00020269631932023913,
      4.0609065763419494e-05
    ],
    [
      0.04542484134435654,
      0.056409019976854324,
      0.036255888640880585,
      0.016080781817436218,
      0.005536949727684259,
      0.001578630181029439,
      0.0003881918964907527,
      8.46806651679799e-05,
      1.6727399270166643e-05
    ],
    [
      0.014501211233437061,
      0.017769314348697662,
      0.011267906986176968,
      0.004930020775645971,
      0.001674275379627943,
      0.00047075143083930016,
      0.00011414472101023421,
      2.4549233785364777e-05,
      4.780518338520778e-06
    ],
    [
      0.0036189749371260405,
      0.00437487056478858,
      0.0027364464476704597,
      0.0011808121344074607,
      0.0003954473359044641,
      0.00010962949454551563,
      2.6206729671685025e-05,
      5.556042651733151e-06,
      1.066412096406566e-06
    ],
    [
      0.0007530738948844373,
      0.0008979203994385898,
      0.00055388652253896,
      0.00023567775497213006,
      7.781729800626636e-05,
      2.126731487805955e-05,
      5.011247594666202e-06,
      1.047126261255471e-06,
      1.9806789453014062e-07
    ],
    [
      0.00013610030873678625,
      0.00016002688789740205,
      9.73316200543195e-05,
      4.082972736796364e-05,
      1.3289477465150412e-05,
      3.579886879379046e-06,
      8.31344493690267e-07,
      1.7118593120812875e-07,
      3.190618258486211e-08
    ],
    [
      2.1971238311380148e-05,
      2.5470639229752123e-05,
      1.5272165910573676e-05,
      6.3149950619845185e-06,
      2.0258460153854685e-06,
      5.378040555115149e-07,
      1.2306898611313954e-07,
      2.4969319056822314e-08,
      4.585053670069783e-09
    ],
    [
      3.234046744182706e-06,
      3.695781970236567e-06,
      2.1842024580109864e-06,
      8.90111778062419e-07,
      2.813923174471711e-07,
      7.360743126128e-08,
      1.65957292352914e-08,
      3.3171538849074977e-09,
      6.000358543367668e-10
    ]
  ],
  "probs_results": [
    0.2782249450683594,
    0.25922662019729614,
    0.4625481963157654
  ]
}