{
  "skills_mean": [
    [
      0.2879115641117096,
      0.9284552335739136
    ],
    [
      -0.30189865827560425,
      0.29537642002105713
    ]
  ],
  "skills_cov": [
    [
      [
        0.023462597280740738,
        0.0137790497392416
      ],
      [
        0.0137790497392416,
        0.027226757258176804
      ]
    ],
    [
      [
        0.023935716599225998,
        0.012066923081874847
      ],
      [
        0.012066923081874847,
        0.02532101795077324
      ]
    ]
  ],
  "probs_grid": [
    [
      0.08409752696752548,
      0.049388639628887177,
      0.015224235132336617,
      0.003284167731180787,
      0.0005577320116572082,
      7.953154999995604e-05,
      9.919016520143487e-06,
      1.1128051937703276e-06,
      1.1463444593573513e-07
    ],
    [
      0.1529381275177002,
      0.08825579285621643,
      0.02672380395233631,
      0.005661169067025185,
      0.0009438509005121887,
      0.00013209923054091632,
      1.616610461496748e-05,
      1.779226749931695e-06,
      1.797664168634583e-07
    ],
    [
      0.14536964893341064,
      0.08241408318281174,
      0.024509107694029808,
      0.005097815301269293,
      0.0008342856308445334,
      0.00011458720837254077,
      1.375826741423225e-05,
      1.485306029280764e-06,
      1.471733668267916e-07
    ],
    [
      0.09627772867679596,
      0.05361396074295044,
      0.015656886622309685,
      0.0031970315612852573,
      0.000513514329213649,
      6.920627492945641e-05,
      8.151666406774893e-06,
      8.631367904854415e-07,
      8.386630412360319e-08
    ],
    [
      0.04997500777244568,
      0.02733127400279045,
      0.007836555130779743,
      0.00157070136629045,
      0.00024758311337791383,
      3.273681431892328e-05,
      3.7823879210918676e-06,
      3.9277105656765343e-07,
      3.742003684692463e-08
    ],
    [
      0.021682454273104668,
      0.011644134297966957,
      0.0032775751315057278,
      0.000644755840767175,
      9.972319094231352e-05,
      1.2935706763528287e-05,
      1.4659125326943467e-06,
      1.4927415747933992e-07,
      1.3943508569980168e-08
    ],
    [
      0.008189240470528603,
      0.00431794673204422,
      0.0011930285254493356,
      0.00023031386081129313,
      3.4950338886119425e-05,
      4.447173978405772e-06,
      4.942584155287477e-07,
      4.935154507279549e-08,
      4.51939818901792e-09
    ],
    [
      0.002768939360976219,
      0.0014332786668092012,
      0.0003886743215844035,
      7.362736505456269e-05,
      1.0961309271806385e-05,
      1.3680394204129698e-06,
      1.4910378354215936e-07,
      1.4597423714235447e-08,
      1.3104546336961675e-09
    ],
    [
      0.0008554402738809586,
      0.00043465584167279303,
      0.00011567542242119089,
      2.150014552171342e-05,
      3.139945420116419e-06,
      3.8435373994616384e-07,
      4.1078365597968514e-08,
      3.9429037812510614e-09,
      3.469803333544519e-10
    ]
  ],
  "probs_results": [
    0.20043115317821503,
    0.6907919049263,
    0.10877709835767746
  ]
}