{
  "skills_mean": [
    [
      0.007470035459846258,
      0.3671995997428894
    ],
    [
      0.6105998754501343,
      1.1937696933746338
    ]
  ],
  "skills_cov": [
    [
      [
        0.018972964957356453,
        0.009980306029319763
      ],
      [
        0.009980306029319763,
        0.02049858123064041
      ]
    ],
    [
      [
        0.018900100141763687,
        0.01169121265411377
      ],
      [
        0.01169121265411377,
        0.027667062357068062
      ]
    ]
  ],
  "probs_grid": [
    [
      0.048613548278808594,
      0.11263047158718109,
      0.13522517681121826,
      0.11216449737548828,
      0.07230264693498611,
      0.038630831986665726,
      0.01781855709850788,
      0.007297146134078503,
      0.0027081824373453856
    ],
    [
      0.029908711090683937,
      0.06824939697980881,
      0.08069723099470139,
      0.06591334193944931,
      0.041836097836494446,
      0.022007722407579422,
      0.009993691928684711,
      0.004028930328786373,
      0.0014718767488375306
    ],
    [
      0.009617726318538189,
      0.021611155942082405,
      0.025159504264593124,
      0.020232195034623146,
      0.012641913257539272,
      0.006546313874423504,
      0.0029260292649269104,
      0.0011610398069024086,
      0.0004174548957962543
    ],
    [
      0.0021552741527557373,
      0.0047678276896476746,
      0.005464107729494572,
      0.004325150512158871,
      0.002659986261278391,
      0.0013556365156546235,
      0.0005963188596069813,
      0.0002328501286683604,
      8.238492591772228e-05
    ],
    [
      0.00037863667239435017,
      0.0008244505152106285,
      0.0009299381636083126,
      0.0007244269363582134,
      0.00043843340245075524,
      0.00021987242507748306,
      9.516686259303242e-05,
      3.6563011235557497e-05,
      1.2727758985420223e-05
    ],
    [
      5.562122896662913e-05,
      0.00011918568634428084,
      0.00013228901661932468,
      0.00010140192898688838,
      6.038235005689785e-05,
      2.9792632631142624e-05,
      1.2686247828241903e-05,
      4.794901542481966e-06,
      1.6419584198956727e-06
    ],
    [
      7.116448614397086e-06,
      1.5004113265604246e-05,
      1.6384939954150468e-05,
      1.2355931175989099e-05,
      7.238091257022461e-06,
      3.5130578908137977e-06,
      1.471473751735175e-06,
      5.470466248880257e-07,
      1.8425392056542478e-07
    ],
    [
      8.156488320310018e-07,
      1.6917629181989469e-06,
      1.8173456055592396e-06,
      1.3480555480782641e-06,
      7.767362149024848e-07,
      3.7079379922033695e-07,
      1.5274939357823314e-07,
      5.584891127341507e-08,
      1.8499378029446234e-08
    ],
    [
      8.548538232844294e-08,
      1.7440042654470744e-07,
      1.8426443659791403e-07,
      1.344267843705893e-07,
      7.617380504143512e-08,
      3.5760248096039504e-08,
      1.4486623456377856e-08,
      5.208444342486018e-09,
      1.6964583071654715e-09
    ]
  ],
  "probs_results": [
    0.1471557319164276,
    0.07709770649671555,
    0.7757464647293091
  ]
}