{
  "skills_mean": [
    [
      -0.1125321164727211,
      0.29668036103248596
    ],
    [
      -0.23439984023571014,
      0.027007536962628365
    ]
  ],
  "skills_cov": [
    [
      [
        0.023505669087171555,
        0.010892844758927822
      ],
      [
        0.010892844758927822,
        0.020776020362973213
      ]
    ],
    [
      [
        0.020522940903902054,
        0.010653951205313206
      ],
      [
        0.010653951205313206,
        0.020425867289304733
      ]
    ]
  ],
  "probs_grid": [
    [
      0.059096354991197586,
      0.06751307100057602,
      0.04008744657039642,
      0.01649436727166176,
      0.0052904896438121796,
      0.0014108777977526188,
      0.00032584863947704434,
      6.70316512696445e-05,
      1.2537330803752411e-05
    ],
    [
      0.09650573134422302,
      0.10849460959434509,
      0.06338754296302795,
      0.02566000074148178,
      0.008096462115645409,
      0.002123847370967269,
      0.00048243955825455487,
      9.7602533060126e-05,
      1.7951644622371532e-05
    ],
    [
      0.08205072581768036,
      0.0907653197646141,
      0.052173204720020294,
      0.020777085795998573,
      0.006448561791330576,
      0.0016637496883049607,
      0.00037167640402913094,
      7.394408748950809e-05,
      1.3373100046010222e-05
    ],
    [
      0.04842188581824303,
      0.052701059728860855,
      0.029801562428474426,
      0.011674079112708569,
      0.0035637246910482645,
      0.0009042574092745781,
      0.00019865231297444552,
      3.8861631765030324e-05,
      6.910432603035588e-06
    ],
    [
      0.0223118644207716,
      0.023889940232038498,
      0.013288936577737331,
      0.0051201810128986835,
      0.0015372231137007475,
      0.0003835801035165787,
      8.286137745017186e-05,
      1.5938219803501852e-05,
      2.7864548428624403e-06
    ],
    [
      0.008561385795474052,
      0.00901756901293993,
      0.0049338554963469505,
      0.0018696535844355822,
      0.0005520174163393676,
      0.00013544851390179247,
      2.876984581234865e-05,
      5.440751920104958e-06,
      9.351342669106089e-07
    ],
    [
      0.0028493336867541075,
      0.002952044131234288,
      0.0015885875327512622,
      0.0005920205730944872,
      0.00017188608762808144,
      4.1470433643553406e-05,
      8.66052050696453e-06,
      1.610184199307696e-06,
      2.720636587127956e-07
    ],
    [
      0.0008458934025838971,
      0.0008619864238426089,
      0.0004561973037198186,
      0.0001671872305450961,
      4.773038381244987e-05,
      1.1322582395223435e-05,
      2.3247198441822547e-06,
      4.2490404439377016e-07,
      7.057415984945692e-08
    ],
    [
      0.00022864474158268422,
      0.00022915290901437402,
      0.00011926613660762087,
      4.2980285797966644e-05,
      1.2064984730386641e-05,
      2.813904302456649e-06,
      5.679816013071104e-07,
      1.0205266676166502e-07,
      1.666175464265507e-08
    ]
  ],
  "probs_results": [
    0.23316994309425354,
    0.5011225938796997,
    0.26570749282836914
  ]
}