{
  "skills_mean": [
    [
      0.8006957173347473,
      0.8134705424308777
    ],
    [
      0.10861313343048096,
      0.713910698890686
    ]
  ],
  "skills_cov": [
    [
      [
        0.01767718233168125,
        0.010217239148914814
      ],
      [
        0.010217239148914814,
        0.022951681166887283
      ]
    ],
    [
      [
        0.019907958805561066,
        0.010751861147582531
      ],
      [
        0.010751861147582531,
        0.024014825001358986
      ]
    ]
  ],
  "probs_grid": [
    [
      0.04703502357006073,
      0.04576639086008072,
      0.023182544857263565,
      0.008150417357683182,
      0.0022373320534825325,
      0.000511464080773294,
      0.00010142267274204642,
      1.794305171642918e-05,
      2.890838914026972e-06
    ],
    [
      0.09463932365179062,
      0.09066347032785416,
      0.04520895332098007,
      0.015644658356904984,
      0.004226569551974535,
      0.0009508139337413013,
      0.00018552073743194342,
      3.229147114325315e-05,
      5.118108674651012e-06
    ],
    [
      0.0989009365439415,
      0.0932740718126297,
      0.045782268047332764,
      0.0155930295586586,
      0.004145667422562838,
      0.0009176920284517109,
      0.00017617522098589689,
      3.0168233934091404e-05,
      4.7037278818606865e-06
    ],
    [
      0.07156465202569962,
      0.06643950194120407,
      0.03209788352251053,
      0.010759018361568451,
      0.0028148258570581675,
      0.0006130896508693695,
      0.00011579749116208404,
      1.950704063347075e-05,
      2.991806695717969e-06
    ],
    [
      0.040333863347768784,
      0.03685829043388367,
      0.017525529488921165,
      0.005781018640846014,
      0.0014882435789331794,
      0.0003189285343978554,
      5.926172525505535e-05,
      9.820499144552741e-06,
      1.4815160511716385e-06
    ],
    [
      0.018883908167481422,
      0.01698509231209755,
      0.007948126643896103,
      0.002579951426014304,
      0.000653506547678262,
      0.00013778303400613368,
      2.5186232960550115e-05,
      4.105551397515228e-06,
      6.091973432376108e-07
    ],
    [
      0.0076496354304254055,
      0.006771788466721773,
      0.003118448657914996,
      0.0009960427414625883,
      0.00024823646526783705,
      5.148960917722434e-05,
      9.258843419956975e-06,
      1.4845606983726611e-06,
      2.1666221527993912e-07
    ],
    [
      0.0027573846746236086,
      0.0024022888392210007,
      0.0010886266827583313,
      0.00034213109756819904,
      8.389037247980013e-05,
      1.7118218238465488e-05,
      3.02796024698182e-06,
      4.775408228852029e-07,
      6.854589429394764e-08
    ],
    [
      0.0009027366177178919,
      0.0007739901193417609,
      0.0003451359807513654,
      0.00010672394273569807,
      2.5745350285433233e-05,
      5.168014467926696e-06,
      8.992018365461263e-07,
      1.3948411492492596e-07,
      1.9691121622145147e-08
    ]
  ],
  "probs_results": [
    0.19604982435703278,
    0.6327186822891235,
    0.17123138904571533
  ]
}