{
  "skills_mean": [
    [
      0.7703750133514404,
      1.1052765846252441
    ],
    [
      -0.2140771746635437,
      0.4863995611667633
    ]
  ],
  "skills_cov": [
    [
      [
        0.017167871817946434,
        0.010578762739896774
      ],
      [
        0.010578762739896774,
        0.026177706196904182
      ]
    ],
    [
      [
        0.0193057619035244,
        0.009612878784537315
      ],
      [
        0.009612878784537315,
        0.019452596083283424
      ]
    ]
  ],
  "probs_grid": [
    [
      0.04756488651037216,
      0.025673968717455864,
      0.007237061392515898,
      0.001420424785465002,
      0.00021837285021319985,
      2.8048876629327424e-05,
      3.135306997137377e-06,
      3.136956365779042e-07,
      2.8677183294689712e-08
    ],
    [
      0.11468952149152756,
      0.06106880307197571,
      0.016977302730083466,
      0.003285500220954418,
      0.0004979216028004885,
      6.303240661509335e-05,
      6.942674644960789e-06,
      6.84338203882362e-07,
      6.16219679727692e-08
    ],
    [
      0.14296472072601318,
      0.07508690655231476,
      0.02058488503098488,
      0.003927507903426886,
      0.0005867023719474673,
      7.319354335777462e-05,
      7.943337550386786e-06,
      7.713188097113743e-07,
      6.840846111799692e-08
    ],
    [
      0.12282910197973251,
      0.06362532824277878,
      0.01719915121793747,
      0.0032349885441362858,
      0.0004762991447933018,
      5.855375638930127e-05,
      6.260702321014833e-06,
      5.988448492644238e-07,
      5.230909749798229e-08
    ],
    [
      0.08181890845298767,
      0.0417957603931427,
      0.011139419861137867,
      0.0020653291139751673,
      0.0002996882831212133,
      3.630235732998699e-05,
      3.82396683562547e-06,
      3.602807794322871e-07,
      3.099333412137639e-08
    ],
    [
      0.04506848752498627,
      0.022701842710375786,
      0.005964962765574455,
      0.0010900888592004776,
      0.00015587812231387943,
      1.8604267097543925e-05,
      1.9305339264974464e-06,
      1.7915014893787884e-07,
      1.5177068490856982e-08
    ],
    [
      0.021381858736276627,
      0.010619531385600567,
      0.0027506407350301743,
      0.0004954322939738631,
      6.981069600442424e-05,
      8.208918188756797e-06,
      8.390986749873264e-07,
      7.669098778251282e-08,
      6.397930185642053e-09
    ],
    [
      0.008985915221273899,
      0.004400064703077078,
      0.0011234087869524956,
      0.00019941387290600687,
      2.7687352485372685e-05,
      3.2074367481982335e-06,
      3.229429523798899e-07,
      2.9068964124689955e-08,
      2.387982700469138e-09
    ],
    [
      0.003414554987102747,
      0.001648296369239688,
      0.00041479611536487937,
      7.255930540850386e-05,
      9.9262051662663e-06,
      1.1327936135785421e-06,
      1.1234136110260806e-07,
      9.958585067693093e-09,
      8.055456302002995e-10
    ]
  ],
  "probs_results": [
    0.13314707577228546,
    0.8060887455940247,
    0.06076432019472122
  ]
}