{
  "skills_mean": [
    [
      -0.20809601247310638,
      0.47900107502937317
    ],
    [
      0.22283172607421875,
      0.698861837387085
    ]
  ],
  "skills_cov": [
    [
      [
        0.020851075649261475,
        0.011032183654606342
      ],
      [
        0.011032183654606342,
        0.02408982440829277
      ]
    ],
    [
      [
        0.019957056269049644,
        0.01141283754259348
      ],
      [
        0.01141283754259348,
        0.025016939267516136
      ]
    ]
  ],
  "probs_grid": [
    [
      0.10124940425157547,
      0.14730195701122284,
      0.11163056641817093,
      0.058750636875629425,
      0.02415486052632332,
      0.008274502120912075,
      0.002459827112033963,
      0.0006526465876959264,
      0.00015774874191265553
    ],
    [
      0.08028249442577362,
      0.1150289922952652,
      0.08583549410104752,
      0.044473618268966675,
      0.0179981030523777,
      0.0060677374713122845,
      0.0017749584512785077,
      0.00046334153739735484,
      0.00011017250653821975
    ],
    [
      0.03324594348669052,
      0.04690137878060341,
      0.034453123807907104,
      0.017570042982697487,
      0.006997405085712671,
      0.002321201842278242,
      0.0006680217338725924,
      0.00017153916996903718,
      4.0118484321283177e-05
    ],
    [
      0.009586472995579243,
      0.013312658295035362,
      0.009624836035072803,
      0.004830085672438145,
      0.0018926552729681134,
      0.000617646612226963,
      0.00017484533600509167,
      4.415826333570294e-05,
      1.0156164535146672e-05
    ],
    [
      0.0021652504801750183,
      0.0029592125210911036,
      0.002105225343257189,
      0.0010394169948995113,
      0.0004006608505733311,
      0.00012860530114267021,
      3.5804252547677606e-05,
      8.892131518223323e-06,
      2.010906882787822e-06
    ],
    [
      0.00040858943248167634,
      0.0005494476645253599,
      0.00038455298636108637,
      0.00018676459148991853,
      7.0806490839459e-05,
      2.2350886865751818e-05,
      6.118724286352517e-06,
      1.4940900427973247e-06,
      3.321742951811757e-07
    ],
    [
      6.709581066388637e-05,
      8.876049832906574e-05,
      6.110476533649489e-05,
      2.9186610845499672e-05,
      1.088127464754507e-05,
      3.3773005725379335e-06,
      9.089890795621614e-07,
      2.18200128188073e-07,
      4.7685375648143236e-08
    ],
    [
      9.861372745945118e-06,
      1.2831163985538296e-05,
      8.68700590217486e-06,
      4.080146482010605e-06,
      1.4956120821807417e-06,
      4.5636326717612974e-07,
      1.2074200128608936e-07,
      2.8488777559232403e-08,
      6.119078133082212e-09
    ],
    [
      1.3241443639344652e-06,
      1.6943089349297225e-06,
      1.127907808040618e-06,
      5.208428319747327e-07,
      1.8768612619624037e-07,
      5.6294023664804627e-08,
      1.4638898981900184e-08,
      3.3945675159685607e-09,
      7.165111837181826e-10
    ]
  ],
  "probs_results": [
    0.25600892305374146,
    0.20314446091651917,
    0.5408469438552856
  ]
}