{
  "skills_mean": [
    [
      0.4522293508052826,
      0.7270177602767944
    ],
    [
      0.36937031149864197,
      0.5858336091041565
    ]
  ],
  "skills_cov": [
    [
      [
        0.018737711012363434,
        0.01012510247528553
      ],
      [
        0.01012510247528553,
        0.02086780034005642
      ]
    ],
    [
      [
        0.02011755295097828,
        0.010375534184277058
      ],
      [
        0.010375534184277058,
        0.02136739157140255
      ]
    ]
  ],
  "probs_grid": [
    [
      0.04717712849378586,
      0.0634949803352356,
      0.04439187049865723,
      0.021494772285223007,
      0.008108655922114849,
      0.002541836816817522,
      0.0006896419217810035,
      0.00016656242951285094,
      3.655327600426972e-05
    ],
    [
      0.07802022993564606,
      0.1033821776509285,
      0.07115403562784195,
      0.03391406312584877,
      0.012592482380568981,
      0.0038850088603794575,
      0.001037335372529924,
      0.00024654431035742164,
      5.324025187292136e-05
    ],
    [
      0.06694979965686798,
      0.0873340368270874,
      0.05916893854737282,
      0.027758367359638214,
      0.010144037194550037,
      0.0030799582600593567,
      0.0008092736825346947,
      0.00018926343182101846,
      4.021446147817187e-05
    ],
    [
      0.03974303603172302,
      0.05103394389152527,
      0.034032631665468216,
      0.015713991597294807,
      0.005651459563523531,
      0.0016885781660676003,
      0.0004365855420473963,
      0.00010046432726085186,
      2.1002666471758857e-05
    ],
    [
      0.018359439447522163,
      0.02320554479956627,
      0.015230919234454632,
      0.006921186111867428,
      0.002449550200253725,
      0.0007201924454420805,
      0.00018321901734452695,
      4.14821770391427e-05,
      8.53195433592191e-06
    ],
    [
      0.007039402145892382,
      0.00875739473849535,
      0.005656930152326822,
      0.0025297277607023716,
      0.0008810232975520194,
      0.0002548757183831185,
      6.379732076311484e-05,
      1.4210866538633127e-05,
      2.8754889171977993e-06
    ],
    [
      0.002333346987143159,
      0.0028569349087774754,
      0.0018161588814109564,
      0.000799213710706681,
      0.0002738812181632966,
      7.795801502652466e-05,
      1.91985018318519e-05,
      4.2072006181115285e-06,
      8.374713615921792e-07
    ],
    [
      0.0006876778788864613,
      0.0008286377415060997,
      0.0005183757748454809,
      0.00022446498041972518,
      7.568574801553041e-05,
      2.1195894078118727e-05,
      5.13536997459596e-06,
      1.1071026619902113e-06,
      2.1678702921690274e-07
    ],
    [
      0.00018393607751931995,
      0.00021811446640640497,
      0.00013426749501377344,
      5.720724948332645e-05,
      1.8978622392751276e-05,
      5.229070211498765e-06,
      1.2463536904760986e-06,
      2.643212724251498e-07,
      5.091325760986365e-08
    ]
  ],
  "probs_results": [
    0.22822025418281555,
    0.4569396376609802,
    0.31483983993530273
  ]
}