{
  "skills_mean": [
    [
      0.5726335048675537,
      0.8463667035102844
    ],
    [
      0.5882614850997925,
      1.169917106628418
    ]
  ],
  "skills_cov": [
    [
      [
        0.01967376470565796,
        0.010017226450145245
      ],
      [
        0.010017226450145245,
        0.02288680151104927
      ]
    ],
    [
      [
        0.0169182401150465,
        0.01010433305054903
      ],
      [
        0.01010433305054903,
        0.02574937976896763
      ]
    ]
  ],
  "probs_grid": [
    [
      0.07642695307731628,
      0.11181603372097015,
      0.08489423990249634,
      0.04459390789270401,
      0.018231259658932686,
      0.006187223829329014,
      0.0018155440920963883,
      0.00047374851419590414,
      0.00011221124441362917
    ],
    [
      0.08132028579711914,
      0.11727751791477203,
      0.08775855600833893,
      0.04542902484536171,
      0.01830078847706318,
      0.0061192261055111885,
      0.0017689266242086887,
      0.00045468559255823493,
      0.00010607700824039057
    ],
    [
      0.045152824372053146,
      0.06417740881443024,
      0.04732426255941391,
      0.024138184264302254,
      0.00958009622991085,
      0.0031555895693600178,
      0.0008985361200757325,
      0.00022747809998691082,
      5.226556822890416e-05
    ],
    [
      0.017442507669329643,
      0.02442951686680317,
      0.017749065533280373,
      0.008918817155063152,
      0.0034868938382714987,
      0.0011312884744256735,
      0.00031725826556794345,
      7.909788837423548e-05,
      1.7895934433909133e-05
    ],
    [
      0.0052733635529875755,
      0.007276707794517279,
      0.005208221729844809,
      0.002577926032245159,
      0.0009926806669682264,
      0.0003171846328768879,
      8.759571210248396e-05,
      2.1504596588783897e-05,
      4.790540060639614e-06
    ],
    [
      0.0013307965127751231,
      0.0018089930526912212,
      0.0012753375340253115,
      0.0006217248155735433,
      0.00023577046522404999,
      7.41835028748028e-05,
      2.0172437871224247e-05,
      4.8759002311271615e-06,
      1.0693647709558718e-06
    ],
    [
      0.0002919915714301169,
      0.00039094415842555463,
      0.0002714442671276629,
      0.00013031413254793733,
      4.8661288019502535e-05,
      1.5075354895088822e-05,
      4.036008249386214e-06,
      9.603974149285932e-07,
      2.0734620420626015e-07
    ],
    [
      5.7287277741124853e-05,
      7.553823525086045e-05,
      5.164848698768765e-05,
      2.4414972358499654e-05,
      8.976381650427356e-06,
      2.737824161158642e-06,
      7.215705295493535e-07,
      1.6901992694329238e-07,
      3.591835806560084e-08
    ],
    [
      1.0258578186039813e-05,
      1.3320145626494195e-05,
      8.967600479081739e-06,
      4.173650268057827e-06,
      1.5106701312106452e-06,
      4.5357674594015407e-07,
      1.1767178165200676e-07,
      2.7130154123256034e-08,
      5.674480885176081e-09
    ]
  ],
  "probs_results": [
    0.25104066729545593,
    0.27731332182884216,
    0.4716459810733795
  ]
}