{
  "skills_mean": [
    [
      -0.1409243792295456,
      0.5721936821937561
    ],
    [
      0.007217220962047577,
      0.5916549563407898
    ]
  ],
  "skills_cov": [
    [
      [
        0.02141343615949154,
        0.01075928658246994
      ],
      [
        0.01075928658246994,
        0.022944433614611626
      ]
    ],
    [
      [
        0.022319072857499123,
        0.012025839649140835
      ],
      [
        0.012025839649140835,
        0.024738941341638565
      ]
    ]
  ],
  "probs_grid": [
    [
      0.1287228912115097,
      0.14016026258468628,
      0.07963110506534576,
      0.03147255629301071,
      0.009733949787914753,
      0.0025127197150141,
      0.0005638775764964521,
      0.00011313713184790686,
      2.0716528524644673e-05
    ],
    [
      0.11977942287921906,
      0.12847690284252167,
      0.07188592106103897,
      0.02797374129295349,
      0.008516599424183369,
      0.0021636534947901964,
      0.00047775893472135067,
      9.430370846530423e-05,
      1.6984962712740526e-05
    ],
    [
      0.05821731314063072,
      0.06149621680378914,
      0.03387800604104996,
      0.012977073900401592,
      0.003888238687068224,
      0.0009719606605358422,
      0.00021113640104886144,
      4.099213401786983e-05,
      7.260776328621432e-06
    ],
    [
      0.019704844802618027,
      0.02049322985112667,
      0.011112825013697147,
      0.004189256113022566,
      0.0012350394390523434,
      0.0003037127899006009,
      6.48916102363728e-05,
      1.2389844414428808e-05,
      2.157848939532414e-06
    ],
    [
      0.005224727094173431,
      0.005348556209355593,
      0.0028542804066091776,
      0.0010586909484118223,
      0.00030703848460689187,
      7.426415686495602e-05,
      1.560404234624002e-05,
      2.929406491603004e-06,
      5.015775172978465e-07
    ],
    [
      0.00115749251563102,
      0.0011660794261842966,
      0.0006122656050138175,
      0.000223400944378227,
      6.372437928803265e-05,
      1.5157148482103366e-05,
      3.131366156594595e-06,
      5.779256753157824e-07,
      9.726721827973961e-08
    ],
    [
      0.00022316652757581323,
      0.00022119859931990504,
      0.00011425071716075763,
      4.1000908822752535e-05,
      1.1500933396746404e-05,
      2.689654593268642e-06,
      5.462624699248408e-07,
      9.909878428970842e-08,
      1.6392155188782453e-08
    ],
    [
      3.8511730963364244e-05,
      3.754939461941831e-05,
      1.9074877855018713e-05,
      6.73144631946343e-06,
      1.8564902575235465e-06,
      4.26813699050399e-07,
      8.52051371680318e-08,
      1.5191449875828766e-08,
      2.469337401223015e-09
    ],
    [
      6.07191532253637e-06,
      5.82252005187911e-06,
      2.9085390451655257e-06,
      1.0091609965456882e-06,
      2.73603092182384e-07,
      6.182771272733589e-08,
      1.2130271009880289e-08,
      2.1252544168959275e-09,
      3.394297065639762e-10
    ]
  ],
  "probs_results": [
    0.29559385776519775,
    0.30925145745277405,
    0.3951547145843506
  ]
}