{
  "skills_mean": [
    [
      0.32033002376556396,
      0.8846534490585327
    ],
    [
      0.22494569420814514,
      0.6898000836372375
    ]
  ],
  "skills_cov": [
    [
      [
        0.018531642854213715,
        0.01005559042096138
      ],
      [
        0.01005559042096138,
        0.02069331705570221
      ]
    ],
    [
      [
        0.020778751000761986,
        0.012329662218689919
      ],
      [
        0.012329662218689919,
        0.026502884924411774
      ]
    ]
  ],
  "probs_grid": [
    [
      0.09496674686670303,
      0.09539148211479187,
      0.049823928624391556,
      0.01804148592054844,
      0.005094966385513544,
      0.001196873839944601,
      0.0002436100912746042,
      4.418649405124597e-05,
      7.2905022534541786e-06
    ],
    [
      0.12462548911571503,
      0.1232156902551651,
      0.06333432346582413,
      0.022565554827451706,
      0.006269299425184727,
      0.001448655384592712,
      0.0002899944956880063,
      5.172539749764837e-05,
      8.39145195641322e-06
    ],
    [
      0.085281141102314,
      0.08297669887542725,
      0.041966356337070465,
      0.014709963463246822,
      0.004019973333925009,
      0.0009135794243775308,
      0.00017984144506044686,
      3.154043588438071e-05,
      5.030522515880875e-06
    ],
    [
      0.04057025536894798,
      0.03884032741189003,
      0.019325541332364082,
      0.006663171574473381,
      0.0017908939626067877,
      0.0004002319183200598,
      7.746733899693936e-05,
      1.3356972885958385e-05,
      2.0941854472766863e-06
    ],
    [
      0.015093191526830196,
      0.014215460978448391,
      0.0069574457593262196,
      0.0023592691868543625,
      0.0006235715700313449,
      0.00013702266733162105,
      2.6074207198689692e-05,
      4.419388460519258e-06,
      6.810578838667425e-07
    ],
    [
      0.004683354869484901,
      0.004338894505053759,
      0.00208856794051826,
      0.0006964636850170791,
      0.0001809979003155604,
      3.910148734576069e-05,
      7.314340564334998e-06,
      1.2185457762825536e-06,
      1.8455853023624513e-07
    ],
    [
      0.0012624604860320687,
      0.0011503339046612382,
      0.0005445266142487526,
      0.00017854127509053797,
      4.561740206554532e-05,
      9.687604688224383e-06,
      1.7812155874707969e-06,
      2.916457049195742e-07,
      4.34087681355777e-08
    ],
    [
      0.0003040536539629102,
      0.00027244994998909533,
      0.00012681087537202984,
      4.0878734580473974e-05,
      1.0267387551721185e-05,
      2.143226083717309e-06,
      3.8729714901819534e-07,
      6.231837090808767e-08,
      9.114424770473306e-09
    ],
    [
      6.678204226773232e-05,
      5.88405855523888e-05,
      2.6926156351692043e-05,
      8.532809260941576e-06,
      2.106601641571615e-06,
      4.321874769175338e-07,
      7.6751355493343e-08,
      1.2135386029399342e-08,
      1.7439036881228276e-09
    ]
  ],
  "probs_results": [
    0.2674887180328369,
    0.4463654160499573,
    0.28614598512649536
  ]
}