{
  "skills_mean": [
    [
      0.7102415561676025,
      1.3743222951889038
    ],
    [
      -0.25987210869789124,
      0.384562611579895
    ]
  ],
  "skills_cov": [
    [
      [
        0.017228998243808746,
        0.010814511217176914
      ],
      [
        0.010814511217176914,
        0.02748977206647396
      ]
    ],
    [
      [
        0.022876139730215073,
        0.010618999600410461
      ],
      [
        0.010618999600410461,
        0.02255464717745781
      ]
    ]
  ],
  "probs_grid": [
    [
      0.04992758110165596,
      0.01989738643169403,
      0.004161206539720297,
      0.0006088842055760324,
      7.012622518232092e-05,
      6.78061633152538e-06,
      5.733412535846583e-07,
      4.360416383519805e-08,
      3.0447346865969394e-09
    ],
    [
      0.12406282126903534,
      0.04879346862435341,
      0.010066586546599865,
      0.0014525688020512462,
      0.0001649199693929404,
      1.571495522512123e-05,
      1.3091097343931324e-06,
      9.805867762224807e-08,
      6.741964764245267e-09
    ],
    [
      0.15978029370307922,
      0.06200580298900604,
      0.012617743574082851,
      0.0017952105263248086,
      0.00020090395992156118,
      1.8863875084207393e-05,
      1.5479959074582439e-06,
      1.1419235335097255e-07,
      7.730048601217732e-09
    ],
    [
      0.14219148457050323,
      0.0544377863407135,
      0.010924844071269035,
      0.0015323942061513662,
      0.00016901668277569115,
      1.563613477628678e-05,
      1.2638766975214821e-06,
      9.181071902730764e-08,
      6.118598072646364e-09
    ],
    [
      0.09835416078567505,
      0.03714248538017273,
      0.007350082043558359,
      0.0010162871330976486,
      0.00011046228610211983,
      1.0067679795611184e-05,
      8.014994818950072e-07,
      5.732977115258109e-08,
      3.761164713012022e-09
    ],
    [
      0.05639684572815895,
      0.02100501023232937,
      0.004098220262676477,
      0.000558520550839603,
      5.981795766274445e-05,
      5.3706053222413175e-06,
      4.210764359413588e-07,
      2.9654817268465195e-08,
      1.9151125130179025e-09
    ],
    [
      0.027921171858906746,
      0.010254954919219017,
      0.001972451340407133,
      0.00026492573670111597,
      2.795574073388707e-05,
      2.472306732670404e-06,
      1.908851317011795e-07,
      1.32353568105259e-08,
      8.413291729958416e-10
    ],
    [
      0.012274577282369137,
      0.0044451504945755005,
      0.0008427752763964236,
      0.00011154774256283417,
      1.1596420335990842e-05,
      1.0100956160385977e-06,
      7.679527413984033e-08,
      5.242046352549323e-09,
      3.2797498050740614e-10
    ],
    [
      0.004890696611255407,
      0.001746149966493249,
      0.00032629878842271864,
      4.2555664549581707e-05,
      4.358154455985641e-06,
      3.7386723761301255e-07,
      2.7987535844431477e-08,
      1.8806631807422036e-09,
      1.1580816167144903e-10
    ]
  ],
  "probs_results": [
    0.11342130601406097,
    0.8477700352668762,
    0.03880879655480385
  ]
}