{
  "skills_mean": [
    [
      -0.24663864076137543,
      0.48547330498695374
    ],
    [
      0.49888482689857483,
      0.8461347818374634
    ]
  ],
  "skills_cov": [
    [
      [
        0.021039607003331184,
        0.0110195092856884
      ],
      [
        0.0110195092856884,
        0.022825587540864944
      ]
    ],
    [
      [
        0.022119693458080292,
        0.012154798023402691
      ],
      [
        0.012154798023402691,
        0.025972355157136917
      ]
    ]
  ],
  "probs_grid": [
    [
      0.07425082474946976,
      0.13838078081607819,
      0.13435359299182892,
      0.09059495478868484,
      0.04772374778985977,
      0.020946374163031578,
      0.00797798577696085,
      0.002711803186684847,
      0.0008396386983804405
    ],
    [
      0.04967975243926048,
      0.0911162868142128,
      0.08704493194818497,
      0.057744357734918594,
      0.029922207817435265,
      0.012917205691337585,
      0.004838437307626009,
      0.001617254689335823,
      0.0004923585802316666
    ],
    [
      0.017379041761159897,
      0.03136006370186806,
      0.029471110552549362,
      0.019229888916015625,
      0.009799899533390999,
      0.0041601452976465225,
      0.0015321889659389853,
      0.0005035150097683072,
      0.00015069745131768286
    ],
    [
      0.004237978719174862,
      0.007522168103605509,
      0.006952453870326281,
      0.004461080767214298,
      0.0022354121319949627,
      0.0009329789900220931,
      0.0003378019027877599,
      0.00010912172729149461,
      3.210113936802372e-05
    ],
    [
      0.0008104174048639834,
      0.0014145903987810016,
      0.0012856107205152512,
      0.0008110470371320844,
      0.0003995327278971672,
      0.0001639131805859506,
      5.833287286804989e-05,
      1.8519858713261783e-05,
      5.354158020054456e-06
    ],
    [
      0.000129622858366929,
      0.0002224591007689014,
      0.00019875886209774762,
      0.00012325786519795656,
      5.96802456129808e-05,
      2.406374187557958e-05,
      8.415865522692911e-06,
      2.625594788696617e-06,
      7.458599498022522e-07
    ],
    [
      1.8062626622850075e-05,
      3.047270729439333e-05,
      2.6761052140500396e-05,
      1.6310401406371966e-05,
      7.760952030366752e-06,
      3.0750093173992354e-06,
      1.0566923265287187e-06,
      3.239027819290641e-07,
      9.03974495258808e-08
    ],
    [
      2.255358594993595e-06,
      3.739615067388513e-06,
      3.227435854569194e-06,
      1.9329409042256884e-06,
      9.037165114023082e-07,
      3.517986044698773e-07,
      1.1876725380943753e-07,
      3.5763235928243375e-08,
      9.804553613435019e-09
    ],
    [
      2.575808082383446e-07,
      4.196917302579095e-07,
      3.558991750196583e-07,
      2.0941976686117414e-07,
      9.618945284728397e-08,
      3.678366766735053e-08,
      1.2198198895418955e-08,
      3.607853793496929e-09,
      9.71474456434862e-10
    ]
  ],
  "probs_results": [
    0.19984082877635956,
    0.12237480282783508,
    0.6777840256690979
  ]
}