{
  "skills_mean": [
    [
      0.5644389986991882,
      1.1604894399642944
    ],
    [
      -0.17910228669643402,
      0.42534542083740234
    ]
  ],
  "skills_cov": [
    [
      [
        0.01998121291399002,
        0.011184965260326862
      ],
      [
        0.011184965260326862,
        0.025676028802990913
      ]
    ],
    [
      [
        0.023200424388051033,
        0.011017856188118458
      ],
      [
        0.011017856188118458,
        0.021998481824994087
      ]
    ]
  ],
  "probs_grid": [
    [
      0.06694865971803665,
      0.03534724563360214,
      0.00977740716189146,
      0.0018891524523496628,
      0.0002868264855351299,
      3.6499619454843923e-05,
      4.054908004036406e-06,
      4.044908905598277e-07,
      3.6982982010158594e-08
    ],
    [
      0.14017030596733093,
      0.07293456792831421,
      0.01987599767744541,
      0.003782433457672596,
      0.0005654593114741147,
      7.083258969942108e-05,
      7.744284630462062e-06,
      7.60086834361573e-07,
      6.836209109906122e-08
    ],
    [
      0.15246041119098663,
      0.0781673863530159,
      0.020983725786209106,
      0.00393245555460453,
      0.0005787844420410693,
      7.136133353924379e-05,
      7.677532266825438e-06,
      7.41338453735807e-07,
      6.558288134783652e-08
    ],
    [
      0.114850252866745,
      0.05801280215382576,
      0.015338446944952011,
      0.0028303866274654865,
      0.0004100822552572936,
      4.976048876415007e-05,
      5.267591859592358e-06,
      5.003594196750782e-07,
      4.353542593094062e-08
    ],
    [
      0.0674031600356102,
      0.03353770449757576,
      0.00873239804059267,
      0.001586460741236806,
      0.00022624539269600064,
      2.7015807063435204e-05,
      2.8136823857494164e-06,
      2.628965205531131e-07,
      2.2495720841675393e-08
    ],
    [
      0.03286821395158768,
      0.016107631847262383,
      0.004129735752940178,
      0.000738585542421788,
      0.00010366515925852582,
      1.2180259545857552e-05,
      1.2479791848818422e-06,
      1.1468956273574804e-07,
      9.650814369877025e-09
    ],
    [
      0.01387046743184328,
      0.006694153882563114,
      0.0016897687455639243,
      0.0002974710369016975,
      4.1088296711677685e-05,
      4.749964318762068e-06,
      4.787419811691507e-07,
      4.327087310684874e-08,
      3.580415519621738e-09
    ],
    [
      0.005209572613239288,
      0.002475746674463153,
      0.0006152251153253019,
      0.00010659809777280316,
      1.4488632587017491e-05,
      1.6478383031426347e-06,
      1.6336410624262498e-07,
      1.4521122970734268e-08,
      1.181438946673552e-09
    ],
    [
      0.0017774779116734862,
      0.0008316914900206029,
      0.0002034443459706381,
      3.4691442124312744e-05,
      4.6394943638006225e-06,
      5.190901788409974e-07,
      5.061597718736266e-08,
      4.424417721082818e-09,
      3.539307458222396e-10
    ]
  ],
  "probs_results": [
    0.164141446352005,
    0.7590298652648926,
    0.07682924717664719
  ]
}