{
  "skills_mean": [
    [
      -0.30655890703201294,
      0.02519363909959793
    ],
    [
      0.10859686136245728,
      0.7138037085533142
    ]
  ],
  "skills_cov": [
    [
      [
        0.021623095497488976,
        0.010205061174929142
      ],
      [
        0.010205061174929142,
        0.02247638627886772
      ]
    ],
    [
      [
        0.020033210515975952,
        0.010853074491024017
      ],
      [
        0.010853074491024017,
        0.02413886785507202
      ]
    ]
  ],
  "probs_grid": [
    [
      0.06173586845397949,
      0.12308790534734726,
      0.1275617778301239,
      0.09160956740379333,
      0.051283325999975204,
      0.023867163807153702,
      0.009618047624826431,
      0.003451530821621418,
      0.0011258244048804045
    ],
    [
      0.044268663972616196,
      0.08697468042373657,
      0.0888095274567604,
      0.06283308565616608,
      0.03464842960238457,
      0.015882648527622223,
      0.006303512956947088,
      0.0022276323288679123,
      0.000715491536539048
    ],
    [
      0.016577374190092087,
      0.032087571918964386,
      0.03227570280432701,
      0.02249198593199253,
      0.01221521571278572,
      0.00551413232460618,
      0.002154942136257887,
      0.0007498263148590922,
      0.00023711264657322317
    ],
    [
      0.004322278779000044,
      0.00824081152677536,
      0.008163869380950928,
      0.005602611694484949,
      0.0029961562249809504,
      0.0013316893018782139,
      0.0005123761366121471,
      0.00017551315249875188,
      5.4635002015857026e-05
    ],
    [
      0.0008827085257507861,
      0.0016573978355154395,
      0.0016168140573427081,
      0.0010924964444711804,
      0.0005752030410803854,
      0.00025168166030198336,
      9.532296098768711e-05,
      3.214023308828473e-05,
      9.847249202721287e-06
    ],
    [
      0.00015060319856274873,
      0.00027843029238283634,
      0.00026741225156001747,
      0.0001778829173417762,
      9.219193452736363e-05,
      3.9705311792204157e-05,
      1.480096580053214e-05,
      4.911457381240325e-06,
      1.4808842934144195e-06
    ],
    [
      2.2359694412443787e-05,
      4.0695515053812414e-05,
      3.8474350731121376e-05,
      2.5191198801621795e-05,
      1.2849887752963696e-05,
      5.446491741167847e-06,
      1.9979879652964883e-06,
      6.524139735120116e-07,
      1.935628688443103e-07
    ],
    [
      2.971129106299486e-06,
      5.3226776799419895e-06,
      4.952763447363395e-06,
      3.191426458215574e-06,
      1.6020088651202968e-06,
      6.68165910155949e-07,
      2.411777302313567e-07,
      7.748578667587935e-08,
      2.2618046102707012e-08
    ],
    [
      3.606840834891045e-07,
      6.359133521982585e-07,
      5.822968773827597e-07,
      3.6921593959959864e-07,
      1.8236073628941085e-07,
      7.48335153843982e-08,
      2.657488629154159e-08,
      8.399582362983438e-09,
      2.4119808372802254e-09
    ]
  ],
  "probs_results": [
    0.18737103044986725,
    0.12014862149953842,
    0.6924805641174316
  ]
}