{
  "skills_mean": [
    [
      0.6106730699539185,
      1.1939127445220947
    ],
    [
      -0.19818149507045746,
      0.37896212935447693
    ]
  ],
  "skills_cov": [
    [
      [
        0.018799465149641037,
        0.011610370129346848
      ],
      [
        0.011610370129346848,
        0.027568524703383446
      ]
    ],
    [
      [
        0.023981552571058273,
        0.01206852775067091
      ],
      [
        0.01206852775067091,
        0.02386874333024025
      ]
    ]
  ],
  "probs_grid": [
    [
      0.05613561347126961,
      0.028358953073620796,
      0.00752374529838562,
      0.0013976228656247258,
      0.00020449886505957693,
      2.5138715500361286e-05,
      2.704276766962721e-06,
      2.618336907289631e-07,
      2.3291319095619656e-08
    ],
    [
      0.1277986764907837,
      0.06354188174009323,
      0.016586242243647575,
      0.0030305280815809965,
      0.0004360244784038514,
      5.26913718204014e-05,
      5.570790108322399e-06,
      5.29978592567204e-07,
      4.631252537024011e-08
    ],
    [
      0.1511891484260559,
      0.0739733874797821,
      0.018995588645339012,
      0.003413406666368246,
      0.00048286779201589525,
      5.735794547945261e-05,
      5.959410373179708e-06,
      5.570313987846021e-07,
      4.7814872061735514e-08
    ],
    [
      0.12390897423028946,
      0.059651654213666916,
      0.01506741438060999,
      0.0026625217869877815,
      0.00037028815131634474,
      4.323205939726904e-05,
      4.413826445670566e-06,
      4.0531872969040705e-07,
      3.417405736172441e-08
    ],
    [
      0.07913462817668915,
      0.03748001530766487,
      0.009311258792877197,
      0.001617858768440783,
      0.00022118516790214926,
      2.5379818907822482e-05,
      2.5460553843004163e-06,
      2.296825840630845e-07,
      1.902040835943808e-08
    ],
    [
      0.042002953588962555,
      0.019569486379623413,
      0.004781207535415888,
      0.000816787825897336,
      0.00010976400517392904,
      1.2377377061056904e-05,
      1.2199734555906616e-06,
      1.0810966699636992e-07,
      8.792800265666756e-09
    ],
    [
      0.019297851249575615,
      0.008843639865517616,
      0.0021247135009616613,
      0.00035684293834492564,
      4.713380985776894e-05,
      5.222874278842937e-06,
      5.057661383034429e-07,
      4.402469144793031e-08,
      3.516501756450907e-09
    ],
    [
      0.007892664521932602,
      0.003557375632226467,
      0.0008403797983191907,
      0.00013874776777811348,
      1.8011834981734864e-05,
      1.9611907191574574e-06,
      1.8657628686469252e-07,
      1.595206455817788e-08,
      1.251312720107478e-09
    ],
    [
      0.0029330048710107803,
      0.0013000746257603168,
      0.0003019666182808578,
      4.9006775952875614e-05,
      6.252307684917469e-06,
      6.689057272524224e-07,
      6.251426754033673e-08,
      5.249729095879729e-09,
      4.0439623871790786e-10
    ]
  ],
  "probs_results": [
    0.14189158380031586,
    0.7959345579147339,
    0.0621737539768219
  ]
}