{
  "skills_mean": [
    [
      -0.3065589666366577,
      0.02519363909959793
    ],
    [
      0.10859686881303787,
      0.713803768157959
    ]
  ],
  "skills_cov": [
    [
      [
        0.02162310853600502,
        0.010205059312283993
      ],
      [
        0.010205059312283993,
        0.022476406767964363
      ]
    ],
    [
      [
        0.020033223554491997,
        0.010853065177798271
      ],
      [
        0.010853065177798271,
        0.024138879030942917
      ]
    ]
  ],
  "probs_grid": [
    [
      0.06173587590456009,
      0.12308792769908905,
      0.1275617778301239,
      0.09160957485437393,
      0.051283325999975204,
      0.023867163807153702,
      0.00961804948747158,
      0.00345153221860528,
      0.001125825336202979
    ],
    [
      0.0442686602473259,
      0.08697468787431717,
      0.0888095274567604,
      0.06283307820558548,
      0.03464842587709427,
      0.015882650390267372,
      0.006303512491285801,
      0.0022276327945291996,
      0.0007154918857850134
    ],
    [
      0.01657737046480179,
      0.03208756819367409,
      0.03227569907903671,
      0.022491982206702232,
      0.012215213850140572,
      0.005514131858944893,
      0.002154942136257887,
      0.0007498263730667531,
      0.00023711271933279932
    ],
    [
      0.004322277382016182,
      0.008240809664130211,
      0.008163868449628353,
      0.0056026107631623745,
      0.002996155759319663,
      0.0013316890690475702,
      0.0005123762530274689,
      0.00017551319615449756,
      5.463503111968748e-05
    ],
    [
      0.0008827084093354642,
      0.0016573973698541522,
      0.0016168135916814208,
      0.0010924962116405368,
      0.0005752029828727245,
      0.0002516816311981529,
      9.532294643577188e-05,
      3.214023672626354e-05,
      9.847251931205392e-06
    ],
    [
      0.00015060309669934213,
      0.00027843014686368406,
      0.00026741213514469564,
      0.00017788284458220005,
      9.219190542353317e-05,
      3.970529360231012e-05,
      1.4800963981542736e-05,
      4.911456926492974e-06,
      1.4808846344749327e-06
    ],
    [
      2.2359687136486173e-05,
      4.06955077778548e-05,
      3.847434709314257e-05,
      2.5191195163642988e-05,
      1.28498895719531e-05,
      5.446490831673145e-06,
      1.9979879652964883e-06,
      6.52414200885687e-07,
      1.935629683202933e-07
    ],
    [
      2.9711268325627316e-06,
      5.322675406205235e-06,
      4.952761173626641e-06,
      3.1914246392261703e-06,
      1.602007955625595e-06,
      6.681656259388546e-07,
      2.4117767338793783e-07,
      7.748578667587935e-08,
      2.2618044326350173e-08
    ],
    [
      3.606839698022668e-07,
      6.359130111377453e-07,
      5.822967068525031e-07,
      3.692158259127609e-07,
      1.8236073628941085e-07,
      7.483350827897084e-08,
      2.657488451518475e-08,
      8.399584139340277e-09,
      2.41198150341404e-09
    ]
  ],
  "probs_results": [
    0.18737101554870605,
    0.12014859914779663,
    0.6924805641174316
  ]
}