{
  "skills_mean": [
    [
      0.6830246448516846,
      0.8766495585441589
    ],
    [
      0.3269367516040802,
      1.1684978008270264
    ]
  ],
  "skills_cov": [
    [
      [
        0.016829170286655426,
        0.009650464169681072
      ],
      [
        0.009650464169681072,
        0.02300376445055008
      ]
    ],
    [
      [
        0.014555730856955051,
        0.008308514952659607
      ],
      [
        0.008308514952659607,
        0.02404692769050598
      ]
    ]
  ],
  "probs_grid": [
    [
      0.09813281148672104,
      0.1089334711432457,
      0.06265740096569061,
      0.024898072704672813,
      0.0076890550553798676,
      0.001968337455764413,
      0.0004350620147306472,
      8.5396233771462e-05,
      1.5194718798738904e-05
    ],
    [
      0.11545330286026001,
      0.12663507461547852,
      0.07195957005023956,
      0.02824437990784645,
      0.008614284917712212,
      0.0021775069180876017,
      0.0004751841479446739,
      9.20747042982839e-05,
      1.6170693925232626e-05
    ],
    [
      0.07058989256620407,
      0.07649018615484238,
      0.04293220862746239,
      0.016641827300190926,
      0.005011831410229206,
      0.0012507863575592637,
      0.00026944628916680813,
      5.153244637767784e-05,
      8.931934644351713e-06
    ],
    [
      0.029904264956712723,
      0.03200598806142807,
      0.017740925773978233,
      0.00679041026160121,
      0.0020189813803881407,
      0.0004973936593160033,
      0.00010575836495263502,
      1.9961622456321493e-05,
      3.4141455671488075e-06
    ],
    [
      0.009874164126813412,
      0.010436569340527058,
      0.005712131503969431,
      0.002158501883968711,
      0.0006335262442007661,
      0.00015404705482069403,
      3.232477683923207e-05,
      6.020520686433883e-06,
      1.0159903922613012e-06
    ],
    [
      0.0027104548644274473,
      0.002828701864928007,
      0.0015284643741324544,
      0.0005701378104276955,
      0.00016516093455720693,
      3.963314520660788e-05,
      8.206419806811027e-06,
      1.5080541970746708e-06,
      2.5106874090852216e-07
    ],
    [
      0.0006442497251555324,
      0.0006637730984948575,
      0.0003540391626302153,
      0.00013034230505581945,
      3.7262390833348036e-05,
      8.82328640727792e-06,
      1.802546535145666e-06,
      3.267875285928312e-07,
      5.366779731730276e-08
    ],
    [
      0.00013637618394568563,
      0.00013869500253349543,
      7.301236473722383e-05,
      2.6526651708991267e-05,
      7.4829263212450314e-06,
      1.7481859231338603e-06,
      3.5233472317486303e-07,
      6.300914634493893e-08,
      1.0206581357863342e-08
    ],
    [
      2.6243109459755942e-05,
      2.6341194825363345e-05,
      1.3684144505532458e-05,
      4.905720288661541e-06,
      1.365349362458801e-06,
      3.1467905614590563e-07,
      6.256065177012715e-08,
      1.1035051095120707e-08,
      1.7629390169915382e-09
    ]
  ],
  "probs_results": [
    0.27517247200012207,
    0.3804740905761719,
    0.34435349702835083
  ]
}