{
  "skills_mean": [
    [
      0.25439566373825073,
      0.8725783824920654
    ],
    [
      0.797677755355835,
      1.1316744089126587
    ]
  ],
  "skills_cov": [
    [
      [
        0.023438939824700356,
        0.013881193473935127
      ],
      [
        0.013881193473935127,
        0.027714978903532028
      ]
    ],
    [
      [
        0.01667172648012638,
        0.010220571421086788
      ],
      [
        0.010220571421086788,
        0.025824060663580894
      ]
    ]
  ],
  "probs_grid": [
    [
      0.07398853451013565,
      0.12767210602760315,
      0.11473198235034943,
      0.07158438116312027,
      0.034881770610809326,
      0.014157955534756184,
      0.004985367879271507,
      0.0015662659425288439,
      0.0004481279756873846
    ],
    [
      0.06081283837556839,
      0.10312949866056442,
      0.09106903523206711,
      0.05582811310887337,
      0.026726026087999344,
      0.010655992664396763,
      0.0036856040824204683,
      0.001137259998358786,
      0.00031955575104802847
    ],
    [
      0.02617918886244297,
      0.043622102588415146,
      0.03784484416246414,
      0.022790435701608658,
      0.010716522112488747,
      0.0041965595446527,
      0.0014254484558477998,
      0.0004319291329011321,
      0.00011917370284209028
    ],
    [
      0.007869635708630085,
      0.012881956994533539,
      0.010977674275636673,
      0.00649293465539813,
      0.00299837370403111,
      0.0011530061019584537,
      0.00038455831236205995,
      0.00011441035167081282,
      3.099185778410174e-05
    ],
    [
      0.001858277595601976,
      0.0029876769986003637,
      0.0025004209019243717,
      0.0014522895216941833,
      0.0006585218361578882,
      0.00024862957070581615,
      8.141205762512982e-05,
      2.3777705791871995e-05,
      6.322731223917799e-06
    ],
    [
      0.0003676364722196013,
      0.0005804452812299132,
      0.00047700060531497,
      0.000272018660325557,
      0.00012109315866837278,
      4.488225022214465e-05,
      1.4426270354306325e-05,
      4.135722520004492e-06,
      1.0793932005981333e-06
    ],
    [
      6.34703174000606e-05,
      9.839254198595881e-05,
      7.938338967505842e-05,
      4.444099249667488e-05,
      1.941984737641178e-05,
      7.0650030465913005e-06,
      2.228821131211589e-06,
      6.270935841712344e-07,
      1.6061977703429875e-07
    ],
    [
      9.834742741077207e-06,
      1.4967111383157317e-05,
      1.1853654541482683e-05,
      6.513565949717304e-06,
      2.7935936941503314e-06,
      9.974320391847868e-07,
      3.0879851919962675e-07,
      8.525868366859868e-08,
      2.142846078356797e-08
    ],
    [
      1.396082893734274e-06,
      2.085487494696281e-06,
      1.6210980220421334e-06,
      8.74242914505885e-07,
      3.6796240010517067e-07,
      1.2892128609109932e-07,
      3.916461110975433e-08,
      1.0609935152672278e-08,
      2.616389549459086e-09
    ]
  ],
  "probs_results": [
    0.22223283350467682,
    0.17338190972805023,
    0.6043854355812073
  ]
}