{
  "skills_mean": [
    [
      0.3913765549659729,
      0.973646342754364
    ],
    [
      0.5715787410736084,
      1.1818559169769287
    ]
  ],
  "skills_cov": [
    [
      [
        0.01747051440179348,
        0.009260037913918495
      ],
      [
        0.009260037913918495,
        0.019769039005041122
      ]
    ],
    [
      [
        0.01713983714580536,
        0.010362903587520123
      ],
      [
        0.010362903587520123,
        0.026231233030557632
      ]
    ]
  ],
  "probs_grid": [
    [
      0.11220014095306396,
      0.142990842461586,
      0.09435199201107025,
      0.042977236211299896,
      0.015201973728835583,
      0.00445389561355114,
      0.0011258021695539355,
      0.00025250809267163277,
      5.129890632815659e-05
    ],
    [
      0.09888432174921036,
      0.12441348284482956,
      0.0810319110751152,
      0.036426179111003876,
      0.012713735923171043,
      0.0036748775746673346,
      0.0009162830538116395,
      0.0002026962611125782,
      4.0609051211504266e-05
    ],
    [
      0.04542484134435654,
      0.056409019976854324,
      0.036255888640880585,
      0.01608077995479107,
      0.0055369483307003975,
      0.0015786299481987953,
      0.0003881918091792613,
      8.468062878819183e-05,
      1.6727390175219625e-05
    ],
    [
      0.014501211233437061,
      0.017769314348697662,
      0.011267906986176968,
      0.004930020775645971,
      0.001674275379627943,
      0.00047075131442397833,
      0.00011414470645831898,
      2.454922469041776e-05,
      4.780516064784024e-06
    ],
    [
      0.003618974704295397,
      0.004374869167804718,
      0.0027364464476704597,
      0.0011808117851614952,
      0.0003954472194891423,
      0.00010962944361381233,
      2.620672239572741e-05,
      5.556039923249045e-06,
      1.0664115279723774e-06
    ],
    [
      0.0007530738366767764,
      0.000897920283023268,
      0.0005538864643312991,
      0.0002356777258682996,
      7.781727617839351e-05,
      2.126730942109134e-05,
      5.011246230424149e-06,
      1.0471256928212824e-06,
      1.9806773821073875e-07
    ],
    [
      0.00013610029418487102,
      0.00016002688789740205,
      9.733159822644666e-05,
      4.082972736796364e-05,
      1.3289473827171605e-05,
      3.579885742510669e-06,
      8.313440957863349e-07,
      1.711858743647099e-07,
      3.190615771586636e-08
    ],
    [
      2.1971231035422534e-05,
      2.5470630134805106e-05,
      1.5272160453605466e-05,
      6.314993697742466e-06,
      2.0258451058907667e-06,
      5.378037144510017e-07,
      1.2306890084801125e-07,
      2.496929774054024e-08,
      4.585048785088475e-09
    ],
    [
      3.2340456073143287e-06,
      3.695779923873488e-06,
      2.1842015485162847e-06,
      8.901112096282304e-07,
      2.8139209007349564e-07,
      7.360736020700642e-08,
      1.6595716800793525e-08,
      3.317150554238424e-09,
      6.000349661583471e-10
    ]
  ],
  "probs_results": [
    0.2782249450683594,
    0.25922662019729614,
    0.4625481963157654
  ]
}