{
  "skills_mean": [
    [
      -0.20932652056217194,
      0.06400153040885925
    ],
    [
      0.5139528512954712,
      0.8281654715538025
    ]
  ],
  "skills_cov": [
    [
      [
        0.021252749487757683,
        0.011754882521927357
      ],
      [
        0.011754882521927357,
        0.022364789620041847
      ]
    ],
    [
      [
        0.021055933088064194,
        0.011596881784498692
      ],
      [
        0.011596881784498692,
        0.023653138428926468
      ]
    ]
  ],
  "probs_grid": [
    [
      0.026190264150500298,
      0.0727873221039772,
      0.10509277880191803,
      0.10509014129638672,
      0.08186633884906769,
      0.05298580601811409,
      0.029674170538783073,
      0.014788419008255005,
      0.006693693809211254
    ],
    [
      0.018884902819991112,
      0.051586609333753586,
      0.07320532202720642,
      0.07194573432207108,
      0.05508200079202652,
      0.0350361093878746,
      0.019283274188637733,
      0.009444215334951878,
      0.004200985189527273
    ],
    [
      0.0071020727045834064,
      0.01906548999249935,
      0.026587525382637978,
      0.025677403435111046,
      0.019317733123898506,
      0.012074101716279984,
      0.006529907695949078,
      0.0031425138004124165,
      0.0013735601678490639
    ],
    [
      0.0018572683911770582,
      0.004899090621620417,
      0.00671287439763546,
      0.006369907874614,
      0.004708474967628717,
      0.0028914418071508408,
      0.0015363791026175022,
      0.0007264385349117219,
      0.0003119613684248179
    ],
    [
      0.0003799439291469753,
      0.0009846427710726857,
      0.001325491932220757,
      0.001235652482137084,
      0.0008972842479124665,
      0.0005413095932453871,
      0.0002825582632794976,
      0.00013124613906256855,
      5.5369244364555925e-05
    ],
    [
      6.485309859272093e-05,
      0.0001651018246775493,
      0.0002183234173571691,
      0.00019992182205896825,
      0.00014260280295275152,
      8.450321911368519e-05,
      4.3327483581379056e-05,
      1.976834209926892e-05,
      8.191873348550871e-06
    ],
    [
      9.620946002542041e-06,
      2.4057328118942678e-05,
      3.124593058601022e-05,
      2.8102387659600936e-05,
      1.9687697204062715e-05,
      1.1458310837042518e-05,
      5.770192728959955e-06,
      2.5856977572402684e-06,
      1.052385414368473e-06
    ],
    [
      1.2758375760313356e-06,
      3.13316172650957e-06,
      3.996477516921004e-06,
      3.529947662173072e-06,
      2.428600964776706e-06,
      1.3880840015190188e-06,
      6.864659098937409e-07,
      3.020937811015756e-07,
      1.2074762878455658e-07
    ],
    [
      1.5438214973073627e-07,
      3.723014003753633e-07,
      4.6632732164653135e-07,
      4.044614456688578e-07,
      2.732476787059568e-07,
      1.5335768921431736e-07,
      7.447295047313673e-08,
      3.2182061460162004e-08,
      1.2631286239184192e-08
    ]
  ],
  "probs_results": [
    0.11266235262155533,
    0.06391415745019913,
    0.8234232068061829
  ]
}