{
  "skills_mean": [
    [
      0.007470930926501751,
      0.36724361777305603
    ],
    [
      0.3869571089744568,
      0.7411888241767883
    ]
  ],
  "skills_cov": [
    [
      [
        0.01887240633368492,
        0.009899083524942398
      ],
      [
        0.009899083524942398,
        0.02039838396012783
      ]
    ],
    [
      [
        0.01983887515962124,
        0.011233508586883545
      ],
      [
        0.011233508586883545,
        0.023983033373951912
      ]
    ]
  ],
  "probs_grid": [
    [
      0.05502389743924141,
      0.10422655940055847,
      0.1024288460612297,
      0.06962744891643524,
      0.03682680055499077,
      0.01616434007883072,
      0.006132610607892275,
      0.0020683081820607185,
      0.0006329577881842852
    ],
    [
      0.05196988582611084,
      0.09691836684942245,
      0.09376423805952072,
      0.06274029612541199,
      0.032662324607372284,
      0.014109984040260315,
      0.005268310662358999,
      0.0017485283315181732,
      0.000526551331859082
    ],
    [
      0.025554805994033813,
      0.046912781894207,
      0.04467351362109184,
      0.029420608654618263,
      0.015073489397764206,
      0.0064080385491251945,
      0.0023543729912489653,
      0.0007688779151067138,
      0.00022781592269893736
    ],
    [
      0.008722273632884026,
      0.0157599039375782,
      0.014770069159567356,
      0.009572431445121765,
      0.004826052114367485,
      0.0020187573973089457,
      0.0007297760457731783,
      0.00023447930288966745,
      6.835083331679925e-05
    ],
    [
      0.0023246128112077713,
      0.004133556503802538,
      0.003812141250818968,
      0.0024310555309057236,
      0.0012059301370754838,
      0.0004963022074662149,
      0.00017650632071308792,
      5.579076605499722e-05,
      1.5998153685359284e-05
    ],
    [
      0.0005159878637641668,
      0.0009028358617797494,
      0.0008192557143047452,
      0.0005140219000168145,
      0.00025085307424888015,
      0.00010156154166907072,
      3.5530993045540527e-05,
      1.1047232874261681e-05,
      3.1159295303950785e-06
    ],
    [
      9.935671550920233e-05,
      0.00017104607832152396,
      0.00015270074072759598,
      9.42526530707255e-05,
      4.5247717935126275e-05,
      1.801975849957671e-05,
      6.200818006618647e-06,
      1.8962613239636994e-06,
      5.260397983875009e-07
    ],
    [
      1.7069887690013275e-05,
      2.8909895263495855e-05,
      2.538905755500309e-05,
      1.5415078451042064e-05,
      7.2790030571923126e-06,
      2.8511872187664267e-06,
      9.6495625712123e-07,
      2.9021614977864374e-07,
      7.917547151237159e-08
    ],
    [
      2.6709526537160855e-06,
      4.44977376901079e-06,
      3.843861577479402e-06,
      2.295475496794097e-06,
      1.0660605767043307e-06,
      4.106757671706873e-07,
      1.3668642395714414e-07,
      4.0426606062737847e-08,
      1.0845496944966726e-08
    ]
  ],
  "probs_results": [
    0.2076173722743988,
    0.1801874190568924,
    0.6121951341629028
  ]
}