{
  "skills_mean": [
    [
      0.515823483467102,
      0.8228051066398621
    ],
    [
      0.3647613227367401,
      0.6707950830459595
    ]
  ],
  "skills_cov": [
    [
      [
        0.019081011414527893,
        0.010270390659570694
      ],
      [
        0.010270390659570694,
        0.02237192541360855
      ]
    ],
    [
      [
        0.015586083754897118,
        0.008356209844350815
      ],
      [
        0.008356209844350815,
        0.02120441570878029
      ]
    ]
  ],
  "probs_grid": [
    [
      0.05575316771864891,
      0.0681215301156044,
      0.043131403625011444,
      0.018867479637265205,
      0.006414680276066065,
      0.0018079293658956885,
      0.00043998405453749,
      9.509336814517155e-05,
      1.8631590137374587e-05
    ],
    [
      0.08995286375284195,
      0.10840780287981033,
      0.06769439578056335,
      0.02920186147093773,
      0.009789627976715565,
      0.0027203604113310575,
      0.0006526752258650959,
      0.00013905591913498938,
      2.6855548640014604e-05
    ],
    [
      0.07533018290996552,
      0.08953658491373062,
      0.055135712027549744,
      0.023452430963516235,
      0.007751747500151396,
      0.0021236210595816374,
      0.0005022594705224037,
      0.00010547906276769936,
      2.007815783144906e-05
    ],
    [
      0.04365503042936325,
      0.05116935074329376,
      0.03107011690735817,
      0.013030379079282284,
      0.004246084950864315,
      0.001146697555668652,
      0.0002673299459274858,
      5.533504008781165e-05,
      1.0381049833085854e-05
    ],
    [
      0.019693667069077492,
      0.022761821746826172,
      0.013627106323838234,
      0.005634321365505457,
      0.0018099204171448946,
      0.0004818039888050407,
      0.00011070985783590004,
      2.2585225451621227e-05,
      4.1756184145924635e-06
    ],
    [
      0.007376251742243767,
      0.008405913598835468,
      0.004961468279361725,
      0.002022270578891039,
      0.0006403421866707504,
      0.0001680134591879323,
      3.8049482100177556e-05,
      7.649710823898204e-06,
      1.393705701957515e-06
    ],
    [
      0.0023891888558864594,
      0.0026843217201530933,
      0.0015619127079844475,
      0.0006275470368564129,
      0.00019585981499403715,
      5.064897413831204e-05,
      1.13041478471132e-05,
      2.2395838641386945e-06,
      4.020673713966971e-07
    ],
    [
      0.0006882791058160365,
      0.0007623466080985963,
      0.00043726220610551536,
      0.0001731665397528559,
      5.326751488610171e-05,
      1.3575497177953366e-05,
      2.985802666444215e-06,
      5.82908910473634e-07,
      1.0311354259329164e-07
    ],
    [
      0.00018000738054979593,
      0.00019654116476885974,
      0.00011111767526017502,
      4.337224891060032e-05,
      1.3148775906302035e-05,
      3.3023522973962827e-06,
      7.157223649301159e-07,
      1.3768070061814797e-07,
      2.3996690856620262e-08
    ]
  ],
  "probs_results": [
    0.23436029255390167,
    0.4761141538619995,
    0.28952568769454956
  ]
}