{
  "skills_mean": [
    [
      0.31198808550834656,
      1.1734533309936523
    ],
    [
      -0.031748805195093155,
      0.2505686581134796
    ]
  ],
  "skills_cov": [
    [
      [
        0.015013918280601501,
        0.008694968186318874
      ],
      [
        0.008694968186318874,
        0.02468189224600792
      ]
    ],
    [
      [
        0.020717201754450798,
        0.010502847842872143
      ],
      [
        0.010502847842872143,
        0.023462003096938133
      ]
    ]
  ],
  "probs_grid": [
    [
      0.07264767587184906,
      0.043359920382499695,
      0.013515369966626167,
      0.0029333278071135283,
      0.0004986774874851108,
      7.082938827807084e-05,
      8.754856935411226e-06,
      9.68586732597032e-07,
      9.790693411559914e-08
    ],
    [
      0.1422760784626007,
      0.08387333154678345,
      0.025814654305577278,
      0.005530781112611294,
      0.0009279482183046639,
      0.00013004470383748412,
      1.5856450772844255e-05,
      1.7301412071901723e-06,
      1.7244714456410293e-07
    ],
    [
      0.14435575902462006,
      0.08403857797384262,
      0.025536268949508667,
      0.0054001277312636375,
      0.0008940540137700737,
      0.00012361083645373583,
      1.486622295487905e-05,
      1.5996286037989194e-06,
      1.5720034696187213e-07
    ],
    [
      0.10116462409496307,
      0.0581509992480278,
      0.017442533746361732,
      0.0036401974502950907,
      0.0005946402670815587,
      8.110031194519252e-05,
      9.619516276870854e-06,
      1.0206426850345451e-06,
      9.888501750765499e-08
    ],
    [
      0.05508439242839813,
      0.03125912323594093,
      0.009254305623471737,
      0.0019057842437177896,
      0.00030713039450347424,
      4.1316259739687666e-05,
      4.832770628127037e-06,
      5.055688916399959e-07,
      4.828635269404913e-08
    ],
    [
      0.024855447933077812,
      0.013922881335020065,
      0.004067758098244667,
      0.0008265111246146262,
      0.00013139254588168114,
      1.7432344975532033e-05,
      2.010647904171492e-06,
      2.073709168826099e-07,
      1.952296457830016e-08
    ],
    [
      0.009680427610874176,
      0.005351855419576168,
      0.001542898127809167,
      0.00030927624902687967,
      4.849509059567936e-05,
      6.344968824123498e-06,
      7.215687674033688e-07,
      7.336404905800009e-08,
      6.807753916149295e-09
    ],
    [
      0.003346868557855487,
      0.00182598817627877,
      0.0005193843971937895,
      0.00010269971244269982,
      1.5882120351307094e-05,
      2.0490326733124675e-06,
      2.2973685531724186e-07,
      2.3024908202273764e-08,
      2.1057766641519038e-09
    ],
    [
      0.00104849087074399,
      0.0005644478369504213,
      0.00015838987019378692,
      3.089135134359822e-05,
      4.711136170953978e-06,
      5.992936848997488e-07,
      6.624038206837213e-08,
      6.5436847052069425e-09,
      5.897979882263371e-10
    ]
  ],
  "probs_results": [
    0.18615350127220154,
    0.7137975096702576,
    0.10004930943250656
  ]
}