{
  "skills_mean": [
    [
      0.08214278519153595,
      0.4952371418476105
    ],
    [
      -0.02786117233335972,
      0.7072902321815491
    ]
  ],
  "skills_cov": [
    [
      [
        0.02298078127205372,
        0.01129068061709404
      ],
      [
        0.01129068061709404,
        0.02511996403336525
      ]
    ],
    [
      [
        0.01857609674334526,
        0.009473924525082111
      ],
      [
        0.009473924525082111,
        0.022032147273421288
      ]
    ]
  ],
  "probs_grid": [
    [
      0.11081519722938538,
      0.12571831047534943,
      0.0743103176355362,
      0.03051101788878441,
      0.00978902168571949,
      0.0026175144594162703,
      0.0006075708079151809,
      0.00012590954429470003,
      2.37787353398744e-05
    ],
    [
      0.11420627683401108,
      0.1277777999639511,
      0.07446901500225067,
      0.030141301453113556,
      0.009530987590551376,
      0.0025113122537732124,
      0.0005743100773543119,
      0.00011723994975909591,
      2.18075692828279e-05
    ],
    [
      0.06140679866075516,
      0.06773994117975235,
      0.038916897028684616,
      0.015524323098361492,
      0.004837231244891882,
      0.0012557198060676455,
      0.00028287916211411357,
      5.687564407708123e-05,
      1.0418189958727453e-05
    ],
    [
      0.02296595089137554,
      0.024973466992378235,
      0.014140157960355282,
      0.005558165255934,
      0.0017062525730580091,
      0.00043631141306832433,
      9.68045205809176e-05,
      1.916680957947392e-05,
      3.4568972751003457e-06
    ],
    [
      0.00672066118568182,
      0.007202469743788242,
      0.0040184007957577705,
      0.0015561538748443127,
      0.00047056126641109586,
      0.00011851001181639731,
      2.589272116892971e-05,
      5.047738341090735e-06,
      8.962794595390733e-07
    ],
    [
      0.0016413130797445774,
      0.001733207143843174,
      0.0009526604553684592,
      0.0003633988671936095,
      0.0001082250164472498,
      2.6840139980777167e-05,
      5.773869361291872e-06,
      1.108129481508513e-06,
      1.93682339499901e-07
    ],
    [
      0.00034842852619476616,
      0.00036247840034775436,
      0.00019625030108727515,
      7.37277150619775e-05,
      2.1621599444188178e-05,
      5.279582637740532e-06,
      1.118101295105589e-06,
      2.1122841076248733e-07,
      3.633713774320313e-08
    ],
    [
      6.612631841562688e-05,
      6.776060035917908e-05,
      3.613059379858896e-05,
      1.3366073289944325e-05,
      3.859320713672787e-06,
      9.277210324398766e-07,
      1.9339344703439565e-07,
      3.595894781938114e-08,
      6.087697457246577e-09
    ],
    [
      1.1452174476289656e-05,
      1.1557272046047729e-05,
      6.068155926186591e-06,
      2.2101978629507357e-06,
      6.282448339334223e-07,
      1.4865318576084974e-07,
      3.049919783393307e-08,
      5.580806927696358e-09,
      9.297004832653499e-10
    ]
  ],
  "probs_results": [
    0.28357216715812683,
    0.33096370100975037,
    0.38546398282051086
  ]
}