{
  "skills_mean": [
    [
      0.7703748941421509,
      1.1052765846252441
    ],
    [
      -0.2140771597623825,
      0.4863995611667633
    ]
  ],
  "skills_cov": [
    [
      [
        0.017167961224913597,
        0.010578806512057781
      ],
      [
        0.010578806512057781,
        0.02617778815329075
      ]
    ],
    [
      [
        0.01930585689842701,
        0.00961293000727892
      ],
      [
        0.00961293000727892,
        0.019452689215540886
      ]
    ]
  ],
  "probs_grid": [
    [
      0.047564905136823654,
      0.025673987343907356,
      0.007237068843096495,
      0.0014204273466020823,
      0.00021837347594555467,
      2.8048978492734022e-05,
      3.1353210943052545e-06,
      3.1369742714559834e-07,
      2.86773946811536e-08
    ],
    [
      0.11468953639268875,
      0.0610688216984272,
      0.01697731390595436,
      0.0032855046447366476,
      0.0004979225341230631,
      6.303258123807609e-05,
      6.9427005655597895e-06,
      6.843413871138182e-07,
      6.162237298212858e-08
    ],
    [
      0.1429646909236908,
      0.07508689165115356,
      0.020584894344210625,
      0.003927510231733322,
      0.000586703245062381,
      7.319371070479974e-05,
      7.943361197249033e-06,
      7.713220497862494e-07,
      6.840883060021952e-08
    ],
    [
      0.12282904982566833,
      0.06362530589103699,
      0.01719915121793747,
      0.003234989708289504,
      0.00047629961045458913,
      5.855384370079264e-05,
      6.260718237172114e-06,
      5.988470661577594e-07,
      5.230934263522613e-08
    ],
    [
      0.08181887120008469,
      0.0417957566678524,
      0.011139418929815292,
      0.0020653295796364546,
      0.0002996884286403656,
      3.6302400985732675e-05,
      3.823973656835733e-06,
      3.6028185945724545e-07,
      3.099346201906883e-08
    ],
    [
      0.04506848752498627,
      0.022701840847730637,
      0.005964962299913168,
      0.0010900889756157994,
      0.00015587818052154034,
      1.860428528743796e-05,
      1.9305371097289026e-06,
      1.7915060368522973e-07,
      1.5177125334275843e-08
    ],
    [
      0.021381860598921776,
      0.010619532316923141,
      0.002750641666352749,
      0.0004954325268045068,
      6.981073966016993e-05,
      8.208927283703815e-06,
      8.391000960727979e-07,
      7.669118673447883e-08,
      6.397950169656497e-09
    ],
    [
      0.008985922671854496,
      0.004400067031383514,
      0.0011234090197831392,
      0.00019941401842515916,
      2.768737067526672e-05,
      3.207440158803365e-06,
      3.229434355489502e-07,
      2.9069020968108816e-08,
      2.3879902499857053e-09
    ],
    [
      0.0034145598765462637,
      0.0016482979990541935,
      0.0004147964937146753,
      7.255936361616477e-05,
      9.926216080202721e-06,
      1.1327952051942702e-06,
      1.1234156005457407e-07,
      9.958609048510425e-09,
      8.055481837132561e-10
    ]
  ],
  "probs_results": [
    0.13314712047576904,
    0.8060886263847351,
    0.0607643686234951
  ]
}