{
  "skills_mean": [
    [
      0.35262465476989746,
      0.6911861896514893
    ],
    [
      0.3393932580947876,
      0.7445806860923767
    ]
  ],
  "skills_cov": [
    [
      [
        0.015781482681632042,
        0.0085914870724082
      ],
      [
        0.0085914870724082,
        0.02169209159910679
      ]
    ],
    [
      [
        0.020613694563508034,
        0.011731416918337345
      ],
      [
        0.011731416918337345,
        0.025084037333726883
      ]
    ]
  ],
  "probs_grid": [
    [
      0.0684516578912735,
      0.09187973290681839,
      0.0641477108001709,
      0.031057924032211304,
      0.01173033844679594,
      0.0036862704437226057,
      0.0010039013577625155,
      0.0002436787326587364,
      5.381212031352334e-05
    ],
    [
      0.08863553404808044,
      0.1172131821513176,
      0.08061473071575165,
      0.038444068282842636,
      0.014300189912319183,
      0.004425335209816694,
      0.0011866865679621696,
      0.0002836015191860497,
      6.165671220514923e-05
    ],
    [
      0.05962435156106949,
      0.07767298817634583,
      0.05261777341365814,
      0.02471279539167881,
      0.00905236229300499,
      0.0027583555784076452,
      0.0007282532751560211,
      0.00017134063818957657,
      3.666929478640668e-05
    ],
    [
      0.02778053469955921,
      0.03564620018005371,
      0.02378213405609131,
      0.010999375022947788,
      0.00396726606413722,
      0.0011902032420039177,
      0.00030935442191548645,
      7.164744602050632e-05,
      1.5093022739165463e-05
    ],
    [
      0.010085105895996094,
      0.012744725681841373,
      0.008373317308723927,
      0.0038132816553115845,
      0.0013541399966925383,
      0.0003999399777967483,
      0.00010232810018351302,
      2.332756957912352e-05,
      4.836637799598975e-06
    ],
    [
      0.0030425633303821087,
      0.003786357818171382,
      0.0024494854733347893,
      0.0010982948588207364,
      0.0003839595301542431,
      0.00011163006274728104,
      2.8113186999689788e-05,
      6.307847343123285e-06,
      1.2871253147750394e-06
    ],
    [
      0.0007945351535454392,
      0.0009736092761158943,
      0.0006201310316100717,
      0.00027373566990718246,
      9.420279820915312e-05,
      2.695804687391501e-05,
      6.682098046439933e-06,
      1.4755285064893542e-06,
      2.9629379127982247e-07
    ],
    [
      0.00018471493967808783,
      0.00022285518934950233,
      0.00013974255125503987,
      6.0721849877154455e-05,
      2.0568768377415836e-05,
      5.793349373561796e-06,
      1.413246764059295e-06,
      3.0710495479979727e-07,
      6.068312075058202e-08
    ],
    [
      3.902330718119629e-05,
      4.6350851334864274e-05,
      2.8611175366677344e-05,
      1.2237325790920295e-05,
      4.079894551978214e-06,
      1.130930627368798e-06,
      2.7149329184794624e-07,
      5.8054247631389444e-08,
      1.1287413670402202e-08
    ]
  ],
  "probs_results": [
    0.25077342987060547,
    0.36249661445617676,
    0.386729896068573
  ]
}