{
  "skills_mean": [
    [
      -0.02785700000822544,
      0.7071842551231384
    ],
    [
      0.2218778282403946,
      0.803103506565094
    ]
  ],
  "skills_cov": [
    [
      [
        0.01870187371969223,
        0.009575561620295048
      ],
      [
        0.009575561620295048,
        0.02215687744319439
      ]
    ],
    [
      [
        0.021677514538168907,
        0.01282573863863945
      ],
      [
        0.01282573863863945,
        0.029067255556583405
      ]
    ]
  ],
  "probs_grid": [
    [
      0.12840232253074646,
      0.1506418138742447,
      0.09208740293979645,
      0.0391058512032032,
      0.012977355159819126,
      0.0035894266329705715,
      0.0008618805441074073,
      0.00018477650883141905,
      3.610247586038895e-05
    ],
    [
      0.10880275815725327,
      0.1258004903793335,
      0.07577021420001984,
      0.0316956490278244,
      0.010358759202063084,
      0.00282111344859004,
      0.0006668563582934439,
      0.00014071568148210645,
      2.7056350518250838e-05
    ],
    [
      0.04823475703597069,
      0.05494645982980728,
      0.032598208636045456,
      0.013428819365799427,
      0.00432116212323308,
      0.0011584667954593897,
      0.0002695175353437662,
      5.596485061687417e-05,
      1.0587450560706202e-05
    ],
    [
      0.014915598556399345,
      0.016735302284359932,
      0.009777052327990532,
      0.003965380601584911,
      0.0012560243485495448,
      0.00033140083542093635,
      7.586761785205454e-05,
      1.5499421351705678e-05,
      2.8844131065852707e-06
    ],
    [
      0.0036191039253026247,
      0.003998433705419302,
      0.002299718325957656,
      0.0009180811466649175,
      0.0002861847460735589,
      7.429881225107238e-05,
      1.6733880329411477e-05,
      3.362815959917498e-06,
      6.155058258627832e-07
    ],
    [
      0.0007349078077822924,
      0.0007992982864379883,
      0.00045248158858157694,
      0.00017776194727048278,
      5.4521096899406984e-05,
      1.3924925951869227e-05,
      3.0848655114823487e-06,
      6.096927904764016e-07,
      1.0973693065352563e-07
    ],
    [
      0.00013008555106353015,
      0.00013924810627941042,
      7.756960985716432e-05,
      2.9982629712321796e-05,
      9.046250852406956e-06,
      2.272515985168866e-06,
      4.951092478222563e-07,
      9.622107910445266e-08,
      1.7027602439156908e-08
    ],
    [
      2.0643556126742624e-05,
      2.174371365981642e-05,
      1.1916687071789056e-05,
      4.530932073976146e-06,
      1.3445530839817366e-06,
      3.321611927731283e-07,
      7.115733069440466e-08,
      1.3596070935761873e-08,
      2.365217799393804e-09
    ],
    [
      2.997880073962733e-06,
      3.10643736156635e-06,
      1.6746306528148125e-06,
      6.26216547061631e-07,
      1.827385318620145e-07,
      4.4387494568809416e-08,
      9.348435803246957e-09,
      1.7558630105440898e-09,
      3.0023400432455105e-10
    ]
  ],
  "probs_results": [
    0.2910725772380829,
    0.2669287621974945,
    0.44199857115745544
  ]
}