{
  "skills_mean": [
    [
      0.31198808550834656,
      1.1734533309936523
    ],
    [
      -0.03174881264567375,
      0.2505686581134796
    ]
  ],
  "skills_cov": [
    [
      [
        0.015013848431408405,
        0.00869493093341589
      ],
      [
        0.00869493093341589,
        0.02468182146549225
      ]
    ],
    [
      [
        0.020717132836580276,
        0.010502810589969158
      ],
      [
        0.010502810589969158,
        0.02346193417906761
      ]
    ]
  ],
  "probs_grid": [
    [
      0.07264767587184906,
      0.043359916657209396,
      0.013515367172658443,
      0.0029333254788070917,
      0.0004986768472008407,
      7.082925003487617e-05,
      8.75483328854898e-06,
      9.685832083050627e-07,
      9.790646515739354e-08
    ],
    [
      0.1422761231660843,
      0.08387334644794464,
      0.02581464871764183,
      0.0055307792499661446,
      0.0009279475198127329,
      0.00013004452921450138,
      1.5856416212045588e-05,
      1.730135977595637e-06,
      1.7244641981051245e-07
    ],
    [
      0.14435577392578125,
      0.08403858542442322,
      0.025536268949508667,
      0.005400125868618488,
      0.0008940534316934645,
      0.00012361069093458354,
      1.4866200217511505e-05,
      1.599624624759599e-06,
      1.5719979273853824e-07
    ],
    [
      0.10116462409496307,
      0.058151014149188995,
      0.01744253747165203,
      0.003640197217464447,
      0.000594640034250915,
      8.110026101348922e-05,
      9.61950354394503e-06,
      1.0206408660451416e-06,
      9.888473329056069e-08
    ],
    [
      0.05508439242839813,
      0.03125912323594093,
      0.009254305623471737,
      0.001905784010887146,
      0.00030713030719198287,
      4.131623063585721e-05,
      4.832764716411475e-06,
      5.055679821452941e-07,
      4.828623545449773e-08
    ],
    [
      0.024855442345142365,
      0.01392288040369749,
      0.00406775763258338,
      0.0008265109499916434,
      0.000131392473122105,
      1.7432332242606208e-05,
      2.0106456304347375e-06,
      2.0737060424380616e-07,
      1.9522918393022337e-08
    ],
    [
      0.00968041829764843,
      0.005351852625608444,
      0.001542897429317236,
      0.00030927613261155784,
      4.849505057791248e-05,
      6.344962002913235e-06,
      7.215678579086671e-07,
      7.336390694945294e-08,
      6.80773970529458e-09
    ],
    [
      0.0033468634355813265,
      0.001825986080802977,
      0.0005193838151171803,
      0.00010269961785525084,
      1.5882103980402462e-05,
      2.049030399575713e-06,
      2.2973654267843813e-07,
      2.3024869122423297e-08,
      2.1057720012152004e-09
    ],
    [
      0.0010484886588528752,
      0.0005644468474201858,
      0.00015838962281122804,
      3.089131132583134e-05,
      4.7111298044910654e-06,
      5.992928322484659e-07,
      6.624027548696176e-08,
      6.543670050263017e-09,
      5.897964339141026e-10
    ]
  ],
  "probs_results": [
    0.18615348637104034,
    0.7137972116470337,
    0.10004926472902298
  ]
}