{
  "skills_mean": [
    [
      0.23208396136760712,
      0.5121203660964966
    ],
    [
      -0.21495378017425537,
      0.4662548005580902
    ]
  ],
  "skills_cov": [
    [
      [
        0.019910544157028198,
        0.011029103770852089
      ],
      [
        0.011029103770852089,
        0.02390766330063343
      ]
    ],
    [
      [
        0.021131230518221855,
        0.011400904506444931
      ],
      [
        0.011400904506444931,
        0.02478148229420185
      ]
    ]
  ],
  "probs_grid": [
    [
      0.08390737324953079,
      0.0791737362742424,
      0.03897511959075928,
      0.01334534864872694,
      0.0035754579585045576,
      0.0007994481129571795,
      0.00015538230945821851,
      2.700018376344815e-05,
      4.2815909182536416e-06
    ],
    [
      0.12492845952510834,
      0.1160101443529129,
      0.056191883981227875,
      0.018928203731775284,
      0.0049880556762218475,
      0.0010968343121930957,
      0.00020962297276128083,
      3.5812110581900924e-05,
      5.582613994192798e-06
    ],
    [
      0.09693365544080734,
      0.08857183158397675,
      0.04220667853951454,
      0.013984635472297668,
      0.0036244112998247147,
      0.0007836930453777313,
      0.00014725873188581318,
      2.4731569283176214e-05,
      3.7895251807640307e-06
    ],
    [
      0.05225567892193794,
      0.04697620868682861,
      0.022019769996404648,
      0.007175656966865063,
      0.0018287758575752378,
      0.00038879361818544567,
      7.181996625149623e-05,
      1.185637211165158e-05,
      1.78553909790935e-06
    ],
    [
      0.022016270086169243,
      0.019469449296593666,
      0.008976005017757416,
      0.002876467304304242,
      0.0007208126480691135,
      0.00015065567276906222,
      2.7356474674888887e-05,
      4.438765699887881e-06,
      6.569400738953846e-07
    ],
    [
      0.007731887046247721,
      0.006725226528942585,
      0.0030491589568555355,
      0.0009608076070435345,
      0.00023671130475122482,
      4.8634505219524726e-05,
      8.680164683028124e-06,
      1.3841653299095924e-06,
      2.01308452574267e-07
    ],
    [
      0.002357417717576027,
      0.0020165988244116306,
      0.0008990627247840166,
      0.0002785367541946471,
      6.74595357850194e-05,
      1.3623619452118874e-05,
      2.389724613749422e-06,
      3.744823970919242e-07,
      5.351597209823922e-08
    ],
    [
      0.0006417701370082796,
      0.000539856671821326,
      0.0002366482513025403,
      7.207616727100685e-05,
      1.715903817967046e-05,
      3.4058848541462794e-06,
      5.871157213732658e-07,
      9.040636683721459e-08,
      1.2694012063718674e-08
    ],
    [
      0.00015922653255984187,
      0.00013170084275770932,
      5.675819920725189e-05,
      1.699323365755845e-05,
      3.976336756750243e-06,
      7.756676723147393e-07,
      1.313944721914595e-07,
      1.9879944801459715e-08,
      2.7424296167311013e-09
    ]
  ],
  "probs_results": [
    0.25009918212890625,
    0.5112974047660828,
    0.23860326409339905
  ]
}