{
  "skills_mean": [
    [
      0.5158234238624573,
      0.8228051066398621
    ],
    [
      0.3647613227367401,
      0.6707950234413147
    ]
  ],
  "skills_cov": [
    [
      [
        0.019081007689237595,
        0.010270390659570694
      ],
      [
        0.010270390659570694,
        0.02237190678715706
      ]
    ],
    [
      [
        0.01558607816696167,
        0.00835621077567339
      ],
      [
        0.00835621077567339,
        0.021204406395554543
      ]
    ]
  ],
  "probs_grid": [
    [
      0.0557531900703907,
      0.06812150031328201,
      0.04313136637210846,
      0.01886747218668461,
      0.0064146798104047775,
      0.0018079293658956885,
      0.0004399839963298291,
      9.509330993751064e-05,
      1.863157558545936e-05
    ],
    [
      0.08995287865400314,
      0.10840778052806854,
      0.06769438832998276,
      0.029201852157711983,
      0.009789627976715565,
      0.0027203578501939774,
      0.0006526748184114695,
      0.0001390558754792437,
      2.685552681214176e-05
    ],
    [
      0.07533018290996552,
      0.08953657746315002,
      0.05513570085167885,
      0.023452429100871086,
      0.007751746568828821,
      0.002123619196936488,
      0.0005022590630687773,
      0.00010547893907641992,
      2.0078137822565623e-05
    ],
    [
      0.043655022978782654,
      0.05116933211684227,
      0.03107011877000332,
      0.01303037814795971,
      0.004246083088219166,
      0.0011466970900073647,
      0.00026732980040833354,
      5.533502189791761e-05,
      1.0381037100160029e-05
    ],
    [
      0.019693665206432343,
      0.02276182547211647,
      0.013627100735902786,
      0.0056343222968280315,
      0.001809920184314251,
      0.0004818038723897189,
      0.0001107097850763239,
      2.2585209080716595e-05,
      4.1756143218663055e-06
    ],
    [
      0.007376253139227629,
      0.008405907079577446,
      0.00496146734803915,
      0.0020222696475684643,
      0.0006403413717634976,
      0.00016801332822069526,
      3.804945663432591e-05,
      7.649708095414098e-06,
      1.3937041103417869e-06
    ],
    [
      0.0023891888558864594,
      0.002684321952983737,
      0.0015619120094925165,
      0.000627546978648752,
      0.000195859742234461,
      5.06489523104392e-05,
      1.130414329963969e-05,
      2.239582045149291e-06,
      4.020669734927651e-07
    ],
    [
      0.0006882786401547492,
      0.0007623457931913435,
      0.000437262118794024,
      0.00017316645244136453,
      5.326749669620767e-05,
      1.3575500815932173e-05,
      2.9858019843231887e-06,
      5.829084557262831e-07,
      1.0311342180102656e-07
    ],
    [
      0.0001800073659978807,
      0.00019654106290545315,
      0.00011111766070825979,
      4.33722379966639e-05,
      1.3148770449333824e-05,
      3.3023495689121773e-06,
      7.157218533393461e-07,
      1.3768058693131024e-07,
      2.399666776398135e-08
    ]
  ],
  "probs_results": [
    0.23436030745506287,
    0.4761142432689667,
    0.2895256280899048
  ]
}