{
  "skills_mean": [
    [
      -0.018504464998841286,
      0.38377171754837036
    ],
    [
      0.7105921506881714,
      1.3853254318237305
    ]
  ],
  "skills_cov": [
    [
      [
        0.019968459382653236,
        0.009601360186934471
      ],
      [
        0.009601360186934471,
        0.019615698605775833
      ]
    ],
    [
      [
        0.017830993980169296,
        0.011257598176598549
      ],
      [
        0.011257598176598549,
        0.027926426380872726
      ]
    ]
  ],
  "probs_grid": [
    [
      0.04475122690200806,
      0.11199785023927689,
      0.14498938620090485,
      0.12944354116916656,
      0.08965010195970535,
      0.05137248709797859,
      0.025368906557559967,
      0.011103280819952488,
      0.004396283533424139
    ],
    [
      0.02231714129447937,
      0.055079780519008636,
      0.07030995190143585,
      0.061888713389635086,
      0.042255960404872894,
      0.023868920281529427,
      0.011617983691394329,
      0.005011549219489098,
      0.001955534564331174
    ],
    [
      0.005825466942042112,
      0.01417461782693863,
      0.017836805433034897,
      0.015475685708224773,
      0.010414169169962406,
      0.005797362420707941,
      0.002780705690383911,
      0.0011819282080978155,
      0.0004544127150438726
    ],
    [
      0.0010612185578793287,
      0.0025450563989579678,
      0.0031562652438879013,
      0.002698597265407443,
      0.0017894039629027247,
      0.0009814684744924307,
      0.0004638013488147408,
      0.00019420962780714035,
      7.35540670575574e-05
    ],
    [
      0.00015177397290244699,
      0.0003586683014873415,
      0.00043826308683492243,
      0.00036917312536388636,
      0.00024115628912113607,
      0.00013029704859945923,
      6.0649959777947515e-05,
      2.5014061975525692e-05,
      9.330648936156649e-06
    ],
    [
      1.817687189031858e-05,
      4.231703496770933e-05,
      5.09358687850181e-05,
      4.2262392526026815e-05,
      2.7191204935661517e-05,
      1.446915848646313e-05,
      6.632744316448225e-06,
      2.6938787414110266e-06,
      9.895005632643006e-07
    ],
    [
      1.8988035890288302e-06,
      4.353910753707169e-06,
      5.161322405911051e-06,
      4.217315563437296e-06,
      2.671952643140685e-06,
      1.400031123921508e-06,
      6.319160092971288e-07,
      2.5269446268794127e-07,
      9.138329915003851e-08
    ],
    [
      1.7794867801512737e-07,
      4.0179665461437253e-07,
      4.6899964445401565e-07,
      3.7731712154709385e-07,
      2.353611137095868e-07,
      1.214107925306962e-07,
      5.394768720634602e-08,
      2.123659648134435e-08,
      7.55989582046368e-09
    ],
    [
      1.5272052067416553e-08,
      3.3949618227779865e-08,
      3.901234180148094e-08,
      3.089685307600121e-08,
      1.8971402226952705e-08,
      9.632954878213695e-09,
      4.2130343658186575e-09,
      1.6323414842034367e-09,
      5.719146267679776e-10
    ]
  ],
  "probs_results": [
    0.12107115238904953,
    0.05078835040330887,
    0.8281405568122864
  ]
}