{
  "skills_mean": [
    [
      0.24125754833221436,
      0.8226338028907776
    ],
    [
      0.009160295128822327,
      0.7286259531974792
    ]
  ],
  "skills_cov": [
    [
      [
        0.02034008875489235,
        0.011020544916391373
      ],
      [
        0.011020544916391373,
        0.024322642013430595
      ]
    ],
    [
      [
        0.0182754248380661,
        0.009149759076535702
      ],
      [
        0.009149759076535702,
        0.021393001079559326
      ]
    ]
  ],
  "probs_grid": [
    [
      0.1270785629749298,
      0.10944532603025436,
      0.049083057790994644,
      0.015282388776540756,
      0.0037162473890930414,
      0.0007527906564064324,
      0.00013231296907179058,
      2.075372321996838e-05,
      2.9653883757418953e-06
    ],
    [
      0.14878685772418976,
      0.12651869654655457,
      0.05600614473223686,
      0.017207961529493332,
      0.004128290805965662,
      0.0008248355588875711,
      0.00014296443259809166,
      2.2108763005235232e-05,
      3.1139279599301517e-06
    ],
    [
      0.09060350805521011,
      0.07604869455099106,
      0.03322146460413933,
      0.01007054653018713,
      0.0023830574937164783,
      0.000469545426312834,
      8.024066482903436e-05,
      1.2232158951519523e-05,
      1.6980020518531092e-06
    ],
    [
      0.038257867097854614,
      0.03169005736708641,
      0.013658432289958,
      0.004084012471139431,
      0.0009530738461762667,
      0.000185156095540151,
      3.1191670132102445e-05,
      4.686525699071353e-06,
      6.410829769265547e-07
    ],
    [
      0.012601248919963837,
      0.010298526845872402,
      0.004378389101475477,
      0.0012911243829876184,
      0.0002970889618154615,
      5.689744284609333e-05,
      9.44732346397359e-06,
      1.398813765263185e-06,
      1.8853445737931906e-07
    ],
    [
      0.0034531832206994295,
      0.0027838731184601784,
      0.001167251612059772,
      0.0003393960651010275,
      7.69891994423233e-05,
      1.4533207831846084e-05,
      2.3780826268193778e-06,
      3.469411637979647e-07,
      4.6067594183796245e-08
    ],
    [
      0.0008200346492230892,
      0.000651995767839253,
      0.0002695604634936899,
      7.727018237346783e-05,
      1.727705603116192e-05,
      3.214105390725308e-06,
      5.182182007956726e-07,
      7.448361571960049e-08,
      9.74214220406111e-09
    ],
    [
      0.00017356064927298576,
      0.0001360713504254818,
      5.546240208786912e-05,
      1.5671004803152755e-05,
      3.4532060908532003e-06,
      6.330084261207958e-07,
      1.0055197208203026e-07,
      1.4236466228112477e-08,
      1.8339942897682704e-09
    ],
    [
      3.3419160899939016e-05,
      2.583078821771778e-05,
      1.0378144907008391e-05,
      2.8899737571919104e-06,
      6.275152486523439e-07,
      1.1333101213040209e-07,
      1.7733835733224623e-08,
      2.4730066883194013e-09,
      3.1374297604358503e-10
    ]
  ],
  "probs_results": [
    0.29122015833854675,
    0.43774086236953735,
    0.2710390090942383
  ]
}