{
  "skills_mean": [
    [
      0.7051239013671875,
      1.146167278289795
    ],
    [
      0.5385083556175232,
      0.7993248701095581
    ]
  ],
  "skills_cov": [
    [
      [
        0.018746713176369667,
        0.010555781424045563
      ],
      [
        0.010555781424045563,
        0.025558067485690117
      ]
    ],
    [
      [
        0.019992627203464508,
        0.010413466021418571
      ],
      [
        0.010413466021418571,
        0.02365211211144924
      ]
    ]
  ],
  "probs_grid": [
    [
      0.05963737145066261,
      0.06319934129714966,
      0.03494942560791969,
      0.013446428813040257,
      0.004048844333738089,
      0.0010176636278629303,
      0.00022239085228648037,
      4.345739944255911e-05,
      7.751022167212795e-06
    ],
    [
      0.10154604911804199,
      0.10596603900194168,
      0.05769513174891472,
      0.02185191586613655,
      0.006476494017988443,
      0.0016020865878090262,
      0.0003445259644649923,
      6.624394154641777e-05,
      1.1624549188127276e-05
    ],
    [
      0.08989642560482025,
      0.09236534684896469,
      0.049508847296237946,
      0.018457630649209023,
      0.00538411270827055,
      0.0013106823898851871,
      0.0002773464366327971,
      5.246772707323544e-05,
      9.05787692317972e-06
    ],
    [
      0.05516348406672478,
      0.05580060929059982,
      0.02944239228963852,
      0.010803664103150368,
      0.0031014299020171165,
      0.0007429310935549438,
      0.00015467917546629906,
      2.878835948649794e-05,
      4.889087904302869e-06
    ],
    [
      0.026393627747893333,
      0.026282481849193573,
      0.013649733737111092,
      0.004929374437779188,
      0.0013925234088674188,
      0.0003282174002379179,
      6.723169644828886e-05,
      1.2309704288782086e-05,
      2.056406174233416e-06
    ],
    [
      0.010501867160201073,
      0.010293836705386639,
      0.005261673592031002,
      0.0018699478823691607,
      0.0005197918508201838,
      0.00012054054241161793,
      2.429113919788506e-05,
      4.375066055217758e-06,
      7.189077564362378e-07
    ],
    [
      0.0036193786654621363,
      0.0034918435849249363,
      0.0017565437592566013,
      0.0006142892525531352,
      0.0001680099667282775,
      3.833166920230724e-05,
      7.598895081173396e-06,
      1.3462571359923459e-06,
      2.1758123125437123e-07
    ],
    [
      0.0011111866915598512,
      0.0010550845181569457,
      0.0005223001935519278,
      0.00017972808564081788,
      4.836321750190109e-05,
      1.0855079381144606e-05,
      2.116813220709446e-06,
      3.6887510646010924e-07,
      5.863534013883509e-08
    ],
    [
      0.00031019121524877846,
      0.0002898553793784231,
      0.00014119435218162835,
      4.780469316756353e-05,
      1.265565151697956e-05,
      2.7943237910221796e-06,
      5.359977990337939e-07,
      9.186740612676658e-08,
      1.4361844158372605e-08
    ]
  ],
  "probs_results": [
    0.22749954462051392,
    0.5374877452850342,
    0.23501279950141907
  ]
}