{
  "skills_mean": [
    [
      -0.20809601247310638,
      0.47900107502937317
    ],
    [
      0.22283171117305756,
      0.6988618969917297
    ]
  ],
  "skills_cov": [
    [
      [
        0.02085105888545513,
        0.01103218924254179
      ],
      [
        0.01103218924254179,
        0.024089811369776726
      ]
    ],
    [
      [
        0.0199570469558239,
        0.01141284964978695
      ],
      [
        0.01141284964978695,
        0.02501692809164524
      ]
    ]
  ],
  "probs_grid": [
    [
      0.10124941170215607,
      0.14730195701122284,
      0.11163057386875153,
      0.058750636875629425,
      0.02415485866367817,
      0.008274498395621777,
      0.0024598268792033195,
      0.0006526461220346391,
      0.00015774868370499462
    ],
    [
      0.08028249442577362,
      0.11502900719642639,
      0.08583550900220871,
      0.04447362199425697,
      0.017998099327087402,
      0.006067737005650997,
      0.0017749583348631859,
      0.00046334127546288073,
      0.00011017243377864361
    ],
    [
      0.03324594721198082,
      0.04690137878060341,
      0.034453120082616806,
      0.01757003925740719,
      0.006997404620051384,
      0.002321201376616955,
      0.0006680213264189661,
      0.00017153906810563058,
      4.011845521745272e-05
    ],
    [
      0.009586472064256668,
      0.013312657363712788,
      0.009624834172427654,
      0.00483008474111557,
      0.001892654225230217,
      0.0006176463793963194,
      0.00017484521958976984,
      4.415823786985129e-05,
      1.0156157259189058e-05
    ],
    [
      0.0021652497816830873,
      0.002959211589768529,
      0.002105224644765258,
      0.0010394166456535459,
      0.0004006605304311961,
      0.00012860525748692453,
      3.5804230719804764e-05,
      8.892122423276305e-06,
      2.0109036995563656e-06
    ],
    [
      0.0004085893742740154,
      0.0005494474316947162,
      0.00038455266621895134,
      0.00018676453328225762,
      7.080645445967093e-05,
      2.2350868675857782e-05,
      6.118717919889605e-06,
      1.4940874280000571e-06,
      3.321738404338248e-07
    ],
    [
      6.70957742840983e-05,
      8.876041829353198e-05,
      6.110473623266444e-05,
      2.918658356065862e-05,
      1.0881268281082157e-05,
      3.3772980714275036e-06,
      9.089880563806219e-07,
      2.1819978712755983e-07,
      4.768527972487391e-08
    ],
    [
      9.861364560492802e-06,
      1.2831154890591279e-05,
      8.686998626217246e-06,
      4.080142389284447e-06,
      1.4956108316255268e-06,
      4.5636264189852227e-07,
      1.2074183075583278e-07,
      2.8488733150311418e-08,
      6.119066142673546e-09
    ],
    [
      1.3241436818134389e-06,
      1.694307457000832e-06,
      1.1279066711722407e-06,
      5.208422635405441e-07,
      1.8768579934658192e-07,
      5.6293941952390014e-08,
      1.4638875001082852e-08,
      3.394559966451993e-09,
      7.165094073613432e-10
    ]
  ],
  "probs_results": [
    0.25600892305374146,
    0.20314444601535797,
    0.5408468842506409
  ]
}