{
  "skills_mean": [
    [
      0.03214182332158089,
      0.3789747655391693
    ],
    [
      0.39130115509033203,
      0.7851740717887878
    ]
  ],
  "skills_cov": [
    [
      [
        0.01920957863330841,
        0.010160253383219242
      ],
      [
        0.010160253383219242,
        0.020714472979307175
      ]
    ],
    [
      [
        0.020138680934906006,
        0.011657358147203922
      ],
      [
        0.011657358147203922,
        0.024762311950325966
      ]
    ]
  ],
  "probs_grid": [
    [
      0.056777723133563995,
      0.10675187408924103,
      0.10418879240751266,
      0.0703737810254097,
      0.0370044969022274,
      0.016156049445271492,
      0.006100072525441647,
      0.0020485222339630127,
      0.0006245368276722729
    ],
    [
      0.052663274109363556,
      0.09743427485227585,
      0.09356709569692612,
      0.06217871978878975,
      0.032164715230464935,
      0.013814126141369343,
      0.005130472593009472,
      0.0016946165123954415,
      0.0005081284325569868
    ],
    [
      0.025456564500927925,
      0.04633874446153641,
      0.043778255581855774,
      0.028618380427360535,
      0.014561925083398819,
      0.00615132600069046,
      0.002246892312541604,
      0.0007298800046555698,
      0.00021522217139136046
    ],
    [
      0.008550037629902363,
      0.01531055849045515,
      0.014228150248527527,
      0.009148407727479935,
      0.00457824906334281,
      0.0019019624451175332,
      0.0006831922219134867,
      0.00021823124552611262,
      6.327572191366926e-05
    ],
    [
      0.0022446042858064175,
      0.00395351042971015,
      0.003613491542637348,
      0.0022849671076983213,
      0.0011245055356994271,
      0.0004593733756337315,
      0.0001622500567464158,
      5.0958431529579684e-05,
      1.4526950508297887e-05
    ],
    [
      0.0004912656149826944,
      0.0008509900071658194,
      0.0007648959290236235,
      0.00047561980318278074,
      0.0002301545173395425,
      9.244373359251767e-05,
      3.210172144463286e-05,
      9.91222623270005e-06,
      2.777945837806328e-06
    ],
    [
      9.336802031612024e-05,
      0.0001590447936905548,
      0.00014056620420888066,
      8.593989332439378e-05,
      4.088706191396341e-05,
      1.6145526387845166e-05,
      5.5117648116720375e-06,
      1.6730256220398587e-06,
      4.6090099203865975e-07
    ],
    [
      1.584856363479048e-05,
      2.6544576030573808e-05,
      2.3066106223268434e-05,
      1.386433814332122e-05,
      6.484515324700624e-06,
      2.5171530069201253e-06,
      8.446840524811705e-07,
      2.5201998710144835e-07,
      6.824225096124792e-08
    ],
    [
      2.452539092701045e-06,
      4.038511633552844e-06,
      3.4499478260840988e-06,
      2.0384779872983927e-06,
      9.371959208692715e-07,
      3.5759234151555574e-07,
      1.1794519849672724e-07,
      3.4586914665624136e-08,
      9.20462905895647e-09
    ]
  ],
  "probs_results": [
    0.2084728479385376,
    0.17819063365459442,
    0.6133365631103516
  ]
}