{
  "skills_mean": [
    [
      0.5596837997436523,
      0.966866135597229
    ],
    [
      0.012211951427161694,
      0.6145970225334167
    ]
  ],
  "skills_cov": [
    [
      [
        0.01999744027853012,
        0.012145668268203735
      ],
      [
        0.012145668268203735,
        0.027029383927583694
      ]
    ],
    [
      [
        0.02258133701980114,
        0.012483722530305386
      ],
      [
        0.012483722530305386,
        0.02564036101102829
      ]
    ]
  ],
  "probs_grid": [
    [
      0.07599159330129623,
      0.05806265026330948,
      0.023245196789503098,
      0.006501071620732546,
      0.0014288097154349089,
      0.0002632073883432895,
      4.233021900290623e-05,
      6.112670234870166e-06,
      8.090146366157569e-07
    ],
    [
      0.1332540363073349,
      0.10004045814275742,
      0.03934377059340477,
      0.010806813836097717,
      0.002332217525690794,
      0.00042178595322184265,
      6.658348138444126e-05,
      9.436194886802696e-06,
      1.2254769217179273e-06
    ],
    [
      0.12181449681520462,
      0.08984581381082535,
      0.03470615670084953,
      0.009361530654132366,
      0.0019835922867059708,
      0.00035215221578255296,
      5.4561423894483596e-05,
      7.588005246361718e-06,
      9.669024620961864e-07
    ],
    [
      0.0773935467004776,
      0.05607278272509575,
      0.02127247303724289,
      0.005634165368974209,
      0.0011719940230250359,
      0.00020422913075890392,
      3.105387440882623e-05,
      4.237734174239449e-06,
      5.297885081745335e-07
    ],
    [
      0.03844091668725014,
      0.027355125173926353,
      0.010190960019826889,
      0.002650052309036255,
      0.0005411283927969635,
      9.254848555428907e-05,
      1.3809429219691083e-05,
      1.8490022739570122e-06,
      2.2677212996313756e-07
    ],
    [
      0.015919707715511322,
      0.011125810444355011,
      0.004069823306053877,
      0.001038970542140305,
      0.00020823928934987634,
      3.495221972116269e-05,
      5.117498858453473e-06,
      6.722548278048635e-07,
      8.088026959285344e-08
    ],
    [
      0.005725274793803692,
      0.0039291842840611935,
      0.0014111570781096816,
      0.00035363537608645856,
      6.956576544325799e-05,
      1.1458300832600798e-05,
      1.6460827509945375e-06,
      2.1213675438502833e-07,
      2.503549545451733e-08
    ],
    [
      0.0018388611497357488,
      0.0012391586787998676,
      0.0004369121161289513,
      0.0001074719475582242,
      2.0748469978570938e-05,
      3.353481588419527e-06,
      4.7266181013583264e-07,
      5.975575589900473e-08,
      6.9171979255600036e-09
    ],
    [
      0.000538372085429728,
      0.00035620410926640034,
      0.00012329044693615288,
      2.9766157240374014e-05,
      5.639476967189694e-06,
      8.943546276896086e-07,
      1.2367033264126803e-07,
      1.533695304090088e-08,
      1.741328636839512e-09
    ]
  ],
  "probs_results": [
    0.21703188121318817,
    0.6270904541015625,
    0.15587766468524933
  ]
}