{
  "skills_mean": [
    [
      0.24960961937904358,
      0.7832383513450623
    ],
    [
      -0.18239334225654602,
      0.10711356997489929
    ]
  ],
  "skills_cov": [
    [
      [
        0.020437484607100487,
        0.01105477660894394
      ],
      [
        0.01105477660894394,
        0.023386413231492043
      ]
    ],
    [
      [
        0.02082223631441593,
        0.011083302088081837
      ],
      [
        0.011083302088081837,
        0.02116953395307064
      ]
    ]
  ],
  "probs_grid": [
    [
      0.052388448268175125,
      0.0398043729364872,
      0.015767661854624748,
      0.0043417527340352535,
      0.0009348823805339634,
      0.000167899823281914,
      2.6196983526460826e-05,
      3.652342456916813e-06,
      4.6445202883660386e-07
    ],
    [
      0.11060380935668945,
      0.0826995000243187,
      0.03223298117518425,
      0.008731456473469734,
      0.0018492606468498707,
      0.00032662227749824524,
      5.0111771997762844e-05,
      6.869013759569498e-06,
      8.587042543695134e-07
    ],
    [
      0.12125686556100845,
      0.08921447396278381,
      0.034210167825222015,
      0.00911578256636858,
      0.001898853457532823,
      0.00032980897231027484,
      4.975309275323525e-05,
      6.70474537400878e-06,
      8.239216526817472e-07
    ],
    [
      0.0920308381319046,
      0.06662239134311676,
      0.02513200230896473,
      0.006586964707821608,
      0.0013493929291144013,
      0.00023046454589348286,
      3.418211417738348e-05,
      4.528390491032042e-06,
      5.469893835652329e-07
    ],
    [
      0.05439423769712448,
      0.03874027356505394,
      0.014375542290508747,
      0.0037057145964354277,
      0.0007465392700396478,
      0.00012536814028862864,
      1.8280792573932558e-05,
      2.3806762783351587e-06,
      2.8264773277442146e-07
    ],
    [
      0.026701809838414192,
      0.018708620220422745,
      0.006828551180660725,
      0.0017311653355136514,
      0.00034294271608814597,
      5.662411786033772e-05,
      8.117097422655206e-06,
      1.0390726856712718e-06,
      1.2125032355925214e-07
    ],
    [
      0.011338899843394756,
      0.007815102115273476,
      0.002805564319714904,
      0.0006994682480581105,
      0.00013624817074742168,
      2.211746141256299e-05,
      3.116782863799017e-06,
      3.9216962477439665e-07,
      4.497652739132718e-08
    ],
    [
      0.004283732734620571,
      0.0029041774105280638,
      0.0010253776563331485,
      0.0002513898361939937,
      4.814711428480223e-05,
      7.683885087317321e-06,
      1.0644056374076172e-06,
      1.3163793255444034e-07,
      1.4837251427479714e-08
    ],
    [
      0.0014695774298161268,
      0.0009799583349376917,
      0.00034026920911855996,
      8.203204197343439e-05,
      1.5447152691194788e-05,
      2.423533715045778e-06,
      3.3000122812154586e-07,
      4.011275933635261e-08,
      4.443271084397793e-09
    ]
  ],
  "probs_results": [
    0.17691588401794434,
    0.7055132389068604,
    0.11757103353738785
  ]
}