{
  "skills_mean": [
    [
      0.44669947028160095,
      0.7126415371894836
    ],
    [
      0.6521175503730774,
      0.8818617463111877
    ]
  ],
  "skills_cov": [
    [
      [
        0.017826538532972336,
        0.009465968236327171
      ],
      [
        0.009465968236327171,
        0.020140277221798897
      ]
    ],
    [
      [
        0.01712450385093689,
        0.009830314666032791
      ],
      [
        0.009830314666032791,
        0.023695040494203568
      ]
    ]
  ],
  "probs_grid": [
    [
      0.04607437178492546,
      0.08161105960607529,
      0.07481562346220016,
      0.04732578247785568,
      0.02323737181723118,
      0.009446175768971443,
      0.003311311826109886,
      0.0010294833919033408,
      0.00028975680470466614
    ],
    [
      0.0576070137321949,
      0.1005634292960167,
      0.09085024893283844,
      0.05662965402007103,
      0.027397898957133293,
      0.010973471216857433,
      0.0037898458540439606,
      0.001160785323008895,
      0.00032185213058255613
    ],
    [
      0.037439748644828796,
      0.0644061490893364,
      0.057334013283252716,
      0.03521280735731125,
      0.01678485795855522,
      0.006623130291700363,
      0.00225339038297534,
      0.0006798938848078251,
      0.00018569517123978585
    ],
    [
      0.01686323992908001,
      0.028583969920873642,
      0.025070665404200554,
      0.015169987455010414,
      0.007123733405023813,
      0.0027690776623785496,
      0.0009280439116992056,
      0.0002758120244834572,
      7.419835310429335e-05
    ],
    [
      0.005921363364905119,
      0.009888960979878902,
      0.008545029908418655,
      0.0050936234183609486,
      0.0023562379647046328,
      0.0009021818987093866,
      0.0002978201082441956,
      8.717786113265902e-05,
      2.309818046342116e-05
    ],
    [
      0.001728905364871025,
      0.0028445275966078043,
      0.0024213476572185755,
      0.001421770779415965,
      0.0006478260038420558,
      0.00024431399651803076,
      7.943349191918969e-05,
      2.2899892428540625e-05,
      5.9753801906481385e-06
    ],
    [
      0.000437204260379076,
      0.0007085966062732041,
      0.000594150391407311,
      0.0003436337865423411,
      0.00015421610441990197,
      5.728022733819671e-05,
      1.8341139366384596e-05,
      5.207207323110197e-06,
      1.3380436030274723e-06
    ],
    [
      9.848313493421301e-05,
      0.0001572243490954861,
      0.00012984835484530777,
      7.39661481929943e-05,
      3.269212174927816e-05,
      1.1958453796978574e-05,
      3.7708173294959124e-06,
      1.0542331665419624e-06,
      2.667531759925623e-07
    ],
    [
      2.0170764400972985e-05,
      3.171711432514712e-05,
      2.5798895876505412e-05,
      1.4473279406956863e-05,
      6.299795586528489e-06,
      2.269285687361844e-06,
      7.046337486826815e-07,
      1.9398258643832378e-07,
      4.833030331496957e-08
    ]
  ],
  "probs_results": [
    0.2218334972858429,
    0.27147650718688965,
    0.5066899657249451
  ]
}