{
  "skills_mean": [
    [
      0.2084842324256897,
      0.6148957014083862
    ],
    [
      0.31203484535217285,
      1.1736291646957397
    ]
  ],
  "skills_cov": [
    [
      [
        0.02244229055941105,
        0.01137522142380476
      ],
      [
        0.01137522142380476,
        0.022697551175951958
      ]
    ],
    [
      [
        0.014887027442455292,
        0.008593053556978703
      ],
      [
        0.008593053556978703,
        0.024557895958423615
      ]
    ]
  ],
  "probs_grid": [
    [
      0.11321302503347397,
      0.1581222116947174,
      0.11440106481313705,
      0.05716376379132271,
      0.02219170518219471,
      0.007139046210795641,
      0.001982297282665968,
      0.0004886312526650727,
      0.00010914448648691177
    ],
    [
      0.08445677161216736,
      0.11646895855665207,
      0.083184152841568,
      0.04102443903684616,
      0.015716155990958214,
      0.004988338798284531,
      0.001366390730254352,
      0.0003322092816233635,
      7.318031566683203e-05
    ],
    [
      0.03294749930500984,
      0.044847920536994934,
      0.03161097690463066,
      0.015382613055408001,
      0.005813695956021547,
      0.0018201733473688364,
      0.0004917201586067677,
      0.00011789087147917598,
      2.5605324481148273e-05
    ],
    [
      0.008961312472820282,
      0.01203673891723156,
      0.008370458148419857,
      0.004018064122647047,
      0.0014977827668190002,
      0.00046244089026004076,
      0.00012318251538090408,
      2.9116717996657826e-05,
      6.234050033526728e-06
    ],
    [
      0.0019116397015750408,
      0.0025330353528261185,
      0.0017374522285535932,
      0.0008225232595577836,
      0.0003023338795173913,
      9.203292574966326e-05,
      2.416741153865587e-05,
      5.630735813610954e-06,
      1.1881883210662636e-06
    ],
    [
      0.0003411330981180072,
      0.0004458051407709718,
      0.0003015375114046037,
      0.0001407480303896591,
      5.1002400141442195e-05,
      1.5303940017474815e-05,
      3.960915364586981e-06,
      9.094684969568334e-07,
      1.8911184440639772e-07
    ],
    [
      5.304224032443017e-05,
      6.834773375885561e-05,
      4.5576878619613126e-05,
      2.097082142427098e-05,
      7.490004463761579e-06,
      2.2149465621623676e-06,
      5.649071113111859e-07,
      1.2780442659732216e-07,
      2.618249617114543e-08
    ],
    [
      7.390980954369297e-06,
      9.388295438839123e-06,
      6.170738288346911e-06,
      2.798259629344102e-06,
      9.84886924015882e-07,
      2.869813044981129e-07,
      7.211238539639453e-08,
      1.6072352337914708e-08,
      3.2434379626522514e-09
    ],
    [
      9.420729725206911e-07,
      1.1793952126026852e-06,
      7.639261525582697e-07,
      3.4134811244257435e-07,
      1.1837135360792672e-07,
      3.397990866460532e-08,
      8.410968810323993e-09,
      1.8464787476801803e-09,
      3.669973769326873e-10
    ]
  ],
  "probs_results": [
    0.26564404368400574,
    0.20014484226703644,
    0.5342110991477966
  ]
}