{
  "skills_mean": [
    [
      0.5430604219436646,
      0.9586725831031799
    ],
    [
      0.3399919867515564,
      0.5174118280410767
    ]
  ],
  "skills_cov": [
    [
      [
        0.019426338374614716,
        0.011910833418369293
      ],
      [
        0.011910833418369293,
        0.026423759758472443
      ]
    ],
    [
      [
        0.021739481016993523,
        0.011633012443780899
      ],
      [
        0.011633012443780899,
        0.02380925975739956
      ]
    ]
  ],
  "probs_grid": [
    [
      0.048420559614896774,
      0.05113852396607399,
      0.028243761509656906,
      0.010875643230974674,
      0.0032844231463968754,
      0.0008297038148157299,
      0.00018261327932123095,
      3.601446587708779e-05,
      6.496288733615074e-06
    ],
    [
      0.09226039052009583,
      0.09572203457355499,
      0.05192858725786209,
      0.01963834837079048,
      0.005824050400406122,
      0.0014446373097598553,
      0.00031217257492244244,
      6.044039037078619e-05,
      1.0702067811507732e-05
    ],
    [
      0.09142517298460007,
      0.09317699819803238,
      0.049647048115730286,
      0.018438683822751045,
      0.005369571503251791,
      0.0013077283510938287,
      0.00027743206010200083,
      5.272957787383348e-05,
      9.164848961518146e-06
    ],
    [
      0.06281610578298569,
      0.06288271397352219,
      0.03290630877017975,
      0.01200129371136427,
      0.0034316517412662506,
      0.0008205461781471968,
      0.0001708928175503388,
      3.188351183780469e-05,
      5.439366759674158e-06
    ],
    [
      0.033661458641290665,
      0.03309669718146324,
      0.01700870878994465,
      0.006091300398111343,
      0.0017101297853514552,
      0.00040144906961359084,
      8.207554492400959e-05,
      1.5030826034490019e-05,
      2.516859922252479e-06
    ],
    [
      0.015004710294306278,
      0.014489305205643177,
      0.007312258705496788,
      0.0025713418144732714,
      0.0007087677367962897,
      0.0001633387291803956,
      3.2780713809188455e-05,
      5.892482931812992e-06,
      9.683963071438484e-07
    ],
    [
      0.0057946727611124516,
      0.0054953694343566895,
      0.002723323181271553,
      0.0009402849827893078,
      0.00025445575010962784,
      5.756601967732422e-05,
      1.1340358469169587e-05,
      2.00080012291437e-06,
      3.227188756227406e-07
    ],
    [
      0.001993956509977579,
      0.001857009599916637,
      0.0009036468691192567,
      0.0003063345211558044,
      8.138483099173754e-05,
      1.807394619390834e-05,
      3.49488391293562e-06,
      6.051947707419458e-07,
      9.58011554530458e-08
    ],
    [
      0.0006240002112463117,
      0.0005706882802769542,
      0.0002726793463807553,
      9.075571142602712e-05,
      2.3670361770200543e-05,
      5.1601100494735874e-06,
      9.793726576390327e-07,
      1.6645110179069889e-07,
      2.585879776972888e-08
    ]
  ],
  "probs_results": [
    0.20780499279499054,
    0.58779376745224,
    0.20440146327018738
  ]
}