{
  "skills_mean": [
    [
      0.6083467602729797,
      0.8569214940071106
    ],
    [
      0.22191107273101807,
      0.8032238483428955
    ]
  ],
  "skills_cov": [
    [
      [
        0.018277153372764587,
        0.010891580954194069
      ],
      [
        0.010891580954194069,
        0.025256289169192314
      ]
    ],
    [
      [
        0.02155268006026745,
        0.012725112028419971
      ],
      [
        0.012725112028419971,
        0.028944633901119232
      ]
    ]
  ],
  "probs_grid": [
    [
      0.07214020937681198,
      0.07448157668113708,
      0.04017282649874687,
      0.015091520734131336,
      0.004441886208951473,
      0.0010925134411081672,
      0.000233883794862777,
      4.482095027924515e-05,
      7.848409950383939e-06
    ],
    [
      0.11146818846464157,
      0.11311094462871552,
      0.05995127558708191,
      0.022127971053123474,
      0.00639818049967289,
      0.0015457408735528588,
      0.0003249950532335788,
      6.11608920735307e-05,
      1.0515839676372707e-05
    ],
    [
      0.08993946015834808,
      0.08968669921159744,
      0.046706587076187134,
      0.016936106607317924,
      0.004810163285583258,
      0.0011413430329412222,
      0.00023565665469504893,
      4.354637349024415e-05,
      7.351115982601186e-06
    ],
    [
      0.05051961541175842,
      0.04950042814016342,
      0.025325892493128777,
      0.009020805358886719,
      0.0025163970421999693,
      0.0005863675032742321,
      0.0001188824899145402,
      2.156891059712507e-05,
      3.574577249310096e-06
    ],
    [
      0.022221647202968597,
      0.021391820162534714,
      0.010751383379101753,
      0.003761375555768609,
      0.00103045254945755,
      0.00023578434775117785,
      4.6936569560784847e-05,
      8.360376341443043e-06,
      1.3601423916043132e-06
    ],
    [
      0.008163366466760635,
      0.007720042951405048,
      0.003811141010373831,
      0.001309485174715519,
      0.00035228359047323465,
      7.914812886156142e-05,
      1.5468656783923507e-05,
      2.7048279207519954e-06,
      4.3194839349780523e-07
    ],
    [
      0.0026086000725626945,
      0.002423238707706332,
      0.0011749339755624533,
      0.0003964486240874976,
      0.00010472637950442731,
      2.3101209080778062e-05,
      4.432331934367539e-06,
      7.607894758621114e-07,
      1.192513963133024e-07
    ],
    [
      0.0007456972962245345,
      0.0006803837604820728,
      0.0003239806683268398,
      0.00010734680836321786,
      2.7842374038300477e-05,
      6.029577889421489e-06,
      1.1356509048709995e-06,
      1.9133611317556642e-07,
      2.943600740934471e-08
    ],
    [
      0.00019463628996163607,
      0.00017441617092117667,
      8.155872637871653e-05,
      2.6534380594966933e-05,
      6.756903530913405e-06,
      1.4365017477757647e-06,
      2.655830542153126e-07,
      4.3918849002011484e-08,
      6.631251547872807e-09
    ]
  ],
  "probs_results": [
    0.24213047325611115,
    0.5051106214523315,
    0.25275903940200806
  ]
}