{
  "skills_mean": [
    [
      0.0074700359255075455,
      0.3671996295452118
    ],
    [
      0.6105998754501343,
      1.1937696933746338
    ]
  ],
  "skills_cov": [
    [
      [
        0.018972845748066902,
        0.00998023059219122
      ],
      [
        0.00998023059219122,
        0.020498447120189667
      ]
    ],
    [
      [
        0.018899977207183838,
        0.011691146530210972
      ],
      [
        0.011691146530210972,
        0.027666937559843063
      ]
    ]
  ],
  "probs_grid": [
    [
      0.04861358180642128,
      0.11263053864240646,
      0.13522528111934662,
      0.11216451972723007,
      0.07230265438556671,
      0.03863079845905304,
      0.017818531021475792,
      0.007297130301594734,
      0.002708172658458352
    ],
    [
      0.02990869991481304,
      0.06824937462806702,
      0.08069726079702377,
      0.0659133642911911,
      0.04183611273765564,
      0.022007714956998825,
      0.009993682615458965,
      0.0040289233438670635,
      0.0014718732563778758
    ],
    [
      0.009617718867957592,
      0.021611148491501808,
      0.025159504264593124,
      0.020232215523719788,
      0.012641924433410168,
      0.006546313874423504,
      0.0029260271694511175,
      0.0011610382935032248,
      0.00041745422640815377
    ],
    [
      0.0021552725229412317,
      0.0047678230330348015,
      0.005464107263833284,
      0.004325149580836296,
      0.0026599883567541838,
      0.0013556365156546235,
      0.0005963186267763376,
      0.0002328499685972929,
      8.238474401878193e-05
    ],
    [
      0.0003786359156947583,
      0.0008244495838880539,
      0.0009299371740780771,
      0.0007244267617352307,
      0.00043843293678946793,
      0.00021987227955833077,
      9.516675345366821e-05,
      3.656295666587539e-05,
      1.272773170057917e-05
    ],
    [
      5.562103615375236e-05,
      0.00011918538075406104,
      0.00013228874013293535,
      0.00010140176163986325,
      6.0382291849236935e-05,
      2.9792590794386342e-05,
      1.2686234185821377e-05,
      4.79489335702965e-06,
      1.6419552366642165e-06
    ],
    [
      7.116414053598419e-06,
      1.5004049600975122e-05,
      1.638487992750015e-05,
      1.2355900253169239e-05,
      7.238075795612531e-06,
      3.5130506148561835e-06,
      1.4714714779984206e-06,
      5.470454311762296e-07,
      1.8425342318550975e-07
    ],
    [
      8.156441140272364e-07,
      1.6917549601203064e-06,
      1.8173378748542746e-06,
      1.348050659544242e-06,
      7.767341116959869e-07,
      3.7079269077366916e-07,
      1.527489814634464e-07,
      5.584878692843631e-08,
      1.8499322962384213e-08
    ],
    [
      8.548465757485246e-08,
      1.7439928967633023e-07,
      1.842633849946651e-07,
      1.344261164604177e-07,
      7.617349240263138e-08,
      3.5760095329351316e-08,
      1.4486574606564773e-08,
      5.2084256907392046e-09,
      1.6964518678719287e-09
    ]
  ],
  "probs_results": [
    0.1471557319164276,
    0.07709765434265137,
    0.7757465839385986
  ]
}