{
  "skills_mean": [
    [
      0.032141827046871185,
      0.3789747655391693
    ],
    [
      0.3913011848926544,
      0.7851741313934326
    ]
  ],
  "skills_cov": [
    [
      [
        0.019209515303373337,
        0.01016023475676775
      ],
      [
        0.01016023475676775,
        0.020714422687888145
      ]
    ],
    [
      [
        0.020138638094067574,
        0.011657333932816982
      ],
      [
        0.011657333932816982,
        0.024762244895100594
      ]
    ]
  ],
  "probs_grid": [
    [
      0.056777723133563995,
      0.10675189644098282,
      0.10418881475925446,
      0.07037379592657089,
      0.0370044969022274,
      0.016156047582626343,
      0.006100069731473923,
      0.002048520604148507,
      0.000624536129180342
    ],
    [
      0.052663274109363556,
      0.09743427485227585,
      0.09356711059808731,
      0.06217872351408005,
      0.032164718955755234,
      0.013814124278724194,
      0.005130471661686897,
      0.0016946152318269014,
      0.0005081279668956995
    ],
    [
      0.025456560775637627,
      0.04633873701095581,
      0.04377826303243637,
      0.028618382290005684,
      0.014561927877366543,
      0.006151325069367886,
      0.002246891614049673,
      0.0007298794807866216,
      0.00021522201132029295
    ],
    [
      0.008550032041966915,
      0.015310550108551979,
      0.014228146523237228,
      0.009148405864834785,
      0.004578247666358948,
      0.001901961863040924,
      0.0006831918726675212,
      0.00021823107090312988,
      6.327565643005073e-05
    ],
    [
      0.0022446021903306246,
      0.003953507170081139,
      0.003613489679992199,
      0.0022849661763757467,
      0.001124504953622818,
      0.00045937320101074874,
      0.00016224998398683965,
      5.0958387873834e-05,
      1.4526935956382658e-05
    ],
    [
      0.0004912649164907634,
      0.0008509888430126011,
      0.0007648951723240316,
      0.00047561933752149343,
      0.00023015432816464454,
      9.24436462810263e-05,
      3.21016923408024e-05,
      9.912215318763629e-06,
      2.777942654574872e-06
    ],
    [
      9.33677947614342e-05,
      0.00015904450265225023,
      0.00014056595682632178,
      8.593976963311434e-05,
      4.088700006832369e-05,
      1.6145504559972323e-05,
      5.511757990461774e-06,
      1.6730230072425911e-06,
      4.609001962307957e-07
    ],
    [
      1.5848516341065988e-05,
      2.654451054695528e-05,
      2.306604801560752e-05,
      1.3864309039490763e-05,
      6.484502137027448e-06,
      2.517148232072941e-06,
      8.446825745522801e-07,
      2.5201944708896917e-07,
      6.824209464184605e-08
    ],
    [
      2.4525286335119745e-06,
      4.0384961721429136e-06,
      3.4499353205319494e-06,
      2.038471393461805e-06,
      9.37193249228585e-07,
      3.5759140359914454e-07,
      1.1794486454164144e-07,
      3.458681163692745e-08,
      9.20460152542546e-09
    ]
  ],
  "probs_results": [
    0.20847280323505402,
    0.17819054424762726,
    0.6133365035057068
  ]
}