{
  "skills_mean": [
    [
      0.37213394045829773,
      0.7217148542404175
    ],
    [
      0.3325382471084595,
      0.7452396154403687
    ]
  ],
  "skills_cov": [
    [
      [
        0.016370637342333794,
        0.009256366640329361
      ],
      [
        0.009256366640329361,
        0.022949818521738052
      ]
    ],
    [
      [
        0.021585747599601746,
        0.012789442203938961
      ],
      [
        0.012789442203938961,
        0.026733405888080597
      ]
    ]
  ],
  "probs_grid": [
    [
      0.0700344443321228,
      0.09080521017313004,
      0.06136124208569527,
      0.028811275959014893,
      0.010573741979897022,
      0.003235042095184326,
      0.0008594121318310499,
      0.0002038841339526698,
      4.408941094879992e-05
    ],
    [
      0.09226224571466446,
      0.11769291013479233,
      0.07823526859283447,
      0.03613144904375076,
      0.013041140511631966,
      0.0039235916920006275,
      0.0010248941835016012,
      0.0002390532026765868,
      5.082091229269281e-05
    ],
    [
      0.06326384842395782,
      0.07938773185014725,
      0.051906514912843704,
      0.023575956001877785,
      0.008367888629436493,
      0.002475459361448884,
      0.0006357425590977073,
      0.00014577701222151518,
      3.046452002308797e-05
    ],
    [
      0.03010302409529686,
      0.0371558777987957,
      0.02389257214963436,
      0.010671560652554035,
      0.003724314272403717,
      0.00108321662992239,
      0.00027348307776264846,
      6.164411024656147e-05,
      1.2662424524023663e-05
    ],
    [
      0.011181605979800224,
      0.013573521748185158,
      0.008583190850913525,
      0.0037695334758609533,
      0.0012934093829244375,
      0.0003698232176247984,
      9.178271284326911e-05,
      2.033475539064966e-05,
      4.105343123228522e-06
    ],
    [
      0.0034580258652567863,
      0.004128025379031897,
      0.002566708019003272,
      0.001108276774175465,
      0.0003738416125997901,
      0.00010507461411179975,
      2.5631903554312885e-05,
      5.581382993113948e-06,
      1.1073998393840156e-06
    ],
    [
      0.0009274092153646052,
      0.0010886025847867131,
      0.0006654897588305175,
      0.0002824932453222573,
      9.367038001073524e-05,
      2.5877976440824568e-05,
      6.204348665050929e-06,
      1.3277254993226961e-06,
      2.5887675292324275e-07
    ],
    [
      0.00022183380497153848,
      0.0002560181019362062,
      0.00015386633458547294,
      6.420520367100835e-05,
      2.0925985154462978e-05,
      5.681977654603543e-06,
      1.338807010142773e-06,
      2.815476136674988e-07,
      5.3942422084674035e-08
    ],
    [
      4.830696707358584e-05,
      5.4810268920846283e-05,
      3.238187491660938e-05,
      1.3281777683005203e-05,
      4.254636223777197e-06,
      1.1353563422744628e-06,
      2.6289043830729497e-07,
      5.432549698980438e-08,
      1.0227035218690617e-08
    ]
  ],
  "probs_results": [
    0.25172877311706543,
    0.3787976801395416,
    0.36947372555732727
  ]
}