{
  "skills_mean": [
    [
      -0.14877039194107056,
      0.5230205059051514
    ],
    [
      0.6286054849624634,
      0.8488039374351501
    ]
  ],
  "skills_cov": [
    [
      [
        0.018981188535690308,
        0.010264975018799305
      ],
      [
        0.010264975018799305,
        0.023197636008262634
      ]
    ],
    [
      [
        0.017955809831619263,
        0.010535168461501598
      ],
      [
        0.010535168461501598,
        0.02407784014940262
      ]
    ]
  ],
  "probs_grid": [
    [
      0.05801589787006378,
      0.11831123381853104,
      0.12525790929794312,
      0.09178593009710312,
      0.052365243434906006,
      0.024807577952742577,
      0.010164270177483559,
      0.0037042468320578337,
      0.0012256215559318662
    ],
    [
      0.042575590312480927,
      0.08555832505226135,
      0.08925098180770874,
      0.06443299353122711,
      0.03621227666735649,
      0.01689806580543518,
      0.006819179281592369,
      0.0024475152604281902,
      0.0007974813925102353
    ],
    [
      0.016275085508823395,
      0.03222290426492691,
      0.03311372175812721,
      0.023547882214188576,
      0.013034907169640064,
      0.005990453530102968,
      0.0023806251119822264,
      0.0008413749164901674,
      0.0002699363976716995
    ],
    [
      0.004320716485381126,
      0.008426726795732975,
      0.008529425598680973,
      0.005973661318421364,
      0.003256383817642927,
      0.0014736400917172432,
      0.0005766276735812426,
      0.00020064924319740385,
      6.33763411315158e-05
    ],
    [
      0.0008961735293269157,
      0.001721403212286532,
      0.0017158931586891413,
      0.001183366752229631,
      0.0006351661868393421,
      0.0002829988661687821,
      0.00010901848145294935,
      3.734451092896052e-05,
      1.1611201443884056e-05
    ],
    [
      0.0001548964937683195,
      0.0002929874463006854,
      0.0002875645295716822,
      0.00019525751122273505,
      0.00010317783744540066,
      4.5254786527948454e-05,
      1.716064434731379e-05,
      5.7861448112817015e-06,
      1.7707031929603545e-06
    ],
    [
      2.3238706489792094e-05,
      4.3278207158437e-05,
      4.181868280284107e-05,
      2.795275577227585e-05,
      1.4539672520186286e-05,
      6.27706003797357e-06,
      2.342734660487622e-06,
      7.774161190354789e-07,
      2.3413403482663853e-07
    ],
    [
      3.112550757577992e-06,
      5.706378487957409e-06,
      5.427692485682201e-06,
      3.571023853510269e-06,
      1.8281740494785481e-06,
      7.767619081278099e-07,
      2.852989666735084e-07,
      9.316541138559842e-08,
      2.7610301600589082e-08
    ],
    [
      3.7991569001860626e-07,
      6.855806873318215e-07,
      6.418143243536178e-07,
      4.1557967733751866e-07,
      2.0937292788403283e-07,
      8.754029323654322e-08,
      3.163849271459185e-08,
      1.0165902786241077e-08,
      2.9642843735189217e-09
    ]
  ],
  "probs_results": [
    0.18352630734443665,
    0.11919954419136047,
    0.6972740292549133
  ]
}