{
  "skills_mean": [
    [
      -0.1581033170223236,
      0.5478332042694092
    ],
    [
      0.012210487388074398,
      0.6145234107971191
    ]
  ],
  "skills_cov": [
    [
      [
        0.021734876558184624,
        0.01122633833438158
      ],
      [
        0.01122633833438158,
        0.02384810894727707
      ]
    ],
    [
      [
        0.022680966183543205,
        0.012564296834170818
      ],
      [
        0.012564296834170818,
        0.025739256292581558
      ]
    ]
  ],
  "probs_grid": [
    [
      0.12914380431175232,
      0.14450135827064514,
      0.08445388823747635,
      0.03437289968132973,
      0.01095906924456358,
      0.0029192944057285786,
      0.0006767259328626096,
      0.00014039997768122703,
      2.661015241756104e-05
    ],
    [
      0.11577831953763962,
      0.12751121819019318,
      0.07333426177501678,
      0.029363607987761497,
      0.009208190254867077,
      0.0024120931047946215,
      0.0005497416714206338,
      0.00011211467790417373,
      2.0884212062810548e-05
    ],
    [
      0.05428195744752884,
      0.058827005326747894,
      0.03328366577625275,
      0.013107855804264545,
      0.0040420605801045895,
      0.0010409806855022907,
      0.00023320996842812747,
      4.6742905396968126e-05,
      8.555917702324223e-06
    ],
    [
      0.017744531854987144,
      0.018917789682745934,
      0.010527188889682293,
      0.004076703917235136,
      0.0012359211686998606,
      0.00031286763260141015,
      6.888419738970697e-05,
      1.3566651432483923e-05,
      2.439732270431705e-06
    ],
    [
      0.004549596458673477,
      0.00477040046826005,
      0.0026102529373019934,
      0.0009937556460499763,
      0.0002961292630061507,
      7.367088255705312e-05,
      1.5937817806843668e-05,
      3.0838250495435204e-06,
      5.447603257380251e-07
    ],
    [
      0.0009758267551660538,
      0.0010060726199299097,
      0.0005411866004578769,
      0.0002025135763688013,
      5.930492625338957e-05,
      1.449671162845334e-05,
      3.081060413023806e-06,
      5.855938525201054e-07,
      1.0159909891171992e-07
    ],
    [
      0.00018237064068671316,
      0.0001848378888098523,
      9.772570774657652e-05,
      3.593696601456031e-05,
      1.03402908280259e-05,
      2.483130401742528e-06,
      5.18389128956187e-07,
      9.676524825863453e-08,
      1.648637670825792e-08
    ],
    [
      3.0543225875589997e-05,
      3.0425759177887812e-05,
      1.58079456014093e-05,
      5.711548510589637e-06,
      1.614449729459011e-06,
      3.808096664670302e-07,
      7.807683743976668e-08,
      1.4311608786954366e-08,
      2.3941155724571672e-09
    ],
    [
      4.67914742330322e-06,
      4.5803676584910136e-06,
      2.338146941838204e-06,
      8.29891860121279e-07,
      2.3040983876398968e-07,
      5.3374552777540885e-08,
      1.0745899281516813e-08,
      1.9339743140278642e-09,
      3.1761465679736034e-10
    ]
  ],
  "probs_results": [
    0.29433107376098633,
    0.29240113496780396,
    0.4132676124572754
  ]
}