{
  "skills_mean": [
    [
      -0.17906858026981354,
      0.47398194670677185
    ],
    [
      0.6761325001716614,
      0.8784022927284241
    ]
  ],
  "skills_cov": [
    [
      [
        0.018702490255236626,
        0.009826263412833214
      ],
      [
        0.009826263412833214,
        0.022292306646704674
      ]
    ],
    [
      [
        0.01733999513089657,
        0.010008331388235092
      ],
      [
        0.010008331388235092,
        0.023369042202830315
      ]
    ]
  ],
  "probs_grid": [
    [
      0.049253787845373154,
      0.10988131165504456,
      0.1270723193883896,
      0.10155805945396423,
      0.06309853494167328,
      0.03250466287136078,
      0.014460118487477303,
      0.005713223945349455,
      0.0020463322289288044
    ],
    [
      0.034174054861068726,
      0.07518550008535385,
      0.08573702722787857,
      0.06756087392568588,
      0.041383154690265656,
      0.021015344187617302,
      0.009215421974658966,
      0.003588773077353835,
      0.0012668760027736425
    ],
    [
      0.012340454384684563,
      0.026769613847136497,
      0.030095815658569336,
      0.023378826677799225,
      0.014115744270384312,
      0.007065366953611374,
      0.0030535170808434486,
      0.0011718965834006667,
      0.0004076705954503268
    ],
    [
      0.0030922028236091137,
      0.006612644996494055,
      0.00732816755771637,
      0.005610889755189419,
      0.0033388547599315643,
      0.0016469532856717706,
      0.000701407843735069,
      0.0002652510011103004,
      9.091824904317036e-05
    ],
    [
      0.0006048426148481667,
      0.0012748928274959326,
      0.0013924534432590008,
      0.0010506759863346815,
      0.0006161046330817044,
      0.0002994534152094275,
      0.00012565572978928685,
      4.6817498514428735e-05,
      1.580954995006323e-05
    ],
    [
      9.850700007518753e-05,
      0.00020462226530071348,
      0.00022023175552021712,
      0.00016374046390410513,
      9.46019499679096e-05,
      4.5300832425709814e-05,
      1.8726890630205162e-05,
      6.87346255290322e-06,
      2.2863912363391137e-06
    ],
    [
      1.3914004739490338e-05,
      2.847912401193753e-05,
      3.0200264518498443e-05,
      2.2121446818346158e-05,
      1.259091186511796e-05,
      5.939336006122176e-06,
      2.4185189886338776e-06,
      8.743595572013874e-07,
      2.8646891792050155e-07
    ],
    [
      1.7531280036564567e-06,
      3.535206360538723e-06,
      3.693137614391162e-06,
      2.6648178845789516e-06,
      1.4940146684239153e-06,
      6.941542665117595e-07,
      2.7839828931064403e-07,
      9.912596254935124e-08,
      3.198442044549665e-08
    ],
    [
      2.0113442644742463e-07,
      3.9953502550815756e-07,
      4.111265070605441e-07,
      2.9218765007499314e-07,
      1.6133917313254642e-07,
      7.382608657735545e-08,
      2.9158828240838375e-08,
      1.0224060709163041e-08,
      3.248553870349724e-09
    ]
  ],
  "probs_results": [
    0.16109734773635864,
    0.09572140872478485,
    0.7431812882423401
  ]
}