{
  "skills_mean": [
    [
      0.42714935541152954,
      0.6945468187332153
    ],
    [
      0.39447563886642456,
      0.5961092710494995
    ]
  ],
  "skills_cov": [
    [
      [
        0.01914895512163639,
        0.010502628050744534
      ],
      [
        0.010502628050744534,
        0.021392514929175377
      ]
    ],
    [
      [
        0.020658154040575027,
        0.01080272439867258
      ],
      [
        0.01080272439867258,
        0.02189951203763485
      ]
    ]
  ],
  "probs_grid": [
    [
      0.04610520228743553,
      0.06547298282384872,
      0.04833719879388809,
      0.02473505027592182,
      0.00986901018768549,
      0.0032745792996138334,
      0.000941128411795944,
      0.00024096216657198966,
      5.6100860092556104e-05
    ],
    [
      0.07386742532253265,
      0.10320285707712173,
      0.07495474070310593,
      0.03772963583469391,
      0.014806835912168026,
      0.004832060541957617,
      0.0013657957315444946,
      0.0003438903659116477,
      7.873200229369104e-05
    ],
    [
      0.06145913898944855,
      0.08447294682264328,
      0.060350432991981506,
      0.029880283400416374,
      0.011533292010426521,
      0.003701543901115656,
      0.001028888626024127,
      0.0002547474578022957,
      5.734901787946001e-05
    ],
    [
      0.03540409728884697,
      0.04786801338195801,
      0.03363824263215065,
      0.016380595043301582,
      0.0062181223183870316,
      0.001962553011253476,
      0.000536430103238672,
      0.0001305981568293646,
      2.8907721571158618e-05
    ],
    [
      0.015884367749094963,
      0.021124834194779396,
      0.014600861817598343,
      0.006992618553340435,
      0.002610386349260807,
      0.00081016740296036,
      0.0002177454298362136,
      5.2123355999356136e-05,
      1.1343511687300634e-05
    ],
    [
      0.005920052528381348,
      0.007743792608380318,
      0.005263932980597019,
      0.0024792044423520565,
      0.0009100999450311065,
      0.00027774361660704017,
      7.339711737586185e-05,
      1.7274303900194354e-05,
      3.696013891385519e-06
    ],
    [
      0.0019090133719146252,
      0.0024559386074543,
      0.0016418073792010546,
      0.0007604004931636155,
      0.0002744791272561997,
      8.236233406933025e-05,
      2.1399540855782107e-05,
      4.9515929276822135e-06,
      1.0415426459076116e-06
    ],
    [
      0.0005477895028889179,
      0.0006930751260370016,
      0.00045562980812974274,
      0.00020750572730321437,
      7.36491710995324e-05,
      2.1728668798459694e-05,
      5.550490641326178e-06,
      1.2626215948330355e-06,
      2.6108838824256964e-07
    ],
    [
      0.00014277498121373355,
      0.00017764662334229797,
      0.00011484093556646258,
      5.1427392463665456e-05,
      1.794673880795017e-05,
      5.205707111599622e-06,
      1.3073275795250083e-06,
      2.9235599185994943e-07,
      5.9428302279229683e-08
    ]
  ],
  "probs_results": [
    0.22899958491325378,
    0.4273626506328583,
    0.34363794326782227
  ]
}