{
  "skills_mean": [
    [
      0.5333448052406311,
      0.851729691028595
    ],
    [
      0.5472084283828735,
      1.160400390625
    ]
  ],
  "skills_cov": [
    [
      [
        0.01867065578699112,
        0.009927020408213139
      ],
      [
        0.009927020408213139,
        0.02190214954316616
      ]
    ],
    [
      [
        0.01930992864072323,
        0.010756892152130604
      ],
      [
        0.010756892152130604,
        0.025301611050963402
      ]
    ]
  ],
  "probs_grid": [
    [
      0.0842307060956955,
      0.11779258400201797,
      0.08559765666723251,
      0.04309307038784027,
      0.016907233744859695,
      0.0055137816816568375,
      0.0015567883383482695,
      0.00039138871943578124,
      8.943364082369953e-05
    ],
    [
      0.08714180439710617,
      0.12009085714817047,
      0.08598543703556061,
      0.04264621064066887,
      0.016481559723615646,
      0.005293881520628929,
      0.0014719822211191058,
      0.00036440385156311095,
      8.19847991806455e-05
    ],
    [
      0.04698563739657402,
      0.06379777193069458,
      0.04500041529536247,
      0.02198420837521553,
      0.008367843925952911,
      0.0026468161959201097,
      0.0007246680906973779,
      0.0001766291243257001,
      3.9121416193665937e-05
    ],
    [
      0.017603348940610886,
      0.023546047508716583,
      0.016358910128474236,
      0.007870824076235294,
      0.0029501470271497965,
      0.0009188132244162261,
      0.0002476689114701003,
      5.942671123193577e-05,
      1.2956345017300919e-05
    ],
    [
      0.005155113525688648,
      0.006791619583964348,
      0.00464695505797863,
      0.0022016200236976147,
      0.0008125054882839322,
      0.0002491296036168933,
      6.610635318793356e-05,
      1.56130608957028e-05,
      3.3503240501886467e-06
    ],
    [
      0.0012586057418957353,
      0.0016329449135810137,
      0.001100177294574678,
      0.0005131980287842453,
      0.00018645424279384315,
      5.627720747725107e-05,
      1.4698474842589349e-05,
      3.416660092625534e-06,
      7.215238611024688e-07
    ],
    [
      0.00026683585019782186,
      0.0003408873453736305,
      0.00022612023167312145,
      0.00010383743938291445,
      3.713565456564538e-05,
      1.1032187103410251e-05,
      2.8357887913443847e-06,
      6.486960728580016e-07,
      1.3480169513968576e-07
    ],
    [
      5.052435881225392e-05,
      6.354694778565317e-05,
      4.14959249610547e-05,
      1.8756845747702755e-05,
      6.602322173421271e-06,
      1.930319740495179e-06,
      4.882790562987793e-07,
      1.0990795118459573e-07,
      2.247223740425852e-08
    ],
    [
      8.721230187802576e-06,
      1.0798040420922916e-05,
      6.940430921531515e-06,
      3.087673803747748e-06,
      1.069599079528416e-06,
      3.077303745158133e-07,
      7.659367895485047e-08,
      1.6963138449455073e-08,
      3.4122920045120964e-09
    ]
  ],
  "probs_results": [
    0.25808146595954895,
    0.28013876080513,
    0.4617798626422882
  ]
}