{
  "skills_mean": [
    [
      -0.018186748027801514,
      0.3859512507915497
    ],
    [
      0.3511256277561188,
      0.6912882924079895
    ]
  ],
  "skills_cov": [
    [
      [
        0.02025931514799595,
        0.00992471445351839
      ],
      [
        0.00992471445351839,
        0.02016194723546505
      ]
    ],
    [
      [
        0.01604822278022766,
        0.008806435391306877
      ],
      [
        0.008806435391306877,
        0.022015292197465897
      ]
    ]
  ],
  "probs_grid": [
    [
      0.05952044203877449,
      0.10752934962511063,
      0.10045377165079117,
      0.06469839811325073,
      0.03231702744960785,
      0.013352960348129272,
      0.0047536613419651985,
      0.001499634818173945,
      0.0004279277927707881
    ],
    [
      0.05722041800618172,
      0.10198547691106796,
      0.09398560971021652,
      0.059707920998334885,
      0.029415441676974297,
      0.01198647078126669,
      0.004208025056868792,
      0.001309003448113799,
      0.00036829986493103206
    ],
    [
      0.028627701103687286,
      0.050330694764852524,
      0.04574831202626228,
      0.02866336889564991,
      0.013925689272582531,
      0.005595580209046602,
      0.0019369283691048622,
      0.0005940567352809012,
      0.00016478339966852218
    ],
    [
      0.009937720373272896,
      0.017231721431016922,
      0.015446458011865616,
      0.009543420746922493,
      0.004571756348013878,
      0.0018112141406163573,
      0.0006181119824759662,
      0.00018688867567107081,
      5.1102808356517926e-05
    ],
    [
      0.0026926444843411446,
      0.00460422458127141,
      0.004069651942700148,
      0.0024791317991912365,
      0.0011708865640684962,
      0.00045730749843642116,
      0.0001538455835543573,
      4.58516224171035e-05,
      1.2357944797258824e-05
    ],
    [
      0.0006073863478377461,
      0.0010240505216643214,
      0.0008924176800064743,
      0.0005359514034353197,
      0.00024953196407295763,
      9.606780076865107e-05,
      3.1855699489824474e-05,
      9.35761727305362e-06,
      2.4856651634763693e-06
    ],
    [
      0.00011880782403750345,
      0.00019748174236156046,
      0.00016965573013294488,
      0.0001004364385153167,
      4.609249663189985e-05,
      1.749017792462837e-05,
      5.715990937460447e-06,
      1.6547598988836398e-06,
      4.3316879327903735e-07
    ],
    [
      2.0726471120724455e-05,
      3.3961176086449996e-05,
      2.875879727071151e-05,
      1.6780797523097135e-05,
      7.5900525189354084e-06,
      2.8384260986058507e-06,
      9.14157681108918e-07,
      2.6078919290739577e-07,
      6.726930479317161e-08
    ],
    [
      3.291776238256716e-06,
      5.316382157616317e-06,
      4.437162715476006e-06,
      2.551658099037013e-06,
      1.1373797406122321e-06,
      4.1914717030522297e-07,
      1.3301998080805788e-07,
      3.739143750181029e-08,
      9.5031555957803e-09
    ]
  ],
  "probs_results": [
    0.2181476354598999,
    0.19679802656173706,
    0.585054874420166
  ]
}