{
  "skills_mean": [
    [
      0.3785818815231323,
      0.7522969245910645
    ],
    [
      -0.18283382058143616,
      0.42624709010124207
    ]
  ],
  "skills_cov": [
    [
      [
        0.019239548593759537,
        0.010780025273561478
      ],
      [
        0.010780025273561478,
        0.02347429096698761
      ]
    ],
    [
      [
        0.023622144013643265,
        0.011486794799566269
      ],
      [
        0.011486794799566269,
        0.02277013100683689
      ]
    ]
  ],
  "probs_grid": [
    [
      0.07395616918802261,
      0.05741899460554123,
      0.02330685965716839,
      0.006594361271709204,
      0.0014630098594352603,
      0.0002714609436225146,
      4.387844819575548e-05,
      6.354506695060991e-06,
      8.416294008384284e-07
    ],
    [
      0.13096335530281067,
      0.10009240359067917,
      0.039985667914152145,
      0.01113214436918497,
      0.002429710468277335,
      0.0004434411821421236,
      7.048979023238644e-05,
      1.0037681022367906e-05,
      1.3070235809209407e-06
    ],
    [
      0.12052986770868301,
      0.09066884219646454,
      0.03564370796084404,
      0.00976320169866085,
      0.002096146112307906,
      0.0003762537380680442,
      5.881363540538587e-05,
      8.234247616201174e-06,
      1.0540231869526906e-06
    ],
    [
      0.0768607035279274,
      0.05690169706940651,
      0.022010020911693573,
      0.005930863320827484,
      0.0012524435296654701,
      0.00022108291159383953,
      3.397978798602708e-05,
      4.677037850342458e-06,
      5.884916731702106e-07
    ],
    [
      0.03820193558931351,
      0.027829982340335846,
      0.010590876452624798,
      0.00280720554292202,
      0.0005830219015479088,
      0.00010120031947735697,
      1.5292596799554303e-05,
      2.0692009456979576e-06,
      2.5590875907255395e-07
    ],
    [
      0.015784073621034622,
      0.011313755065202713,
      0.004235513508319855,
      0.0011042130645364523,
      0.0002255258004879579,
      3.849094355246052e-05,
      5.718200100091053e-06,
      7.605405016875011e-07,
      9.244639898042806e-08
    ],
    [
      0.005646584555506706,
      0.0039818985387682915,
      0.0014663215260952711,
      0.00037596162292174995,
      7.55067085265182e-05,
      1.2670134310610592e-05,
      1.8503501451050397e-06,
      2.418973394924251e-07,
      2.889733963229446e-08
    ],
    [
      0.0017987468745559454,
      0.001247817650437355,
      0.000451952830189839,
      0.00011395683395676315,
      2.2503478248836473e-05,
      3.7123543279449223e-06,
      5.329260375219746e-07,
      6.847512423746593e-08,
      8.038875343174823e-09
    ],
    [
      0.0005208036163821816,
      0.0003553818678483367,
      0.00012659223284572363,
      3.1387506169267e-05,
      6.094026957725873e-06,
      9.882836593533284e-07,
      1.3945027887984907e-07,
      1.7609666613793706e-08,
      2.0315538140636136e-09
    ]
  ],
  "probs_results": [
    0.21632562577724457,
    0.6264961361885071,
    0.15717816352844238
  ]
}