{
  "skills_mean": [
    [
      0.8006957173347473,
      0.8134705424308777
    ],
    [
      0.10861313343048096,
      0.713910698890686
    ]
  ],
  "skills_cov": [
    [
      [
        0.01767718978226185,
        0.010217239148914814
      ],
      [
        0.010217239148914814,
        0.022951696068048477
      ]
    ],
    [
      [
        0.01990796998143196,
        0.010751861147582531
      ],
      [
        0.010751861147582531,
        0.02401483990252018
      ]
    ]
  ],
  "probs_grid": [
    [
      0.04703501611948013,
      0.04576637223362923,
      0.023182541131973267,
      0.008150416426360607,
      0.0022373320534825325,
      0.0005114641971886158,
      0.0001014226654660888,
      1.7943058992386796e-05,
      2.890839368774323e-06
    ],
    [
      0.09463928639888763,
      0.09066343307495117,
      0.04520893469452858,
      0.015644658356904984,
      0.0042265672236680984,
      0.0009508139337413013,
      0.00018552076653577387,
      3.229147114325315e-05,
      5.118108674651012e-06
    ],
    [
      0.09890090674161911,
      0.09327402710914612,
      0.04578223451972008,
      0.015593026764690876,
      0.004145666025578976,
      0.00091769197024405,
      0.00017617526464164257,
      3.016823757207021e-05,
      4.703728791355388e-06
    ],
    [
      0.07156464457511902,
      0.06643947958946228,
      0.03209787607192993,
      0.010759021155536175,
      0.002814824925735593,
      0.0006130896508693695,
      0.00011579752754187211,
      1.9507046090438962e-05,
      2.9918080599600216e-06
    ],
    [
      0.040333863347768784,
      0.03685827553272247,
      0.017525523900985718,
      0.005781015381217003,
      0.0014882427640259266,
      0.00031892865081317723,
      5.926173980697058e-05,
      9.820500963542145e-06,
      1.4815173017268535e-06
    ],
    [
      0.018883904442191124,
      0.0169850941747427,
      0.007948125712573528,
      0.002579950261861086,
      0.0006535066058859229,
      0.0001377830485580489,
      2.51862256845925e-05,
      4.1055532165046316e-06,
      6.091975706112862e-07
    ],
    [
      0.007649637293070555,
      0.006771792657673359,
      0.003118448657914996,
      0.0009960434399545193,
      0.0002482364943716675,
      5.148960917722434e-05,
      9.258848876925185e-06,
      1.4845617215542006e-06,
      2.1666232896677684e-07
    ],
    [
      0.0027573839761316776,
      0.0024022883735597134,
      0.0010886263335123658,
      0.00034213101025670767,
      8.389037975575775e-05,
      1.7118218238465488e-05,
      3.027962293344899e-06,
      4.775411071022972e-07,
      6.854595824279386e-08
    ],
    [
      0.0009027366177178919,
      0.0007739895954728127,
      0.0003451361262705177,
      0.00010672396456357092,
      2.574535938038025e-05,
      5.168015832168749e-06,
      8.992021776066395e-07,
      1.3948418597919954e-07,
      1.9691128727572504e-08
    ]
  ],
  "probs_results": [
    0.19604980945587158,
    0.6327187418937683,
    0.17123140394687653
  ]
}