{
  "skills_mean": [
    [
      0.3271816074848175,
      0.8367365598678589
    ],
    [
      0.5030524134635925,
      0.8131304979324341
    ]
  ],
  "skills_cov": [
    [
      [
        0.019779108464717865,
        0.01064284797757864
      ],
      [
        0.01064284797757864,
        0.023031264543533325
      ]
    ],
    [
      [
        0.019364595413208008,
        0.010535508394241333
      ],
      [
        0.010535508394241333,
        0.02277166210114956
      ]
    ]
  ],
  "probs_grid": [
    [
      0.07496282458305359,
      0.10222930461168289,
      0.07251887023448944,
      0.0356760248541832,
      0.01369204930961132,
      0.0043723685666918755,
      0.0012100719613954425,
      0.0002985006431117654,
      6.699345249217004e-05
    ],
    [
      0.08879607915878296,
      0.1192401796579361,
      0.0832795575261116,
      0.04033197462558746,
      0.015236162580549717,
      0.004788619000464678,
      0.0013042056234553456,
      0.0003165782254654914,
      6.990847759880126e-05
    ],
    [
      0.05473287031054497,
      0.07236240804195404,
      0.049751922488212585,
      0.023716455325484276,
      0.008817712776362896,
      0.0027272517327219248,
      0.0007308921776711941,
      0.00017455853230785578,
      3.792337156482972e-05
    ],
    [
      0.023405451327562332,
      0.030462021008133888,
      0.020614856854081154,
      0.009671537205576897,
      0.003538594814017415,
      0.0010769263608381152,
      0.0002839619992300868,
      6.672007293673232e-05,
      1.4259244380809832e-05
    ],
    [
      0.007811259478330612,
      0.010006551630795002,
      0.006664658896625042,
      0.0030769333243370056,
      0.0011077311355620623,
      0.0003316878282930702,
      8.604108006693423e-05,
      1.9886962036252953e-05,
      4.18063382312539e-06
    ],
    [
      0.0021699811331927776,
      0.002735826885327697,
      0.001793098752386868,
      0.000814558588899672,
      0.00028851896058768034,
      8.498974784743041e-05,
      2.1687197659048252e-05,
      4.930524482915644e-06,
      1.019441697280854e-06
    ],
    [
      0.0005226556677371264,
      0.0006484392797574401,
      0.00041817728197202086,
      0.00018690097203943878,
      6.512641266454011e-05,
      1.8871489373850636e-05,
      4.736577920994023e-06,
      1.0591173804641585e-06,
      2.1536388317144883e-07
    ],
    [
      0.00011225334310438484,
      0.0001370338286506012,
      8.69462892296724e-05,
      3.822911821771413e-05,
      1.3103711353323888e-05,
      3.734752453965484e-06,
      9.219463095178071e-07,
      2.027400967108406e-07,
      4.054106739204144e-08
    ],
    [
      2.1944413674646057e-05,
      2.6356372472946532e-05,
      1.6451325791422278e-05,
      7.115367225196678e-06,
      2.398912783974083e-06,
      6.724576451233588e-07,
      1.6325276419593138e-07,
      3.530343306579198e-08,
      6.941725860798442e-09
    ]
  ],
  "probs_results": [
    0.2548409700393677,
    0.328084260225296,
    0.41707471013069153
  ]
}