{
  "skills_mean": [
    [
      0.5897209644317627,
      1.1432695388793945
    ],
    [
      -0.14094124734401703,
      0.5722622275352478
    ]
  ],
  "skills_cov": [
    [
      [
        0.021063169464468956,
        0.01205701194703579
      ],
      [
        0.01205701194703579,
        0.02677202597260475
      ]
    ],
    [
      [
        0.021313540637493134,
        0.010678291320800781
      ],
      [
        0.010678291320800781,
        0.022844912484288216
      ]
    ]
  ],
  "probs_grid": [
    [
      0.08278118073940277,
      0.04595218598842621,
      0.013353855349123478,
      0.002708650194108486,
      0.00043139871559105814,
      5.7542998547432944e-05,
      6.695763659081422e-06,
      6.990577503529494e-07,
      6.684395259526354e-08
    ],
    [
      0.15466129779815674,
      0.08459115773439407,
      0.024213377386331558,
      0.004836158361285925,
      0.0007582305697724223,
      9.953428525477648e-05,
      1.1395346518838778e-05,
      1.1702653637257754e-06,
      1.1004720334995e-07
    ],
    [
      0.15040792524814606,
      0.08103949576616287,
      0.02284432388842106,
      0.004492106381803751,
      0.0006932016694918275,
      8.954230725066736e-05,
      1.0084992027259432e-05,
      1.0186496410824475e-06,
      9.419304802804618e-08
    ],
    [
      0.10150428861379623,
      0.05386579781770706,
      0.014951059594750404,
      0.002894029254093766,
      0.00043950058170594275,
      5.5855896789580584e-05,
      6.188095994730247e-06,
      6.146830742181919e-07,
      5.5885706728986406e-08
    ],
    [
      0.05347121134400368,
      0.027943234890699387,
      0.007635624147951603,
      0.0014546962920576334,
      0.00021737939096055925,
      2.7177942683920264e-05,
      2.961394102385384e-06,
      2.892623456318688e-07,
      2.585569092161677e-08
    ],
    [
      0.023450329899787903,
      0.012066016905009747,
      0.003245471278205514,
      0.000608476810157299,
      8.94595796125941e-05,
      1.1001820894307457e-05,
      1.1789400105044479e-06,
      1.132263207637152e-07,
      9.949223667149454e-09
    ],
    [
      0.008917456492781639,
      0.0045170048251748085,
      0.0011957810493186116,
      0.0002205984783358872,
      3.190601637470536e-05,
      3.859267962980084e-06,
      4.0666643030817795e-07,
      3.839868512045541e-08,
      3.316658281349305e-09
    ],
    [
      0.003023918718099594,
      0.0015077012358233333,
      0.0003927802317775786,
      7.12912151357159e-05,
      1.0142573046323378e-05,
      1.2065172541042557e-06,
      1.2500723300945538e-07,
      1.1603821015171434e-08,
      9.851356397305722e-10
    ],
    [
      0.0009333145571872592,
      0.00045798911014571786,
      0.00011740149784600362,
      2.096283969876822e-05,
      2.933345740530058e-06,
      3.4313347896386404e-07,
      3.4954151573174386e-08,
      3.189486896815197e-09,
      2.6613236614458913e-10
    ]
  ],
  "probs_results": [
    0.19345326721668243,
    0.7082377672195435,
    0.09830893576145172
  ]
}