{
  "skills_mean": [
    [
      0.5361916422843933,
      0.8595119714736938
    ],
    [
      0.613874077796936,
      1.0302057266235352
    ]
  ],
  "skills_cov": [
    [
      [
        0.021593773737549782,
        0.01184047944843769
      ],
      [
        0.01184047944843769,
        0.025732936337590218
      ]
    ],
    [
      [
        0.019491523504257202,
        0.011399795301258564
      ],
      [
        0.011399795301258564,
        0.025236498564481735
      ]
    ]
  ],
  "probs_grid": [
    [
      0.06665410101413727,
      0.09869607537984848,
      0.07618655264377594,
      0.040874820202589035,
      0.01714504323899746,
      0.00599661422893405,
      0.0018215293530374765,
      0.0004942097584716976,
      0.00012224518286529928
    ],
    [
      0.07852551341056824,
      0.11428303271532059,
      0.08669751137495041,
      0.04570706561207771,
      0.01883741281926632,
      0.006472974084317684,
      0.0019315792014822364,
      0.0005147933843545616,
      0.0001250746427103877
    ],
    [
      0.048318084329366684,
      0.06910617649555206,
      0.051514510065317154,
      0.026683885604143143,
      0.010804101824760437,
      0.0036469921469688416,
      0.0010689874179661274,
      0.00027982782921753824,
      6.677240889985114e-05
    ],
    [
      0.020702501758933067,
      0.02909436821937561,
      0.02130858786404133,
      0.01084338128566742,
      0.004312761593610048,
      0.0014299380127340555,
      0.0004116591881029308,
      0.00010583016410237178,
      2.4799475795589387e-05
    ],
    [
      0.006948031019419432,
      0.009593418799340725,
      0.00690241577103734,
      0.0034502686467021704,
      0.0013478710316121578,
      0.0004389153327792883,
      0.0001240912388311699,
      3.1327417673310265e-05,
      7.208494025690015e-06
    ],
    [
      0.001948102260939777,
      0.0026424056850373745,
      0.0018675066530704498,
      0.0009168759570457041,
      0.00035177700920030475,
      0.00011249389353906736,
      3.1231222237693146e-05,
      7.74186719354475e-06,
      1.7491013295511948e-06
    ],
    [
      0.0004752869135700166,
      0.0006332488264888525,
      0.00043957046000286937,
      0.00021194922737777233,
      7.985646516317502e-05,
      2.5076242309296504e-05,
      6.835735803178977e-06,
      1.6637170574540505e-06,
      3.690316532356519e-07
    ],
    [
      0.0001037724650814198,
      0.00013579682854469866,
      9.257533383788541e-05,
      4.383443956612609e-05,
      1.6217303709709086e-05,
      5.000187229597941e-06,
      1.3382523320615292e-06,
      3.197692137746344e-07,
      6.963119147940233e-08
    ],
    [
      2.0696481442428194e-05,
      2.6598365366226062e-05,
      1.780638558557257e-05,
      8.27899930300191e-06,
      3.0074079404585063e-06,
      9.103810612032248e-07,
      2.392062299350073e-07,
      5.611071429711956e-08,
      1.1994079507360311e-08
    ]
  ],
  "probs_results": [
    0.2447912096977234,
    0.30405282974243164,
    0.4511561691761017
  ]
}