{
  "skills_mean": [
    [
      0.7102415561676025,
      1.3743222951889038
    ],
    [
      -0.25987210869789124,
      0.384562611579895
    ]
  ],
  "skills_cov": [
    [
      [
        0.01722899079322815,
        0.010814514942467213
      ],
      [
        0.010814514942467213,
        0.02748977206647396
      ]
    ],
    [
      [
        0.02287614531815052,
        0.010619005188345909
      ],
      [
        0.010619005188345909,
        0.02255464345216751
      ]
    ]
  ],
  "probs_grid": [
    [
      0.049927569925785065,
      0.019897397607564926,
      0.004161207005381584,
      0.0006088842055760324,
      7.012623973423615e-05,
      6.780622243240941e-06,
      5.73341367271496e-07,
      4.36041887041938e-08,
      3.0447364629537788e-09
    ],
    [
      0.12406279891729355,
      0.04879351332783699,
      0.010066586546599865,
      0.0014525695005431771,
      0.000164920071256347,
      1.5714962501078844e-05,
      1.3091097343931324e-06,
      9.805876288737636e-08,
      6.7419700933157856e-09
    ],
    [
      0.1597803682088852,
      0.06200584024190903,
      0.012617751024663448,
      0.0017952101770788431,
      0.00020090393081773072,
      1.8863875084207393e-05,
      1.5479964758924325e-06,
      1.1419240308896406e-07,
      7.73005304210983e-09
    ],
    [
      0.14219151437282562,
      0.0544377900660038,
      0.010924851521849632,
      0.001532395021058619,
      0.00016901678463909775,
      1.5636147509212606e-05,
      1.2638772659556707e-06,
      9.181078297615386e-08,
      6.118600293092413e-09
    ],
    [
      0.09835416078567505,
      0.03714248538017273,
      0.007350083440542221,
      0.0010162870166823268,
      0.00011046235158573836,
      1.0067685252579395e-05,
      8.014995387384261e-07,
      5.732977115258109e-08,
      3.7611656011904415e-09
    ],
    [
      0.05639686435461044,
      0.02100501023232937,
      0.004098221193999052,
      0.0005585206090472639,
      5.981797585263848e-05,
      5.370607595978072e-06,
      4.210765212064871e-07,
      2.965482970296307e-08,
      1.9151125130179025e-09
    ],
    [
      0.027921166270971298,
      0.01025496143847704,
      0.0019724525045603514,
      0.00026492573670111597,
      2.795572618197184e-05,
      2.4723069600440795e-06,
      1.9088507485776063e-07,
      1.32353568105259e-08,
      8.41329506062749e-10
    ],
    [
      0.012274579145014286,
      0.0044451504945755005,
      0.0008427749271504581,
      0.00011154778621857986,
      1.1596420335990842e-05,
      1.01009550235176e-06,
      7.67952457181309e-08,
      5.242049905263002e-09,
      3.279748694851037e-10
    ],
    [
      0.0048906984739005566,
      0.0017461491515859962,
      0.0003262987593188882,
      4.255567546351813e-05,
      4.358154455985641e-06,
      3.738670102393371e-07,
      2.7987541173501995e-08,
      1.8806629586975987e-09,
      1.1580807146582828e-10
    ]
  ],
  "probs_results": [
    0.11342134326696396,
    0.8477701544761658,
    0.03880880028009415
  ]
}