{
  "skills_mean": [
    [
      0.6139476895332336,
      1.0303292274475098
    ],
    [
      -0.259949654340744,
      0.44606658816337585
    ]
  ],
  "skills_cov": [
    [
      [
        0.019391097128391266,
        0.011318923905491829
      ],
      [
        0.011318923905491829,
        0.025137456133961678
      ]
    ],
    [
      [
        0.02084791287779808,
        0.01066986471414566
      ],
      [
        0.01066986471414566,
        0.022112570703029633
      ]
    ]
  ],
  "probs_grid": [
    [
      0.06131969392299652,
      0.034002985805273056,
      0.009850782342255116,
      0.0019878544844686985,
      0.0003143373178318143,
      4.154475391260348e-05,
      4.780315521202283e-06,
      4.925292955704208e-07,
      4.638505046727914e-08
    ],
    [
      0.13197492063045502,
      0.07210973650217056,
      0.020578671246767044,
      0.004089694004505873,
      0.00063673360273242,
      8.283912757178769e-05,
      9.380793017044198e-06,
      9.510219456387858e-07,
      8.811067431224728e-08
    ],
    [
      0.14748764038085938,
      0.07939259707927704,
      0.022315889596939087,
      0.004367114510387182,
      0.0006693730829283595,
      8.571524085709825e-05,
      9.55178893491393e-06,
      9.527379347673559e-07,
      8.682967234108219e-08
    ],
    [
      0.1140986829996109,
      0.060501694679260254,
      0.01674785278737545,
      0.003226976143196225,
      0.0004868895630352199,
      6.136076990514994e-05,
      6.728237622155575e-06,
      6.602257940357958e-07,
      5.918514744962522e-08
    ],
    [
      0.06873328983783722,
      0.035897284746170044,
      0.00978497602045536,
      0.0018561225151643157,
      0.0002756515168584883,
      3.418628330109641e-05,
      3.6881735923088854e-06,
      3.5601840409071883e-07,
      3.138969972837913e-08
    ],
    [
      0.03438660874962807,
      0.017686445266008377,
      0.0047467793338000774,
      0.0008863669936545193,
      0.00012955284910276532,
      1.5810102922841907e-05,
      1.6780692249085405e-06,
      1.593347462858219e-07,
      1.38163480656317e-08
    ],
    [
      0.014880570583045483,
      0.007536702789366245,
      0.0019913928117603064,
      0.0003660162619780749,
      5.2647435950348154e-05,
      6.3216157286660746e-06,
      6.600686219826457e-07,
      6.164568588928887e-08,
      5.256874491266217e-09
    ],
    [
      0.0057284333743155,
      0.002856702310964465,
      0.0007430514669977129,
      0.00013441720511764288,
      1.9025823348783888e-05,
      2.2476419871964026e-06,
      2.3085917177922965e-07,
      2.1205481814945415e-08,
      1.7782498806795388e-09
    ],
    [
      0.0020023237448185682,
      0.0009830861818045378,
      0.00025170278968289495,
      4.4810989493271336e-05,
      6.241005394258536e-06,
      7.253447051880357e-07,
      7.328220164026789e-08,
      6.620102244170312e-09,
      5.458948848513501e-10
    ]
  ],
  "probs_results": [
    0.15950177609920502,
    0.7630530595779419,
    0.07744511216878891
  ]
}