{
  "skills_mean": [
    [
      0.38691073656082153,
      0.741100013256073
    ],
    [
      -0.19815771281719208,
      0.3789167106151581
    ]
  ],
  "skills_cov": [
    [
      [
        0.019939204677939415,
        0.011314409784972668
      ],
      [
        0.011314409784972668,
        0.02408236265182495
      ]
    ],
    [
      [
        0.024080945178866386,
        0.012149258516728878
      ],
      [
        0.012149258516728878,
        0.02396816946566105
      ]
    ]
  ],
  "probs_grid": [
    [
      0.06704790145158768,
      0.05204181745648384,
      0.02113712765276432,
      0.005989320110529661,
      0.0013319001300260425,
      0.0002479290124028921,
      4.023847577627748e-05,
      5.856196366949007e-06,
      7.80135906097712e-07
    ],
    [
      0.12481316179037094,
      0.09526049345731735,
      0.03803648799657822,
      0.01059349812567234,
      0.0023150539491325617,
      0.0004234163207001984,
      6.750898319296539e-05,
      9.65048366197152e-06,
      1.2625680483324686e-06
    ],
    [
      0.12092936038970947,
      0.09074372798204422,
      0.03561631217598915,
      0.009748796001076698,
      0.0020934240892529488,
      0.0003761629050131887,
      5.8913348766509444e-05,
      8.271435945061967e-06,
      1.062689648279047e-06
    ],
    [
      0.08129914849996567,
      0.0599728561937809,
      0.02313593402504921,
      0.006223144009709358,
      0.0013129928847774863,
      0.00023177018738351762,
      3.56537893821951e-05,
      4.91610762765049e-06,
      6.202081408446247e-07
    ],
    [
      0.04266016557812691,
      0.030933570116758347,
      0.011727920733392239,
      0.003099750727415085,
      0.0006425257888622582,
      0.00011141123832203448,
      1.6832824258017354e-05,
      2.2792548861616524e-06,
      2.823405793606071e-07
    ],
    [
      0.01863432675600052,
      0.013280660845339298,
      0.00494802463799715,
      0.0012849479680880904,
      0.00026165455346927047,
      4.4563574192579836e-05,
      6.61242256683181e-06,
      8.792067092144862e-07,
      1.0693302954223327e-07
    ],
    [
      0.007057178765535355,
      0.00494309002533555,
      0.001809662557207048,
      0.0004617086087819189,
      9.235493780579418e-05,
      1.5448966223630123e-05,
      2.2511635506816674e-06,
      2.9390648137450626e-07,
      3.509529733491945e-08
    ],
    [
      0.0023831408470869064,
      0.0016403835033997893,
      0.0005900663090869784,
      0.00014789709530305117,
      2.905869041569531e-05,
      4.7739526962686796e-06,
      6.831106702520628e-07,
      8.756772018614356e-08,
      1.0265591043889799e-08
    ],
    [
      0.0007324262987822294,
      0.0004954022588208318,
      0.00017508254677522928,
      4.310872463975102e-05,
      8.31921715871431e-06,
      1.342227619716141e-06,
      1.8859286399219855e-07,
      2.373622898232952e-08,
      2.7317126338743947e-09
    ]
  ],
  "probs_results": [
    0.20495064556598663,
    0.6487153172492981,
    0.14633412659168243
  ]
}