{
  "skills_mean": [
    [
      -0.02785700000822544,
      0.7071843147277832
    ],
    [
      0.22187785804271698,
      0.8031035661697388
    ]
  ],
  "skills_cov": [
    [
      [
        0.01870182529091835,
        0.00957554578781128
      ],
      [
        0.00957554578781128,
        0.022156842052936554
      ]
    ],
    [
      [
        0.021677471697330475,
        0.012825723737478256
      ],
      [
        0.012825723737478256,
        0.02906719781458378
      ]
    ]
  ],
  "probs_grid": [
    [
      0.12840230762958527,
      0.15064184367656708,
      0.09208740293979645,
      0.0391058512032032,
      0.012977355159819126,
      0.0035894240718334913,
      0.0008618799620307982,
      0.00018477629055269063,
      3.610242129070684e-05
    ],
    [
      0.10880275815725327,
      0.1258004903793335,
      0.07577021420001984,
      0.0316956527531147,
      0.010358755476772785,
      0.002821112284436822,
      0.0006668558926321566,
      0.0001407155505148694,
      2.7056325052399188e-05
    ],
    [
      0.04823474958539009,
      0.05494645982980728,
      0.032598208636045456,
      0.013428816571831703,
      0.0043211630545556545,
      0.0011584662133827806,
      0.00026951738982461393,
      5.596479240921326e-05,
      1.0587436918285675e-05
    ],
    [
      0.014915595762431622,
      0.016735298559069633,
      0.009777049534022808,
      0.003965380135923624,
      0.0012560239993035793,
      0.00033140068990178406,
      7.586757419630885e-05,
      1.5499408618779853e-05,
      2.8844087864854373e-06
    ],
    [
      0.003619100898504257,
      0.003998430911451578,
      0.0022997173946350813,
      0.0009180805063806474,
      0.00028618451324291527,
      7.429876131936908e-05,
      1.6733863958506845e-05,
      3.3628123219386907e-06,
      6.155048595246626e-07
    ],
    [
      0.0007349071092903614,
      0.0007992975879460573,
      0.00045248112292028964,
      0.00017776174354366958,
      5.452104960568249e-05,
      1.3924915947427507e-05,
      3.084861646129866e-06,
      6.096919946685375e-07,
      1.0973675301784169e-07
    ],
    [
      0.0001300853182328865,
      0.000139247888000682,
      7.756948616588488e-05,
      2.9982584237586707e-05,
      9.046238119481131e-06,
      2.272512347190059e-06,
      4.951083383275545e-07,
      9.622087304705929e-08,
      1.702756513566328e-08
    ],
    [
      2.064350883301813e-05,
      2.174366636609193e-05,
      1.191666342492681e-05,
      4.530923433776479e-06,
      1.3445511513054953e-06,
      3.3216042538697366e-07,
      7.11571743750028e-08,
      1.3596035408625085e-08,
      2.3652126923678907e-09
    ],
    [
      2.997871206389391e-06,
      3.106428721366683e-06,
      1.6746273558965186e-06,
      6.26215296506416e-07,
      1.8273809132551833e-07,
      4.438739154011273e-08,
      9.348410934251206e-09,
      1.7558584586296888e-09,
      3.002330051238289e-10
    ]
  ],
  "probs_results": [
    0.2910725772380829,
    0.26692870259284973,
    0.44199860095977783
  ]
}