{
  "skills_mean": [
    [
      0.6106730699539185,
      1.1939127445220947
    ],
    [
      -0.19818149507045746,
      0.37896209955215454
    ]
  ],
  "skills_cov": [
    [
      [
        0.01879946142435074,
        0.011610372923314571
      ],
      [
        0.011610372923314571,
        0.02756851725280285
      ]
    ],
    [
      [
        0.023981543257832527,
        0.012068535201251507
      ],
      [
        0.012068535201251507,
        0.0238687451928854
      ]
    ]
  ],
  "probs_grid": [
    [
      0.0561356283724308,
      0.02835894748568535,
      0.007523743435740471,
      0.0013976232148706913,
      0.00020449887961149216,
      2.513870640541427e-05,
      2.7042776764574228e-06,
      2.618336623072537e-07,
      2.329131021383546e-08
    ],
    [
      0.1277986615896225,
      0.06354186683893204,
      0.016586244106292725,
      0.0030305280815809965,
      0.0004360244784038514,
      5.269139364827424e-05,
      5.570788744080346e-06,
      5.299783083501097e-07,
      4.631252892295379e-08
    ],
    [
      0.15118911862373352,
      0.07397338002920151,
      0.01899559237062931,
      0.003413405967876315,
      0.00048286744276992977,
      5.735794547945261e-05,
      5.95941173742176e-06,
      5.570312850977643e-07,
      4.7814864956308156e-08
    ],
    [
      0.12390895932912827,
      0.059651684015989304,
      0.015067417174577713,
      0.002662522252649069,
      0.00037028820952400565,
      4.323203393141739e-05,
      4.413825990923215e-06,
      4.053187581121165e-07,
      3.4174039598156014e-08
    ],
    [
      0.07913464307785034,
      0.037480033934116364,
      0.009311260655522346,
      0.0016178583027794957,
      0.0002211852843174711,
      2.53798280027695e-05,
      2.5460560664214427e-06,
      2.2968242774368264e-07,
      1.902040658308124e-08
    ],
    [
      0.04200299084186554,
      0.019569488242268562,
      0.00478120893239975,
      0.0008167880005203187,
      0.00010976402700180188,
      1.237737978954101e-05,
      1.2199737966511748e-06,
      1.0810964568008785e-07,
      8.792798489309916e-09
    ],
    [
      0.019297849386930466,
      0.00884364452213049,
      0.0021247146651148796,
      0.00035684314207173884,
      4.71337916678749e-05,
      5.22287564308499e-06,
      5.05766081460024e-07,
      4.402469500064399e-08,
      3.516499091915648e-09
    ],
    [
      0.007892663590610027,
      0.003557376330718398,
      0.0008403797401115298,
      0.0001387478259857744,
      1.8011844076681882e-05,
      1.961190946531133e-06,
      1.8657630107554724e-07,
      1.5952055676393684e-08,
      1.2513123870405707e-09
    ],
    [
      0.002933007897809148,
      0.0013000742765143514,
      0.00030196679290384054,
      4.900679050479084e-05,
      6.252309958654223e-06,
      6.689057840958412e-07,
      6.251431727832824e-08,
      5.2497277636121e-09,
      4.0439571136197117e-10
    ]
  ],
  "probs_results": [
    0.14189159870147705,
    0.7959347367286682,
    0.0621737502515316
  ]
}