{
  "skills_mean": [
    [
      0.31354305148124695,
      0.8308457136154175
    ],
    [
      0.32670456171035767,
      1.1717010736465454
    ]
  ],
  "skills_cov": [
    [
      [
        0.019019097089767456,
        0.010012388229370117
      ],
      [
        0.010012388229370117,
        0.02217242121696472
      ]
    ],
    [
      [
        0.0144564313814044,
        0.008121004328131676
      ],
      [
        0.008121004328131676,
        0.02352220006287098
      ]
    ]
  ],
  "probs_grid": [
    [
      0.13472910225391388,
      0.15541155636310577,
      0.09281401336193085,
      0.038262251764535904,
      0.012248585000634193,
      0.003247625660151243,
      0.0007428759709000587,
      0.0001507816050434485,
      2.7719972422346473e-05
    ],
    [
      0.11085620522499084,
      0.12651857733726501,
      0.07473986595869064,
      0.030470343306660652,
      0.009644193574786186,
      0.002527719596400857,
      0.0005714475992135704,
      0.00011461038229754195,
      2.0816443793592043e-05
    ],
    [
      0.04750172421336174,
      0.053621646016836166,
      0.03132404386997223,
      0.012625554576516151,
      0.003950013313442469,
      0.0010231455089524388,
      0.00022854974668007344,
      4.528435238171369e-05,
      8.124156920530368e-06
    ],
    [
      0.014132709242403507,
      0.0157748032361269,
      0.009110040962696075,
      0.0036293272860348225,
      0.0011220852611586452,
      0.00028716944507323205,
      6.336962542263791e-05,
      1.2401580534060486e-05,
      2.197191179220681e-06
    ],
    [
      0.0032842534128576517,
      0.003623778000473976,
      0.002068339614197612,
      0.0008142401347868145,
      0.00024871452478691936,
      6.287675205385312e-05,
      1.3703779586649034e-05,
      2.6483621695660986e-06,
      4.632829018191842e-07
    ],
    [
      0.0006358374957926571,
      0.0006933350232429802,
      0.0003910197119694203,
      0.00015207268006633967,
      4.5882974518463016e-05,
      1.1455786079750396e-05,
      2.465441866661422e-06,
      4.704242257957958e-07,
      8.123762285094926e-08
    ],
    [
      0.00010682091669877991,
      0.00011508457100717351,
      6.41158694634214e-05,
      2.4628783648950048e-05,
      7.338419891311787e-06,
      1.8091403717335197e-06,
      3.843954061721888e-07,
      7.2402194462029e-08,
      1.2340780841668675e-08
    ],
    [
      1.6016763765946962e-05,
      1.7045018466887996e-05,
      9.378684808325488e-06,
      3.5575567380874418e-06,
      1.0466054618518683e-06,
      2.5472164111306483e-07,
      5.342305442468387e-08,
      9.931273581287314e-09,
      1.670502181028155e-09
    ],
    [
      2.1879041014472023e-06,
      2.2994108803686686e-06,
      1.2492962468968472e-06,
      4.6786533403064823e-07,
      1.3587536784598342e-07,
      3.264053916041121e-08,
      6.756187609369135e-09,
      1.2393925885589852e-09,
      2.0569967951189483e-10
    ]
  ],
  "probs_results": [
    0.29646575450897217,
    0.2630831301212311,
    0.4404512345790863
  ]
}