{
  "skills_mean": [
    [
      0.26769739389419556,
      0.9072542786598206
    ],
    [
      0.7702594995498657,
      1.105111002922058
    ]
  ],
  "skills_cov": [
    [
      [
        0.024380704388022423,
        0.014571500942111015
      ],
      [
        0.014571500942111015,
        0.028375281020998955
      ]
    ],
    [
      [
        0.01729411631822586,
        0.010680105537176132
      ],
      [
        0.010680105537176132,
        0.026301244273781776
      ]
    ]
  ],
  "probs_grid": [
    [
      0.0793444886803627,
      0.1292565017938614,
      0.10979295521974564,
      0.06482911854982376,
      0.029932310804724693,
      0.011525437235832214,
      0.00385473039932549,
      0.0011516617378219962,
      0.00031372171360999346
    ],
    [
      0.06769128143787384,
      0.10827356576919556,
      0.09029009938240051,
      0.0523332916200161,
      0.023715989664196968,
      0.008962035179138184,
      0.002941372338682413,
      0.0008622862515039742,
      0.0002304668159922585
    ],
    [
      0.030282963067293167,
      0.0475497730076313,
      0.03891999274492264,
      0.022139497101306915,
      0.009845584630966187,
      0.003650698345154524,
      0.001175575889647007,
      0.00033810301101766527,
      8.864881965564564e-05
    ],
    [
      0.009471488185226917,
      0.014596248976886272,
      0.011724332347512245,
      0.00654424075037241,
      0.0028553977608680725,
      0.0010387145448476076,
      0.00032811835990287364,
      9.256706107407808e-05,
      2.380565092607867e-05
    ],
    [
      0.0023297437001019716,
      0.003523079212754965,
      0.002776602515950799,
      0.00152049760799855,
      0.0006508103688247502,
      0.00023222484742291272,
      7.195074431365356e-05,
      1.9907856767531484e-05,
      5.020938260713592e-06
    ],
    [
      0.00048068133764900267,
      0.0007131590973585844,
      0.0005513779469765723,
      0.0002961773716378957,
      0.00012434097880031914,
      4.351393363322131e-05,
      1.32216027850518e-05,
      3.5873617889592424e-06,
      8.871829777490348e-07
    ],
    [
      8.664686174597591e-05,
      0.0001261033903574571,
      9.562959166942164e-05,
      5.0380265747662634e-05,
      2.0742141714436002e-05,
      7.118143003026489e-06,
      2.120765884683351e-06,
      5.641942379952525e-07,
      1.3680073607247323e-07
    ],
    [
      1.4034181731403805e-05,
      2.0032708562212065e-05,
      1.4898604604240973e-05,
      7.696942702750675e-06,
      3.1072979709279025e-06,
      1.045533622345829e-06,
      3.0540732609551924e-07,
      7.965381598751264e-08,
      1.8933759449168974e-08
    ],
    [
      2.0848212898272322e-06,
      2.9183652259234805e-06,
      2.1282749003148638e-06,
      1.078073410099023e-06,
      4.2670802713473677e-07,
      1.4075877174946072e-07,
      4.030707856372828e-08,
      1.0305043929292879e-08,
      2.401055576584099e-09
    ]
  ],
  "probs_results": [
    0.23382948338985443,
    0.19413037598133087,
    0.5720400810241699
  ]
}