{
  "skills_mean": [
    [
      0.5859668254852295,
      0.9963482618331909
    ],
    [
      0.30760127305984497,
      0.45442190766334534
    ]
  ],
  "skills_cov": [
    [
      [
        0.0187905915081501,
        0.011412398889660835
      ],
      [
        0.011412398889660835,
        0.025874046608805656
      ]
    ],
    [
      [
        0.021100828424096107,
        0.010938115417957306
      ],
      [
        0.010938115417957306,
        0.022690117359161377
      ]
    ]
  ],
  "probs_grid": [
    [
      0.04210269823670387,
      0.04170478880405426,
      0.021583007648587227,
      0.007780302781611681,
      0.0021976458374410868,
      0.0005187866045162082,
      0.00010660579573595896,
      1.9612380128819495e-05,
      3.2972463941405294e-06
    ],
    [
      0.08844322711229324,
      0.08614569902420044,
      0.043832361698150635,
      0.01553317066282034,
      0.00431271456182003,
      0.0010006078518927097,
      0.00020206642511766404,
      3.652931627584621e-05,
      6.03424132350483e-06
    ],
    [
      0.09645862132310867,
      0.09237939864397049,
      0.04621100798249245,
      0.016097785905003548,
      0.004393024370074272,
      0.001001699478365481,
      0.00019878605962730944,
      3.53111136064399e-05,
      5.731062628910877e-06
    ],
    [
      0.0728166326880455,
      0.0685652643442154,
      0.0337177999317646,
      0.011545535176992416,
      0.003096685279160738,
      0.0006939247250556946,
      0.0001353196130366996,
      2.3618262275704183e-05,
      3.7661502574337646e-06
    ],
    [
      0.04279925674200058,
      0.03962109610438347,
      0.01915338821709156,
      0.006446355022490025,
      0.0016992803430184722,
      0.0003742004628293216,
      7.170287426561117e-05,
      1.2296187378524337e-05,
      1.9263347894593608e-06
    ],
    [
      0.020889881998300552,
      0.019011763855814934,
      0.00903413351625204,
      0.0029884888790547848,
      0.0007742014713585377,
      0.0001675338135100901,
      3.1543124350719154e-05,
      5.314615464158123e-06,
      8.179616770576104e-07
    ],
    [
      0.008818714879453182,
      0.007889882661402225,
      0.003685214091092348,
      0.0011981462594121695,
      0.00030503494781441987,
      6.486262282123789e-05,
      1.1999258276773617e-05,
      1.9862950466631446e-06,
      3.003269455348345e-07
    ],
    [
      0.0033115018159151077,
      0.0029124144930392504,
      0.001337089342996478,
      0.00042724391096271574,
      0.00010689110058592632,
      2.2334290406433865e-05,
      4.059570983372396e-06,
      6.602109579034732e-07,
      9.806499434716898e-08
    ],
    [
      0.001129001728259027,
      0.0009760517277754843,
      0.00044043597881682217,
      0.0001383110211463645,
      3.4004671761067584e-05,
      6.981457772781141e-06,
      1.246792521669704e-06,
      1.9920601346257172e-07,
      2.906752882836372e-08
    ]
  ],
  "probs_results": [
    0.18810699880123138,
    0.6466741561889648,
    0.16521883010864258
  ]
}