{
  "skills_mean": [
    [
      -0.20809601247310638,
      0.47900107502937317
    ],
    [
      0.22283171117305756,
      0.698861837387085
    ]
  ],
  "skills_cov": [
    [
      [
        0.020851068198680878,
        0.011032186448574066
      ],
      [
        0.011032186448574066,
        0.02408982254564762
      ]
    ],
    [
      [
        0.019957052543759346,
        0.011412843130528927
      ],
      [
        0.011412843130528927,
        0.025016935542225838
      ]
    ]
  ],
  "probs_grid": [
    [
      0.10124938935041428,
      0.14730194211006165,
      0.11163056641817093,
      0.05875062942504883,
      0.02415485866367817,
      0.008274498395621777,
      0.0024598268792033195,
      0.0006526463548652828,
      0.00015774869825690985
    ],
    [
      0.08028249442577362,
      0.1150289848446846,
      0.08583549410104752,
      0.044473618268966675,
      0.01799810118973255,
      0.00606773653998971,
      0.0017749583348631859,
      0.00046334133367054164,
      0.00011017247743438929
    ],
    [
      0.03324595093727112,
      0.04690137878060341,
      0.034453123807907104,
      0.01757003925740719,
      0.006997405085712671,
      0.002321201376616955,
      0.0006680215010419488,
      0.00017153906810563058,
      4.0118462493410334e-05
    ],
    [
      0.009586472064256668,
      0.013312657363712788,
      0.009624836966395378,
      0.004830085672438145,
      0.0018926545744761825,
      0.0006176464958116412,
      0.00017484526324551553,
      4.4158245145808905e-05,
      1.0156159987673163e-05
    ],
    [
      0.0021652502473443747,
      0.002959212753921747,
      0.002105225343257189,
      0.0010394167620688677,
      0.0004006606759503484,
      0.00012860527203883976,
      3.5804241633741185e-05,
      8.892126970749814e-06,
      2.010904836424743e-06
    ],
    [
      0.00040858949068933725,
      0.0005494476645253599,
      0.0003845528408419341,
      0.0001867645769380033,
      7.080647628754377e-05,
      2.23508777708048e-05,
      6.118720193626359e-06,
      1.4940884511815966e-06,
      3.321740109640814e-07
    ],
    [
      6.709580338792875e-05,
      8.876046922523528e-05,
      6.110474350862205e-05,
      2.9186598112573847e-05,
      1.0881271009566262e-05,
      3.3772994356695563e-06,
      9.089884542845539e-07,
      2.1819992923610698e-07,
      4.768532591015173e-08
    ],
    [
      9.86136819847161e-06,
      1.2831158528570086e-05,
      8.687001354701351e-06,
      4.08014420827385e-06,
      1.4956114000597154e-06,
      4.563628408504883e-07,
      1.2074188759925164e-07,
      2.8488747361166133e-08,
      6.119071915833274e-09
    ],
    [
      1.324144022873952e-06,
      1.6943085938692093e-06,
      1.127907353293267e-06,
      5.208425477576384e-07,
      1.8768595566598378e-07,
      5.62939774795268e-08,
      1.4638886547402308e-08,
      3.3945626309872523e-09,
      7.165102955397629e-10
    ]
  ],
  "probs_results": [
    0.25600889325141907,
    0.20314446091651917,
    0.5408468842506409
  ]
}