{
  "skills_mean": [
    [
      0.5726335644721985,
      0.846366822719574
    ],
    [
      0.5882615447044373,
      1.1699172258377075
    ]
  ],
  "skills_cov": [
    [
      [
        0.019673623144626617,
        0.01001713890582323
      ],
      [
        0.01001713890582323,
        0.02288665808737278
      ]
    ],
    [
      [
        0.01691810041666031,
        0.010104251094162464
      ],
      [
        0.010104251094162464,
        0.025749240070581436
      ]
    ]
  ],
  "probs_grid": [
    [
      0.07642696052789688,
      0.11181605607271194,
      0.08489423245191574,
      0.04459390044212341,
      0.018231237307190895,
      0.00618720892816782,
      0.001815538271330297,
      0.0004737463314086199,
      0.00011221053136978298
    ],
    [
      0.08132030814886093,
      0.11727757006883621,
      0.08775858581066132,
      0.04542902484536171,
      0.018300781026482582,
      0.006119216792285442,
      0.0017689223168417811,
      0.00045468390453606844,
      0.00010607646981952712
    ],
    [
      0.04515280947089195,
      0.06417740136384964,
      0.047324288636446,
      0.024138186126947403,
      0.009580094367265701,
      0.0031555856112390757,
      0.0008985346066765487,
      0.00022747748880647123,
      5.2265335398260504e-05
    ],
    [
      0.01744249276816845,
      0.02442951686680317,
      0.017749059945344925,
      0.008918815292418003,
      0.0034868919756263494,
      0.0011312877759337425,
      0.00031725779990665615,
      7.909766281954944e-05,
      1.7895872588269413e-05
    ],
    [
      0.005273349117487669,
      0.007276697549968958,
      0.005208218470215797,
      0.0025779246352612972,
      0.0009926797356456518,
      0.00031718419631943107,
      8.75955811352469e-05,
      2.1504540200112388e-05,
      4.7905232349876314e-06
    ],
    [
      0.0013307929039001465,
      0.00180898979306221,
      0.001275335787795484,
      0.0006217241752892733,
      0.00023577018873766065,
      7.418343011522666e-05,
      2.017239785345737e-05,
      4.875886588706635e-06,
      1.069361019290227e-06
    ],
    [
      0.0002919904363807291,
      0.000390942906960845,
      0.0002714435977395624,
      0.00013031384150963277,
      4.8661189794074744e-05,
      1.5075324881763663e-05,
      4.035999154439196e-06,
      9.603946864444879e-07,
      2.0734543682010553e-07
    ],
    [
      5.728693213313818e-05,
      7.553788600489497e-05,
      5.164828326087445e-05,
      2.4414886865997687e-05,
      8.976354365586303e-06,
      2.737815975706326e-06,
      7.215683694994368e-07,
      1.690193016656849e-07,
      3.591821595705369e-08
    ],
    [
      1.0258500878990162e-05,
      1.3320061952981632e-05,
      8.96754954737844e-06,
      4.173630713921739e-06,
      1.5106644468687591e-06,
      4.5357487010733166e-07,
      1.176713055883738e-07,
      2.7130029778277276e-08,
      5.6744546839127e-09
    ]
  ],
  "probs_results": [
    0.2510407865047455,
    0.27731335163116455,
    0.47164595127105713
  ]
}