{
  "skills_mean": [
    [
      -0.008709423243999481,
      0.4083259403705597
    ],
    [
      0.3721897006034851,
      0.72182297706604
    ]
  ],
  "skills_cov": [
    [
      [
        0.0205924604088068,
        0.010288028046488762
      ],
      [
        0.010288028046488762,
        0.02075958251953125
      ]
    ],
    [
      [
        0.016244199126958847,
        0.009154635481536388
      ],
      [
        0.009154635481536388,
        0.022825347259640694
      ]
    ]
  ],
  "probs_grid": [
    [
      0.06083386018872261,
      0.10968808084726334,
      0.10234075039625168,
      0.06587503105401993,
      0.03290766105055809,
      0.0136073287576437,
      0.004851128440350294,
      0.0015335805946961045,
      0.0004388171073514968
    ],
    [
      0.057347625494003296,
      0.1019580066204071,
      0.09379051625728607,
      0.05951668694615364,
      0.029307866469025612,
      0.011945192702114582,
      0.004197228699922562,
      0.001307659549638629,
      0.0003687318239826709
    ],
    [
      0.028163675218820572,
      0.04936475679278374,
      0.04476471245288849,
      0.02800004556775093,
      0.013589742593467236,
      0.005458756349980831,
      0.0018901893636211753,
      0.0005802965606562793,
      0.00016123204841278493
    ],
    [
      0.009606833569705486,
      0.01659829169511795,
      0.014835421927273273,
      0.009145444259047508,
      0.004374271258711815,
      0.001731430646032095,
      0.0005907504819333553,
      0.00017869357543531805,
      4.8915335355559364e-05
    ],
    [
      0.0025604343973100185,
      0.00436003552749753,
      0.0038404688239097595,
      0.0023329926189035177,
      0.001099530141800642,
      0.0004288149066269398,
      0.00014414670295082033,
      4.2955627577612177e-05,
      1.1583580089791212e-05
    ],
    [
      0.000568708754144609,
      0.0009543346823193133,
      0.0008283162023872137,
      0.0004957870114594698,
      0.00023021275410428643,
      8.845146658131853e-05,
      2.929052061517723e-05,
      8.598159183748066e-06,
      2.283857838847325e-06
    ],
    [
      0.00010964978719130158,
      0.0001813000562833622,
      0.0001550392189528793,
      9.142377530224621e-05,
      4.182005795883015e-05,
      1.582797813171055e-05,
      5.162838988326257e-06,
      1.4927444453860517e-06,
      3.9052332567734993e-07
    ],
    [
      1.887432335934136e-05,
      3.074603228014894e-05,
      2.5901859771693125e-05,
      1.5045940926938783e-05,
      6.779370323783951e-06,
      2.527263859519735e-06,
      8.119163226183446e-07,
      2.3119841330299096e-07,
      5.956669824058736e-08
    ],
    [
      2.96076359518338e-06,
      4.751170308736619e-06,
      3.942702278436627e-06,
      2.255837671327754e-06,
      1.001103328235331e-06,
      3.675516779821919e-07,
      1.1628830520749034e-07,
      3.260969805296554e-08,
      8.273404183967159e-09
    ]
  ],
  "probs_results": [
    0.21797288954257965,
    0.19286762177944183,
    0.5891594886779785
  ]
}