{
  "skills_mean": [
    [
      0.19712774455547333,
      0.6161193251609802
    ],
    [
      0.6693978905677795,
      1.1095616817474365
    ]
  ],
  "skills_cov": [
    [
      [
        0.0221625454723835,
        0.011051165871322155
      ],
      [
        0.011051165871322155,
        0.022159777581691742
      ]
    ],
    [
      [
        0.01972859725356102,
        0.011395943351089954
      ],
      [
        0.011395943351089954,
        0.02673824317753315
      ]
    ]
  ],
  "probs_grid": [
    [
      0.060200635343790054,
      0.11713813990354538,
      0.1184128001332283,
      0.08290740102529526,
      0.04522594437003136,
      0.02050020545721054,
      0.00804234854876995,
      0.0028082914650440216,
      0.0008909152820706367
    ],
    [
      0.04793896526098251,
      0.09178155660629272,
      0.09128061681985855,
      0.06287146359682083,
      0.03373551368713379,
      0.015040488913655281,
      0.0058030602522194386,
      0.001992770005017519,
      0.0006216777837835252
    ],
    [
      0.01998916268348694,
      0.037648092955350876,
      0.03683022782206535,
      0.024950414896011353,
      0.013166606426239014,
      0.005772670730948448,
      0.0021901321597397327,
      0.0007395051070488989,
      0.0002268273092340678
    ],
    [
      0.005818737670779228,
      0.010778915137052536,
      0.010370397940278053,
      0.0069086127914488316,
      0.003584884572774172,
      0.0015453830128535628,
      0.0005764467641711235,
      0.00019135275215376168,
      5.769944982603192e-05
    ],
    [
      0.0013301842845976353,
      0.0024231423158198595,
      0.002292362507432699,
      0.001501511549577117,
      0.0007660064729861915,
      0.000324626627843827,
      0.00011903437552973628,
      3.88409971492365e-05,
      1.1511952834553085e-05
    ],
    [
      0.00025470610125921667,
      0.00045619907905347645,
      0.00042429985478520393,
      0.00027321299421601,
      0.0001370121317449957,
      5.7074048527283594e-05,
      2.056986886600498e-05,
      6.59679653836065e-06,
      1.9215710835851496e-06
    ],
    [
      4.255053499946371e-05,
      7.492041913792491e-05,
      6.849630881333724e-05,
      4.33525929111056e-05,
      2.1368105080910027e-05,
      8.748123946134001e-06,
      3.0985279408923816e-06,
      9.765279855855624e-07,
      2.795241584863106e-07
    ],
    [
      6.378325451805722e-06,
      1.1038723641831893e-05,
      9.91912111203419e-06,
      6.169957032398088e-06,
      2.9886109587096144e-06,
      1.2023539284200524e-06,
      4.1847229681479803e-07,
      1.2959027628767217e-07,
      3.6447477924639315e-08
    ],
    [
      8.757132263781386e-07,
      1.4894706055201823e-06,
      1.3152762221579906e-06,
      8.039548902161187e-07,
      3.8264997215264884e-07,
      1.5126119023989304e-07,
      5.172561756694449e-08,
      1.5737620984168643e-08,
      4.348583715341192e-09
    ]
  ],
  "probs_results": [
    0.19668804109096527,
    0.14204111695289612,
    0.6612709164619446
  ]
}