{
  "skills_mean": [
    [
      0.26557600498199463,
      0.915095329284668
    ],
    [
      -0.2599184513092041,
      0.44601309299468994
    ]
  ],
  "skills_cov": [
    [
      [
        0.018174825236201286,
        0.010319242253899574
      ],
      [
        0.010319242253899574,
        0.025021886453032494
      ]
    ],
    [
      [
        0.020947981625795364,
        0.010750873014330864
      ],
      [
        0.010750873014330864,
        0.02221233956515789
      ]
    ]
  ],
  "probs_grid": [
    [
      0.10891418159008026,
      0.06663215905427933,
      0.02130027301609516,
      0.004743597470223904,
      0.0008279125904664397,
      0.00012078738654963672,
      1.5343515769927762e-05,
      1.7454424323659623e-06,
      1.815066497101725e-07
    ],
    [
      0.16998115181922913,
      0.10263404995203018,
      0.032369762659072876,
      0.007110052742063999,
      0.0012235764879733324,
      0.0001759658771334216,
      2.2028098101145588e-05,
      2.468852244419395e-06,
      2.528819038616348e-07
    ],
    [
      0.1377371847629547,
      0.08206074684858322,
      0.02552938647568226,
      0.005529701244086027,
      0.000938135723117739,
      0.0001329698716290295,
      1.6401496395701542e-05,
      1.8108361246049753e-06,
      1.8267660095716565e-07
    ],
    [
      0.07725698500871658,
      0.04540698602795601,
      0.013931583613157272,
      0.002975168637931347,
      0.0004975189222022891,
      6.94898990332149e-05,
      8.444460945611354e-06,
      9.183106612908887e-07,
      9.122663158223077e-08
    ],
    [
      0.03374243900179863,
      0.0195603147149086,
      0.005917598493397236,
      0.0012457554694265127,
      0.00020530381880234927,
      2.825336196110584e-05,
      3.3820724638644606e-06,
      3.622169515438145e-07,
      3.543073034961708e-08
    ],
    [
      0.01223930437117815,
      0.006996620912104845,
      0.0020867707207798958,
      0.0004329807707108557,
      7.031282439129427e-05,
      9.532574040349573e-06,
      1.1239063724133302e-06,
      1.1853147441343026e-07,
      1.1415040468421012e-08
    ],
    [
      0.003840317949652672,
      0.002164483303204179,
      0.0006363356369547546,
      0.00013011308328714222,
      2.0817475160583854e-05,
      2.78002949016809e-06,
      3.227935678751237e-07,
      3.351958000052946e-08,
      3.1778233378076948e-09
    ],
    [
      0.0010720161953940988,
      0.0005956225795671344,
      0.00017257648869417608,
      3.476932397461496e-05,
      5.480084837472532e-06,
      7.207787575680413e-07,
      8.241086391080898e-08,
      8.425237396636476e-09,
      7.862472339859039e-10
    ],
    [
      0.00027175137074664235,
      0.00014881844981573522,
      4.248971526976675e-05,
      8.43371708469931e-06,
      1.3093057305013645e-06,
      1.6958955484369653e-07,
      1.9091601188847562e-08,
      1.9214159152625143e-09,
      1.7648403571879356e-10
    ]
  ],
  "probs_results": [
    0.24030190706253052,
    0.617902934551239,
    0.1417950987815857
  ]
}