{
  "skills_mean": [
    [
      0.5726335048675537,
      0.8463667631149292
    ],
    [
      0.5882615447044373,
      1.1699172258377075
    ]
  ],
  "skills_cov": [
    [
      [
        0.019673706963658333,
        0.010017194785177708
      ],
      [
        0.010017194785177708,
        0.022886738181114197
      ]
    ],
    [
      [
        0.016918178647756577,
        0.010104305110871792
      ],
      [
        0.010104305110871792,
        0.025749322026968002
      ]
    ]
  ],
  "probs_grid": [
    [
      0.07642696052789688,
      0.11181605607271194,
      0.08489423990249634,
      0.04459390789270401,
      0.01823125034570694,
      0.0061872187070548534,
      0.0018155425786972046,
      0.00047374775749631226,
      0.00011221098247915506
    ],
    [
      0.08132028579711914,
      0.11727754771709442,
      0.08775858581066132,
      0.04542901739478111,
      0.01830078288912773,
      0.006119221914559603,
      0.0017689247615635395,
      0.0004546849522739649,
      0.00010607678268570453
    ],
    [
      0.045152805745601654,
      0.06417740136384964,
      0.04732426255941391,
      0.024138182401657104,
      0.009580094367265701,
      0.003155587473884225,
      0.0008985356544144452,
      0.0002274778817081824,
      5.226547727943398e-05
    ],
    [
      0.017442498356103897,
      0.02442951314151287,
      0.017749058082699776,
      0.008918814361095428,
      0.0034868924412876368,
      0.0011312880087643862,
      0.00031725806184113026,
      7.909776468295604e-05,
      1.7895905330078676e-05
    ],
    [
      0.005273354239761829,
      0.007276700809597969,
      0.005208219401538372,
      0.002577925333753228,
      0.0009926797356456518,
      0.00031718428363092244,
      8.759562479099259e-05,
      2.1504560208995827e-05,
      4.790530056197895e-06
    ],
    [
      0.0013307947665452957,
      0.0018089910736307502,
      0.0012753363698720932,
      0.0006217242917045951,
      0.0002357702614972368,
      7.41834519430995e-05,
      2.0172412405372597e-05,
      4.875892955169547e-06,
      1.0693623835322796e-06
    ],
    [
      0.0002919909602496773,
      0.00039094334351830184,
      0.00027144388877786696,
      0.00013031392882112414,
      4.8661215259926394e-05,
      1.5075333976710681e-05,
      4.036001882923301e-06,
      9.603955959391897e-07,
      2.0734573524805455e-07
    ],
    [
      5.7287099480163306e-05,
      7.55380533519201e-05,
      5.164836693438701e-05,
      2.4414921426796354e-05,
      8.976361641543917e-06,
      2.737818022069405e-06,
      7.215689947770443e-07,
      1.6901952903936035e-07,
      3.591826569504519e-08
    ],
    [
      1.0258538168272935e-05,
      1.3320103789737914e-05,
      8.967573194240686e-06,
      4.17364162785816e-06,
      1.5106666069186758e-06,
      4.5357569433690514e-07,
      1.1767151164576717e-07,
      2.7130068858127743e-08,
      5.674465342053736e-09
    ]
  ],
  "probs_results": [
    0.2510407567024231,
    0.27731332182884216,
    0.4716460108757019
  ]
}