{
  "skills_mean": [
    [
      -0.01818402111530304,
      0.38589340448379517
    ],
    [
      0.7002600431442261,
      1.364579439163208
    ]
  ],
  "skills_cov": [
    [
      [
        0.02038467861711979,
        0.010026280768215656
      ],
      [
        0.010026280768215656,
        0.02028733678162098
      ]
    ],
    [
      [
        0.018354717642068863,
        0.01172981970012188
      ],
      [
        0.01172981970012188,
        0.028570257127285004
      ]
    ]
  ],
  "probs_grid": [
    [
      0.045721620321273804,
      0.11294853687286377,
      0.14447754621505737,
      0.1275773048400879,
      0.08747918158769608,
      0.049679145216941833,
      0.024336613714694977,
      0.010576585307717323,
      0.004162292927503586
    ],
    [
      0.02330815978348255,
      0.056737951934337616,
      0.07150724530220032,
      0.06220624968409538,
      0.04201782867312431,
      0.023503465577960014,
      0.011339910328388214,
      0.004853491205722094,
      0.001880919560790062
    ],
    [
      0.006225168704986572,
      0.014927984215319157,
      0.018531812354922295,
      0.015878165140748024,
      0.010562329553067684,
      0.005818117875605822,
      0.0027640906628221273,
      0.0011648193467408419,
      0.00044443621300160885
    ],
    [
      0.0011613757815212011,
      0.0027427920140326023,
      0.0033530432265251875,
      0.002828872064128518,
      0.0018528075888752937,
      0.0010047969408333302,
      0.0004699418495874852,
      0.00019494854495860636,
      7.321773591684178e-05
    ],
    [
      0.00017025842680595815,
      0.00039590412052348256,
      0.00047649789485149086,
      0.0003957549633923918,
      0.00025515450397506356,
      0.0001362017501378432,
      6.269798177527264e-05,
      2.5598303182050586e-05,
      9.461668923904654e-06
    ],
    [
      2.092031172651332e-05,
      4.7885954700177535e-05,
      5.672900442732498e-05,
      4.637312304112129e-05,
      2.9424634703900665e-05,
      1.5457260815310292e-05,
      7.0020114435465075e-06,
      2.8130530154157896e-06,
      1.0230883162876125e-06
    ],
    [
      2.2441888631874463e-06,
      5.055468591308454e-06,
      5.893745765206404e-06,
      4.740872554975795e-06,
      2.959944822578109e-06,
      1.529897645013989e-06,
      6.818509632466885e-07,
      2.6950226583721815e-07,
      9.642708675983158e-08
    ],
    [
      2.161698375857668e-07,
      4.79147388432466e-07,
      5.495963364410272e-07,
      4.3494156898304936e-07,
      2.6714945988715044e-07,
      1.358347816449168e-07,
      5.9552046849375984e-08,
      2.3153274852916184e-08,
      8.148482777414756e-09
    ],
    [
      1.908571078956811e-08,
      4.161675448699498e-08,
      4.695752053862634e-08,
      3.655378932876374e-08,
      2.2083881390244642e-08,
      1.1044180681096805e-08,
      4.7621697696342835e-09,
      1.8209207475194944e-09,
      6.302508515076966e-10
    ]
  ],
  "probs_results": [
    0.12452820688486099,
    0.05357085540890694,
    0.8219010233879089
  ]
}