{
  "skills_mean": [
    [
      0.08214278519153595,
      0.4952371418476105
    ],
    [
      -0.027861174196004868,
      0.7072902321815491
    ]
  ],
  "skills_cov": [
    [
      [
        0.022980771958827972,
        0.011290685273706913
      ],
      [
        0.011290685273706913,
        0.0251199621707201
      ]
    ],
    [
      [
        0.018576089292764664,
        0.00947392638772726
      ],
      [
        0.00947392638772726,
        0.022032136097550392
      ]
    ]
  ],
  "probs_grid": [
    [
      0.11081522703170776,
      0.12571828067302704,
      0.0743102952837944,
      0.030511032789945602,
      0.009789016097784042,
      0.0026175130624324083,
      0.00060757074970752,
      0.00012590947153512388,
      2.377872988290619e-05
    ],
    [
      0.11420630663633347,
      0.12777775526046753,
      0.07446901500225067,
      0.03014128841459751,
      0.009530986659228802,
      0.002511312486603856,
      0.0005743100773543119,
      0.00011723992793122306,
      2.180756018788088e-05
    ],
    [
      0.06140679493546486,
      0.06773992627859116,
      0.038916900753974915,
      0.015524325892329216,
      0.004837231244891882,
      0.0012557200388982892,
      0.000282879191217944,
      5.687559678335674e-05,
      1.0418189958727453e-05
    ],
    [
      0.02296595275402069,
      0.024973468855023384,
      0.014140159823000431,
      0.005558160599321127,
      0.0017062536207959056,
      0.0004363112966530025,
      9.680448420112953e-05,
      1.9166807760484517e-05,
      3.4568952287372667e-06
    ],
    [
      0.006720659323036671,
      0.00720247020944953,
      0.004018398933112621,
      0.001556153642013669,
      0.00047056120820343494,
      0.00011850997543660924,
      2.5892712073982693e-05,
      5.047734248364577e-06,
      8.962788342614658e-07
    ],
    [
      0.001641312730498612,
      0.001733205746859312,
      0.0009526604553684592,
      0.0003633987216744572,
      0.00010822492913575843,
      2.6840118152904324e-05,
      5.773863904323662e-06,
      1.1081289130743244e-06,
      1.9368212633708026e-07
    ],
    [
      0.00034842846798710525,
      0.00036247819662094116,
      0.00019625011191237718,
      7.37276641302742e-05,
      2.162157579732593e-05,
      5.279579454509076e-06,
      1.1181008403582382e-06,
      2.1122821181052132e-07,
      3.633710576878002e-08
    ],
    [
      6.612631841562688e-05,
      6.776057853130624e-05,
      3.6130575608694926e-05,
      1.336606601398671e-05,
      3.85931707569398e-06,
      9.277200661017559e-07,
      1.9339334755841264e-07,
      3.595890873953067e-08,
      6.0876899077300095e-09
    ],
    [
      1.1452161743363831e-05,
      1.1557271136553027e-05,
      6.068153197702486e-06,
      2.2101958165876567e-06,
      6.282443791860715e-07,
      1.4865301523059316e-07,
      3.0499172964937316e-08,
      5.580802930893469e-09,
      9.296994840646278e-10
    ]
  ],
  "probs_results": [
    0.2835721969604492,
    0.33096379041671753,
    0.38546398282051086
  ]
}