{
  "skills_mean": [
    [
      -0.208095982670784,
      0.4790010452270508
    ],
    [
      0.22283172607421875,
      0.6988617181777954
    ]
  ],
  "skills_cov": [
    [
      [
        0.020851140841841698,
        0.011032219976186752
      ],
      [
        0.011032219976186752,
        0.024089889600872993
      ]
    ],
    [
      [
        0.019957127049565315,
        0.011412876658141613
      ],
      [
        0.011412876658141613,
        0.02501700632274151
      ]
    ]
  ],
  "probs_grid": [
    [
      0.10124938189983368,
      0.14730189740657806,
      0.11163052171468735,
      0.05875064432621002,
      0.024154867976903915,
      0.008274507708847523,
      0.0024598301388323307,
      0.000652647519018501,
      0.00015774912026245147
    ],
    [
      0.08028249442577362,
      0.1150289848446846,
      0.08583548665046692,
      0.044473618268966675,
      0.01799810491502285,
      0.00606774166226387,
      0.0017749601975083351,
      0.00046334220678545535,
      0.00011017276119673625
    ],
    [
      0.03324595466256142,
      0.0469013936817646,
      0.034453123807907104,
      0.017570042982697487,
      0.0069974083453416824,
      0.0023212034720927477,
      0.0006680224323645234,
      0.00017153944645542651,
      4.011857163277455e-05
    ],
    [
      0.00958648044615984,
      0.013312666676938534,
      0.009624841623008251,
      0.004830087069422007,
      0.0018926563207060099,
      0.0006176470778882504,
      0.0001748455106280744,
      4.415832881932147e-05,
      1.0156184544030111e-05
    ],
    [
      0.002165252808481455,
      0.0029592157807201147,
      0.0021052276715636253,
      0.001039417926222086,
      0.00040066117071546614,
      0.00012860546121373773,
      3.580430711735971e-05,
      8.892147889127955e-06,
      2.0109107481403043e-06
    ],
    [
      0.00040859030559659004,
      0.0005494487122632563,
      0.0003845534229185432,
      0.00018676486797630787,
      7.080657815095037e-05,
      2.2350926883518696e-05,
      6.1187347455415875e-06,
      1.4940925439077546e-06,
      3.321750625673303e-07
    ],
    [
      6.709601439069957e-05,
      8.876071660779417e-05,
      6.110491813160479e-05,
      2.9186674510128796e-05,
      1.088129556592321e-05,
      3.3773076211218722e-06,
      9.089911259252403e-07,
      2.1820062556798803e-07,
      4.768550354583567e-08
    ],
    [
      9.861407306743786e-06,
      1.2831204912799876e-05,
      8.687030458531808e-06,
      4.080157395947026e-06,
      1.4956165159674129e-06,
      4.5636429035766923e-07,
      1.207423281357478e-07,
      2.8488857495290176e-08,
      6.119095896650606e-09
    ],
    [
      1.32415061671054e-06,
      1.6943155287663103e-06,
      1.1279122418272891e-06,
      5.208447078075551e-07,
      1.876867230521384e-07,
      5.6294179984206494e-08,
      1.4638946055356428e-08,
      3.394578840243412e-09,
      7.165138482534417e-10
    ]
  ],
  "probs_results": [
    0.25600889325141907,
    0.20314450562000275,
    0.5408468246459961
  ]
}