{
  "skills_mean": [
    [
      -0.2954532504081726,
      0.06976407766342163
    ],
    [
      0.11040494590997696,
      0.7164894938468933
    ]
  ],
  "skills_cov": [
    [
      [
        0.02128760516643524,
        0.009700262919068336
      ],
      [
        0.009700262919068336,
        0.02144462615251541
      ]
    ],
    [
      [
        0.01958000659942627,
        0.01027038972824812
      ],
      [
        0.01027038972824812,
        0.023048818111419678
      ]
    ]
  ],
  "probs_grid": [
    [
      0.06672648340463638,
      0.12807434797286987,
      0.12763391435146332,
      0.08804474025964737,
      0.047291263937950134,
      0.02109495922923088,
      0.008139084093272686,
      0.002793548395857215,
      0.0008706083754077554
    ],
    [
      0.04808737710118294,
      0.09104236960411072,
      0.08948168903589249,
      0.060869622975587845,
      0.032236892729997635,
      0.01417673658579588,
      0.005392034072428942,
      0.0018241893267259002,
      0.0005603177123703063
    ],
    [
      0.018075231462717056,
      0.03374814614653587,
      0.03270667791366577,
      0.021935410797595978,
      0.01145227625966072,
      0.0049643442034721375,
      0.0018609841354191303,
      0.0006204757373780012,
      0.00018780952086672187
    ],
    [
      0.004724716302007437,
      0.008697708137333393,
      0.00831002090126276,
      0.005493796430528164,
      0.002827047137543559,
      0.0012077459832653403,
      0.0004461585485842079,
      0.00014657768770121038,
      4.3714298954000697e-05
    ],
    [
      0.0009661337244324386,
      0.001753252581693232,
      0.0016510908026248217,
      0.0010757832787930965,
      0.000545540067832917,
      0.00022965185053180903,
      8.358883496839553e-05,
      2.7055661121266894e-05,
      7.94902825873578e-06
    ],
    [
      0.0001648448669584468,
      0.000294835539534688,
      0.00027362670516595244,
      0.00017567985923960805,
      8.777973562246189e-05,
      3.6405923310667276e-05,
      1.305420391872758e-05,
      4.16225839217077e-06,
      1.2045514949932112e-06
    ],
    [
      2.444519668642897e-05,
      4.3084372009616345e-05,
      3.939831367461011e-05,
      2.492195380909834e-05,
      1.2267546480870806e-05,
      5.011936536902795e-06,
      1.7701992192087346e-06,
      5.559178930525377e-07,
      1.5844952372390253e-07
    ],
    [
      3.240436626583687e-06,
      5.627027348964475e-06,
      5.069298822490964e-06,
      3.1588303954777075e-06,
      1.5315905557145015e-06,
      6.163102739265014e-07,
      2.1438603425849578e-07,
      6.630381932382079e-08,
      1.8610082364034497e-08
    ],
    [
      3.919517723716126e-07,
      6.7048711116513e-07,
      5.949838168817223e-07,
      3.6517042190098437e-07,
      1.7437838550904416e-07,
      6.910377692292968e-08,
      2.3671379523193536e-08,
      7.2088495173261435e-09,
      1.9922941074668188e-09
    ]
  ],
  "probs_results": [
    0.19668015837669373,
    0.12834003567695618,
    0.6749799251556396
  ]
}