{
  "skills_mean": [
    [
      0.22448380291461945,
      0.8279374241828918
    ],
    [
      0.06366926431655884,
      0.49653467535972595
    ]
  ],
  "skills_cov": [
    [
      [
        0.021965326741337776,
        0.013126146979629993
      ],
      [
        0.013126146979629993,
        0.029532020911574364
      ]
    ],
    [
      [
        0.023279663175344467,
        0.011645886115729809
      ],
      [
        0.011645886115729809,
        0.025802239775657654
      ]
    ]
  ],
  "probs_grid": [
    [
      0.09160621464252472,
      0.08329536020755768,
      0.0397927463054657,
      0.013315818272531033,
      0.003510900540277362,
      0.000777919078245759,
      0.00015086610801517963,
      2.6337251256336458e-05,
      4.224430085741915e-06
    ],
    [
      0.13141831755638123,
      0.11740974336862564,
      0.0550977997481823,
      0.018107056617736816,
      0.004687672480940819,
      0.0010196431539952755,
      0.00019409005471970886,
      3.3251304557779804e-05,
      5.233208412391832e-06
    ],
    [
      0.09851893782615662,
      0.08646589517593384,
      0.03985220193862915,
      0.012860293500125408,
      0.0032685797195881605,
      0.0006978613673709333,
      0.0001303676253883168,
      2.1915586330578662e-05,
      3.3839849038486136e-06
    ],
    [
      0.051452040672302246,
      0.04435419663786888,
      0.020074982196092606,
      0.006360312923789024,
      0.00158682803157717,
      0.0003325119614601135,
      6.095440039644018e-05,
      1.0053589903691318e-05,
      1.5228944221234997e-06
    ],
    [
      0.021057289093732834,
      0.01782696694135666,
      0.007922298274934292,
      0.002464018762111664,
      0.0006033747922629118,
      0.00012407488247845322,
      2.2316924514598213e-05,
      3.6111136978433933e-06,
      5.365673132473603e-07
    ],
    [
      0.007202634122222662,
      0.005987558048218489,
      0.0026122923009097576,
      0.000797505141235888,
      0.00019165540288668126,
      3.867170380544849e-05,
      6.8242557063058484e-06,
      1.0832146699613077e-06,
      1.578685981939998e-07
    ],
    [
      0.0021445590537041426,
      0.001750354073010385,
      0.0007496288162656128,
      0.00022461055777966976,
      5.2968676754971966e-05,
      1.0486408427823335e-05,
      1.8153593828174053e-06,
      2.826436684699729e-07,
      4.040040479935669e-08
    ],
    [
      0.0005716317100450397,
      0.00045802004751749337,
      0.0001925339747685939,
      5.6613691413076594e-05,
      1.3100040632707532e-05,
      2.544362359913066e-06,
      4.32070805800322e-07,
      6.598072843644331e-08,
      9.249091270646659e-09
    ],
    [
      0.000139225012389943,
      0.00010950176510959864,
      4.5175791456131265e-05,
      1.3035024494456593e-05,
      2.959305675176438e-06,
      5.638482321046467e-07,
      9.391774113964857e-08,
      1.4065879128111192e-08,
      1.933559978795074e-09
    ]
  ],
  "probs_results": [
    0.25589561462402344,
    0.5049304366111755,
    0.23917384445667267
  ]
}