{
  "skills_mean": [
    [
      0.24125754833221436,
      0.8226338624954224
    ],
    [
      0.009160296060144901,
      0.728626012802124
    ]
  ],
  "skills_cov": [
    [
      [
        0.02034001797437668,
        0.011020495556294918
      ],
      [
        0.011020495556294918,
        0.024322548881173134
      ]
    ],
    [
      [
        0.018275348469614983,
        0.00914971623569727
      ],
      [
        0.00914971623569727,
        0.021392926573753357
      ]
    ]
  ],
  "probs_grid": [
    [
      0.1270786076784134,
      0.10944533348083496,
      0.04908305034041405,
      0.01528238132596016,
      0.003716242965310812,
      0.0007527891430072486,
      0.00013231260527390987,
      2.0753637727466412e-05,
      2.9653731417056406e-06
    ],
    [
      0.14878688752651215,
      0.12651869654655457,
      0.05600614845752716,
      0.017207955941557884,
      0.004128286615014076,
      0.0008248343365266919,
      0.00014296412700787187,
      2.2108697521616705e-05,
      3.113914317509625e-06
    ],
    [
      0.09060350060462952,
      0.07604870200157166,
      0.03322146087884903,
      0.010070542804896832,
      0.00238305632956326,
      0.0004695448442362249,
      8.024049748200923e-05,
      1.2232122571731452e-05,
      1.69799602645071e-06
    ],
    [
      0.03825785592198372,
      0.031690049916505814,
      0.013658428564667702,
      0.004084012005478144,
      0.0009530730312690139,
      0.00018515590636525303,
      3.1191619200399145e-05,
      4.68651387564023e-06,
      6.410808737200568e-07
    ],
    [
      0.012601242400705814,
      0.010298522189259529,
      0.004378386773169041,
      0.0012911236844956875,
      0.00029708872898481786,
      5.6897359172580764e-05,
      9.447308002563659e-06,
      1.3988103546580533e-06,
      1.8853386052342103e-07
    ],
    [
      0.003453177399933338,
      0.0027838698588311672,
      0.0011672504479065537,
      0.0003393959195818752,
      7.698912668274716e-05,
      1.4533188732457347e-05,
      2.3780785340932198e-06,
      3.4694036799010064e-07,
      4.6067444969821736e-08
    ],
    [
      0.0008200333104468882,
      0.0006519948365166783,
      0.0002695601142477244,
      7.727009506197646e-05,
      1.7277037841267884e-05,
      3.21410129799915e-06,
      5.18217234457552e-07,
      7.448340966220712e-08,
      9.74211378235168e-09
    ],
    [
      0.00017356018361169845,
      0.00013607105938717723,
      5.546229658648372e-05,
      1.567098115629051e-05,
      3.4531985875219107e-06,
      6.330072324089997e-07,
      1.0055175181378218e-07,
      1.4236431589154108e-08,
      1.833988183541635e-09
    ],
    [
      3.3419037208659574e-05,
      2.5830713639152236e-05,
      1.0378113074693829e-05,
      2.889965344365919e-06,
      6.275136570366158e-07,
      1.1333074922958986e-07,
      1.7733791324303638e-08,
      2.472998472669019e-09,
      3.1374178255383356e-10
    ]
  ],
  "probs_results": [
    0.29122021794319153,
    0.43774089217185974,
    0.2710389792919159
  ]
}