{
  "skills_mean": [
    [
      0.44669947028160095,
      0.7126414775848389
    ],
    [
      0.6521175503730774,
      0.881861686706543
    ]
  ],
  "skills_cov": [
    [
      [
        0.01782659813761711,
        0.009466000832617283
      ],
      [
        0.009466000832617283,
        0.020140336826443672
      ]
    ],
    [
      [
        0.017124565318226814,
        0.009830347262322903
      ],
      [
        0.009830347262322903,
        0.023695115000009537
      ]
    ]
  ],
  "probs_grid": [
    [
      0.04607437178492546,
      0.08161100745201111,
      0.07481561601161957,
      0.04732578247785568,
      0.02323737181723118,
      0.009446182288229465,
      0.0033113141544163227,
      0.0010294850217178464,
      0.0002897575031965971
    ],
    [
      0.05760703608393669,
      0.10056330263614655,
      0.09085016697645187,
      0.05662966147065163,
      0.027397898957133293,
      0.010973474010825157,
      0.0037898479495197535,
      0.001160786603577435,
      0.00032185285817831755
    ],
    [
      0.0374397449195385,
      0.06440609693527222,
      0.057333990931510925,
      0.035212814807891846,
      0.01678485982120037,
      0.006623128429055214,
      0.0022533913142979145,
      0.0006798945250920951,
      0.0001856954477261752
    ],
    [
      0.016863247379660606,
      0.028583982959389687,
      0.025070659816265106,
      0.015169983729720116,
      0.007123732939362526,
      0.002769078128039837,
      0.0009280443773604929,
      0.0002758123155217618,
      7.419849862344563e-05
    ],
    [
      0.005921365227550268,
      0.009888965636491776,
      0.008545034565031528,
      0.005093622952699661,
      0.00235623843036592,
      0.0009021825972013175,
      0.0002978203119710088,
      8.7177955720108e-05,
      2.3098209567251615e-05
    ],
    [
      0.0017289064126089215,
      0.002844530623406172,
      0.0024213490542024374,
      0.001421772176399827,
      0.0006478260038420558,
      0.00024431428755633533,
      7.943357195472345e-05,
      2.289991061843466e-05,
      5.975389740342507e-06
    ],
    [
      0.0004372049879748374,
      0.0007085968391038477,
      0.0005941511481069028,
      0.00034363396116532385,
      0.00015421629359479994,
      5.728028554585762e-05,
      1.8341164832236245e-05,
      5.20721414432046e-06,
      1.3380455357037135e-06
    ],
    [
      9.848335321294144e-05,
      0.00015722466923762113,
      0.00012984858767595142,
      7.396627188427374e-05,
      3.2692176318960264e-05,
      1.1958466529904399e-05,
      3.770824832827202e-06,
      1.0542356676523923e-06,
      2.6675385811358865e-07
    ],
    [
      2.017084443650674e-05,
      3.1717197998659685e-05,
      2.5798970455070958e-05,
      1.4473313058260828e-05,
      6.299810593191069e-06,
      2.2692906895827036e-06,
      7.046352834549907e-07,
      1.9398301276396523e-07,
      4.833042055452097e-08
    ]
  ],
  "probs_results": [
    0.22183340787887573,
    0.2714765965938568,
    0.5066900253295898
  ]
}