{
  "skills_mean": [
    [
      0.5800958871841431,
      1.1980350017547607
    ],
    [
      -0.21273009479045868,
      0.3475610613822937
    ]
  ],
  "skills_cov": [
    [
      [
        0.019303543493151665,
        0.012095795013010502
      ],
      [
        0.012095795013010502,
        0.02827564626932144
      ]
    ],
    [
      [
        0.024445006623864174,
        0.01249502319842577
      ],
      [
        0.01249502319842577,
        0.02447127178311348
      ]
    ]
  ],
  "probs_grid": [
    [
      0.0565890297293663,
      0.02812633104622364,
      0.0073492336086928844,
      0.0013459798647090793,
      0.00019437240553088486,
      2.3606746253790334e-05,
      2.5115821244980907e-06,
      2.4075592364170006e-07,
      2.122522246850167e-08
    ],
    [
      0.12871576845645905,
      0.0629224106669426,
      0.016165317967534065,
      0.0029100244864821434,
      0.00041293539106845856,
      4.9266775022260845e-05,
      5.1478373279678635e-06,
      4.845173293688276e-07,
      4.193161373677867e-08
    ],
    [
      0.15227486193180084,
      0.07320378720760345,
      0.01848875731229782,
      0.0032710465602576733,
      0.0004560552479233593,
      5.344669261830859e-05,
      5.4842244026076514e-06,
      5.067839765615645e-07,
      4.305104539525928e-08
    ],
    [
      0.12491053342819214,
      0.05904458463191986,
      0.01465882733464241,
      0.002548587741330266,
      0.0003490883100312203,
      4.0182218072004616e-05,
      4.048739810968982e-06,
      3.673005721793743e-07,
      3.062562825562054e-08
    ],
    [
      0.07991600781679153,
      0.037139762192964554,
      0.009062695316970348,
      0.0015482394956052303,
      0.00020832527661696076,
      2.3550652258563787e-05,
      2.329975131942774e-06,
      2.075014293723143e-07,
      1.6981028139184673e-08
    ],
    [
      0.042530033737421036,
      0.019430264830589294,
      0.004659661091864109,
      0.000782128656283021,
      0.00010337539424654096,
      1.1476536201371346e-05,
      1.114795850298833e-06,
      9.745632922886216e-08,
      7.827297032747538e-09
    ],
    [
      0.01960858330130577,
      0.008805718272924423,
      0.002075199969112873,
      0.0003422106965444982,
      4.4426073145587e-05,
      4.843263923248742e-06,
      4.618868842953816e-07,
      3.963463868217332e-08,
      3.1240467990301113e-09
    ],
    [
      0.008054734207689762,
      0.0035552263725548983,
      0.000823281763587147,
      0.00013337116979528219,
      1.7005349945975468e-05,
      1.8204107163910521e-06,
      1.7043531386207178e-07,
      1.4355081567885009e-08,
      1.1103856722982641e-09
    ],
    [
      0.003008810570463538,
      0.0013051930582150817,
      0.0002969696943182498,
      4.725844337372109e-05,
      5.917785983911017e-06,
      6.22022866991756e-07,
      5.717050655107414e-08,
      4.726177227354356e-09,
      3.587493080381421e-10
    ]
  ],
  "probs_results": [
    0.14109723269939423,
    0.7979679703712463,
    0.06093491241335869
  ]
}