{
  "skills_mean": [
    [
      -0.09935158491134644,
      0.32929036021232605
    ],
    [
      -0.18236054480075836,
      0.10709430277347565
    ]
  ],
  "skills_cov": [
    [
      [
        0.024066684767603874,
        0.011484607122838497
      ],
      [
        0.011484607122838497,
        0.021689465269446373
      ]
    ],
    [
      [
        0.020972376689314842,
        0.01120469905436039
      ],
      [
        0.01120469905436039,
        0.02131955325603485
      ]
    ]
  ],
  "probs_grid": [
    [
      0.06417176127433777,
      0.07458626478910446,
      0.04511052370071411,
      0.01892830803990364,
      0.006198452785611153,
      0.0016896205488592386,
      0.0003993250138591975,
      8.41578803374432e-05,
      1.6144131222972646e-05
    ],
    [
      0.0984591543674469,
      0.11251851171255112,
      0.06690230965614319,
      0.027594413608312607,
      0.008881584741175175,
      0.002379300771281123,
      0.0005525812739506364,
      0.00011442879622336477,
      2.1566969735431485e-05
    ],
    [
      0.07875988632440567,
      0.08848629146814346,
      0.05171829089522362,
      0.02096649631857872,
      0.006632095668464899,
      0.001745906425639987,
      0.00039841816760599613,
      8.106099994620308e-05,
      1.5009421076683793e-05
    ],
    [
      0.04379068315029144,
      0.04836266487836838,
      0.02778344787657261,
      0.011069507338106632,
      0.0034408739302307367,
      0.0008900489774532616,
      0.00019955718016717583,
      3.988768003182486e-05,
      7.255312539200531e-06
    ],
    [
      0.019036617130041122,
      0.02066492848098278,
      0.011667491868138313,
      0.004568170756101608,
      0.0013952840818092227,
      0.0003546071529854089,
      7.810943498043343e-05,
      1.5337071090471e-05,
      2.7402782052377006e-06
    ],
    [
      0.006900914944708347,
      0.007362557575106621,
      0.0040851072408258915,
      0.0015716520138084888,
      0.0004716539988294244,
      0.0001177650919998996,
      2.548267184465658e-05,
      4.91498940391466e-06,
      8.62544823121425e-07
    ],
    [
      0.0021727390121668577,
      0.002278098603710532,
      0.001242069061845541,
      0.0004695209499914199,
      0.000138432951644063,
      3.395567910047248e-05,
      7.217483471322339e-06,
      1.367338541058416e-06,
      2.3567700679905101e-07
    ],
    [
      0.0006110438262112439,
      0.0006295765051618218,
      0.0003372803330421448,
      0.0001252647489309311,
      3.628302874858491e-05,
      8.74240322445985e-06,
      1.8252591189593659e-06,
      3.3962808743126516e-07,
      5.7491671867637706e-08
    ],
    [
      0.00015667470870539546,
      0.00015862041618674994,
      8.349173003807664e-05,
      3.0463848815998062e-05,
      8.66813297761837e-06,
      2.0515628875728e-06,
      4.2070473682542797e-07,
      7.688198877531249e-08,
      1.2781026903496695e-08
    ]
  ],
  "probs_results": [
    0.24103373289108276,
    0.47056496143341064,
    0.2884012460708618
  ]
}