{
  "skills_mean": [
    [
      0.7703749537467957,
      1.1052765846252441
    ],
    [
      -0.2140771597623825,
      0.4863995313644409
    ]
  ],
  "skills_cov": [
    [
      [
        0.0171679574996233,
        0.010578813962638378
      ],
      [
        0.010578813962638378,
        0.0261777862906456
      ]
    ],
    [
      [
        0.019305849447846413,
        0.009612931869924068
      ],
      [
        0.009612931869924068,
        0.01945268176496029
      ]
    ]
  ],
  "probs_grid": [
    [
      0.047564875334501266,
      0.025673972442746162,
      0.007237064652144909,
      0.0014204271137714386,
      0.0002183733886340633,
      2.8048963940818794e-05,
      3.1353185931948246e-06,
      3.1369754083243606e-07,
      2.8677391128439922e-08
    ],
    [
      0.11468954384326935,
      0.0610688179731369,
      0.016977308318018913,
      0.0032855046447366476,
      0.0004979222430847585,
      6.303257396211848e-05,
      6.9426969275809824e-06,
      6.843411028967239e-07,
      6.162232324413708e-08
    ],
    [
      0.14296463131904602,
      0.07508690655231476,
      0.020584875717759132,
      0.003927511628717184,
      0.0005867031868547201,
      7.319371070479974e-05,
      7.943359378259629e-06,
      7.713217087257362e-07,
      6.840880928393744e-08
    ],
    [
      0.12282905727624893,
      0.06362529844045639,
      0.017199154943227768,
      0.003234987612813711,
      0.00047629926120862365,
      5.85538218729198e-05,
      6.260717782424763e-06,
      5.988468956275028e-07,
      5.2309324871657736e-08
    ],
    [
      0.08181890845298767,
      0.041795745491981506,
      0.011139418929815292,
      0.002065329346805811,
      0.0002996883704327047,
      3.630241917562671e-05,
      3.823973656835733e-06,
      3.6028177419211715e-07,
      3.099345136092779e-08
    ],
    [
      0.04506848379969597,
      0.022701840847730637,
      0.005964959971606731,
      0.0010900897905230522,
      0.00015587813686579466,
      1.8604283468448557e-05,
      1.930536882355227e-06,
      1.7915063210693916e-07,
      1.5177111123421128e-08
    ],
    [
      0.021381869912147522,
      0.010619535110890865,
      0.002750641666352749,
      0.0004954324685968459,
      6.981073966016993e-05,
      8.208926374209113e-06,
      8.390998686991225e-07,
      7.66911583127694e-08,
      6.397951057834916e-09
    ],
    [
      0.008985928259789944,
      0.004400067031383514,
      0.001123409136198461,
      0.00019941394566558301,
      2.768736521829851e-05,
      3.2074387945613125e-06,
      3.2294329344040307e-07,
      2.9069020968108816e-08,
      2.3879902499857053e-09
    ],
    [
      0.003414560342207551,
      0.0016482984647154808,
      0.00041479646461084485,
      7.255937089212239e-05,
      9.926213351718616e-06,
      1.1327952051942702e-06,
      1.1234153163286464e-07,
      9.958606383975166e-09,
      8.055474065571389e-10
    ]
  ],
  "probs_results": [
    0.13314707577228546,
    0.8060886859893799,
    0.06076435372233391
  ]
}