{
  "skills_mean": [
    [
      0.0636482834815979,
      0.4963710308074951
    ],
    [
      0.6247768402099609,
      0.8706493377685547
    ]
  ],
  "skills_cov": [
    [
      [
        0.02355317212641239,
        0.011868011206388474
      ],
      [
        0.011868011206388474,
        0.026074089109897614
      ]
    ],
    [
      [
        0.018881794065237045,
        0.011393402703106403
      ],
      [
        0.011393402703106403,
        0.025881346315145493
      ]
    ]
  ],
  "probs_grid": [
    [
      0.04746251180768013,
      0.09874874353408813,
      0.10698261111974716,
      0.08045892417430878,
      0.04725033789873123,
      0.02310836873948574,
      0.009802330285310745,
      0.003708953270688653,
      0.001277673291042447
    ],
    [
      0.041998304426670074,
      0.08589111268520355,
      0.09145966172218323,
      0.0676017701625824,
      0.03901463374495506,
      0.018750185146927834,
      0.007815511897206306,
      0.002905713627114892,
      0.000983511097729206
    ],
    [
      0.019463032484054565,
      0.0391191802918911,
      0.04093557596206665,
      0.029732367023825645,
      0.016860593110322952,
      0.00796162523329258,
      0.0032605035230517387,
      0.0011909526074305177,
      0.0003960241738241166
    ],
    [
      0.006297852378338575,
      0.012438453733921051,
      0.012789156287908554,
      0.009126565419137478,
      0.005084678530693054,
      0.002358762314543128,
      0.0009489451185800135,
      0.00034049421083182096,
      0.00011122022260678932
    ],
    [
      0.0016006451332941651,
      0.003105991752818227,
      0.0031374627724289894,
      0.002199489390477538,
      0.001203743158839643,
      0.0005485182045958936,
      0.00021675445896107703,
      7.639123941771686e-05,
      2.450834472256247e-05
    ],
    [
      0.000340807979227975,
      0.0006496610003523529,
      0.0006446310435421765,
      0.0004438917967490852,
      0.00023861143563408405,
      0.00010679063416318968,
      4.1445779061177745e-05,
      1.4345439012686256e-05,
      4.519942194747273e-06
    ],
    [
      6.331782060442492e-05,
      0.00011855507909785956,
      0.00011554129014257342,
      7.814020500518382e-05,
      4.1251652874052525e-05,
      1.8130922398995608e-05,
      6.910191586939618e-06,
      2.3487457383453147e-06,
      7.267063324434275e-07
    ],
    [
      1.0556925190030597e-05,
      1.941323534992989e-05,
      1.8580551113700494e-05,
      1.2340128705545794e-05,
      6.397245215339353e-06,
      2.760979668892105e-06,
      1.0332680631108815e-06,
      3.448487007062795e-07,
      1.0476448153440288e-07
    ],
    [
      1.612337996448332e-06,
      2.911627916546422e-06,
      2.736496753641404e-06,
      1.7845794673121418e-06,
      9.083912573260022e-07,
      3.8494022192026023e-07,
      1.4144328019938257e-07,
      4.6347700788373913e-08,
      1.3824128508588274e-08
    ]
  ],
  "probs_results": [
    0.18496254086494446,
    0.1451634168624878,
    0.6698739528656006
  ]
}