{
  "skills_mean": [
    [
      -0.24663865566253662,
      0.4854733347892761
    ],
    [
      0.4988848567008972,
      0.8461348414421082
    ]
  ],
  "skills_cov": [
    [
      [
        0.021039534360170364,
        0.011019464582204819
      ],
      [
        0.011019464582204819,
        0.022825518622994423
      ]
    ],
    [
      [
        0.022119618952274323,
        0.012154745869338512
      ],
      [
        0.012154745869338512,
        0.025972284376621246
      ]
    ]
  ],
  "probs_grid": [
    [
      0.07425082474946976,
      0.13838081061840057,
      0.1343536078929901,
      0.09059493988752365,
      0.04772373288869858,
      0.020946362987160683,
      0.007977977395057678,
      0.002711798995733261,
      0.0008396367775276303
    ],
    [
      0.049679748713970184,
      0.0911162868142128,
      0.08704495429992676,
      0.05774437263607979,
      0.029922205954790115,
      0.012917201966047287,
      0.004838434513658285,
      0.0016172530595213175,
      0.0004923577071167529
    ],
    [
      0.0173790343105793,
      0.03136006370186806,
      0.02947111241519451,
      0.019229890778660774,
      0.009799898602068424,
      0.004160144366323948,
      0.0015321881510317326,
      0.0005035146023146808,
      0.0001506972621427849
    ],
    [
      0.0042379735969007015,
      0.007522164843976498,
      0.006952451076358557,
      0.004461079370230436,
      0.0022354114335030317,
      0.0009329785825684667,
      0.00033780166995711625,
      0.0001091216181521304,
      3.2101099350256845e-05
    ],
    [
      0.000810416298918426,
      0.0014145885361358523,
      0.0012856097891926765,
      0.0008110465132631361,
      0.000399532524170354,
      0.00016391306417062879,
      5.83328255743254e-05,
      1.851984234235715e-05,
      5.354152108338894e-06
    ],
    [
      0.00012962258188053966,
      0.00022245880973059684,
      0.00019875868747476488,
      0.0001232577778864652,
      5.968020559521392e-05,
      2.406373096164316e-05,
      8.415859156229999e-06,
      2.6255925149598625e-06,
      7.458591539943882e-07
    ],
    [
      1.8062568415189162e-05,
      3.0472632715827785e-05,
      2.676099757081829e-05,
      1.6310375940520316e-05,
      7.760942935419735e-06,
      3.075005906794104e-06,
      1.0566911896603415e-06,
      3.239024124468415e-07,
      9.039730031190629e-08
    ],
    [
      2.2553506369149545e-06,
      3.7396055176941445e-06,
      3.227428805985255e-06,
      1.9329374936205568e-06,
      9.037153176905122e-07,
      3.5179809287910757e-07,
      1.1876710459546302e-07,
      3.576318974296555e-08,
      9.804538514401884e-09
    ],
    [
      2.575795576831297e-07,
      4.196899396902154e-07,
      3.5589803815128107e-07,
      2.0941915579442139e-07,
      9.618920415732646e-08,
      3.6783585954935916e-08,
      1.2198174026423203e-08,
      3.6078464660249665e-09,
      9.714723470111153e-10
    ]
  ],
  "probs_results": [
    0.19984084367752075,
    0.12237480282783508,
    0.6777840852737427
  ]
}