{
  "skills_mean": [
    [
      0.5380448698997498,
      0.9468455910682678
    ],
    [
      0.00721808522939682,
      0.591725766658783
    ]
  ],
  "skills_cov": [
    [
      [
        0.01935182325541973,
        0.0116472989320755
      ],
      [
        0.0116472989320755,
        0.02648603543639183
      ]
    ],
    [
      [
        0.022219406440854073,
        0.011945152655243874
      ],
      [
        0.011945152655243874,
        0.02463986538350582
      ]
    ]
  ],
  "probs_grid": [
    [
      0.07497397065162659,
      0.05804181098937988,
      0.023525165393948555,
      0.0066557396203279495,
      0.0014786160318180919,
      0.00027511033113114536,
      4.465255551622249e-05,
      6.502394171548076e-06,
      8.671756290823396e-07
    ],
    [
      0.13182005286216736,
      0.1003510057926178,
      0.03998756781220436,
      0.011120106093585491,
      0.0024277372285723686,
      0.0004438188043422997,
      7.076551264617592e-05,
      1.0121729246748146e-05,
      1.3256467354949564e-06
    ],
    [
      0.12065733224153519,
      0.09031180292367935,
      0.03537571802735329,
      0.00966849084943533,
      0.0020741389598697424,
      0.000372520909877494,
      5.8344910939922556e-05,
      8.196036105800886e-06,
      1.0540994708208018e-06
    ],
    [
      0.07665076851844788,
      0.056403107941150665,
      0.02171553112566471,
      0.005832386203110218,
      0.0012293304316699505,
      0.00021689521963708103,
      3.336574445711449e-05,
      4.60293722426286e-06,
      5.812785843772872e-07
    ],
    [
      0.038016367703676224,
      0.027498096227645874,
      0.010404711589217186,
      0.0027459017001092434,
      0.0005686047370545566,
      9.854245581664145e-05,
      1.4888067198626231e-05,
      2.0168456558167236e-06,
      2.5007122417264327e-07
    ],
    [
      0.0156997200101614,
      0.01116150338202715,
      0.004150183405727148,
      0.001076121930964291,
      0.00021890377684030682,
      3.726177237695083e-05,
      5.528541350940941e-06,
      7.353883688665519e-07,
      8.952032004572175e-08
    ],
    [
      0.00562279811128974,
      0.003928623627871275,
      0.0014353659935295582,
      0.0003656455082818866,
      7.306089537451044e-05,
      1.2214098205731716e-05,
      1.779557123882114e-06,
      2.324142513998595e-07,
      2.7775181266065374e-08
    ],
    [
      0.0017961040139198303,
      0.0012332097394391894,
      0.0004426919622346759,
      0.00011078224633820355,
      2.1741883756476454e-05,
      3.569538193914923e-06,
      5.10669906361727e-07,
      6.548037134734841e-08,
      7.681965286110426e-09
    ],
    [
      0.0005223044427111745,
      0.000352381233824417,
      0.0001242762664332986,
      3.0549021175829694e-05,
      5.888432042411296e-06,
      9.493527954873571e-07,
      1.333553001359178e-07,
      1.6787279122354448e-08,
      1.933251780883438e-09
    ]
  ],
  "probs_results": [
    0.21722035109996796,
    0.6248418688774109,
    0.15793758630752563
  ]
}