scale,starting_bankroll,final_bankroll,profit,total_staked,roi_on_staked,return_on_starting_bankroll,num_bets,completed_matches,matches_with_odds,matches_with_bets,max_drawdown
0.0,100.0,100.0,0.0,0.0,0.0,0.0,0,24,24,0,0.0
0.05,100.0,98.38232126235653,-1.6176787376434731,10.264846421410928,-0.1575940517014706,-0.016176787376434687,31,24,24,22,0.055414466330453216
0.1,100.0,96.4792127323484,-3.520787267651599,20.66917448546243,-0.1703400041510084,-0.03520787267651604,31,24,24,22,0.10816849937099576
0.2,100.0,91.97695283598176,-8.023047164018237,41.69942052516935,-0.19240188623665977,-0.08023047164018238,31,24,24,22,0.2061197929200953
0.3,100.0,86.78104330914438,-13.21895669085562,62.74211590847397,-0.21068713573732517,-0.1321895669085562,31,24,24,22,0.2946696533888051
0.5,100.0,75.22586228065371,-24.774137719346285,103.78852031797885,-0.23869824565804876,-0.2477413771934629,31,24,24,22,0.44657176676875227
0.75,100.0,60.321969613395225,-39.678030386604775,151.23015851103438,-0.2623685035925534,-0.3967803038660478,31,24,24,22,0.5961510961489096
1.0,100.0,46.467516445412684,-53.532483554587316,192.79140489990786,-0.2776704883829235,-0.5353248355458732,31,24,24,22,0.709492052324881
