scale,starting_bankroll,final_bankroll,profit,total_staked,roi_on_staked,return_on_starting_bankroll,num_bets,completed_matches,matches_with_odds,matches_with_bets,max_drawdown
0.0,100.0,100.0,0.0,0.0,0.0,0.0,0,20,20,0,0.0
0.05,100.0,99.60863446817771,-0.39136553182228795,8.460658596914813,-0.046257100122797254,-0.003913655318222853,25,20,20,18,0.043640422995191594
0.1,100.0,98.91169499219285,-1.0883050078071506,17.10285323695887,-0.06363295017087221,-0.010883050078071554,25,20,20,18,0.08568319665538662
0.2,100.0,96.72232035897092,-3.2776796410290814,34.79036985868914,-0.09421226777244168,-0.032776796410290854,25,20,20,18,0.165161126257819
0.3,100.0,93.65564210685197,-6.344357893148029,52.802513600830736,-0.1201525734382506,-0.06344357893148034,25,20,20,18,0.2387949719157251
0.5,100.0,85.64757854992244,-14.352421450077557,88.92946719779893,-0.16139106532770042,-0.14352421450077557,25,20,20,18,0.36990036883089106
0.75,100.0,73.67326861043702,-26.32673138956298,132.52538225460148,-0.1986542573330238,-0.26326731389562985,25,20,20,18,0.5067656284743569
1.0,100.0,61.12551294164393,-38.87448705835607,172.61550806405506,-0.22520854293074502,-0.38874487058356066,25,20,20,18,0.6178524553571458
