{
  "skills_mean": [
    [
      0.5362558960914612,
      0.8596150279045105
    ],
    [
      0.2656078338623047,
      0.9152049422264099
    ]
  ],
  "skills_cov": [
    [
      [
        0.021493859589099884,
        0.01175970584154129
      ],
      [
        0.01175970584154129,
        0.025634003803133965
      ]
    ],
    [
      [
        0.018074091523885727,
        0.010238124057650566
      ],
      [
        0.010238124057650566,
        0.02492278814315796
      ]
    ]
  ],
  "probs_grid": [
    [
      0.08990861475467682,
      0.09598280489444733,
      0.05338604748249054,
      0.020625919103622437,
      0.006226897239685059,
      0.0015667472034692764,
      0.0003422071458771825,
      6.673318421235308e-05,
      1.1859745427500457e-05
    ],
    [
      0.11691653728485107,
      0.12288425862789154,
      0.06727918982505798,
      0.02558247745037079,
      0.0075999037362635136,
      0.001881381613202393,
      0.0004042477230541408,
      7.753960380796343e-05,
      1.3552729797083884e-05
    ],
    [
      0.07937769591808319,
      0.08212380111217499,
      0.044251713901758194,
      0.01655767112970352,
      0.004839564207941294,
      0.0011785691604018211,
      0.00024908510386012495,
      4.6988498070277274e-05,
      8.07629112387076e-06
    ],
    [
      0.037511374801397324,
      0.038195401430130005,
      0.02025257796049118,
      0.007455759681761265,
      0.0021437760442495346,
      0.0005135118262842298,
      0.0001067359116859734,
      1.9800243535428308e-05,
      3.3462533792771865e-06
    ],
    [
      0.013879557140171528,
      0.01390700601041317,
      0.007255162578076124,
      0.0026274891570210457,
      0.0007431083940900862,
      0.0001750618393998593,
      3.578230462153442e-05,
      6.526733159262221e-06,
      1.0844415783139993e-06
    ],
    [
      0.004288608208298683,
      0.004227869678288698,
      0.002169802552089095,
      0.0007729302742518485,
      0.0002149920183001086,
      4.980582161806524e-05,
      1.000981228571618e-05,
      1.7950483197637368e-06,
      2.932011398115719e-07
    ],
    [
      0.0011525588342919946,
      0.0011177831329405308,
      0.0005642696633003652,
      0.00019768852507695556,
      5.407360731624067e-05,
      1.231728856510017e-05,
      2.4338066850759787e-06,
      4.290591562039481e-07,
      6.888843273600287e-08
    ],
    [
      0.00027707565459422767,
      0.00026431927108205855,
      0.0001312314416281879,
      4.521260780165903e-05,
      1.2160190635768231e-05,
      2.7233249966229778e-06,
      5.289991236168134e-07,
      9.167026604472994e-08,
      1.4466396969226025e-08
    ],
    [
      6.0816666518803686e-05,
      5.706109368475154e-05,
      2.7860121917910874e-05,
      9.438178494747262e-06,
      2.495767830623663e-06,
      5.49482081169117e-07,
      1.0491952195934573e-07,
      1.7870510404804918e-08,
      2.7716478001593714e-09
    ]
  ],
  "probs_results": [
    0.2653084099292755,
    0.427731454372406,
    0.3069602847099304
  ]
}