{
  "skills_mean": [
    [
      0.08165793865919113,
      0.7266110777854919
    ],
    [
      0.2875256836414337,
      0.8440069556236267
    ]
  ],
  "skills_cov": [
    [
      [
        0.027250351384282112,
        0.013392655178904533
      ],
      [
        0.013392655178904533,
        0.02443317137658596
      ]
    ],
    [
      [
        0.021164605394005775,
        0.011798634193837643
      ],
      [
        0.011798634193837643,
        0.025485612452030182
      ]
    ]
  ],
  "probs_grid": [
    [
      0.1140599325299263,
      0.14013877511024475,
      0.08983691781759262,
      0.040061045438051224,
      0.013978893868625164,
      0.004070914350450039,
      0.0010305375326424837,
      0.00023322612105403095,
      4.8165806219913065e-05
    ],
    [
      0.1034557893872261,
      0.12490658462047577,
      0.07866805046796799,
      0.034458719193935394,
      0.011808780021965504,
      0.0033768133725970984,
      0.0008392552263103426,
      0.00018644881492946297,
      3.779334656428546e-05
    ],
    [
      0.049302566796541214,
      0.058476872742176056,
      0.036174226552248,
      0.01556055061519146,
      0.005235807038843632,
      0.001469842274673283,
      0.00035857490729540586,
      7.8182463767007e-05,
      1.5551586329820566e-05
    ],
    [
      0.016457756981253624,
      0.01917153410613537,
      0.011645744554698467,
      0.004918319173157215,
      0.0016245453152805567,
      0.00044762322795577347,
      0.00010716599354054779,
      2.2928046746528707e-05,
      4.474686193134403e-06
    ],
    [
      0.004328760784119368,
      0.004951270762830973,
      0.0029527253936976194,
      0.0012240578653290868,
      0.0003968111122958362,
      0.00010729336645454168,
      2.5204080884577706e-05,
      5.290339686325751e-06,
      1.0128258054464823e-06
    ],
    [
      0.0009568118839524686,
      0.0010743591701611876,
      0.0006288685835897923,
      0.0002558471169322729,
      8.138527482515201e-05,
      2.159053838113323e-05,
      4.975525826012017e-06,
      1.0244282293569995e-06,
      1.9236158266267012e-07
    ],
    [
      0.00018511230882722884,
      0.00020400404173415154,
      0.00011718386667780578,
      4.677879041992128e-05,
      1.4598899724660441e-05,
      3.7992022043908946e-06,
      8.587653610447887e-07,
      1.7341196212328214e-07,
      3.1932763988606894e-08
    ],
    [
      3.223813109798357e-05,
      3.486350396997295e-05,
      1.9648987290565856e-05,
      7.694969099247828e-06,
      2.3556576707051136e-06,
      6.012712105984974e-07,
      1.3328873649243178e-07,
      2.639350249467043e-08,
      4.765566163911217e-09
    ],
    [
      5.158542080607731e-06,
      5.473313194670482e-06,
      3.026127387784072e-06,
      1.1624396165643702e-06,
      3.490147548745881e-07,
      8.736245149520983e-08,
      1.8990144567965217e-08,
      3.686993599316679e-09,
      6.526700846443134e-10
    ]
  ],
  "probs_results": [
    0.28048622608184814,
    0.27565643191337585,
    0.4438571631908417
  ]
}