{
  "skills_mean": [
    [
      0.6249828338623047,
      0.870936393737793
    ],
    [
      -0.03903158754110336,
      0.6884875297546387
    ]
  ],
  "skills_cov": [
    [
      [
        0.018605194985866547,
        0.011170966550707817
      ],
      [
        0.011170966550707817,
        0.02560938149690628
      ]
    ],
    [
      [
        0.01864382065832615,
        0.009694240055978298
      ],
      [
        0.009694240055978298,
        0.022620150819420815
      ]
    ]
  ],
  "probs_grid": [
    [
      0.07467116415500641,
      0.05928099900484085,
      0.024541793391108513,
      0.0070638577453792095,
      0.0015901996521279216,
      0.00029863420058973134,
      4.873131183558144e-05,
      7.106657903932501e-06,
      9.454488463234156e-07
    ],
    [
      0.13033470511436462,
      0.10197494924068451,
      0.041597310453653336,
      0.011794972233474255,
      0.002615304198116064,
      0.000483670795802027,
      7.771173113724217e-05,
      1.115692521125311e-05,
      1.4610135394832469e-06
    ],
    [
      0.11816084384918213,
      0.09109961986541748,
      0.036611054092645645,
      0.010225552134215832,
      0.002232946455478668,
      0.00040663001709617674,
      6.43222447251901e-05,
      9.090325875149574e-06,
      1.171625058304926e-06
    ],
    [
      0.07418065518140793,
      0.05634893476963043,
      0.02230754680931568,
      0.006136483978480101,
      0.0013195654610171914,
      0.00023659328871872276,
      3.6842488043475896e-05,
      5.124953531776555e-06,
      6.500747531390516e-07
    ],
    [
      0.03627612814307213,
      0.027146538719534874,
      0.010585258714854717,
      0.002867581322789192,
      0.0006071606767363846,
      0.0001071729275281541,
      1.642776987864636e-05,
      2.249090812256327e-06,
      2.807447003760899e-07
    ],
    [
      0.014738334342837334,
      0.010864021256566048,
      0.004172071814537048,
      0.0011129345512017608,
      0.0002320030180271715,
      4.031323260278441e-05,
      6.082094387238612e-06,
      8.194760425794811e-07,
      1.0065639344247757e-07
    ],
    [
      0.005181501153856516,
      0.0037618388887494802,
      0.0014226322527974844,
      0.0003736576472874731,
      7.6682583312504e-05,
      1.3115604815538973e-05,
      1.9474812233966077e-06,
      2.582144702500955e-07,
      3.1207434858515626e-08
    ],
    [
      0.001621174975298345,
      0.00115913525223732,
      0.0004316361737437546,
      0.00011161570728290826,
      2.2548241759068333e-05,
      3.795855718635721e-06,
      5.546819465962471e-07,
      7.236819499212288e-08,
      8.605405277251066e-09
    ],
    [
      0.0004607628798112273,
      0.0003244157414883375,
      0.00011894340423168615,
      3.0278908525360748e-05,
      6.020882665325189e-06,
      9.97545953396184e-07,
      1.434463001714903e-07,
      1.8414661795418397e-08,
      2.154314726610096e-09
    ]
  ],
  "probs_results": [
    0.2201140820980072,
    0.6157471537590027,
    0.16413870453834534
  ]
}