{
  "skills_mean": [
    [
      0.2653723955154419,
      0.9813972115516663
    ],
    [
      0.8005757927894592,
      0.813348650932312
    ]
  ],
  "skills_cov": [
    [
      [
        0.022951234132051468,
        0.012514160014688969
      ],
      [
        0.012514160014688969,
        0.024647196754813194
      ]
    ],
    [
      [
        0.017803171649575233,
        0.010318620130419731
      ],
      [
        0.010318620130419731,
        0.023076098412275314
      ]
    ]
  ],
  "probs_grid": [
    [
      0.0641937404870987,
      0.10111925005912781,
      0.08282770216464996,
      0.04703463986515999,
      0.02082919515669346,
      0.007672291714698076,
      0.0024482756853103638,
      0.0006960930186323822,
      0.00017999246483668685
    ],
    [
      0.07199780642986298,
      0.11149749159812927,
      0.08977741748094559,
      0.05011032894253731,
      0.021810239180922508,
      0.0078950896859169,
      0.002475727116689086,
      0.0006916566053405404,
      0.00017572408250998706
    ],
    [
      0.04214910417795181,
      0.06416203826665878,
      0.05077862739562988,
      0.02785496599972248,
      0.011914102360606194,
      0.0042378767393529415,
      0.001305733690969646,
      0.0003584052319638431,
      8.945852459874004e-05
    ],
    [
      0.017171284183859825,
      0.025690896436572075,
      0.019981518387794495,
      0.010771072469651699,
      0.0045268055982887745,
      0.0015820518601685762,
      0.00047889488632790744,
      0.00012913566024508327,
      3.166328679071739e-05
    ],
    [
      0.005476196296513081,
      0.008051724173128605,
      0.006153653841465712,
      0.0032592895440757275,
      0.001345804426819086,
      0.00046207010746002197,
      0.000137402763357386,
      3.63953149644658e-05,
      8.765481652517337e-06
    ],
    [
      0.0014581650029867887,
      0.0021066865883767605,
      0.0015819438267499208,
      0.0008231804240494967,
      0.00033391540637239814,
      0.00011262010229984298,
      3.289508822490461e-05,
      8.558238732803147e-06,
      2.024402192546404e-06
    ],
    [
      0.0003376548702362925,
      0.0004792960244230926,
      0.00035358889726921916,
      0.00018074792751576751,
      7.202052074717358e-05,
      2.385886909905821e-05,
      6.844695235486142e-06,
      1.748935005707608e-06,
      4.062857499320671e-07
    ],
    [
      6.993123679421842e-05,
      9.752076584845781e-05,
      7.067312253639102e-05,
      3.54862968379166e-05,
      1.3888246030546725e-05,
      4.518747573456494e-06,
      1.2731386505038245e-06,
      3.194680289198004e-07,
      7.287820835699677e-08
    ],
    [
      1.3222429515735712e-05,
      1.811315814848058e-05,
      1.2893654457002413e-05,
      6.358845894283149e-06,
      2.4441803816444008e-06,
      7.809939575054159e-07,
      2.1608568090414337e-07,
      5.324486096469627e-08,
      1.1926944765150438e-08
    ]
  ],
  "probs_results": [
    0.2387443631887436,
    0.2722351849079132,
    0.48902058601379395
  ]
}