{
  "skills_mean": [
    [
      0.08213047683238983,
      0.4951629340648651
    ],
    [
      0.6082556247711182,
      0.8567931056022644
    ]
  ],
  "skills_cov": [
    [
      [
        0.023105239495635033,
        0.01139178965240717
      ],
      [
        0.01139178965240717,
        0.02524377964437008
      ]
    ],
    [
      [
        0.018402965739369392,
        0.010992772877216339
      ],
      [
        0.010992772877216339,
        0.025380009785294533
      ]
    ]
  ],
  "probs_grid": [
    [
      0.047590471804142,
      0.09781445562839508,
      0.10457776486873627,
      0.0775376483798027,
      0.04484548792243004,
      0.021578814834356308,
      0.008997183293104172,
      0.003342938143759966,
      0.0011297527235001326
    ],
    [
      0.04335487633943558,
      0.08764752745628357,
      0.09216336905956268,
      0.06720182299613953,
      0.038221415132284164,
      0.018084587529301643,
      0.0074140834622085094,
      0.002708499552682042,
      0.0008999453275464475
    ],
    [
      0.020667333155870438,
      0.04108986631035805,
      0.042488206177949905,
      0.030463192611932755,
      0.01703563705086708,
      0.007924886420369148,
      0.003194135380908847,
      0.001147143542766571,
      0.0003746990696527064
    ],
    [
      0.006873300764709711,
      0.013436882756650448,
      0.013661039061844349,
      0.00962973665446043,
      0.005294143222272396,
      0.002421064767986536,
      0.0009592314017936587,
      0.00033863174030557275,
      0.00010872229177039117
    ],
    [
      0.0017939020181074739,
      0.0034478886518627405,
      0.0034461256582289934,
      0.002387966960668564,
      0.001290484913624823,
      0.0005800781073048711,
      0.00022589598665945232,
      7.837956945877522e-05,
      2.473268068570178e-05
    ],
    [
      0.00039190068491734564,
      0.0007404486532323062,
      0.0007274618255905807,
      0.0004954738542437553,
      0.0002631705719977617,
      0.00011626366176642478,
      4.449620610103011e-05,
      1.5172613530012313e-05,
      4.705010269390186e-06
    ],
    [
      7.464279042324051e-05,
      0.00013861739716958255,
      0.00013385024794843048,
      8.959701517596841e-05,
      4.6768574975430965e-05,
      2.0304276404203847e-05,
      7.636219379492104e-06,
      2.558675305408542e-06,
      7.796588761266321e-07
    ],
    [
      1.2747594155371189e-05,
      2.326590765733272e-05,
      2.2078020265325904e-05,
      1.452286869607633e-05,
      7.449250006175134e-06,
      3.177821554345428e-06,
      1.174330122921674e-06,
      3.8662122392452147e-07,
      1.1575094305271705e-07
    ],
    [
      1.9925539618270705e-06,
      3.573701633285964e-06,
      3.332369487907272e-06,
      2.1538769487960963e-06,
      1.0855238770091091e-06,
      4.549880259219208e-07,
      1.6519304324447148e-07,
      5.343279951830482e-08,
      1.571662799904061e-08
    ]
  ],
  "probs_results": [
    0.18897753953933716,
    0.15354666113853455,
    0.6574755311012268
  ]
}