{
  "skills_mean": [
    [
      -0.21491512656211853,
      0.4661709666252136
    ],
    [
      0.23841743171215057,
      0.7016484141349792
    ]
  ],
  "skills_cov": [
    [
      [
        0.021281205117702484,
        0.01152215339243412
      ],
      [
        0.01152215339243412,
        0.024930141866207123
      ]
    ],
    [
      [
        0.020368356257677078,
        0.01189329568296671
      ],
      [
        0.01189329568296671,
        0.025826701894402504
      ]
    ]
  ],
  "probs_grid": [
    [
      0.09776770323514938,
      0.14598247408866882,
      0.11365775018930435,
      0.06151515617966652,
      0.026034727692604065,
      0.009189455769956112,
      0.0028175211045891047,
      0.0007717299158684909,
      0.00019274464284535497
    ],
    [
      0.07694601267576218,
      0.11305179446935654,
      0.08659247308969498,
      0.04609902575612068,
      0.019187595695257187,
      0.006659622769802809,
      0.0020075144711881876,
      0.0005405462579801679,
      0.0001327012141700834
    ],
    [
      0.031662069261074066,
      0.04576239362359047,
      0.03447578102350235,
      0.018049169331789017,
      0.007386726327240467,
      0.0025204934645444155,
      0.0007468669791705906,
      0.00019765783508773893,
      4.7687513870187104e-05
    ],
    [
      0.009081714786589146,
      0.01290961541235447,
      0.009563674218952656,
      0.004922752734273672,
      0.0019805303309112787,
      0.000664258492179215,
      0.00019344792235642672,
      5.0310140068177134e-05,
      1.1926757906621788e-05
    ],
    [
      0.0020426602568477392,
      0.0028551064897328615,
      0.002079450059682131,
      0.0010521680815145373,
      0.0004160591051913798,
      0.00013713679800275713,
      3.924413977074437e-05,
      1.0028017641161568e-05,
      2.335552835575072e-06
    ],
    [
      0.00038425877573899925,
      0.0005280074547044933,
      0.0003780026745516807,
      0.00018797647499013692,
      7.30452302377671e-05,
      2.3657004931010306e-05,
      6.6512579905975144e-06,
      1.6696473039701232e-06,
      3.8198066931727226e-07
    ],
    [
      6.29720525466837e-05,
      8.504906872985885e-05,
      5.9837413573404774e-05,
      2.92399254249176e-05,
      1.1163738236064091e-05,
      3.552025191311259e-06,
      9.810153187572723e-07,
      2.4188722136386787e-07,
      5.4351211531411536e-08
    ],
    [
      9.246369700122159e-06,
      1.227209850185318e-05,
      8.483874808007386e-06,
      4.073053332831478e-06,
      1.527668700873619e-06,
      4.774497597281879e-07,
      1.295148734925533e-07,
      3.136258541758252e-08,
      6.920374495678061e-09
    ],
    [
      1.241693894371565e-06,
      1.6192481098187272e-06,
      1.099740529753035e-06,
      5.186450380278984e-07,
      1.9106894910692063e-07,
      5.864870189498106e-08,
      1.5623649929352723e-08,
      3.715113328084385e-09,
      8.04924293884568e-10
    ]
  ],
  "probs_results": [
    0.25068750977516174,
    0.1958213746547699,
    0.5534913539886475
  ]
}