{
  "skills_mean": [
    [
      0.31354305148124695,
      0.8308457136154175
    ],
    [
      0.32670456171035767,
      1.171701192855835
    ]
  ],
  "skills_cov": [
    [
      [
        0.01901909150183201,
        0.010012389160692692
      ],
      [
        0.010012389160692692,
        0.02217240445315838
      ]
    ],
    [
      [
        0.014456427656114101,
        0.008121010847389698
      ],
      [
        0.008121010847389698,
        0.02352220006287098
      ]
    ]
  ],
  "probs_grid": [
    [
      0.1347290575504303,
      0.15541160106658936,
      0.09281399846076965,
      0.03826227784156799,
      0.012248584069311619,
      0.0032476226333528757,
      0.0007428766693919897,
      0.0001507815468357876,
      2.7719966965378262e-05
    ],
    [
      0.11085617542266846,
      0.12651854753494263,
      0.07473982870578766,
      0.030470335856080055,
      0.009644189849495888,
      0.0025277186650782824,
      0.0005714472499676049,
      0.00011461033136583865,
      2.0816423784708604e-05
    ],
    [
      0.04750172048807144,
      0.053621601313352585,
      0.031324032694101334,
      0.012625549919903278,
      0.003950010985136032,
      0.0010231452761217952,
      0.0002285496302647516,
      4.528432327788323e-05,
      8.124148735078052e-06
    ],
    [
      0.014132700860500336,
      0.015774795785546303,
      0.009110038168728352,
      0.0036293251905590296,
      0.0011220843298360705,
      0.00028716929955407977,
      6.3369567214977e-05,
      1.2401566891639959e-05,
      2.1971889054839266e-06
    ],
    [
      0.003284250386059284,
      0.0036237777676433325,
      0.0020683379843831062,
      0.0008142393198795617,
      0.00024871420464478433,
      6.287670112214983e-05,
      1.37037623062497e-05,
      2.648357849466265e-06,
      4.6328250391525216e-07
    ],
    [
      0.0006358373211696744,
      0.0006933345575816929,
      0.00039101942093111575,
      0.00015207254909910262,
      4.5882912672823295e-05,
      1.145577243732987e-05,
      2.4654400476720184e-06,
      4.7042354367476946e-07,
      8.123749495325683e-08
    ],
    [
      0.00010682081483537331,
      0.00011508443276397884,
      6.411584035959095e-05,
      2.4628758183098398e-05,
      7.338412160606822e-06,
      1.8091386664309539e-06,
      3.843948093162908e-07,
      7.2402094986046e-08,
      1.2340770183527638e-08
    ],
    [
      1.6016756489989348e-05,
      1.7045003914972767e-05,
      9.378679351357277e-06,
      3.5575540096033365e-06,
      1.0466044386703288e-06,
      2.5472118636571395e-07,
      5.342299758126501e-08,
      9.93125759407576e-09,
      1.6705000716044083e-09
    ],
    [
      2.1879016003367724e-06,
      2.299409061379265e-06,
      1.249294655281119e-06,
      4.678648224398785e-07,
      1.358751688940174e-07,
      3.2640492975133384e-08,
      6.7561751748712595e-09,
      1.2393905901575408e-09,
      2.0569924930047279e-10
    ]
  ],
  "probs_results": [
    0.2964657247066498,
    0.2630830705165863,
    0.44045132398605347
  ]
}