{
  "skills_mean": [
    [
      0.5841055512428284,
      1.0144965648651123
    ],
    [
      -0.24659430980682373,
      0.48538604378700256
    ]
  ],
  "skills_cov": [
    [
      [
        0.01982077583670616,
        0.011723502539098263
      ],
      [
        0.011723502539098263,
        0.025710582733154297
      ]
    ],
    [
      [
        0.02118961326777935,
        0.011140899732708931
      ],
      [
        0.011140899732708931,
        0.022974953055381775
      ]
    ]
  ],
  "probs_grid": [
    [
      0.06970641762018204,
      0.03971850499510765,
      0.011833312921226025,
      0.002457737922668457,
      0.0004003281064797193,
      5.4545351304113865e-05,
      6.475439477071632e-06,
      6.889130759191175e-07,
      6.704649990751932e-08
    ],
    [
      0.14062541723251343,
      0.07890387624502182,
      0.023142261430621147,
      0.004730590153485537,
      0.0007581730606034398,
      0.00010162028047489002,
      1.1864955013152212e-05,
      1.2412076557666296e-06,
      1.1875535932404091e-07
    ],
    [
      0.1474950611591339,
      0.0814812034368515,
      0.023523179814219475,
      0.004731816239655018,
      0.0007461054483428597,
      9.836353274295107e-05,
      1.1294030628050677e-05,
      1.161633576884924e-06,
      1.0925391080718327e-07
    ],
    [
      0.10722590982913971,
      0.05831246078014374,
      0.01656808704137802,
      0.0032792366109788418,
      0.0005086452001705766,
      6.595156446564943e-05,
      7.446079052897403e-06,
      7.52924222524598e-07,
      6.960539167266688e-08
    ],
    [
      0.060775600373744965,
      0.03253219276666641,
      0.009095832705497742,
      0.001771175186149776,
      0.0002702264173422009,
      3.4456585126463324e-05,
      3.824931809504051e-06,
      3.802025503318873e-07,
      3.454600161489907e-08
    ],
    [
      0.02864431031048298,
      0.015090040862560272,
      0.004151331726461649,
      0.0007952050655148923,
      0.00011932389315916225,
      1.4961235137889162e-05,
      1.6327969660778763e-06,
      1.5953607146457216e-07,
      1.424632056767905e-08
    ],
    [
      0.011692247353494167,
      0.006061325315386057,
      0.0016405386850237846,
      0.00030910695204511285,
      4.561422247206792e-05,
      5.6234171097457875e-06,
      6.033174599906488e-07,
      5.793992485791932e-08,
      5.084584753234367e-09
    ],
    [
      0.0042509231716394424,
      0.0021683264058083296,
      0.000577328959479928,
      0.00010698856931412593,
      1.55251855176175e-05,
      1.8817613636201713e-06,
      1.9845464294121484e-07,
      1.8731462603227556e-08,
      1.6153184345668592e-09
    ],
    [
      0.001405038172379136,
      0.0007051141583360732,
      0.0001846713130362332,
      3.3656608138699085e-05,
      4.80225980936666e-06,
      5.722315563616576e-07,
      5.931891067234574e-08,
      5.502466926543548e-09,
      4.662626951201787e-10
    ]
  ],
  "probs_results": [
    0.17587073147296906,
    0.7346121072769165,
    0.08951746672391891
  ]
}