{
  "skills_mean": [
    [
      0.2677375078201294,
      0.907390296459198
    ],
    [
      -0.27847790718078613,
      0.3624497056007385
    ]
  ],
  "skills_cov": [
    [
      [
        0.02425667643547058,
        0.014471376314759254
      ],
      [
        0.014471376314759254,
        0.02825244329869747
      ]
    ],
    [
      [
        0.023474669083952904,
        0.011243585497140884
      ],
      [
        0.011243585497140884,
        0.023638233542442322
      ]
    ]
  ],
  "probs_grid": [
    [
      0.0953301414847374,
      0.05823693051934242,
      0.01868402026593685,
      0.004197198897600174,
      0.0007426640368066728,
      0.00011039979290217161,
      1.4361033208842855e-05,
      1.681306230238988e-06,
      1.8083082409248163e-07
    ],
    [
      0.16023673117160797,
      0.09620533883571625,
      0.030324770137667656,
      0.006690818816423416,
      0.0011624618200585246,
      0.00016963024972938,
      2.1655023374478333e-05,
      2.4874493647075724e-06,
      2.6243247930324287e-07
    ],
    [
      0.140705406665802,
      0.08300945162773132,
      0.025702210143208504,
      0.005568906664848328,
      0.0009498773724772036,
      0.00013604351261164993,
      1.704171700112056e-05,
      1.9203926058253273e-06,
      1.9872004486387596e-07
    ],
    [
      0.08605045825242996,
      0.04987316578626633,
      0.015166285447776318,
      0.0032264667097479105,
      0.0005402059177868068,
      7.592712790938094e-05,
      9.331663022749126e-06,
      1.0314960263713147e-06,
      1.046795787829069e-07
    ],
    [
      0.04122665151953697,
      0.02346998080611229,
      0.0070084924809634686,
      0.0014637173153460026,
      0.00024052796652540565,
      3.317241498734802e-05,
      3.9995970837480854e-06,
      4.336215795319731e-07,
      4.3152532214207895e-08
    ],
    [
      0.016502395272254944,
      0.009226417168974876,
      0.002705083228647709,
      0.0005545485764741898,
      8.942733984440565e-05,
      1.2100582353014033e-05,
      1.43112447403837e-06,
      1.5216571114251565e-07,
      1.4848236418174565e-08
    ],
    [
      0.005748039111495018,
      0.003155684331431985,
      0.0009082776959985495,
      0.00018274705507792532,
      2.8917103918502107e-05,
      3.8385792322515044e-06,
      4.4527916998049477e-07,
      4.642785000896765e-08,
      4.4418535516399515e-09
    ],
    [
      0.0017916756914928555,
      0.0009657467599026859,
      0.0002728430845309049,
      5.387276905821636e-05,
      8.363792403542902e-06,
      1.089075226445857e-06,
      1.2390059112021845e-07,
      1.2667541682276351e-08,
      1.188157905396281e-09
    ],
    [
      0.0005100905545987189,
      0.0002699163160286844,
      7.484384695999324e-05,
      1.450085164833581e-05,
      2.2085991986386944e-06,
      2.820813733706018e-07,
      3.147097160649537e-08,
      3.154797090232364e-09,
      2.9008268009889093e-10
    ]
  ],
  "probs_results": [
    0.22078393399715424,
    0.6514780521392822,
    0.12773795425891876
  ]
}