{
  "skills_mean": [
    [
      0.2653723955154419,
      0.981397271156311
    ],
    [
      0.800575852394104,
      0.813348650932312
    ]
  ],
  "skills_cov": [
    [
      [
        0.022951161488890648,
        0.012514139525592327
      ],
      [
        0.012514139525592327,
        0.024647120386362076
      ]
    ],
    [
      [
        0.017803112044930458,
        0.010318604297935963
      ],
      [
        0.010318604297935963,
        0.023076023906469345
      ]
    ]
  ],
  "probs_grid": [
    [
      0.0641937404870987,
      0.10111922025680542,
      0.08282773941755295,
      0.04703465476632118,
      0.02082918770611286,
      0.007672288455069065,
      0.002448274288326502,
      0.0006960926693864167,
      0.00017999220290221274
    ],
    [
      0.07199781388044357,
      0.11149756610393524,
      0.08977744728326797,
      0.0501103401184082,
      0.021810263395309448,
      0.007895085960626602,
      0.0024757259525358677,
      0.0006916560232639313,
      0.0001757237914716825
    ],
    [
      0.042149096727371216,
      0.06416203081607819,
      0.05077865347266197,
      0.027854973450303078,
      0.011914100497961044,
      0.0042378767393529415,
      0.0013057326432317495,
      0.0003584049118217081,
      8.945835725171492e-05
    ],
    [
      0.017171289771795273,
      0.025690902024507523,
      0.019981523975729942,
      0.010771078988909721,
      0.004526803735643625,
      0.0015820525586605072,
      0.0004788943624589592,
      0.00012913552927784622,
      3.166321403114125e-05
    ],
    [
      0.005476198624819517,
      0.008051720447838306,
      0.006153652910143137,
      0.003259289311245084,
      0.0013458050088956952,
      0.0004620699619408697,
      0.00013740269059780985,
      3.639526039478369e-05,
      8.765464372118004e-06
    ],
    [
      0.0014581639552488923,
      0.0021066847257316113,
      0.0015819438267499208,
      0.0008231799001805484,
      0.00033391526085324585,
      0.00011262001498835161,
      3.289505548309535e-05,
      8.558226909372024e-06,
      2.024397645072895e-06
    ],
    [
      0.0003376544627826661,
      0.00047929552965797484,
      0.00035358848981559277,
      0.00018074772378895432,
      7.202044798759744e-05,
      2.3858836357248947e-05,
      6.8446825025603175e-06,
      1.7489310266682878e-06,
      4.062847835939465e-07
    ],
    [
      6.993105489527807e-05,
      9.752059850143269e-05,
      7.067299884511158e-05,
      3.54862459062133e-05,
      1.3888220564695075e-05,
      4.518740752246231e-06,
      1.2731360357065569e-06,
      3.194670910033892e-07,
      7.287795966703925e-08
    ],
    [
      1.3222394954937045e-05,
      1.8113105397787876e-05,
      1.2893626262666658e-05,
      6.358832251862623e-06,
      2.4441756067972165e-06,
      7.809923658896878e-07,
      2.160851551025189e-07,
      5.324469398715337e-08,
      1.1926903020764712e-08
    ]
  ],
  "probs_results": [
    0.23874449729919434,
    0.2722351849079132,
    0.48902061581611633
  ]
}