{
  "skills_mean": [
    [
      0.5742551684379578,
      1.1927398443222046
    ],
    [
      -0.10237002372741699,
      0.606723427772522
    ]
  ],
  "skills_cov": [
    [
      [
        0.017556393519043922,
        0.010688330978155136
      ],
      [
        0.010688330978155136,
        0.026614505797624588
      ]
    ],
    [
      [
        0.02072497457265854,
        0.010003266856074333
      ],
      [
        0.010003266856074333,
        0.021643182262778282
      ]
    ]
  ],
  "probs_grid": [
    [
      0.09108592569828033,
      0.04977332800626755,
      0.014231148175895214,
      0.0028385736513882875,
      0.0004443353973329067,
      5.822101957164705e-05,
      6.6514021455077454e-06,
      6.814332209614804e-07,
      6.39056949580663e-08
    ],
    [
      0.16327181458473206,
      0.08807817101478577,
      0.024852605536580086,
      0.004890476353466511,
      0.0007549995789304376,
      9.753803897183388e-05,
      1.098366738006007e-05,
      1.1088809515058529e-06,
      1.0245271653275267e-07
    ],
    [
      0.15174880623817444,
      0.08079886436462402,
      0.022495141252875328,
      0.004366291221231222,
      0.00066470104502514,
      8.46546608954668e-05,
      9.395248525834177e-06,
      9.345922649117711e-07,
      8.506218307502422e-08
    ],
    [
      0.0974978506565094,
      0.05122869834303856,
      0.014070223085582256,
      0.002693398157134652,
      0.00040426652412861586,
      5.074952423456125e-05,
      5.550344667426543e-06,
      5.439539449980657e-07,
      4.876492809557931e-08
    ],
    [
      0.04871175065636635,
      0.02525300532579422,
      0.0068411920219659805,
      0.0012913413811475039,
      0.0001910744176711887,
      2.364018655498512e-05,
      2.547526946727885e-06,
      2.459478594118991e-07,
      2.1715896636465004e-08
    ],
    [
      0.020185116678476334,
      0.010322761721909046,
      0.002757900394499302,
      0.0005132579244673252,
      7.485729292966425e-05,
      9.12672021513572e-06,
      9.689822491054656e-07,
      9.214642204824486e-08,
      8.012392527234624e-09
    ],
    [
      0.0072255986742675304,
      0.0036446405574679375,
      0.0009601466008462012,
      0.0001761503517627716,
      2.5320094209746458e-05,
      3.0417943435168127e-06,
      3.1814019507692137e-07,
      2.9797437406386962e-08,
      2.5513733348248024e-09
    ],
    [
      0.0022980200592428446,
      0.0011431042803451419,
      0.0002968987973872572,
      5.3689433116232976e-05,
      7.605084647366311e-06,
      9.00130203262961e-07,
      9.273422563182976e-08,
      8.553801222888069e-09,
      7.211580221877512e-10
    ],
    [
      0.0006628011469729245,
      0.00032509080483578146,
      8.323608199134469e-05,
      1.4834538887953386e-05,
      2.07050265998987e-06,
      2.414187179056171e-07,
      2.449694846973216e-08,
      2.22511986613938e-09,
      1.8470040774598573e-10
    ]
  ],
  "probs_results": [
    0.204631045460701,
    0.6917541027069092,
    0.10361500084400177
  ]
}