{
  "skills_mean": [
    [
      0.7020413279533386,
      1.3065403699874878
    ],
    [
      0.5279515385627747,
      0.8714837431907654
    ]
  ],
  "skills_cov": [
    [
      [
        0.016330944374203682,
        0.010139972902834415
      ],
      [
        0.010139972902834415,
        0.02677450329065323
      ]
    ],
    [
      [
        0.018424488604068756,
        0.009640769101679325
      ],
      [
        0.009640769101679325,
        0.021388692781329155
      ]
    ]
  ],
  "probs_grid": [
    [
      0.07967904210090637,
      0.07142181694507599,
      0.03341110050678253,
      0.010875120759010315,
      0.0027706590481102467,
      0.0005892989574931562,
      0.0001089900906663388,
      1.802763836167287e-05,
      2.7221346954320325e-06
    ],
    [
      0.1265765130519867,
      0.11190176755189896,
      0.05161843076348305,
      0.016564246267080307,
      0.004159736912697554,
      0.0008719451143406332,
      0.00015890668146312237,
      2.5895826183841564e-05,
      3.851907877105987e-06
    ],
    [
      0.1041426956653595,
      0.09079291671514511,
      0.04129276052117348,
      0.013062153942883015,
      0.0032330115791410208,
      0.0006678178906440735,
      0.00011991454084636644,
      1.9251203411840834e-05,
      2.8206143269926542e-06
    ],
    [
      0.059167247265577316,
      0.050861429423093796,
      0.02280414290726185,
      0.007110192906111479,
      0.001734317047521472,
      0.00035299244336783886,
      6.2445571529679e-05,
      9.875292562355753e-06,
      1.4250896356315934e-06
    ],
    [
      0.026111528277397156,
      0.022129546850919724,
      0.00978031475096941,
      0.003005400998517871,
      0.0007223742431961,
      0.00014485936844721437,
      2.5244607968488708e-05,
      3.932289473596029e-06,
      5.588710791926133e-07
    ],
    [
      0.009547275491058826,
      0.007976347580552101,
      0.0034745156299322844,
      0.001052164239808917,
      0.00024918169947341084,
      4.922789230477065e-05,
      8.450551831629127e-06,
      1.2964554798600147e-06,
      1.81454780090462e-07
    ],
    [
      0.003012443194165826,
      0.0024807415902614594,
      0.0010649742325767875,
      0.00031778134871274233,
      7.414761785184965e-05,
      1.4430060218728613e-05,
      2.4398389086854877e-06,
      3.686376430778182e-07,
      5.0807233975547206e-08
    ],
    [
      0.0008436290663667023,
      0.0006847144104540348,
      0.0002896638761740178,
      8.516196976415813e-05,
      1.957564745680429e-05,
      3.7525851439568214e-06,
      6.24902384060988e-07,
      9.297970393618016e-08,
      1.2618360578642296e-08
    ],
    [
      0.0002140419092029333,
      0.00017120307893492281,
      7.1365138865076e-05,
      2.0671155652962625e-05,
      4.680621714214794e-06,
      8.83752875324717e-07,
      1.4493477351606998e-07,
      2.123532460984734e-08,
      2.837511559050654e-09
    ]
  ],
  "probs_results": [
    0.24079272150993347,
    0.5471248626708984,
    0.2120823860168457
  ]
}