{
  "skills_mean": [
    [
      0.6723179817199707,
      1.332026481628418
    ],
    [
      0.37225663661956787,
      0.7219527959823608
    ]
  ],
  "skills_cov": [
    [
      [
        0.018621182069182396,
        0.012010430917143822
      ],
      [
        0.012010430917143822,
        0.028991108760237694
      ]
    ],
    [
      [
        0.016092343255877495,
        0.009032483212649822
      ],
      [
        0.009032483212649822,
        0.02267584763467312
      ]
    ]
  ],
  "probs_grid": [
    [
      0.07572435587644577,
      0.057321324944496155,
      0.022645549848675728,
      0.006225182209163904,
      0.0013395312707871199,
      0.00024065174511633813,
      3.7597845221171156e-05,
      5.253905328572728e-06,
      6.703064627799904e-07
    ],
    [
      0.13380083441734314,
      0.09981754422187805,
      0.03885481134057045,
      0.01052190363407135,
      0.002229921519756317,
      0.0003944927593693137,
      6.0680606111418456e-05,
      8.347071343450807e-06,
      1.0481477374923998e-06
    ],
    [
      0.12280187010765076,
      0.09027281403541565,
      0.03461842983961105,
      0.009233844466507435,
      0.0019271771889179945,
      0.00033568922663107514,
      5.0832488341256976e-05,
      6.882557499920949e-06,
      8.505451773999084e-07
    ],
    [
      0.07804954051971436,
      0.05652843788266182,
      0.02135377936065197,
      0.005609506741166115,
      0.001152816112153232,
      0.00019769604841712862,
      2.9468237698893063e-05,
      3.9268884393095504e-06,
      4.775508273269224e-07
    ],
    [
      0.03864240273833275,
      0.02757083997130394,
      0.010258027352392673,
      0.002653630916029215,
      0.000536942679900676,
      9.064562618732452e-05,
      1.3298932572070044e-05,
      1.7440598867324297e-06,
      2.0870005812412273e-07
    ],
    [
      0.01589532196521759,
      0.011171023361384869,
      0.00409321766346693,
      0.0010426156222820282,
      0.00020769319962710142,
      3.4513086575316265e-05,
      4.983470262232004e-06,
      6.43121893517673e-07,
      7.572057825200318e-08
    ],
    [
      0.00565806170925498,
      0.003916346933692694,
      0.0014130803756415844,
      0.00035437862970866263,
      6.949251110199839e-05,
      1.1365976206434425e-05,
      1.6151009276654804e-06,
      2.050913252560349e-07,
      2.375737828685942e-08
    ],
    [
      0.001792445662431419,
      0.0012218138435855508,
      0.00043407370685599744,
      0.00010716854012571275,
      2.0685925846919417e-05,
      3.329797891638009e-06,
      4.656131125102547e-07,
      5.817425119403197e-08,
      6.629582216532981e-09
    ],
    [
      0.0005158333224244416,
      0.00034623692044988275,
      0.00012110629177186638,
      2.9433287636493333e-05,
      5.5917907957336865e-06,
      8.858042974679847e-07,
      1.218797791580073e-07,
      1.498197477189933e-08,
      1.6795941304437179e-09
    ]
  ],
  "probs_results": [
    0.21641971170902252,
    0.630587637424469,
    0.15299275517463684
  ]
}