{
  "skills_mean": [
    [
      0.2653723955154419,
      0.981397271156311
    ],
    [
      0.800575852394104,
      0.813348650932312
    ]
  ],
  "skills_cov": [
    [
      [
        0.02295115776360035,
        0.01251413207501173
      ],
      [
        0.01251413207501173,
        0.024647118523716927
      ]
    ],
    [
      [
        0.017803100869059563,
        0.010318593122065067
      ],
      [
        0.010318593122065067,
        0.023076022043824196
      ]
    ]
  ],
  "probs_grid": [
    [
      0.0641937404870987,
      0.10111922025680542,
      0.08282773941755295,
      0.047034647315740585,
      0.02082918956875801,
      0.0076722875237464905,
      0.0024482738226652145,
      0.0006960924947634339,
      0.0001799921301426366
    ],
    [
      0.07199782133102417,
      0.11149758100509644,
      0.08977744728326797,
      0.050110336393117905,
      0.021810263395309448,
      0.007895085029304028,
      0.0024757254868745804,
      0.0006916559650562704,
      0.0001757237478159368
    ],
    [
      0.04214908927679062,
      0.06416203826665878,
      0.05077865347266197,
      0.027854975312948227,
      0.011914101429283619,
      0.004237876273691654,
      0.0013057327596470714,
      0.00035840485361404717,
      8.945834269979969e-05
    ],
    [
      0.017171289771795273,
      0.025690902024507523,
      0.01998152583837509,
      0.010771078988909721,
      0.004526803735643625,
      0.0015820525586605072,
      0.0004788944497704506,
      0.00012913554382976145,
      3.166321403114125e-05
    ],
    [
      0.0054761976934969425,
      0.008051720447838306,
      0.006153652910143137,
      0.0032592900097370148,
      0.001345805125311017,
      0.0004620699619408697,
      0.0001374027197016403,
      3.6395267670741305e-05,
      8.765466191107407e-06
    ],
    [
      0.001458163489587605,
      0.002106684260070324,
      0.0015819438267499208,
      0.0008231799001805484,
      0.00033391531906090677,
      0.00011262002226430923,
      3.289506275905296e-05,
      8.558227818866726e-06,
      2.0243978724465705e-06
    ],
    [
      0.00033765434636734426,
      0.0004792954714503139,
      0.0003535884607117623,
      0.00018074775289278477,
      7.202044798759744e-05,
      2.385883817623835e-05,
      6.844684321549721e-06,
      1.7489315951024764e-06,
      4.0628492570249364e-07
    ],
    [
      6.993102579144761e-05,
      9.7520554845687e-05,
      7.067299156915396e-05,
      3.548624226823449e-05,
      1.3888218745705672e-05,
      4.51874029749888e-06,
      1.2731362630802323e-06,
      3.1946711942509864e-07,
      7.287799519417604e-08
    ],
    [
      1.322239222645294e-05,
      1.811310175980907e-05,
      1.2893623534182552e-05,
      6.358831797115272e-06,
      2.444175379423541e-06,
      7.809924227331067e-07,
      2.1608526878935663e-07,
      5.324471530343544e-08,
      1.192691012619207e-08
    ]
  ],
  "probs_results": [
    0.23874446749687195,
    0.2722351551055908,
    0.48902055621147156
  ]
}