{
  "skills_mean": [
    [
      0.2653723955154419,
      0.9813972115516663
    ],
    [
      0.8005757927894592,
      0.813348650932312
    ]
  ],
  "skills_cov": [
    [
      [
        0.022951224818825722,
        0.012514173053205013
      ],
      [
        0.012514173053205013,
        0.024647198617458344
      ]
    ],
    [
      [
        0.017803171649575233,
        0.0103186359629035
      ],
      [
        0.0103186359629035,
        0.023076094686985016
      ]
    ]
  ],
  "probs_grid": [
    [
      0.0641937330365181,
      0.10111925005912781,
      0.08282770216464996,
      0.04703463986515999,
      0.020829198881983757,
      0.0076722935773432255,
      0.0024482763838022947,
      0.0006960931932553649,
      0.00017999252304434776
    ],
    [
      0.07199781388044357,
      0.11149749159812927,
      0.08977742493152618,
      0.0501103438436985,
      0.021810244768857956,
      0.007895090617239475,
      0.0024757275823503733,
      0.0006916566635482013,
      0.00017572406795807183
    ],
    [
      0.04214910417795181,
      0.06416203081607819,
      0.05077861621975899,
      0.02785496599972248,
      0.011914103291928768,
      0.0042378767393529415,
      0.0013057332253083587,
      0.0003584050864446908,
      8.94585027708672e-05
    ],
    [
      0.017171286046504974,
      0.025690896436572075,
      0.019981516525149345,
      0.010771072469651699,
      0.0045268055982887745,
      0.0015820518601685762,
      0.00047889474080875516,
      0.00012913564569316804,
      3.166327587678097e-05
    ],
    [
      0.005476197227835655,
      0.00805172510445118,
      0.006153653841465712,
      0.003259289311245084,
      0.0013458040775731206,
      0.00046207004925236106,
      0.00013740274880547076,
      3.6395293136592954e-05,
      8.765476195549127e-06
    ],
    [
      0.0014581650029867887,
      0.002106686122715473,
      0.0015819435939192772,
      0.000823180191218853,
      0.00033391526085324585,
      0.0001126200586440973,
      3.289507731096819e-05,
      8.558234185329638e-06,
      2.024400146183325e-06
    ],
    [
      0.0003376548702362925,
      0.0004792959662154317,
      0.0003535887517500669,
      0.00018074785475619137,
      7.202046981547028e-05,
      2.3858860004111193e-05,
      6.8446906880126335e-06,
      1.74893341409188e-06,
      4.062852667630068e-07
    ],
    [
      6.993122224230319e-05,
      9.752076584845781e-05,
      7.067310798447579e-05,
      3.548628228600137e-05,
      1.3888236026105005e-05,
      4.518743935477687e-06,
      1.2731372862617718e-06,
      3.194677447027061e-07,
      7.287812309186847e-08
    ],
    [
      1.3222433153714519e-05,
      1.811315814848058e-05,
      1.2893652638013009e-05,
      6.358843620546395e-06,
      2.4441787900286727e-06,
      7.809934459146461e-07,
      2.1608548195217736e-07,
      5.3244793463136375e-08,
      1.1926934107009401e-08
    ]
  ],
  "probs_results": [
    0.2387443631887436,
    0.2722351849079132,
    0.48902061581611633
  ]
}