{
  "skills_mean": [
    [
      0.7102414965629578,
      1.3743221759796143
    ],
    [
      -0.25987210869789124,
      0.38456258177757263
    ]
  ],
  "skills_cov": [
    [
      [
        0.017229055985808372,
        0.010814547538757324
      ],
      [
        0.010814547538757324,
        0.02748982049524784
      ]
    ],
    [
      [
        0.022876199334859848,
        0.01061903778463602
      ],
      [
        0.01061903778463602,
        0.022554706782102585
      ]
    ]
  ],
  "probs_grid": [
    [
      0.04992758110165596,
      0.019897405058145523,
      0.004161209799349308,
      0.0006088849040679634,
      7.012636342551559e-05,
      6.780639523640275e-06,
      5.733431294174807e-07,
      4.360434502359567e-08,
      3.044750229719284e-09
    ],
    [
      0.12406277656555176,
      0.048793502151966095,
      0.010066591203212738,
      0.0014525706646963954,
      0.0001649202313274145,
      1.5714989785919897e-05,
      1.3091130313114263e-06,
      9.805906842075274e-08,
      6.741997626846796e-09
    ],
    [
      0.1597803235054016,
      0.06200582906603813,
      0.012617753818631172,
      0.001795210991986096,
      0.00020090409088879824,
      1.886390418803785e-05,
      1.5479996591238887e-06,
      1.1419271572776779e-07,
      7.730080575640841e-09
    ],
    [
      0.14219145476818085,
      0.0544377900660038,
      0.010924851521849632,
      0.0015323956031352282,
      0.00016901690105441958,
      1.563616569910664e-05,
      1.2638795396924252e-06,
      9.181098192811987e-08,
      6.118618944839227e-09
    ],
    [
      0.09835413843393326,
      0.03714247792959213,
      0.007350084837526083,
      0.0010162873659282923,
      0.00011046240251744166,
      1.0067691619042307e-05,
      8.015007324502221e-07,
      5.732988839213249e-08,
      3.761176259331478e-09
    ],
    [
      0.05639686435461044,
      0.02100501023232937,
      0.004098221659660339,
      0.0005585208418779075,
      5.981800495646894e-05,
      5.370610779209528e-06,
      4.210770896406757e-07,
      2.965488654638193e-08,
      1.915117397999211e-09
    ],
    [
      0.027921179309487343,
      0.010254964232444763,
      0.0019724532030522823,
      0.0002649258531164378,
      2.7955744371865876e-05,
      2.4723096885281848e-06,
      1.9088538749656436e-07,
      1.3235378126807973e-08,
      8.41331171397286e-10
    ],
    [
      0.012274586595594883,
      0.004445153754204512,
      0.0008427755092270672,
      0.000111547858978156,
      1.1596430340432562e-05,
      1.0100967529069749e-06,
      7.679537361582334e-08,
      5.2420605634040385e-09,
      3.279757576635234e-10
    ],
    [
      0.0048907045274972916,
      0.0017461511306464672,
      0.00032629910856485367,
      4.255571911926381e-05,
      4.35815900345915e-06,
      3.738675786735257e-07,
      2.7987599793277695e-08,
      1.880667399589697e-09,
      1.1580835596047834e-10
    ]
  ],
  "probs_results": [
    0.11342134326696396,
    0.8477699756622314,
    0.03880882263183594
  ]
}