{
  "skills_mean": [
    [
      0.007470931392163038,
      0.3672436475753784
    ],
    [
      0.3869571089744568,
      0.7411889433860779
    ]
  ],
  "skills_cov": [
    [
      [
        0.01887226663529873,
        0.009898996911942959
      ],
      [
        0.009898996911942959,
        0.020398234948515892
      ]
    ],
    [
      [
        0.01983872801065445,
        0.011233426630496979
      ],
      [
        0.011233426630496979,
        0.023982888087630272
      ]
    ]
  ],
  "probs_grid": [
    [
      0.05502389743924141,
      0.10422661155462265,
      0.1024288535118103,
      0.06962745636701584,
      0.036826785653829575,
      0.016164321452379227,
      0.006132597103714943,
      0.002068301197141409,
      0.0006329547613859177
    ],
    [
      0.05196988582611084,
      0.09691838920116425,
      0.09376424551010132,
      0.06274031102657318,
      0.032662324607372284,
      0.01410997286438942,
      0.005268302746117115,
      0.0017485229764133692,
      0.0005265488289296627
    ],
    [
      0.025554796680808067,
      0.046912781894207,
      0.04467351362109184,
      0.02942061796784401,
      0.015073489397764206,
      0.006408033426851034,
      0.002354369731619954,
      0.0007688760524615645,
      0.00022781515144743025
    ],
    [
      0.008722258731722832,
      0.015759889036417007,
      0.014770060777664185,
      0.009572427719831467,
      0.0048260497860610485,
      0.0020187553018331528,
      0.0007297750562429428,
      0.00023447873536497355,
      6.83506004861556e-05
    ],
    [
      0.00232460699044168,
      0.004133550450205803,
      0.003812137059867382,
      0.0024310534354299307,
      0.0012059290893375874,
      0.0004963018000125885,
      0.0001765060587786138,
      5.57906532776542e-05,
      1.5998102753655985e-05
    ],
    [
      0.0005159860011190176,
      0.0009028335916809738,
      0.0008192542591132224,
      0.0005140211433172226,
      0.00025085260858759284,
      0.00010156134521821514,
      3.553092392394319e-05,
      1.104720195144182e-05,
      3.1159183890849818e-06
    ],
    [
      9.935616981238127e-05,
      0.00017104535072576255,
      0.000152700231410563,
      9.425237658433616e-05,
      4.524758696788922e-05,
      1.8019714843831025e-05,
      6.2007993619772606e-06,
      1.896254957500787e-06,
      5.260376383375842e-07
    ],
    [
      1.706976763671264e-05,
      2.8909729735460132e-05,
      2.5388926587766036e-05,
      1.5415011148434132e-05,
      7.278975772351259e-06,
      2.851176532203681e-06,
      9.649527328292606e-07,
      2.9021492764513823e-07,
      7.917508781929428e-08
    ],
    [
      2.670928324732813e-06,
      4.449739208212122e-06,
      3.843834747385699e-06,
      2.295461626999895e-06,
      1.066054778675607e-06,
      4.1067355027735175e-07,
      1.3668575604697253e-07,
      4.042638224177608e-08,
      1.0845439213369445e-08
    ]
  ],
  "probs_results": [
    0.20761738717556,
    0.18018735945224762,
    0.6121952533721924
  ]
}