{
  "skills_mean": [
    [
      0.35262465476989746,
      0.6911861896514893
    ],
    [
      0.3393932282924652,
      0.7445807456970215
    ]
  ],
  "skills_cov": [
    [
      [
        0.015781471505761147,
        0.008591488935053349
      ],
      [
        0.008591488935053349,
        0.021692071110010147
      ]
    ],
    [
      [
        0.020613690838217735,
        0.011731422506272793
      ],
      [
        0.011731422506272793,
        0.025084037333726883
      ]
    ]
  ],
  "probs_grid": [
    [
      0.06845168024301529,
      0.09187973290681839,
      0.0641477182507515,
      0.031057924032211304,
      0.011730339378118515,
      0.0036862706765532494,
      0.00100390100851655,
      0.00024367858713958412,
      5.38121021236293e-05
    ],
    [
      0.08863554149866104,
      0.1172131821513176,
      0.08061473071575165,
      0.03844406455755234,
      0.014300186187028885,
      0.004425335209816694,
      0.0011866864515468478,
      0.0002836013154592365,
      6.165668310131878e-05
    ],
    [
      0.05962435528635979,
      0.07767298817634583,
      0.052617769688367844,
      0.02471279352903366,
      0.00905236043035984,
      0.0027583546470850706,
      0.0007282530423253775,
      0.00017134052177425474,
      3.666926932055503e-05
    ],
    [
      0.02778053656220436,
      0.03564619645476341,
      0.02378213219344616,
      0.010999375022947788,
      0.003967265132814646,
      0.0011902031255885959,
      0.0003093542472925037,
      7.164738781284541e-05,
      1.5093009096744936e-05
    ],
    [
      0.01008510496467352,
      0.012744725681841373,
      0.008373316377401352,
      0.00381328072398901,
      0.0013541390653699636,
      0.00039993980317376554,
      0.00010232802014797926,
      2.332755502720829e-05,
      4.836633252125466e-06
    ],
    [
      0.0030425633303821087,
      0.0037863575853407383,
      0.002449485007673502,
      0.0010982946259900928,
      0.00038395938463509083,
      0.00011163000453962013,
      2.811315789585933e-05,
      6.307839157670969e-06,
      1.2871239505329868e-06
    ],
    [
      0.0007945350371301174,
      0.0009736088686622679,
      0.000620130798779428,
      0.0002737355825956911,
      9.420275455340743e-05,
      2.695802686503157e-05,
      6.682092134724371e-06,
      1.4755268011867884e-06,
      2.9629339337589045e-07
    ],
    [
      0.0001847148669185117,
      0.0002228551311418414,
      0.00013974250759929419,
      6.0721813497366384e-05,
      2.0568757463479415e-05,
      5.793345280835638e-06,
      1.4132452861304046e-06,
      3.0710467058270297e-07,
      6.06830568017358e-08
    ],
    [
      3.9023285353323445e-05,
      4.635083314497024e-05,
      2.8611166271730326e-05,
      1.2237319424457382e-05,
      4.0798913687467575e-06,
      1.1309292631267454e-06,
      2.7149312131768966e-07,
      5.805416591897483e-08,
      1.1287397683190648e-08
    ]
  ],
  "probs_results": [
    0.25077345967292786,
    0.36249661445617676,
    0.3867298364639282
  ]
}