{
  "skills_mean": [
    [
      0.03214182332158089,
      0.3789747655391693
    ],
    [
      0.3913011848926544,
      0.7851740717887878
    ]
  ],
  "skills_cov": [
    [
      [
        0.019209573045372963,
        0.010160258039832115
      ],
      [
        0.010160258039832115,
        0.020714472979307175
      ]
    ],
    [
      [
        0.020138684660196304,
        0.01165736559778452
      ],
      [
        0.01165736559778452,
        0.024762310087680817
      ]
    ]
  ],
  "probs_grid": [
    [
      0.0567777194082737,
      0.10675186663866043,
      0.10418878495693207,
      0.0703737810254097,
      0.0370045006275177,
      0.01615605503320694,
      0.0061000739224255085,
      0.0020485231652855873,
      0.0006245371187105775
    ],
    [
      0.05266327038407326,
      0.09743426740169525,
      0.09356708079576492,
      0.06217872351408005,
      0.032164718955755234,
      0.013814128004014492,
      0.005130473989993334,
      0.0016946169780567288,
      0.0005081287235952914
    ],
    [
      0.025456560775637627,
      0.04633873701095581,
      0.043778255581855774,
      0.028618380427360535,
      0.014561926946043968,
      0.00615132600069046,
      0.0022468925453722477,
      0.0007298801210708916,
      0.0002152222878066823
    ],
    [
      0.008550037629902363,
      0.015310557559132576,
      0.014228151179850101,
      0.00914840679615736,
      0.00457824906334281,
      0.001901962561532855,
      0.0006831923383288085,
      0.00021823130373377353,
      6.327572918962687e-05
    ],
    [
      0.0022446042858064175,
      0.0039535099640488625,
      0.003613492241129279,
      0.0022849671076983213,
      0.001124505652114749,
      0.0004593733756337315,
      0.0001622500567464158,
      5.0958431529579684e-05,
      1.4526956874760799e-05
    ],
    [
      0.0004912656731903553,
      0.0008509899489581585,
      0.0007648959290236235,
      0.00047561971587128937,
      0.00023015448823571205,
      9.244373359251767e-05,
      3.210171780665405e-05,
      9.912228051689453e-06,
      2.7779460651800036e-06
    ],
    [
      9.336799121228978e-05,
      0.00015904476458672434,
      0.00014056616055313498,
      8.593987149652094e-05,
      4.088704736204818e-05,
      1.6145524568855762e-05,
      5.511762992682634e-06,
      1.6730252809793456e-06,
      4.609009351952409e-07
    ],
    [
      1.5848559996811673e-05,
      2.6544572392595e-05,
      2.306609894731082e-05,
      1.3864336324331816e-05,
      6.484513960458571e-06,
      2.5171525521727744e-06,
      8.446837114206573e-07,
      2.520199302580295e-07,
      6.824224385582056e-08
    ],
    [
      2.452538183206343e-06,
      4.038510724058142e-06,
      3.449946916589397e-06,
      2.0384773051773664e-06,
      9.371956366521772e-07,
      3.575921994070086e-07,
      1.1794514165330838e-07,
      3.458690045476942e-08,
      9.204626394421211e-09
    ]
  ],
  "probs_results": [
    0.2084728479385376,
    0.17819061875343323,
    0.6133365631103516
  ]
}