{
  "skills_mean": [
    [
      0.8006958365440369,
      0.8134705424308777
    ],
    [
      0.10861313343048096,
      0.713910698890686
    ]
  ],
  "skills_cov": [
    [
      [
        0.01767711527645588,
        0.010217207483947277
      ],
      [
        0.010217207483947277,
        0.022951608523726463
      ]
    ],
    [
      [
        0.019907882437109947,
        0.010751834139227867
      ],
      [
        0.010751834139227867,
        0.02401476912200451
      ]
    ]
  ],
  "probs_grid": [
    [
      0.04703501611948013,
      0.04576637223362923,
      0.02318253181874752,
      0.00815041083842516,
      0.0022373292595148087,
      0.0005114632658660412,
      0.00010142243263544515,
      1.7942997146747075e-05,
      2.8908273179695243e-06
    ],
    [
      0.09463934600353241,
      0.09066349267959595,
      0.04520895332098007,
      0.015644652768969536,
      0.004226566758006811,
      0.0009508128277957439,
      0.0001855203736340627,
      3.229138383176178e-05,
      5.118089575262275e-06
    ],
    [
      0.09890095144510269,
      0.09327409416437149,
      0.045782268047332764,
      0.015593025833368301,
      0.004145665094256401,
      0.00091769132995978,
      0.00017617494449950755,
      3.0168162993504666e-05,
      4.70371423944016e-06
    ],
    [
      0.0715646743774414,
      0.06643953174352646,
      0.03209788724780083,
      0.010759021155536175,
      0.002814824925735593,
      0.000613089301623404,
      0.00011579734564293176,
      1.9507002434693277e-05,
      2.991798510265653e-06
    ],
    [
      0.040333863347768784,
      0.03685830160975456,
      0.017525535076856613,
      0.005781019572168589,
      0.0014882434625178576,
      0.0003189283888787031,
      5.926168159930967e-05,
      9.820486411626916e-06,
      1.4815130953138578e-06
    ],
    [
      0.018883906304836273,
      0.0169850941747427,
      0.007948128506541252,
      0.0025799518916755915,
      0.0006535064312629402,
      0.00013778297579847276,
      2.5186211132677272e-05,
      4.105545031052316e-06,
      6.091962632126524e-07
    ],
    [
      0.007649631705135107,
      0.006771787069737911,
      0.003118448192253709,
      0.0009960427414625883,
      0.00024823640706017613,
      5.14895909873303e-05,
      9.258835234504659e-06,
      1.4845588793832576e-06,
      2.1666178895429766e-07
    ],
    [
      0.0027573818806558847,
      0.0024022874422371387,
      0.0010886261006817222,
      0.00034213095204904675,
      8.389034337596968e-05,
      1.7118205505539663e-05,
      3.0279572911240393e-06,
      4.775400839207578e-07,
      6.85457663962552e-08
    ],
    [
      0.00090273522073403,
      0.0007739893044345081,
      0.00034513568971306086,
      0.00010672388452803716,
      2.5745332095539197e-05,
      5.168010375200538e-06,
      8.992005291474925e-07,
      1.3948388755125052e-07,
      1.969108076593784e-08
    ]
  ],
  "probs_results": [
    0.19604985415935516,
    0.6327188014984131,
    0.17123129963874817
  ]
}