{
  "skills_mean": [
    [
      -0.008709423243999481,
      0.4083259403705597
    ],
    [
      0.3721897006034851,
      0.72182297706604
    ]
  ],
  "skills_cov": [
    [
      [
        0.0205924604088068,
        0.010288034565746784
      ],
      [
        0.010288034565746784,
        0.02075957879424095
      ]
    ],
    [
      [
        0.016244202852249146,
        0.009154642932116985
      ],
      [
        0.009154642932116985,
        0.022825341671705246
      ]
    ]
  ],
  "probs_grid": [
    [
      0.06083386018872261,
      0.10968808084726334,
      0.10234075039625168,
      0.06587503105401993,
      0.03290765732526779,
      0.013607327826321125,
      0.004851128906011581,
      0.00153358094394207,
      0.0004388171073514968
    ],
    [
      0.057347625494003296,
      0.1019580066204071,
      0.09379051625728607,
      0.05951668322086334,
      0.029307864606380463,
      0.011945192702114582,
      0.004197228234261274,
      0.001307659549638629,
      0.00036873176577501
    ],
    [
      0.02816368080675602,
      0.04936475679278374,
      0.04476471245288849,
      0.028000041842460632,
      0.013589740730822086,
      0.005458756349980831,
      0.0018901890143752098,
      0.0005802965024486184,
      0.00016123204841278493
    ],
    [
      0.009606833569705486,
      0.01659829169511795,
      0.014835421927273273,
      0.009145442396402359,
      0.004374271258711815,
      0.0017314302967861295,
      0.0005907503655180335,
      0.00017869356088340282,
      4.891532807960175e-05
    ],
    [
      0.002560434862971306,
      0.00436003552749753,
      0.003840468358248472,
      0.002332992386072874,
      0.001099530141800642,
      0.0004288148775231093,
      0.0001441466883989051,
      4.295561302569695e-05,
      1.1583575542317703e-05
    ],
    [
      0.0005687088123522699,
      0.0009543346823193133,
      0.0008283162023872137,
      0.0004957869532518089,
      0.0002302126813447103,
      8.845145930536091e-05,
      2.929051515820902e-05,
      8.598156455263961e-06,
      2.2838569293526234e-06
    ],
    [
      0.00010964978719130158,
      0.00018130002717953175,
      0.00015503920440096408,
      9.142377530224621e-05,
      4.182004340691492e-05,
      1.5827974493731745e-05,
      5.162836714589503e-06,
      1.4927439906387008e-06,
      3.9052315514709335e-07
    ],
    [
      1.8874325178330764e-05,
      3.074602864217013e-05,
      2.5901854314724915e-05,
      1.5045937288959976e-05,
      6.779368504794547e-06,
      2.5272627226513578e-06,
      8.119158678709937e-07,
      2.3119832803786267e-07,
      5.956665916073689e-08
    ],
    [
      2.960763140436029e-06,
      4.751168944494566e-06,
      3.9427013689419255e-06,
      2.255836761833052e-06,
      1.00110287348798e-06,
      3.675515074519353e-07,
      1.1628824125864412e-07,
      3.260967673668347e-08,
      8.273397078539801e-09
    ]
  ],
  "probs_results": [
    0.21797287464141846,
    0.19286762177944183,
    0.5891594290733337
  ]
}