{
  "skills_mean": [
    [
      0.5597845315933228,
      0.9670400023460388
    ],
    [
      -0.15815068781375885,
      0.5479974150657654
    ]
  ],
  "skills_cov": [
    [
      [
        0.019846927374601364,
        0.012024588882923126
      ],
      [
        0.012024588882923126,
        0.026881389319896698
      ]
    ],
    [
      [
        0.021485095843672752,
        0.011024007573723793
      ],
      [
        0.011024007573723793,
        0.023599596694111824
      ]
    ]
  ],
  "probs_grid": [
    [
      0.07598400115966797,
      0.04924411699175835,
      0.01670815423130989,
      0.003956957720220089,
      0.0007358379079960287,
      0.00011460248060757294,
      1.557036921440158e-05,
      1.8980327922690776e-06,
      2.1190137999838043e-07
    ],
    [
      0.14160673320293427,
      0.09033343195915222,
      0.030160563066601753,
      0.0070271603763103485,
      0.0012853012885898352,
      0.0001968449796549976,
      2.6293322662240826e-05,
      3.150509883198538e-06,
      3.4566940598779183e-07
    ],
    [
      0.13730886578559875,
      0.08620404452085495,
      0.02831866592168808,
      0.0064902761951088905,
      0.00116745475679636,
      0.00017579978157300502,
      2.3083994165062904e-05,
      2.718539008128573e-06,
      2.931079166046402e-07
    ],
    [
      0.09235357493162155,
      0.05705373361706734,
      0.018438493832945824,
      0.0041563548147678375,
      0.0007351770182140172,
      0.00010883884533541277,
      1.4047738659428433e-05,
      1.6258546793324058e-06,
      1.7224630255441298e-07
    ],
    [
      0.04846736043691635,
      0.029459305107593536,
      0.009364968165755272,
      0.002076063072308898,
      0.0003610581043176353,
      5.2546147344401106e-05,
      6.665838100161636e-06,
      7.581325576211384e-07,
      7.891454600894576e-08
    ],
    [
      0.02116698957979679,
      0.01265671569854021,
      0.0039572883397340775,
      0.0008626479539088905,
      0.00014749773254152387,
      2.1100000594742596e-05,
      2.6305840492568677e-06,
      2.9398492529253417e-07,
      3.006424975637856e-08
    ],
    [
      0.008012259379029274,
      0.004712551832199097,
      0.0014490385074168444,
      0.00031058170134201646,
      5.220407183514908e-05,
      7.3400601650064345e-06,
      8.992748803393624e-07,
      9.874567297174508e-08,
      9.920400501073345e-09
    ],
    [
      0.0027034219820052385,
      0.0015638991026207805,
      0.00047286602784879506,
      9.964502532966435e-05,
      1.6463642168673687e-05,
      2.2750289190298645e-06,
      2.7388836087993695e-07,
      2.9547782887107132e-08,
      2.916061836444328e-09
    ],
    [
      0.0008299084729515016,
      0.0004721473378594965,
      0.00014037011715117842,
      2.907897396653425e-05,
      4.722363883047365e-06,
      6.41293979697366e-07,
      7.585968830881029e-08,
      8.040137444709217e-09,
      7.794244138992212e-10
    ]
  ],
  "probs_results": [
    0.1992872953414917,
    0.682386577129364,
    0.11832594126462936
  ]
}