{
  "skills_mean": [
    [
      0.6892194151878357,
      1.1132891178131104
    ],
    [
      0.35821589827537537,
      1.2038850784301758
    ]
  ],
  "skills_cov": [
    [
      [
        0.017305731773376465,
        0.009707503020763397
      ],
      [
        0.009707503020763397,
        0.02321724407374859
      ]
    ],
    [
      [
        0.014399286359548569,
        0.008024347946047783
      ],
      [
        0.008024347946047783,
        0.023237550631165504
      ]
    ]
  ],
  "probs_grid": [
    [
      0.12485204637050629,
      0.113624706864357,
      0.05359937250614166,
      0.017473449930548668,
      0.004428573418408632,
      0.0009307339787483215,
      0.00016895565204322338,
      2.7247113393968903e-05,
      3.98476367990952e-06
    ],
    [
      0.1423725038766861,
      0.12818312644958496,
      0.059805478900671005,
      0.01927897147834301,
      0.004830569960176945,
      0.0010034586302936077,
      0.000180011527845636,
      2.8682696211035363e-05,
      4.1437806430622e-06
    ],
    [
      0.08435674756765366,
      0.07511749863624573,
      0.034655388444662094,
      0.011044341139495373,
      0.0027352196630090475,
      0.0005614962428808212,
      9.952237451216206e-05,
      1.5665222235838883e-05,
      2.2353035546984756e-06
    ],
    [
      0.03462480008602142,
      0.030487410724163055,
      0.01390500646084547,
      0.004380004946142435,
      0.0010719586862251163,
      0.0002174223045585677,
      3.806921449722722e-05,
      5.918527676840313e-06,
      8.340043109456019e-07
    ],
    [
      0.011075232177972794,
      0.009640487842261791,
      0.0043458784930408,
      0.0013527798000723124,
      0.00032711413223296404,
      6.554196443175897e-05,
      1.1334748705849051e-05,
      1.7402277308065095e-06,
      2.4213099436565244e-07
    ],
    [
      0.0029445234686136246,
      0.002533265156671405,
      0.0011284928768873215,
      0.0003470659430604428,
      8.290375262731686e-05,
      1.6406444046879187e-05,
      2.8019458113703877e-06,
      4.247590936756751e-07,
      5.834644056790239e-08
    ],
    [
      0.0006777517264708877,
      0.0005761922802776098,
      0.00025359587743878365,
      7.704423478571698e-05,
      1.8176842786488123e-05,
      3.552293037500931e-06,
      5.990195290905831e-07,
      8.964988040816024e-08,
      1.2155957129778017e-08
    ],
    [
      0.00013890657282900065,
      0.00011667227954603732,
      5.072477870271541e-05,
      1.5220494788081851e-05,
      3.546118250596919e-06,
      6.84268798067933e-07,
      1.1391547616312891e-07,
      1.68290075208688e-08,
      2.2522126386093078e-09
    ],
    [
      2.58757863775827e-05,
      2.1468784325406887e-05,
      9.2185864559724e-06,
      2.7315743409417337e-06,
      6.283717652877385e-07,
      1.1970466573529848e-07,
      1.967120688561863e-08,
      2.8682503039334506e-09,
      3.7881384140625585e-10
    ]
  ],
  "probs_results": [
    0.2924191951751709,
    0.41631320118904114,
    0.29126766324043274
  ]
}