{
  "skills_mean": [
    [
      0.2677375078201294,
      0.9073901772499084
    ],
    [
      -0.27847790718078613,
      0.3624497056007385
    ]
  ],
  "skills_cov": [
    [
      [
        0.024256663396954536,
        0.014471384696662426
      ],
      [
        0.014471384696662426,
        0.028252437710762024
      ]
    ],
    [
      [
        0.023474659770727158,
        0.011243587359786034
      ],
      [
        0.011243587359786034,
        0.023638207465410233
      ]
    ]
  ],
  "probs_grid": [
    [
      0.0953301191329956,
      0.05823693051934242,
      0.0186840258538723,
      0.004197201691567898,
      0.000742664560675621,
      0.00011039990204153582,
      1.4361049579747487e-05,
      1.681308276602067e-06,
      1.8083109409872122e-07
    ],
    [
      0.16023670136928558,
      0.09620536118745804,
      0.030324777588248253,
      0.0066908239386975765,
      0.0011624627513810992,
      0.00016963042435236275,
      2.1655050659319386e-05,
      2.487453230060055e-06,
      2.6243284878546547e-07
    ],
    [
      0.1407053917646408,
      0.08300945162773132,
      0.02570221945643425,
      0.005568910390138626,
      0.0009498781873844564,
      0.00013604365813080221,
      1.7041735191014595e-05,
      1.9203953343094327e-06,
      1.987203717135344e-07
    ],
    [
      0.08605047315359116,
      0.04987316206097603,
      0.015166287310421467,
      0.0032264678739011288,
      0.0005402063252404332,
      7.59272079449147e-05,
      9.331674846180249e-06,
      1.0314973906133673e-06,
      1.0467972089145405e-07
    ],
    [
      0.04122664034366608,
      0.02346998266875744,
      0.007008492946624756,
      0.0014637181302532554,
      0.00024052805383689702,
      3.317243681522086e-05,
      3.999601176474243e-06,
      4.3362209112274286e-07,
      4.31525819521994e-08
    ],
    [
      0.016502395272254944,
      0.009226419031620026,
      0.00270508392713964,
      0.0005545488093048334,
      8.942739077610895e-05,
      1.2100593266950455e-05,
      1.4311257245935849e-06,
      1.5216586746191751e-07,
      1.4848248852672441e-08
    ],
    [
      0.005748036317527294,
      0.0031556838657706976,
      0.0009082776959985495,
      0.0001827470405260101,
      2.8917113013449125e-05,
      3.838580596493557e-06,
      4.452794541975891e-07,
      4.642788553610444e-08,
      4.4418566602644205e-09
    ],
    [
      0.001791674643754959,
      0.0009657464106567204,
      0.0002728430845309049,
      5.387275814427994e-05,
      8.363792403542902e-06,
      1.0890756811932079e-06,
      1.239006479636373e-07,
      1.2667548787703709e-08,
      1.1881589045970031e-09
    ],
    [
      0.0005100902053527534,
      0.00026991619961336255,
      7.484381785616279e-05,
      1.4500848010357004e-05,
      2.208598971265019e-06,
      2.8208134494889237e-07,
      3.1470978711922726e-08,
      3.154797090232364e-09,
      2.90082818876769e-10
    ]
  ],
  "probs_results": [
    0.22078394889831543,
    0.6514779925346375,
    0.12773799896240234
  ]
}