{
  "skills_mean": [
    [
      -0.2127683460712433,
      0.3476235568523407
    ],
    [
      0.0321476086974144,
      0.37904292345046997
    ]
  ],
  "skills_cov": [
    [
      [
        0.024296151474118233,
        0.012374098412692547
      ],
      [
        0.012374098412692547,
        0.024322425946593285
      ]
    ],
    [
      [
        0.019058778882026672,
        0.010038469918072224
      ],
      [
        0.010038469918072224,
        0.020564226433634758
      ]
    ]
  ],
  "probs_grid": [
    [
      0.0822637602686882,
      0.11391547322273254,
      0.08212302625179291,
      0.041091859340667725,
      0.016053467988967896,
      0.005222653038799763,
      0.0014736981829628348,
      0.000370946858311072,
      8.501776028424501e-05
    ],
    [
      0.08814796805381775,
      0.12010018527507782,
      0.08517660945653915,
      0.04192247614264488,
      0.016107972711324692,
      0.005153391044586897,
      0.0014298593159765005,
      0.00035386314266361296,
      7.97318498371169e-05
    ],
    [
      0.04925895854830742,
      0.06602374464273453,
      0.04605760797858238,
      0.02229447104036808,
      0.008423813618719578,
      0.0026499058585613966,
      0.000722861906979233,
      0.00017586552712600678,
      3.8951369788264856e-05
    ],
    [
      0.01913965493440628,
      0.02523268386721611,
      0.01731104589998722,
      0.008239971473813057,
      0.0030612230766564608,
      0.0009467359050177038,
      0.0002538772241678089,
      6.07127949479036e-05,
      1.32165241666371e-05
    ],
    [
      0.00581672228872776,
      0.007541491184383631,
      0.005087612196803093,
      0.0023810246493667364,
      0.0008696300210431218,
      0.0002643789048306644,
      6.968513480387628e-05,
      1.6378649888793007e-05,
      3.5039881822740426e-06
    ],
    [
      0.0014747254317626357,
      0.001880090101622045,
      0.0012470227666199207,
      0.0005737419705837965,
      0.0002059850376099348,
      6.155109440442175e-05,
      1.5944802726153284e-05,
      3.6829189866693923e-06,
      7.74246643686638e-07
    ],
    [
      0.00032488114084117115,
      0.0004072152078151703,
      0.00026552443159744143,
      0.00012008455814793706,
      4.237456596456468e-05,
      1.2444168532965705e-05,
      3.167914655932691e-06,
      7.190145083768584e-07,
      1.4852010110644187e-07
    ],
    [
      6.396094977390021e-05,
      7.881221972638741e-05,
      5.051359039498493e-05,
      2.2453454221249558e-05,
      7.786711648805067e-06,
      2.2471426746051293e-06,
      5.621085961138306e-07,
      1.253529404721121e-07,
      2.543919563890995e-08
    ],
    [
      1.1486773473734502e-05,
      1.391253863403108e-05,
      8.764122867432889e-06,
      3.828516128123738e-06,
      1.3047016409473144e-06,
      3.6996661378907447e-07,
      9.092729413850975e-08,
      1.9921433391800747e-08,
      3.9716718802651485e-09
    ]
  ],
  "probs_results": [
    0.2576129138469696,
    0.2927803695201874,
    0.4496064782142639
  ]
}