{
  "skills_mean": [
    [
      0.6106730699539185,
      1.1939127445220947
    ],
    [
      -0.19818146526813507,
      0.37896209955215454
    ]
  ],
  "skills_cov": [
    [
      [
        0.01879952661693096,
        0.01161039900034666
      ],
      [
        0.01161039900034666,
        0.027568580582737923
      ]
    ],
    [
      [
        0.023981597274541855,
        0.012068560346961021
      ],
      [
        0.012068560346961021,
        0.02386881224811077
      ]
    ]
  ],
  "probs_grid": [
    [
      0.05613560602068901,
      0.028358956798911095,
      0.007523745764046907,
      0.0013976236805319786,
      0.00020449912699405104,
      2.5138744604191743e-05,
      2.7042822239309317e-06,
      2.618343160065706e-07,
      2.3291390149893232e-08
    ],
    [
      0.1277986615896225,
      0.06354186683893204,
      0.016586240381002426,
      0.0030305287800729275,
      0.0004360247403383255,
      5.2691430028062314e-05,
      5.570798748522066e-06,
      5.299796157487435e-07,
      4.6312656820646225e-08
    ],
    [
      0.15118911862373352,
      0.07397338002920151,
      0.018995588645339012,
      0.0034134071320295334,
      0.00048286805395036936,
      5.7357978221261874e-05,
      5.959419922874076e-06,
      5.570323651227227e-07,
      4.7814985748573235e-08
    ],
    [
      0.12390894442796707,
      0.05965164303779602,
      0.01506741065531969,
      0.002662522019818425,
      0.0003702882386278361,
      4.323207031120546e-05,
      4.4138309931440745e-06,
      4.0531921285946737e-07,
      3.4174121310570627e-08
    ],
    [
      0.07913462817668915,
      0.03748001530766487,
      0.009311258792877197,
      0.0016178592341020703,
      0.00022118522610981017,
      2.53798280027695e-05,
      2.5460581127845217e-06,
      2.296828540693241e-07,
      1.9020443886574867e-08
    ],
    [
      0.042002975940704346,
      0.019569488242268562,
      0.004781208001077175,
      0.0008167879423126578,
      0.0001097640415537171,
      1.2377384337014519e-05,
      1.2199747061458766e-06,
      1.0810982331577179e-07,
      8.79281536469989e-09
    ],
    [
      0.01929786428809166,
      0.00884364452213049,
      0.0021247148979455233,
      0.0003568431711755693,
      4.713383532362059e-05,
      5.222878371569095e-06,
      5.057667635810503e-07,
      4.402474118592181e-08,
      3.5165070855214253e-09
    ],
    [
      0.007892674766480923,
      0.003557378426194191,
      0.0008403804968111217,
      0.00013874789874535054,
      1.8011849533650093e-05,
      1.96119208339951e-06,
      1.865765568709321e-07,
      1.595209475624415e-08,
      1.2513154956650396e-09
    ],
    [
      0.0029330120887607336,
      0.001300076488405466,
      0.0003019670839421451,
      4.900685235043056e-05,
      6.252316779864486e-06,
      6.689066367471241e-07,
      6.251440254345653e-08,
      5.249739309931556e-09,
      4.043970436296007e-10
    ]
  ],
  "probs_results": [
    0.14189156889915466,
    0.7959346771240234,
    0.062173765152692795
  ]
}