{
  "skills_mean": [
    [
      -0.01818402297794819,
      0.38589340448379517
    ],
    [
      0.7002600431442261,
      1.364579439163208
    ]
  ],
  "skills_cov": [
    [
      [
        0.020384611561894417,
        0.010026239790022373
      ],
      [
        0.010026239790022373,
        0.02028726413846016
      ]
    ],
    [
      [
        0.01835465244948864,
        0.011729776859283447
      ],
      [
        0.011729776859283447,
        0.028570177033543587
      ]
    ]
  ],
  "probs_grid": [
    [
      0.04572161287069321,
      0.11294854432344437,
      0.14447759091854095,
      0.12757733464241028,
      0.08747917413711548,
      0.04967913776636124,
      0.02433660812675953,
      0.010576575063169003,
      0.0041622864082455635
    ],
    [
      0.023308152332901955,
      0.056737951934337616,
      0.07150725275278091,
      0.06220624968409538,
      0.04201783612370491,
      0.023503458127379417,
      0.01133990753442049,
      0.004853487946093082,
      0.001880917465314269
    ],
    [
      0.006225164048373699,
      0.014927981421351433,
      0.018531814217567444,
      0.015878168866038322,
      0.010562332347035408,
      0.005818116944283247,
      0.0027640899643301964,
      0.0011648191139101982,
      0.00044443580554798245
    ],
    [
      0.0011613747337833047,
      0.0027427903842180967,
      0.0033530420623719692,
      0.0028288725297898054,
      0.0018528075888752937,
      0.0010047969408333302,
      0.0004699417622759938,
      0.0001949485158547759,
      7.32176995370537e-05
    ],
    [
      0.00017025813576765358,
      0.00039590359665453434,
      0.0004764973418787122,
      0.0003957547596655786,
      0.00025515444576740265,
      0.00013620169193018228,
      6.269797449931502e-05,
      2.5598294087103568e-05,
      9.461662557441741e-06
    ],
    [
      2.092025533784181e-05,
      4.7885841922834516e-05,
      5.672893166774884e-05,
      4.63730757473968e-05,
      2.9424609238049015e-05,
      1.5457248082384467e-05,
      7.002005077083595e-06,
      2.813050741679035e-06,
      1.0230871794192353e-06
    ],
    [
      2.2441809051088057e-06,
      5.0554549488879275e-06,
      5.893731213291176e-06,
      4.740865733765531e-06,
      2.959939820357249e-06,
      1.52989559865091e-06,
      6.81850337969081e-07,
      2.695020384635427e-07,
      9.642698728384858e-08
    ],
    [
      2.1616892809106503e-07,
      4.791456262864813e-07,
      5.495946311384614e-07,
      4.3494051737980044e-07,
      2.6714889145296183e-07,
      1.358344974278225e-07,
      5.9551950926106656e-08,
      2.3153237549422556e-08,
      8.14847034291688e-09
    ],
    [
      1.9085609537228265e-08,
      4.161657329859736e-08,
      4.695731092851929e-08,
      3.6553664983784984e-08,
      2.2083819217755263e-08,
      1.1044148706673695e-08,
      4.762156446957988e-09,
      1.8209168617389082e-09,
      6.30249519240067e-10
    ]
  ],
  "probs_results": [
    0.1245281919836998,
    0.05357082188129425,
    0.8219010233879089
  ]
}