{
  "skills_mean": [
    [
      0.012214147485792637,
      0.6147075891494751
    ],
    [
      0.5714162588119507,
      1.1404486894607544
    ]
  ],
  "skills_cov": [
    [
      [
        0.02243184484541416,
        0.012362810783088207
      ],
      [
        0.012362810783088207,
        0.02549196220934391
      ]
    ],
    [
      [
        0.0215773805975914,
        0.012410721741616726
      ],
      [
        0.012410721741616726,
        0.02710496447980404
      ]
    ]
  ],
  "probs_grid": [
    [
      0.0842014029622078,
      0.14859913289546967,
      0.13688553869724274,
      0.08774460852146149,
      0.04402445629239082,
      0.018439162522554398,
      0.006714631337672472,
      0.0021862578578293324,
      0.0006496227579191327
    ],
    [
      0.05443641543388367,
      0.09444936364889145,
      0.08552151918411255,
      0.0538768395781517,
      0.026562821120023727,
      0.010931001044809818,
      0.003910435363650322,
      0.001250660396181047,
      0.0003649975114967674
    ],
    [
      0.018443631008267403,
      0.03145185485482216,
      0.0279860682785511,
      0.01732296496629715,
      0.008390500210225582,
      0.003391656558960676,
      0.0011916960356757045,
      0.0003743026463780552,
      0.00010726949403760955
    ],
    [
      0.004366222769021988,
      0.007316121365875006,
      0.006395671516656876,
      0.0038888028357177973,
      0.0018500153673812747,
      0.0007344169425778091,
      0.0002533923543523997,
      7.814600394340232e-05,
      2.1987647414789535e-05
    ],
    [
      0.0008124486193992198,
      0.0013373267138376832,
      0.0011482838308438659,
      0.0006856930558569729,
      0.00032032348099164665,
      0.00012485591287259012,
      4.2293228034395725e-05,
      1.2804322977899574e-05,
      3.53644895767502e-06
    ],
    [
      0.0001267414481844753,
      0.0002048919559456408,
      0.00017276096332352608,
      0.0001012940047075972,
      4.6457240387098864e-05,
      1.777630313881673e-05,
      5.9106023400090635e-06,
      1.7563505707585136e-06,
      4.760849208196305e-07
    ],
    [
      1.7265330825466663e-05,
      2.7406258595874533e-05,
      2.2687550881528296e-05,
      1.3058573131274898e-05,
      5.878842785023153e-06,
      2.207835223089205e-06,
      7.204566259133571e-07,
      2.1009030604091095e-07,
      5.588169216252936e-08
    ],
    [
      2.1123701117176097e-06,
      3.2917241696850397e-06,
      2.6748061827674974e-06,
      1.5110804270079825e-06,
      6.676220323242887e-07,
      2.460458006225963e-07,
      7.878336560906973e-08,
      2.2541387423302695e-08,
      5.8825473381318716e-09
    ],
    [
      2.3693409900715778e-07,
      3.6238907341612503e-07,
      2.889975121433963e-07,
      1.602133750111534e-07,
      6.945670349978172e-08,
      2.511526631110428e-08,
      7.889767061897146e-09,
      2.214576078074515e-09,
      5.669338887237529e-10
    ]
  ],
  "probs_results": [
    0.2109529972076416,
    0.1271994411945343,
    0.6618475317955017
  ]
}