{
  "skills_mean": [
    [
      0.2084529846906662,
      0.6148036122322083
    ],
    [
      0.6611750721931458,
      1.092499017715454
    ]
  ],
  "skills_cov": [
    [
      [
        0.022566910833120346,
        0.011476303450763226
      ],
      [
        0.011476303450763226,
        0.02282210811972618
      ]
    ],
    [
      [
        0.020788606256246567,
        0.01212223619222641
      ],
      [
        0.01212223619222641,
        0.02742662839591503
      ]
    ]
  ],
  "probs_grid": [
    [
      0.05962055176496506,
      0.11514925211668015,
      0.11570542305707932,
      0.08064185082912445,
      0.04385105520486832,
      0.019842000678181648,
      0.007781215477734804,
      0.00271982722915709,
      0.0008648901712149382
    ],
    [
      0.04885932058095932,
      0.09275654703378677,
      0.09160609543323517,
      0.06274474412202835,
      0.03352787345647812,
      0.014906872063875198,
      0.005743721034377813,
      0.0019724455196410418,
      0.0006161960773169994
    ],
    [
      0.020984496921300888,
      0.03915088623762131,
      0.037994980812072754,
      0.025570908561348915,
      0.013424787670373917,
      0.005863938946276903,
      0.002219575922936201,
      0.0007487396942451596,
      0.00022975877800490707
    ],
    [
      0.006297324318438768,
      0.011544219218194485,
      0.011007188819348812,
      0.007277610711753368,
      0.003753278637304902,
      0.0016103676753118634,
      0.0005987042677588761,
      0.0001983614347409457,
      5.9781035815831274e-05
    ],
    [
      0.0014853845350444317,
      0.0026750836987048388,
      0.0025055555161088705,
      0.0016271924832835793,
      0.0008242411422543228,
      0.0003473244432825595,
      0.00012681371299549937,
      4.126050043851137e-05,
      1.2210850400151685e-05
    ],
    [
      0.0002937240351457149,
      0.0005195864359848201,
      0.0004779818991664797,
      0.0003048621001653373,
      0.00015165227523539215,
      6.275323539739475e-05,
      2.2498386897495948e-05,
      7.187623850768432e-06,
      2.0885561298200628e-06
    ],
    [
      5.071643681731075e-05,
      8.810917643131688e-05,
      7.959736103657633e-05,
      4.9852496886160225e-05,
      2.4350258172489703e-05,
      9.893264177662786e-06,
      3.4824429349100683e-06,
      1.092269144464808e-06,
      3.115929416708241e-07
    ],
    [
      7.86432337918086e-06,
      1.341613369731931e-05,
      1.1900630852323957e-05,
      7.318089956243057e-06,
      3.5093821679765824e-06,
      1.3997882888361346e-06,
      4.837087885789515e-07,
      1.4893299749019207e-07,
      4.1705856546059294e-08
    ],
    [
      1.1178686918356107e-06,
      1.8723803805187345e-06,
      1.6306008774336078e-06,
      9.843787438512663e-07,
      4.6340448989212746e-07,
      1.814419761103636e-07,
      6.154441933858834e-08,
      1.859988607577634e-08,
      5.112325673906071e-09
    ]
  ],
  "probs_results": [
    0.19868099689483643,
    0.14834418892860413,
    0.6529749035835266
  ]
}