{
  "skills_mean": [
    [
      -0.295453280210495,
      0.06976406276226044
    ],
    [
      0.11040495336055756,
      0.7164896130561829
    ]
  ],
  "skills_cov": [
    [
      [
        0.02128768339753151,
        0.009700288996100426
      ],
      [
        0.009700288996100426,
        0.021444696933031082
      ]
    ],
    [
      [
        0.019580090418457985,
        0.010270411148667336
      ],
      [
        0.010270411148667336,
        0.0230488870292902
      ]
    ]
  ],
  "probs_grid": [
    [
      0.06672650575637817,
      0.12807442247867584,
      0.1276339888572693,
      0.08804479986429214,
      0.04729127138853073,
      0.02109496481716633,
      0.008139093406498432,
      0.0027935525868088007,
      0.0008706105872988701
    ],
    [
      0.04808737710118294,
      0.09104237705469131,
      0.08948169648647308,
      0.06086962670087814,
      0.03223690018057823,
      0.014176745899021626,
      0.005392039194703102,
      0.0018241924699395895,
      0.0005603187019005418
    ],
    [
      0.01807524263858795,
      0.03374814614653587,
      0.032706696540117264,
      0.021935423836112022,
      0.01145227998495102,
      0.004964346531778574,
      0.0018609852995723486,
      0.0006204763194546103,
      0.00018780985556077212
    ],
    [
      0.004724718164652586,
      0.008697709999978542,
      0.00831002090126276,
      0.005493794102221727,
      0.002827049233019352,
      0.001207746914587915,
      0.0004461589560378343,
      0.00014657778956461698,
      4.3714375351555645e-05
    ],
    [
      0.0009661349467933178,
      0.0017532537458464503,
      0.0016510911518707871,
      0.001075783628039062,
      0.000545540067832917,
      0.00022965217067394406,
      8.358895865967497e-05,
      2.705569568206556e-05,
      7.949046448629815e-06
    ],
    [
      0.0001648449688218534,
      0.00029483577236533165,
      0.00027362685068510473,
      0.0001756800338625908,
      8.777978655416518e-05,
      3.6405948776518926e-05,
      1.3054217561148107e-05,
      4.162262939644279e-06,
      1.2045542234773166e-06
    ],
    [
      2.4445254894089885e-05,
      4.308444113121368e-05,
      3.939838279620744e-05,
      2.4921964723034762e-05,
      1.2267561942280736e-05,
      5.011940629628953e-06,
      1.7702024024401908e-06,
      5.559189162340772e-07,
      1.5844983636270626e-07
    ],
    [
      3.240443220420275e-06,
      5.627039627142949e-06,
      5.069307462690631e-06,
      3.1588356250722427e-06,
      1.5315931705117691e-06,
      6.163112971080409e-07,
      2.1438653163841082e-07,
      6.630398274865001e-08,
      1.861012854931232e-08
    ],
    [
      3.9195339240905014e-07,
      6.704893280584656e-07,
      5.949855221842881e-07,
      3.6517144508252386e-07,
      1.7437891131066863e-07,
      6.91038906097674e-08,
      2.3671443472039755e-08,
      7.208866836805328e-09,
      1.9923005467603616e-09
    ]
  ],
  "probs_results": [
    0.19668008387088776,
    0.1283400058746338,
    0.6749798655509949
  ]
}