{
  "skills_mean": [
    [
      0.25439566373825073,
      0.8725783824920654
    ],
    [
      0.7976778149604797,
      1.1316744089126587
    ]
  ],
  "skills_cov": [
    [
      [
        0.023438939824700356,
        0.013881191611289978
      ],
      [
        0.013881191611289978,
        0.027714982628822327
      ]
    ],
    [
      [
        0.01667173020541668,
        0.010220569558441639
      ],
      [
        0.010220569558441639,
        0.025824077427387238
      ]
    ]
  ],
  "probs_grid": [
    [
      0.07398853451013565,
      0.12767210602760315,
      0.11473199725151062,
      0.07158438116312027,
      0.034881774336099625,
      0.014157955534756184,
      0.004985369276255369,
      0.001566266524605453,
      0.0004481281794141978
    ],
    [
      0.06081283465027809,
      0.10312948375940323,
      0.0910690426826477,
      0.05582811310887337,
      0.02672603167593479,
      0.010655993595719337,
      0.003685605013743043,
      0.0011372603476047516,
      0.0003195558674633503
    ],
    [
      0.02617918699979782,
      0.043622102588415146,
      0.03784484416246414,
      0.022790435701608658,
      0.010716523975133896,
      0.0041965595446527,
      0.0014254491543397307,
      0.0004319293366279453,
      0.00011917376104975119
    ],
    [
      0.00786963663995266,
      0.012881957925856113,
      0.010977675206959248,
      0.006492935121059418,
      0.0029983744025230408,
      0.001153006567619741,
      0.0003845584287773818,
      0.00011441040987847373,
      3.099189416388981e-05
    ],
    [
      0.0018582777120172977,
      0.0029876779299229383,
      0.002500421367585659,
      0.0014522898709401488,
      0.0006585220107808709,
      0.000248629687121138,
      8.141213038470596e-05,
      2.377771852479782e-05,
      6.322735771391308e-06
    ],
    [
      0.00036763650132343173,
      0.0005804453976452351,
      0.0004770006926264614,
      0.00027201868942938745,
      0.00012109318777220324,
      4.4882268412038684e-05,
      1.4426275811274536e-05,
      4.135726157983299e-06,
      1.079394110092835e-06
    ],
    [
      6.347032467601821e-05,
      9.839255653787404e-05,
      7.938341150293127e-05,
      4.444101432454772e-05,
      1.94198564713588e-05,
      7.065006229822757e-06,
      2.2288222680799663e-06,
      6.270940957620041e-07,
      1.6061986229942704e-07
    ],
    [
      9.834742741077207e-06,
      1.4967111383157317e-05,
      1.1853654541482683e-05,
      6.513565949717304e-06,
      2.793593921524007e-06,
      9.974326076189755e-07,
      3.0879871815159277e-07,
      8.525872630116282e-08,
      2.1428476770779525e-08
    ],
    [
      1.3960838032289757e-06,
      2.085489086312009e-06,
      1.6210988178499974e-06,
      8.742435966269113e-07,
      3.679625990571367e-07,
      1.2892138556708232e-07,
      3.9164635978750084e-08,
      1.0609946698991735e-08,
      2.616392213994345e-09
    ]
  ],
  "probs_results": [
    0.22223283350467682,
    0.17338189482688904,
    0.6043854355812073
  ]
}