{
  "skills_mean": [
    [
      0.09428108483552933,
      0.7560278177261353
    ],
    [
      0.254356324672699,
      0.8130602240562439
    ]
  ],
  "skills_cov": [
    [
      [
        0.026379967108368874,
        0.012716656550765038
      ],
      [
        0.012716656550765038,
        0.023631520569324493
      ]
    ],
    [
      [
        0.020595256239175797,
        0.011256898753345013
      ],
      [
        0.011256898753345013,
        0.024680914357304573
      ]
    ]
  ],
  "probs_grid": [
    [
      0.11818420141935349,
      0.13694381713867188,
      0.08270484209060669,
      0.03470803424715996,
      0.011385614983737469,
      0.0031138842459768057,
      0.0007395321736112237,
      0.00015686129336245358,
      3.0331322705023922e-05
    ],
    [
      0.11149352043867111,
      0.12709206342697144,
      0.0754917711019516,
      0.031153270974755287,
      0.010047378949820995,
      0.0027011220809072256,
      0.0006304815178737044,
      0.00013141235103830695,
      2.4966320779640228e-05
    ],
    [
      0.055179156363010406,
      0.06185976043343544,
      0.03613000363111496,
      0.014657813124358654,
      0.0046466439962387085,
      0.001227663829922676,
      0.0002815715270116925,
      5.76595266466029e-05,
      1.0760892109829001e-05
    ],
    [
      0.019099881872534752,
      0.021053079515695572,
      0.012087784707546234,
      0.004819970112293959,
      0.001501549151726067,
      0.0003897963906638324,
      8.782983059063554e-05,
      1.7666916392045096e-05,
      3.238316367060179e-06
    ],
    [
      0.005201439838856459,
      0.005635794717818499,
      0.0031802314333617687,
      0.0012461141450330615,
      0.00038140660035423934,
      9.726567077450454e-05,
      2.1526755517697893e-05,
      4.252619874023367e-06,
      7.654603564333229e-07
    ],
    [
      0.0011885976418852806,
      0.0012656545732170343,
      0.0007017754251137376,
      0.0002701542107388377,
      8.12258294899948e-05,
      2.0345058146631345e-05,
      4.421976882440504e-06,
      8.577902121942316e-07,
      1.5159538691023045e-07
    ],
    [
      0.00023737891751807183,
      0.0002483595162630081,
      0.00013528748240787536,
      5.115677777212113e-05,
      1.5106384125829209e-05,
      3.7157349197514122e-06,
      7.929939442874456e-07,
      1.5102685324563936e-07,
      2.6201920633184272e-08
    ],
    [
      4.261166031938046e-05,
      4.379676465759985e-05,
      2.3433267415384762e-05,
      8.702322702447418e-06,
      2.5234469376300694e-06,
      6.094372793086222e-07,
      1.2768998658430064e-07,
      2.3872489762766236e-08,
      4.065277892095764e-09
    ],
    [
      7.0176720328163356e-06,
      7.0844166657479946e-06,
      3.722511337400647e-06,
      1.3574535842053592e-06,
      3.864735447223211e-07,
      9.163079539575847e-08,
      1.8845614846441094e-08,
      3.458192177063779e-09,
      5.779633438507403e-10
    ]
  ],
  "probs_results": [
    0.28663450479507446,
    0.30038267374038696,
    0.41298308968544006
  ]
}