{
  "skills_mean": [
    [
      0.265693724155426,
      0.8845533132553101
    ],
    [
      -0.2774253189563751,
      0.4263956546783447
    ]
  ],
  "skills_cov": [
    [
      [
        0.017841609194874763,
        0.009922128170728683
      ],
      [
        0.009922128170728683,
        0.024272151291370392
      ]
    ],
    [
      [
        0.02061489224433899,
        0.010249391198158264
      ],
      [
        0.010249391198158264,
        0.021258868277072906
      ]
    ]
  ],
  "probs_grid": [
    [
      0.10476965457201004,
      0.0648757591843605,
      0.02096998691558838,
      0.004717401694506407,
      0.0008308636606670916,
      0.0001222043501911685,
      1.563437945151236e-05,
      1.789468115021009e-06,
      1.8704558613080735e-07
    ],
    [
      0.1667420119047165,
      0.10196402668952942,
      0.03253713250160217,
      0.007223870605230331,
      0.0012553338892757893,
      0.00018212177383247763,
      2.2976881155045703e-05,
      2.5927797651092988e-06,
      2.671296783773869e-07
    ],
    [
      0.13762088119983673,
      0.08308986574411392,
      0.026170462369918823,
      0.005733361467719078,
      0.000982853234745562,
      0.00014062749687582254,
      1.7493375707999803e-05,
      1.9459093891782686e-06,
      1.9758763869504037e-07
    ],
    [
      0.07853418588638306,
      0.046805426478385925,
      0.01454821415245533,
      0.0031444174237549305,
      0.0005316682509146631,
      7.50132167013362e-05,
      9.199339729093481e-06,
      1.0086168913403526e-06,
      1.009239696259101e-07
    ],
    [
      0.034856703132390976,
      0.0205028485506773,
      0.006287835538387299,
      0.0013405828503891826,
      0.00022353731037583202,
      3.109586759819649e-05,
      3.7590771171380766e-06,
      4.061813285716198e-07,
      4.00471016348547e-08
    ],
    [
      0.012833929620683193,
      0.007449031341820955,
      0.0022536558099091053,
      0.0004738873685710132,
      7.791584357619286e-05,
      1.0685052075132262e-05,
      1.273099201171135e-06,
      1.355567746941233e-07,
      1.316771047754628e-08
    ],
    [
      0.004082913976162672,
      0.0023380210623145103,
      0.0006977005396038294,
      0.00014467329310718924,
      2.3451731976820156e-05,
      3.170078571201884e-06,
      3.722311134879419e-07,
      3.905221035438444e-08,
      3.737054221630842e-09
    ],
    [
      0.0011542892316356301,
      0.0006520208553411067,
      0.0001918890338856727,
      3.923213807865977e-05,
      6.269157893257216e-06,
      8.352135409950279e-07,
      9.663840216944664e-08,
      9.988789351211835e-09,
      9.4156638041909e-10
    ],
    [
      0.0002960114215966314,
      0.00016491441056132317,
      4.785805140272714e-05,
      9.646352737036068e-06,
      1.519354441370524e-06,
      1.9947674445575103e-07,
      2.2741009075843976e-08,
      2.315589275880825e-09,
      2.1498874902547982e-10
    ]
  ],
  "probs_results": [
    0.23632027208805084,
    0.6233696341514587,
    0.1403103768825531
  ]
}