{
  "skills_mean": [
    [
      0.6286997199058533,
      0.8489311933517456
    ],
    [
      0.34004291892051697,
      0.5174894332885742
    ]
  ],
  "skills_cov": [
    [
      [
        0.01782980002462864,
        0.010433802381157875
      ],
      [
        0.010433802381157875,
        0.02395368181169033
      ]
    ],
    [
      [
        0.0216146819293499,
        0.011532017961144447
      ],
      [
        0.011532017961144447,
        0.023685095831751823
      ]
    ]
  ],
  "probs_grid": [
    [
      0.036198731511831284,
      0.042524512857198715,
      0.026058413088321686,
      0.011105092242360115,
      0.003702356945723295,
      0.0010299284476786852,
      0.0002489987818989903,
      5.3807358199264854e-05,
      1.0608444426907226e-05
    ],
    [
      0.07487908005714417,
      0.08650001883506775,
      0.052118200808763504,
      0.021836698055267334,
      0.007156962528824806,
      0.001957072876393795,
      0.0004650651244446635,
      9.87745588645339e-05,
      1.9138838979415596e-05
    ],
    [
      0.08041901141405106,
      0.09134835749864578,
      0.054114874452352524,
      0.022290334105491638,
      0.007181636523455381,
      0.0019303339067846537,
      0.0004508564015850425,
      9.411080100107938e-05,
      1.7920639947988093e-05
    ],
    [
      0.059783387929201126,
      0.06677090376615524,
      0.03888893499970436,
      0.015747446566820145,
      0.004987281281501055,
      0.0013176101492717862,
      0.00030246542883105576,
      6.204859528224915e-05,
      1.1611133231781423e-05
    ],
    [
      0.03460429236292839,
      0.037999920547008514,
      0.02175839990377426,
      0.008661204017698765,
      0.002696275245398283,
      0.0007001424091868103,
      0.00015795882791280746,
      3.184501838404685e-05,
      5.855995368619915e-06
    ],
    [
      0.01663360185921192,
      0.01795843616127968,
      0.01010887511074543,
      0.003955548163503408,
      0.0012103499611839652,
      0.0003089011588599533,
      6.849115015938878e-05,
      1.3569436305260751e-05,
      2.4520345505152363e-06
    ],
    [
      0.006915532983839512,
      0.007340460550040007,
      0.004061947576701641,
      0.0015623513609170914,
      0.0004698836710304022,
      0.00011786217510234565,
      2.5682455088826828e-05,
      5.000167675461853e-06,
      8.878621997610026e-07
    ],
    [
      0.002557581989094615,
      0.0026688934303820133,
      0.0014518039533868432,
      0.0005488875322043896,
      0.00016225269064307213,
      3.9998463762458414e-05,
      8.565332791476976e-06,
      1.6387209598178742e-06,
      2.8592700118679204e-07
    ],
    [
      0.000858814048115164,
      0.0008810374420136213,
      0.00047111688763834536,
      0.00017507578013464808,
      5.08657431055326e-05,
      1.2323574992478825e-05,
      2.5934039058483904e-06,
      4.87571071516868e-07,
      8.359336334251566e-08
    ]
  ],
  "probs_results": [
    0.1957991123199463,
    0.5959640741348267,
    0.20823682844638824
  ]
}