{
  "skills_mean": [
    [
      0.24960961937904358,
      0.7832382917404175
    ],
    [
      -0.18239332735538483,
      0.1071135625243187
    ]
  ],
  "skills_cov": [
    [
      [
        0.020437538623809814,
        0.011054810136556625
      ],
      [
        0.011054810136556625,
        0.023386480286717415
      ]
    ],
    [
      [
        0.020822299644351006,
        0.011083330027759075
      ],
      [
        0.011083330027759075,
        0.02116958610713482
      ]
    ]
  ],
  "probs_grid": [
    [
      0.052388448268175125,
      0.0398043729364872,
      0.015767669305205345,
      0.004341755528002977,
      0.0009348837193101645,
      0.00016790021618362516,
      2.6197065380983986e-05,
      3.6523567814583657e-06,
      4.6445427415164886e-07
    ],
    [
      0.11060379445552826,
      0.0826995000243187,
      0.03223298862576485,
      0.008731460198760033,
      0.00184926250949502,
      0.00032662280136719346,
      5.011189932702109e-05,
      6.869036951684393e-06,
      8.587078923483205e-07
    ],
    [
      0.12125682830810547,
      0.08921446651220322,
      0.034210171550512314,
      0.009115785360336304,
      0.0018988547381013632,
      0.00032980937976390123,
      4.9753198254620656e-05,
      6.704763563902816e-06,
      8.239247222263657e-07
    ],
    [
      0.09203081578016281,
      0.06662237644195557,
      0.02513200230896473,
      0.006586967036128044,
      0.0013493939768522978,
      0.0002304648223798722,
      3.4182172385044396e-05,
      4.528401859715814e-06,
      5.469911457112175e-07
    ],
    [
      0.05439423397183418,
      0.03874026983976364,
      0.014375542290508747,
      0.003705715062096715,
      0.0007465397357009351,
      0.00012536825670395046,
      1.8280825315741822e-05,
      2.3806817353033694e-06,
      2.8264864226912323e-07
    ],
    [
      0.02670181542634964,
      0.018708622083067894,
      0.0068285525776445866,
      0.0017311660340055823,
      0.00034294286160729825,
      5.662418334395625e-05,
      8.117111974570435e-06,
      1.0390751867817016e-06,
      1.2125069304147473e-07
    ],
    [
      0.01133890450000763,
      0.0078151049092412,
      0.002805565018206835,
      0.000699468539096415,
      0.0001362482871627435,
      2.2117488697404042e-05,
      3.1167878660198767e-06,
      3.9217044900397013e-07,
      4.49766588417333e-08
    ],
    [
      0.004283735994249582,
      0.0029041795060038567,
      0.0010253781219944358,
      0.00025138998171314597,
      4.814715794054791e-05,
      7.683893272769637e-06,
      1.0644072290233453e-06,
      1.3163823098238936e-07,
      1.4837289619151761e-08
    ],
    [
      0.0014695791760459542,
      0.00097995949909091,
      0.00034026961657218635,
      8.203211473301053e-05,
      1.5447172700078227e-05,
      2.4235368982772343e-06,
      3.3000185339915333e-07,
      4.011285170690826e-08,
      4.443283518895669e-09
    ]
  ],
  "probs_results": [
    0.17691588401794434,
    0.7055131196975708,
    0.11757109314203262
  ]
}