{
  "skills_mean": [
    [
      0.4522293210029602,
      0.7270177006721497
    ],
    [
      0.3693702518939972,
      0.5858335494995117
    ]
  ],
  "skills_cov": [
    [
      [
        0.018737778067588806,
        0.01012512855231762
      ],
      [
        0.01012512855231762,
        0.020867856219410896
      ]
    ],
    [
      [
        0.020117616280913353,
        0.010375562123954296
      ],
      [
        0.010375562123954296,
        0.021367458626627922
      ]
    ]
  ],
  "probs_grid": [
    [
      0.04717712476849556,
      0.0634949654340744,
      0.04439187049865723,
      0.021494776010513306,
      0.008108658716082573,
      0.0025418384466320276,
      0.0006896427366882563,
      0.0001665627205511555,
      3.6553366953739896e-05
    ],
    [
      0.07802021503448486,
      0.1033821552991867,
      0.07115401327610016,
      0.03391406312584877,
      0.01259248610585928,
      0.003885011188685894,
      0.0010373364202678204,
      0.0002465446887072176,
      5.3240371926221997e-05
    ],
    [
      0.06694978475570679,
      0.0873340293765068,
      0.05916893109679222,
      0.027758367359638214,
      0.010144039057195187,
      0.003079960122704506,
      0.0008092743810266256,
      0.00018926373741123825,
      4.021455242764205e-05
    ],
    [
      0.03974304720759392,
      0.051033951342105865,
      0.034032635390758514,
      0.015713993459939957,
      0.005651460960507393,
      0.0016885786317288876,
      0.00043658603681251407,
      0.00010046442912425846,
      2.100269921356812e-05
    ],
    [
      0.01835945062339306,
      0.023205552250146866,
      0.015230923891067505,
      0.006921189371496439,
      0.0024495518300682306,
      0.0007201928528957069,
      0.00018321922107134014,
      4.148223888478242e-05,
      8.531970706826542e-06
    ],
    [
      0.007039407268166542,
      0.008757403120398521,
      0.0056569334119558334,
      0.0025297291576862335,
      0.0008810240542516112,
      0.00025487583479844034,
      6.37974007986486e-05,
      1.4210886547516566e-05,
      2.87549437416601e-06
    ],
    [
      0.002333350945264101,
      0.0028569388668984175,
      0.0018161613261327147,
      0.0007992144674062729,
      0.0002738815383054316,
      7.795810961397365e-05,
      1.919852729770355e-05,
      4.207206984574441e-06,
      8.374731237381638e-07
    ],
    [
      0.0006876792176626623,
      0.0008286394877359271,
      0.0005183765315450728,
      0.00022446528600994498,
      7.568586443085223e-05,
      2.1195925000938587e-05,
      5.1353767958062235e-06,
      1.1071049357269658e-06,
      2.1678762607280078e-07
    ],
    [
      0.00018393660138826817,
      0.0002181150484830141,
      0.00013426777150016278,
      5.720736226066947e-05,
      1.8978664229507558e-05,
      5.229080670687836e-06,
      1.2463565326470416e-06,
      2.6432195454617613e-07,
      5.091343169283391e-08
    ]
  ],
  "probs_results": [
    0.22822023928165436,
    0.4569397270679474,
    0.31483983993530273
  ]
}