{
  "skills_mean": [
    [
      0.6239345669746399,
      0.8564842939376831
    ],
    [
      0.2645985186100006,
      0.47658076882362366
    ]
  ],
  "skills_cov": [
    [
      [
        0.01834927499294281,
        0.010984193533658981
      ],
      [
        0.010984193533658981,
        0.024844463914632797
      ]
    ],
    [
      [
        0.022235726937651634,
        0.012036277912557125
      ],
      [
        0.012036277912557125,
        0.024309327825903893
      ]
    ]
  ],
  "probs_grid": [
    [
      0.03682178631424904,
      0.04007752612233162,
      0.022786468267440796,
      0.00902271457016468,
      0.002798966597765684,
      0.0007255184464156628,
      0.00016367329226341099,
      3.3050535421352834e-05,
      6.097632194723701e-06
    ],
    [
      0.07854309678077698,
      0.08400111645460129,
      0.04692375287413597,
      0.018253160640597343,
      0.0055621289648115635,
      0.0014161027502268553,
      0.00031375500839203596,
      6.221921648830175e-05,
      1.1272244591964409e-05
    ],
    [
      0.08705894649028778,
      0.09148473292589188,
      0.050207216292619705,
      0.019185658544301987,
      0.00574252987280488,
      0.0014359595952555537,
      0.0003124552022200078,
      6.0846938140457496e-05,
      1.0824612218129914e-05
    ],
    [
      0.06685103476047516,
      0.06902097165584564,
      0.03721258044242859,
      0.013968444429337978,
      0.004106590989977121,
      0.0010085324756801128,
      0.00021551143436226994,
      4.1212100768461823e-05,
      7.1990089054452255e-06
    ],
    [
      0.040002863854169846,
      0.04057742655277252,
      0.021491557359695435,
      0.007924255914986134,
      0.002288151765242219,
      0.0005518858670257032,
      0.00011581159196794033,
      2.1746920538134873e-05,
      3.729998979906668e-06
    ],
    [
      0.019894616678357124,
      0.019825967028737068,
      0.010315229184925556,
      0.0037358454428613186,
      0.0010594880441203713,
      0.00025096055469475687,
      5.171543307369575e-05,
      9.53558355831774e-06,
      1.6058764913395862e-06
    ],
    [
      0.008564718998968601,
      0.008385030552744865,
      0.0042854719795286655,
      0.0015244658570736647,
      0.00042461566044948995,
      9.877372940536588e-05,
      1.998755215026904e-05,
      3.6187659588904353e-06,
      5.983723099234339e-07
    ],
    [
      0.0032824610825628042,
      0.0031569956336170435,
      0.0015849241754040122,
      0.0005537684774026275,
      0.0001514851610409096,
      3.460548396105878e-05,
      6.8763888521061745e-06,
      1.2224438705743523e-06,
      1.9846359577968542e-07
    ],
    [
      0.0011431133607402444,
      0.0010800380259752274,
      0.0005326076061464846,
      0.00018277717754244804,
      4.910460484097712e-05,
      1.1015935342584271e-05,
      2.149462488887366e-06,
      3.751996473511099e-07,
      5.980696471397096e-08
    ]
  ],
  "probs_results": [
    0.18781116604804993,
    0.6309012770652771,
    0.18128758668899536
  ]
}