{
  "skills_mean": [
    [
      0.0958050787448883,
      0.7913632988929749
    ],
    [
      0.6953444480895996,
      1.1045746803283691
    ]
  ],
  "skills_cov": [
    [
      [
        0.025118641555309296,
        0.011634803377091885
      ],
      [
        0.011634803377091885,
        0.022185759618878365
      ]
    ],
    [
      [
        0.01768006756901741,
        0.009986703284084797
      ],
      [
        0.009986703284084797,
        0.02355082891881466
      ]
    ]
  ],
  "probs_grid": [
    [
      0.08490677922964096,
      0.14387230575084686,
      0.12648557126522064,
      0.07691936939954758,
      0.03639790415763855,
      0.01429395005106926,
      0.004852340556681156,
      0.0014644224429503083,
      0.0004010601551271975
    ],
    [
      0.061211034655570984,
      0.10220015794038773,
      0.08851881325244904,
      0.053025856614112854,
      0.024713069200515747,
      0.009557531215250492,
      0.00319474283605814,
      0.0009492794051766396,
      0.00025593835744075477
    ],
    [
      0.023108968511223793,
      0.038007888942956924,
      0.03242408484220505,
      0.019128112122416496,
      0.008778274990618229,
      0.003342527197673917,
      0.0010999288642778993,
      0.00032171967905014753,
      8.537535177310929e-05
    ],
    [
      0.006091243587434292,
      0.00986646767705679,
      0.008288232609629631,
      0.004814146552234888,
      0.0021750000305473804,
      0.0008152321097441018,
      0.0002640481689013541,
      7.600942626595497e-05,
      1.984977825486567e-05
    ],
    [
      0.0012610413832589984,
      0.0020111557096242905,
      0.0016632380429655313,
      0.0009509802330285311,
      0.0004228875623084605,
      0.0001559973316034302,
      4.972204988007434e-05,
      1.4083984751778189e-05,
      3.6188523608871037e-06
    ],
    [
      0.00021869986085221171,
      0.00034334417432546616,
      0.0002794828615151346,
      0.0001572692854097113,
      6.882187153678387e-05,
      2.4980907255667262e-05,
      7.834151801944245e-06,
      2.1831610865774564e-06,
      5.518436978491081e-07
    ],
    [
      3.30947877955623e-05,
      5.11347025167197e-05,
      4.096114935236983e-05,
      2.268036041641608e-05,
      9.765230970515404e-06,
      3.4872030028054724e-06,
      1.0758200232885429e-06,
      2.9490342967619654e-07,
      7.332074147825551e-08
    ],
    [
      4.494314907788066e-06,
      6.8329873101902194e-06,
      5.385390522860689e-06,
      2.9336383704503532e-06,
      1.24255188893585e-06,
      4.3646613789860567e-07,
      1.3244094532183226e-07,
      3.570609408143355e-08,
      8.730550504765233e-09
    ],
    [
      5.590866294369334e-07,
      8.362551966456522e-07,
      6.483658694378391e-07,
      3.474151242244261e-07,
      1.4473117460056528e-07,
      5.0000227957980314e-08,
      1.492066736830111e-08,
      3.955717531312075e-09,
      9.510772169818438e-10
    ]
  ],
  "probs_results": [
    0.22485043108463287,
    0.15375150740146637,
    0.6213980317115784
  ]
}