{
  "skills_mean": [
    [
      0.6723179817199707,
      1.3320263624191284
    ],
    [
      0.3722566068172455,
      0.7219527959823608
    ]
  ],
  "skills_cov": [
    [
      [
        0.01862127147614956,
        0.012010487727820873
      ],
      [
        0.012010487727820873,
        0.028991198167204857
      ]
    ],
    [
      [
        0.01609242521226406,
        0.009032532572746277
      ],
      [
        0.009032532572746277,
        0.022675933316349983
      ]
    ]
  ],
  "probs_grid": [
    [
      0.07572434097528458,
      0.05732133984565735,
      0.022645559161901474,
      0.0062251887284219265,
      0.0013395337155088782,
      0.00024065238540060818,
      3.7597983464365825e-05,
      5.253930794424377e-06,
      6.703104986627295e-07
    ],
    [
      0.13380080461502075,
      0.09981753677129745,
      0.03885481879115105,
      0.010521911084651947,
      0.0022299238480627537,
      0.0003944935160689056,
      6.068079164833762e-05,
      8.347104994754773e-06,
      1.0481531944606104e-06
    ],
    [
      0.12280182540416718,
      0.09027280658483505,
      0.03461842238903046,
      0.009233848191797733,
      0.0019271788187325,
      0.00033568975050002337,
      5.083261930849403e-05,
      6.882581601530546e-06,
      8.505489859089721e-07
    ],
    [
      0.07804953306913376,
      0.05652843788266182,
      0.02135377749800682,
      0.005609507672488689,
      0.001152816810645163,
      0.0001976962957996875,
      2.9468310458469205e-05,
      3.926899807993323e-06,
      4.775527031597449e-07
    ],
    [
      0.03864240646362305,
      0.02757083810865879,
      0.010258027352392673,
      0.002653631614521146,
      0.0005369430291466415,
      9.064572805073112e-05,
      1.3298955309437588e-05,
      1.7440639794585877e-06,
      2.087007828777132e-07
    ],
    [
      0.015895331278443336,
      0.011171026155352592,
      0.004093218594789505,
      0.0010426160879433155,
      0.0002076933451462537,
      3.451313023106195e-05,
      4.98347844768432e-06,
      6.431233714465634e-07,
      7.57208269419607e-08
    ],
    [
      0.00565806869417429,
      0.0039163497276604176,
      0.0014130811905488372,
      0.0003543789789546281,
      6.949256203370169e-05,
      1.136598893936025e-05,
      1.6151037698364235e-06,
      2.050917800033858e-07,
      2.3757449341132997e-08
    ],
    [
      0.0017924492713063955,
      0.0012218157062307,
      0.0004340742889326066,
      0.0001071686638169922,
      2.0685956769739278e-05,
      3.3298033486062195e-06,
      4.656140220049565e-07,
      5.817438264443808e-08,
      6.629600868279795e-09
    ],
    [
      0.0005158348358236253,
      0.0003462377062533051,
      0.00012110651732655242,
      2.9433345844154246e-05,
      5.59180261916481e-06,
      8.858061733008071e-07,
      1.2188007758595631e-07,
      1.4982013851749798e-08,
      1.6795997925811434e-09
    ]
  ],
  "probs_results": [
    0.21641968190670013,
    0.6305875182151794,
    0.15299278497695923
  ]
}