{
  "skills_mean": [
    [
      0.33559101819992065,
      0.9168039560317993
    ],
    [
      0.22151318192481995,
      0.5051982998847961
    ]
  ],
  "skills_cov": [
    [
      [
        0.01790168322622776,
        0.009604714810848236
      ],
      [
        0.009604714810848236,
        0.020211083814501762
      ]
    ],
    [
      [
        0.019538719207048416,
        0.01072932779788971
      ],
      [
        0.01072932779788971,
        0.02352677844464779
      ]
    ]
  ],
  "probs_grid": [
    [
      0.0738157108426094,
      0.0719137042760849,
      0.03637456148862839,
      0.012735799886286259,
      0.003472398966550827,
      0.0007863478967919946,
      0.0001540591911179945,
      2.6857134798774496e-05,
      4.252674443705473e-06
    ],
    [
      0.11700312048196793,
      0.11233885586261749,
      0.05599121004343033,
      0.019314749166369438,
      0.00518768047913909,
      0.0011571294162422419,
      0.00022326708131004125,
      3.8327958463924006e-05,
      5.975696240057005e-06
    ],
    [
      0.0963638424873352,
      0.09117160737514496,
      0.0447712242603302,
      0.015214488841593266,
      0.004025070462375879,
      0.0008842192473821342,
      0.00016800737648736686,
      2.839859553205315e-05,
      4.359140802989714e-06
    ],
    [
      0.054979365319013596,
      0.05125119537115097,
      0.024793723598122597,
      0.008299297653138638,
      0.0021624392829835415,
      0.00046780501725152135,
      8.752231951802969e-05,
      1.4565491255780216e-05,
      2.2010162865626626e-06
    ],
    [
      0.024443738162517548,
      0.022448115050792694,
      0.010697157122194767,
      0.0035266622435301542,
      0.0009049209766089916,
      0.00019276372040621936,
      3.550802284735255e-05,
      5.817480996483937e-06,
      8.653506142763945e-07
    ],
    [
      0.009032412432134151,
      0.00817104522138834,
      0.003835064824670553,
      0.0012451522052288055,
      0.0003146101953461766,
      6.598485924769193e-05,
      1.1966197234869469e-05,
      1.9298918232379947e-06,
      2.8256442874408094e-07
    ],
    [
      0.0028893128037452698,
      0.002574459183961153,
      0.0011899993987753987,
      0.0003804620646405965,
      9.465180482948199e-05,
      1.9544388123904355e-05,
      3.489088612695923e-06,
      5.538921072911762e-07,
      7.981911664955987e-08
    ],
    [
      0.0008228681981563568,
      0.0007221039268188179,
      0.00032869097776710987,
      0.00010347409261157736,
      2.5344414098071866e-05,
      5.15186229677056e-06,
      9.053186431629001e-07,
      1.4145616944460926e-07,
      2.0061920125158395e-08
    ],
    [
      0.00021297116472851485,
      0.0001840479817474261,
      8.249191159848124e-05,
      2.55682498391252e-05,
      6.165285412862431e-06,
      1.2336570307525108e-06,
      2.1337831412893138e-07,
      3.281338578631221e-08,
      4.579792989289899e-09
    ]
  ],
  "probs_results": [
    0.2402377426624298,
    0.5290303826332092,
    0.2307317852973938
  ]
}