{
  "skills_mean": [
    [
      0.005025703459978104,
      0.7240586280822754
    ],
    [
      0.2193765789270401,
      0.8338729739189148
    ]
  ],
  "skills_cov": [
    [
      [
        0.018364999443292618,
        0.00928374845534563
      ],
      [
        0.00928374845534563,
        0.021708030253648758
      ]
    ],
    [
      [
        0.021120531484484673,
        0.012131057679653168
      ],
      [
        0.012131057679653168,
        0.02780868671834469
      ]
    ]
  ],
  "probs_grid": [
    [
      0.13121092319488525,
      0.1511133909225464,
      0.0906052514910698,
      0.037707552313804626,
      0.012253128923475742,
      0.0033159132581204176,
      0.0007783753098919988,
      0.00016300557763315737,
      3.1085604859981686e-05
    ],
    [
      0.11130407452583313,
      0.12645035982131958,
      0.07477136701345444,
      0.030681023374199867,
      0.009827639907598495,
      0.0026210350915789604,
      0.0006062316824682057,
      0.00012506890925578773,
      2.3492346372222528e-05
    ],
    [
      0.049327459186315536,
      0.055263880640268326,
      0.03221789374947548,
      0.013030911795794964,
      0.0041134413331747055,
      0.001080919522792101,
      0.00024628720711916685,
      5.004473860026337e-05,
      9.256972589355428e-06
    ],
    [
      0.015226942487061024,
      0.016818374395370483,
      0.009664135985076427,
      0.003851888934150338,
      0.0011979854898527265,
      0.00031010317616164684,
      6.958973972359672e-05,
      1.392452759318985e-05,
      2.5359588562423596e-06
    ],
    [
      0.0036830257158726454,
      0.00400938093662262,
      0.002270227065309882,
      0.000891474075615406,
      0.0002731088607106358,
      6.962489715078846e-05,
      1.538531796541065e-05,
      3.030941797987907e-06,
      5.433901719698042e-07
    ],
    [
      0.0007444939110428095,
      0.0007985915872268379,
      0.000445477053290233,
      0.00017230406228918582,
      5.19851382705383e-05,
      1.3049510926066432e-05,
      2.838938144122949e-06,
      5.505339117917174e-07,
      9.71440954344871e-08
    ],
    [
      0.00013100153591949493,
      0.00013842913904227316,
      7.60569964768365e-05,
      2.8969931008759886e-05,
      8.605977200204507e-06,
      2.126761273757438e-06,
      4.554300403469824e-07,
      8.692254027664603e-08,
      1.5093560179479937e-08
    ],
    [
      2.0637191482819617e-05,
      2.1477904738276266e-05,
      1.1620439181569964e-05,
      4.357948000688339e-06,
      1.2744457080771099e-06,
      3.100022070157138e-07,
      6.533333163361021e-08,
      1.2270359839305911e-08,
      2.096411044760771e-09
    ],
    [
      2.9709933642152464e-06,
      3.04468358081067e-06,
      1.6218306200244115e-06,
      5.987343456581584e-07,
      1.7233851679065992e-07,
      4.1255063365497335e-08,
      8.555470998317105e-09,
      1.5809258346877186e-09,
      2.6572161138105344e-10
    ]
  ],
  "probs_results": [
    0.29402250051498413,
    0.2711296081542969,
    0.43484780192375183
  ]
}