{
  "skills_mean": [
    [
      0.8168874979019165,
      1.1247726678848267
    ],
    [
      -0.2267298698425293,
      0.47177255153656006
    ]
  ],
  "skills_cov": [
    [
      [
        0.017981959506869316,
        0.01114544365555048
      ],
      [
        0.01114544365555048,
        0.026686720550060272
      ]
    ],
    [
      [
        0.019542846828699112,
        0.00991038978099823
      ],
      [
        0.00991038978099823,
        0.019970979541540146
      ]
    ]
  ],
  "probs_grid": [
    [
      0.041643429547548294,
      0.021885374560952187,
      0.006010271608829498,
      0.0011499834945425391,
      0.00017245854542125016,
      2.1621510313707404e-05,
      2.360518010391388e-06,
      2.30815643931237e-07,
      2.0634598030255802e-08
    ],
    [
      0.10593375563621521,
      0.05487868934869766,
      0.014852448366582394,
      0.0027999344747513533,
      0.0004136153438594192,
      5.106955723022111e-05,
      5.489854629558977e-06,
      5.284626354296051e-07,
      4.650107499060141e-08
    ],
    [
      0.13944371044635773,
      0.07120076566934586,
      0.018988557159900665,
      0.003526603803038597,
      0.000513129576575011,
      6.239153299247846e-05,
      6.6034940573445056e-06,
      6.257446898416674e-07,
      5.419271076334553e-08
    ],
    [
      0.12662923336029053,
      0.0637226477265358,
      0.016744637861847878,
      0.003063516691327095,
      0.00043901638127863407,
      5.256344593362883e-05,
      5.477159447764279e-06,
      5.108875598125451e-07,
      4.354542681994644e-08
    ],
    [
      0.0892372652888298,
      0.04425281658768654,
      0.011456758715212345,
      0.0020646860357373953,
      0.0002913902571890503,
      3.435234248172492e-05,
      3.523931809468195e-06,
      3.235358008168987e-07,
      2.7139002156673087e-08
    ],
    [
      0.05204947665333748,
      0.02543370984494686,
      0.006486893631517887,
      0.001151454751379788,
      0.00016003013297449797,
      1.8575350622995757e-05,
      1.8757972384264576e-06,
      1.6950635028933903e-07,
      1.399245785904668e-08
    ],
    [
      0.026171237230300903,
      0.012600362300872803,
      0.003165818052366376,
      0.0005534607917070389,
      7.574449409730732e-05,
      8.656017598696053e-06,
      8.604484946772573e-07,
      7.652663924773151e-08,
      6.216431369665543e-09
    ],
    [
      0.011666879057884216,
      0.0055341157130897045,
      0.001369618927128613,
      0.00023581230198033154,
      3.177736289217137e-05,
      3.575170921976678e-06,
      3.498190608297591e-07,
      3.061985864860617e-08,
      2.4475876880813985e-09
    ],
    [
      0.00470664631575346,
      0.0021994400303810835,
      0.0005361510557122529,
      9.090701496461406e-05,
      1.2061913366778754e-05,
      1.3359459671846707e-06,
      1.2866489385032764e-07,
      1.1083503892450608e-08,
      8.717784272249673e-10
    ]
  ],
  "probs_results": [
    0.11938291788101196,
    0.8283865451812744,
    0.05223067104816437
  ]
}