{
  "skills_mean": [
    [
      0.7927558422088623,
      1.1438122987747192
    ],
    [
      0.3527138829231262,
      0.7219588160514832
    ]
  ],
  "skills_cov": [
    [
      [
        0.01638714037835598,
        0.009947099722921848
      ],
      [
        0.009947099722921848,
        0.02539464458823204
      ]
    ],
    [
      [
        0.02010895125567913,
        0.011233542114496231
      ],
      [
        0.011233542114496231,
        0.02434069849550724
      ]
    ]
  ],
  "probs_grid": [
    [
      0.05255460366606712,
      0.04700995236635208,
      0.02194686233997345,
      0.007129685487598181,
      0.0018130438402295113,
      0.00038493244210258126,
      7.107174315024167e-05,
      1.1736735359590966e-05,
      1.7695242604531813e-06
    ],
    [
      0.1042032390832901,
      0.09177368134260178,
      0.042178258299827576,
      0.013486785814166069,
      0.003375252475962043,
      0.0007051547290757298,
      0.0001280983124161139,
      2.0810837668250315e-05,
      3.0863632218824932e-06
    ],
    [
      0.1072266697883606,
      0.0929732397198677,
      0.042061008512973785,
      0.01323691662400961,
      0.003259960561990738,
      0.0006701342645101249,
      0.0001197677556774579,
      1.9140617951052263e-05,
      2.7921389573748456e-06
    ],
    [
      0.07634324580430984,
      0.06516391783952713,
      0.02901649661362171,
      0.008986867032945156,
      0.002177868504077196,
      0.0004404789942782372,
      7.74455547798425e-05,
      1.2174695257272106e-05,
      1.7467883708377485e-06
    ],
    [
      0.04230493679642677,
      0.035544730722904205,
      0.015577537007629871,
      0.0047477544285357,
      0.0011320945341140032,
      0.000225265568587929,
      3.8961479731369764e-05,
      6.024495633027982e-06,
      8.501255592818779e-07
    ],
    [
      0.019460154697299004,
      0.01609336957335472,
      0.006941078696399927,
      0.0020816908217966557,
      0.0004883789806626737,
      9.560148464515805e-05,
      1.6264990335912444e-05,
      2.473674385328195e-06,
      3.4329463005633443e-07
    ],
    [
      0.00773955462500453,
      0.0062994877807796,
      0.0026737195439636707,
      0.0007890068809501827,
      0.00018211465794593096,
      3.5069348086835817e-05,
      5.868749667570228e-06,
      8.778486062510638e-07,
      1.1980897340890806e-07
    ],
    [
      0.002737062983214855,
      0.002192487707361579,
      0.0009157032473012805,
      0.00026587260072119534,
      6.037285129423253e-05,
      1.1436172826506663e-05,
      1.8823931213773903e-06,
      2.7691982040778385e-07,
      3.7166696387203046e-08
    ],
    [
      0.0008785306708887219,
      0.0006925468915142119,
      0.0002846119459718466,
      8.13029837445356e-05,
      1.8161865227739327e-05,
      3.3840706237242557e-06,
      5.478548814608075e-07,
      7.92619943013051e-08,
      1.0461224775326627e-08
    ]
  ],
  "probs_results": [
    0.19676434993743896,
    0.6445350050926208,
    0.1587006151676178
  ]
}