{
  "skills_mean": [
    [
      0.5897210836410522,
      1.1432697772979736
    ],
    [
      -0.14094127714633942,
      0.5722622871398926
    ]
  ],
  "skills_cov": [
    [
      [
        0.021063104271888733,
        0.012056978419423103
      ],
      [
        0.012056978419423103,
        0.026771962642669678
      ]
    ],
    [
      [
        0.021313481032848358,
        0.010678255930542946
      ],
      [
        0.010678255930542946,
        0.022844841703772545
      ]
    ]
  ],
  "probs_grid": [
    [
      0.08278118818998337,
      0.04595216363668442,
      0.013353841379284859,
      0.002708646934479475,
      0.00043139790068380535,
      5.7542834838386625e-05,
      6.695738647977123e-06,
      6.990544534346554e-07,
      6.684354758590416e-08
    ],
    [
      0.15466131269931793,
      0.08459114283323288,
      0.024213364347815514,
      0.004836155101656914,
      0.000758229405619204,
      9.953405970009044e-05,
      1.1395310139050707e-05,
      1.1702604751917534e-06,
      1.1004661359947931e-07
    ],
    [
      0.15040795505046844,
      0.08103949576616287,
      0.02284431643784046,
      0.0044921026565134525,
      0.0006932007381692529,
      8.954213990364224e-05,
      1.0084966561407782e-05,
      1.0186458894168027e-06,
      9.419266433496887e-08
    ],
    [
      0.10150431096553802,
      0.05386579781770706,
      0.01495105680078268,
      0.0028940271586179733,
      0.00043950011604465544,
      5.585580947808921e-05,
      6.188082352309721e-06,
      6.146809710116941e-07,
      5.5885475802597284e-08
    ],
    [
      0.05347120016813278,
      0.027943233028054237,
      0.007635622285306454,
      0.0014546953607350588,
      0.00021737917268183082,
      2.7177895390195772e-05,
      2.9613870538014453e-06,
      2.8926152140229533e-07,
      2.5855589669276924e-08
    ],
    [
      0.023450324311852455,
      0.012066015042364597,
      0.0032454703468829393,
      0.0006084762862883508,
      8.945950685301796e-05,
      1.100180179491872e-05,
      1.1789376230808557e-06,
      1.1322597970320203e-07,
      9.949187251834246e-09
    ],
    [
      0.00891745463013649,
      0.004517002031207085,
      0.0011957803508266807,
      0.00022059828916098922,
      3.190597999491729e-05,
      3.85926068702247e-06,
      4.066656345003139e-07,
      3.839857498633137e-08,
      3.3166451807176145e-09
    ],
    [
      0.003023916156962514,
      0.0015076992567628622,
      0.00039277973701246083,
      7.129110599635169e-05,
      1.0142557584913447e-05,
      1.206514639306988e-06,
      1.250069630032158e-07,
      1.1603784599856226e-08,
      9.85131753949986e-10
    ],
    [
      0.00093331269454211,
      0.00045798832434229553,
      0.0001174013304989785,
      2.0962801499990746e-05,
      2.9333398288144963e-06,
      3.431327115777094e-07,
      3.495405564990506e-08,
      3.1894766827633703e-09,
      2.661314224550182e-10
    ]
  ],
  "probs_results": [
    0.19345323741436005,
    0.7082378268241882,
    0.09830888360738754
  ]
}