{
  "skills_mean": [
    [
      0.2656937539577484,
      0.8845533728599548
    ],
    [
      -0.2774253189563751,
      0.4263956844806671
    ]
  ],
  "skills_cov": [
    [
      [
        0.017841553315520287,
        0.009922091849148273
      ],
      [
        0.009922091849148273,
        0.024272095412015915
      ]
    ],
    [
      [
        0.020614836364984512,
        0.010249353013932705
      ],
      [
        0.010249353013932705,
        0.021258806809782982
      ]
    ]
  ],
  "probs_grid": [
    [
      0.10476965457201004,
      0.06487574428319931,
      0.020969968289136887,
      0.004717397037893534,
      0.0008308627875521779,
      0.0001222041464643553,
      1.5634343071724288e-05,
      1.7894614074975834e-06,
      1.8704466242525086e-07
    ],
    [
      0.1667420119047165,
      0.10196401178836823,
      0.03253711387515068,
      0.007223864085972309,
      0.0012553324922919273,
      0.0001821214973460883,
      2.2976824766374193e-05,
      2.592772261778009e-06,
      2.6712871203926625e-07
    ],
    [
      0.1376209706068039,
      0.08308985829353333,
      0.02617044746875763,
      0.005733359605073929,
      0.0009828524198383093,
      0.0001406273222528398,
      1.749334296619054e-05,
      1.9459048417047597e-06,
      1.9758695657401404e-07
    ],
    [
      0.07853419333696365,
      0.04680541157722473,
      0.014548211358487606,
      0.0031444141641259193,
      0.0005316678434610367,
      7.501312938984483e-05,
      9.199325177178252e-06,
      1.0086145039167604e-06,
      1.0092354330026865e-07
    ],
    [
      0.03485669568181038,
      0.020502837374806404,
      0.006287831347435713,
      0.0013405822683125734,
      0.00022353710664901882,
      3.1095823942450806e-05,
      3.759072114917217e-06,
      4.0618041907691804e-07,
      4.0046987948016977e-08
    ],
    [
      0.012833920307457447,
      0.007449026685208082,
      0.0022536551114171743,
      0.000473886844702065,
      7.791575626470149e-05,
      1.0685036613722332e-05,
      1.273097154808056e-06,
      1.35556490477029e-07,
      1.3167673174052652e-08
    ],
    [
      0.004082907922565937,
      0.002338019199669361,
      0.0006976998411118984,
      0.00014467308938037604,
      2.3451704691979103e-05,
      3.1700742511020508e-06,
      3.72230459788625e-07,
      3.905212864196983e-08,
      3.737047116203485e-09
    ],
    [
      0.0011542865540832281,
      0.0006520196329802275,
      0.00019188885926268995,
      3.92321016988717e-05,
      6.269151526794303e-06,
      8.35212688343745e-07,
      9.663826716632684e-08,
      9.988772475821861e-09,
      9.415646040622505e-10
    ],
    [
      0.0002960108395200223,
      0.00016491406131535769,
      4.785797500517219e-05,
      9.646331818657927e-06,
      1.5193518265732564e-06,
      1.994764318169473e-07,
      2.274097354870719e-08,
      2.315582836587282e-09,
      2.149881661583919e-10
    ]
  ],
  "probs_results": [
    0.23632028698921204,
    0.6233697533607483,
    0.14031033217906952
  ]
}