{
  "skills_mean": [
    [
      -0.018186744302511215,
      0.3859512507915497
    ],
    [
      0.3511256277561188,
      0.6912881135940552
    ]
  ],
  "skills_cov": [
    [
      [
        0.020259477198123932,
        0.009924795478582382
      ],
      [
        0.009924795478582382,
        0.020162086933851242
      ]
    ],
    [
      [
        0.016048377379775047,
        0.008806518279016018
      ],
      [
        0.008806518279016018,
        0.022015448659658432
      ]
    ]
  ],
  "probs_grid": [
    [
      0.0595204159617424,
      0.10752926766872406,
      0.1004536971449852,
      0.06469838321208954,
      0.03231704607605934,
      0.013352975249290466,
      0.004753671120852232,
      0.0014996400568634272,
      0.00042792983003892004
    ],
    [
      0.05722041800618172,
      0.10198541730642319,
      0.09398555010557175,
      0.059707917273044586,
      0.0294154342263937,
      0.011986471712589264,
      0.004208030179142952,
      0.0013090060092508793,
      0.00036830140743404627
    ],
    [
      0.028627729043364525,
      0.05033066123723984,
      0.04574829712510109,
      0.02866334840655327,
      0.01392569299787283,
      0.005595582537353039,
      0.0019369299989193678,
      0.0005940581322647631,
      0.00016478395264130086
    ],
    [
      0.009937730617821217,
      0.017231730744242668,
      0.01544647105038166,
      0.009543423540890217,
      0.00457175774499774,
      0.0018112147226929665,
      0.0006181124481372535,
      0.00018688905402086675,
      5.110295387567021e-05
    ],
    [
      0.002692650305107236,
      0.00460423156619072,
      0.004069657064974308,
      0.002479134825989604,
      0.0011708878446370363,
      0.00045730805140919983,
      0.00015384586004074663,
      4.5851713366573676e-05,
      1.2357976629573386e-05
    ],
    [
      0.0006073887925595045,
      0.0010240536648780107,
      0.0008924193098209798,
      0.0005359523347578943,
      0.00024953237152658403,
      9.606798266759142e-05,
      3.185576861142181e-05,
      9.357643648399971e-06,
      2.4856756226654397e-06
    ],
    [
      0.00011880852980539203,
      0.0001974826882360503,
      0.00016965628310572356,
      0.00010043678776128218,
      4.6092613047221676e-05,
      1.749022885633167e-05,
      5.716010036849184e-06,
      1.6547656969123636e-06,
      4.331706122684409e-07
    ],
    [
      2.0726625734823756e-05,
      3.396137981326319e-05,
      2.8758939151884988e-05,
      1.6780873920652084e-05,
      7.590078439534409e-06,
      2.8384351935528684e-06,
      9.141609211837931e-07,
      2.6079027293235413e-07,
      6.726961032654799e-08
    ],
    [
      3.291807388450252e-06,
      5.316424903867301e-06,
      4.437193183548516e-06,
      2.5516746973153204e-06,
      1.1373867891961709e-06,
      4.191494440419774e-07,
      1.3302070556164836e-07,
      3.7391654217344694e-08,
      9.50321332737758e-09
    ]
  ],
  "probs_results": [
    0.21814757585525513,
    0.1967981606721878,
    0.5850546360015869
  ]
}