{
  "skills_mean": [
    [
      0.5596764087677002,
      0.8547508120536804
    ],
    [
      0.6319487690925598,
      1.0502046346664429
    ]
  ],
  "skills_cov": [
    [
      [
        0.021008895710110664,
        0.011330319568514824
      ],
      [
        0.011330319568514824,
        0.025024594739079475
      ]
    ],
    [
      [
        0.018766891211271286,
        0.010901321657001972
      ],
      [
        0.010901321657001972,
        0.024772796779870987
      ]
    ]
  ],
  "probs_grid": [
    [
      0.06421395391225815,
      0.0971776694059372,
      0.07656996697187424,
      0.04187951982021332,
      0.017885688692331314,
      0.006361404433846474,
      0.0019625723361968994,
      0.0005401430535130203,
      0.00013536533515434712
    ],
    [
      0.07590232044458389,
      0.11298684030771255,
      0.08755997568368912,
      0.04709659144282341,
      0.01977839320898056,
      0.00691667664796114,
      0.0020979372784495354,
      0.0005676313303411007,
      0.00013983820099383593
    ],
    [
      0.046816952526569366,
      0.06854116171598434,
      0.052234552800655365,
      0.027626564726233482,
      0.011407069861888885,
      0.003921829629689455,
      0.0011693888809531927,
      0.0003110116522293538,
      7.530990114901215e-05
    ],
    [
      0.02008979395031929,
      0.028922947123646736,
      0.021673250943422318,
      0.011270091868937016,
      0.00457478454336524,
      0.0015461331931874156,
      0.0004531544691417366,
      0.00011845796689158306,
      2.8191267119836994e-05
    ],
    [
      0.006746599916368723,
      0.00955034140497446,
      0.007035998627543449,
      0.003596791997551918,
      0.0014351876452565193,
      0.0004767630307469517,
      0.00013733752712141722,
      3.528313391143456e-05,
      8.251870895037428e-06
    ],
    [
      0.0018911223160102963,
      0.0026319152675569057,
      0.0019061510683968663,
      0.0009578304598107934,
      0.0003756558580789715,
      0.00012264790711924434,
      3.472125536063686e-05,
      8.765869097260293e-06,
      2.0145530470472295e-06
    ],
    [
      0.0004608562448993325,
      0.0006305083516053855,
      0.00044886142131872475,
      0.0002216890425188467,
      8.545039599994197e-05,
      2.7417201636126265e-05,
      7.627274499100167e-06,
      1.8921525679616025e-06,
      4.2727188542812655e-07
    ],
    [
      0.00010041827772511169,
      0.0001350424427073449,
      9.449040953768417e-05,
      4.586513023241423e-05,
      1.7373396985931322e-05,
      5.477690592670115e-06,
      1.4973437600929174e-06,
      3.649748805401032e-07,
      8.097365622461439e-08
    ],
    [
      1.99696296476759e-05,
      2.6395016902824864e-05,
      1.815094583434984e-05,
      8.658099432068411e-06,
      3.222725581508712e-06,
      9.984069038182497e-07,
      2.6815064302354585e-07,
      6.42161808173114e-08,
      1.3996827696871605e-08
    ]
  ],
  "probs_results": [
    0.24230289459228516,
    0.299030601978302,
    0.45866659283638
  ]
}