{
  "skills_mean": [
    [
      0.7003649473190308,
      1.3647838830947876
    ],
    [
      0.35542309284210205,
      0.7567175030708313
    ]
  ],
  "skills_cov": [
    [
      [
        0.01822882704436779,
        0.011628815904259682
      ],
      [
        0.011628815904259682,
        0.028447413817048073
      ]
    ],
    [
      [
        0.020905911922454834,
        0.01223242748528719
      ],
      [
        0.01223242748528719,
        0.026079613715410233
      ]
    ]
  ],
  "probs_grid": [
    [
      0.0793505534529686,
      0.057443708181381226,
      0.021787095814943314,
      0.005772085394710302,
      0.001201617531478405,
      0.00020965166913811117,
      3.193192242179066e-05,
      4.366646862763446e-06,
      5.472505222314794e-07
    ],
    [
      0.13898910582065582,
      0.09894662350416183,
      0.03689585626125336,
      0.009607907384634018,
      0.0019655528012663126,
      0.0003369377227500081,
      5.041099575464614e-05,
      6.7704640969168395e-06,
      8.332080483341997e-07
    ],
    [
      0.12677745521068573,
      0.08874116092920303,
      0.032528311014175415,
      0.00832483358681202,
      0.001673413789831102,
      0.0002818081120494753,
      4.141279714531265e-05,
      5.462069111672463e-06,
      6.600109827559208e-07
    ],
    [
      0.08028259873390198,
      0.05524680018424988,
      0.019904358312487602,
      0.005005805753171444,
      0.000988611951470375,
      0.00016353782848455012,
      2.3602797227795236e-05,
      3.0568796773877693e-06,
      3.6265728908801975e-07
    ],
    [
      0.03970260173082352,
      0.026856660842895508,
      0.00950926449149847,
      0.0023498330265283585,
      0.0004558999207802117,
      7.407359953504056e-05,
      1.0498701158212498e-05,
      1.335081719844311e-06,
      1.5549530019143276e-07
    ],
    [
      0.016353409737348557,
      0.010872717015445232,
      0.0037830236833542585,
      0.0009184396476484835,
      0.00017503445269539952,
      2.7930720534641296e-05,
      3.887296770699322e-06,
      4.853387167713663e-07,
      5.5490275485681195e-08
    ],
    [
      0.0058433604426681995,
      0.003818053752183914,
      0.0013052873546257615,
      0.000311314215650782,
      5.827410132042132e-05,
      9.13198346097488e-06,
      1.2479349607019685e-06,
      1.5296279798349133e-07,
      1.7166959409564697e-08
    ],
    [
      0.0018627623794600368,
      0.0011960347183048725,
      0.00040172768058255315,
      9.411745122633874e-05,
      1.7302858395851217e-05,
      2.6626073577062925e-06,
      3.57245937721018e-07,
      4.298648192957444e-08,
      4.7353299059693654e-09
    ],
    [
      0.0005407394492067397,
      0.00034114799927920103,
      0.00011256923608016223,
      2.5904208087013103e-05,
      4.676909611589508e-06,
      7.066765874697012e-07,
      9.30869674675705e-08,
      1.0995127475155186e-08,
      1.1887986151037921e-09
    ]
  ],
  "probs_results": [
    0.21639473736286163,
    0.6366390585899353,
    0.14696592092514038
  ]
}