{
  "skills_mean": [
    [
      0.31354302167892456,
      0.8308457136154175
    ],
    [
      0.32670456171035767,
      1.171701192855835
    ]
  ],
  "skills_cov": [
    [
      [
        0.01901908777654171,
        0.01001239474862814
      ],
      [
        0.01001239474862814,
        0.02217240445315838
      ]
    ],
    [
      [
        0.014456427656114101,
        0.00812101922929287
      ],
      [
        0.00812101922929287,
        0.023522205650806427
      ]
    ]
  ],
  "probs_grid": [
    [
      0.13472911715507507,
      0.15541157126426697,
      0.09281404316425323,
      0.0382622592151165,
      0.012248585931956768,
      0.003247625660151243,
      0.0007428758544847369,
      0.00015078157593961805,
      2.771997060335707e-05
    ],
    [
      0.11085621267557144,
      0.12651857733726501,
      0.07473986595869064,
      0.030470343306660652,
      0.009644192643463612,
      0.002527718897908926,
      0.0005714474245905876,
      0.00011461033136583865,
      2.0816429241676815e-05
    ],
    [
      0.04750172048807144,
      0.05362164229154587,
      0.03132404014468193,
      0.012625551782548428,
      0.003950011916458607,
      0.0010231451597064734,
      0.00022854965936858207,
      4.528432327788323e-05,
      8.124149644572753e-06
    ],
    [
      0.014132704585790634,
      0.015774797648191452,
      0.009110037237405777,
      0.0036293251905590296,
      0.0011220845626667142,
      0.0002871692704502493,
      6.336957449093461e-05,
      1.240156780113466e-05,
      2.1971882233629003e-06
    ],
    [
      0.003284251317381859,
      0.0036237756721675396,
      0.00206833821721375,
      0.0008142393780872226,
      0.00024871426285244524,
      6.287669384619221e-05,
      1.3703763215744402e-05,
      2.648358758960967e-06,
      4.6328210601132014e-07
    ],
    [
      0.0006358370883390307,
      0.0006933344411663711,
      0.00039101942093111575,
      0.00015207256365101784,
      4.588293086271733e-05,
      1.1455773346824571e-05,
      2.4654384560562903e-06,
      4.7042351525306003e-07,
      8.123747363697476e-08
    ],
    [
      0.00010682082938728854,
      0.0001150844618678093,
      6.411580397980288e-05,
      2.4628750907140784e-05,
      7.338409432122717e-06,
      1.809137415875739e-06,
      3.843947240511625e-07,
      7.240205235348185e-08,
      1.2340750643602405e-08
    ],
    [
      1.601674739504233e-05,
      1.7044996639015153e-05,
      9.378671165904962e-06,
      3.5575515084929066e-06,
      1.0466037565493025e-06,
      2.547211295222951e-07,
      5.342294073784615e-08,
      9.931252265005241e-09,
      1.6704974070691492e-09
    ],
    [
      2.1879020550841233e-06,
      2.2994083792582387e-06,
      1.249294655281119e-06,
      4.6786459506620304e-07,
      1.3587511205059855e-07,
      3.2640485869706026e-08,
      6.7561720662467906e-09,
      1.2393897019791211e-09,
      2.056990966448069e-10
    ]
  ],
  "probs_results": [
    0.2964657247066498,
    0.2630830407142639,
    0.4404512643814087
  ]
}