{
  "skills_mean": [
    [
      0.8170343637466431,
      1.1249748468399048
    ],
    [
      -0.30195292830467224,
      0.295429527759552
    ]
  ],
  "skills_cov": [
    [
      [
        0.01783081144094467,
        0.011024055071175098
      ],
      [
        0.011024055071175098,
        0.026538698002696037
      ]
    ],
    [
      [
        0.02378671243786812,
        0.011945865117013454
      ],
      [
        0.011945865117013454,
        0.025172503665089607
      ]
    ]
  ],
  "probs_grid": [
    [
      0.02692686952650547,
      0.01332690566778183,
      0.003459257073700428,
      0.000627870496828109,
      8.964521839516237e-05,
      1.0739021490735468e-05,
      1.1243254220971721e-06,
      1.0580909304280794e-07,
      9.136722489699878e-09
    ],
    [
      0.07944169640541077,
      0.038699109107255936,
      0.009884446859359741,
      0.0017649501096457243,
      0.00024784667766653,
      2.9195814931881614e-05,
      3.005103508257889e-06,
      2.779832186661224e-07,
      2.3590439823806264e-08
    ],
    [
      0.12170316278934479,
      0.05834822729229927,
      0.01466376706957817,
      0.0025756731629371643,
      0.000355722033418715,
      4.120282756048255e-05,
      4.169260137132369e-06,
      3.7907986438767693e-07,
      3.161435557785808e-08
    ],
    [
      0.129066601395607,
      0.060894958674907684,
      0.015056977979838848,
      0.0026014994364231825,
      0.0003533393610268831,
      4.0241000533569604e-05,
      4.0029331103141885e-06,
      3.577248435249203e-07,
      2.93175688170777e-08
    ],
    [
      0.10657734423875809,
      0.049481868743896484,
      0.012036961503326893,
      0.0020456090569496155,
      0.0002732252178248018,
      3.0594441341236234e-05,
      2.991690280396142e-06,
      2.6276993025931006e-07,
      2.1162689378684263e-08
    ],
    [
      0.07308177649974823,
      0.03338718041777611,
      0.007989943958818913,
      0.0013355226255953312,
      0.00017541408305987716,
      1.931161204993259e-05,
      1.8562938066679635e-06,
      1.6024546312110033e-07,
      1.268208649207736e-08
    ],
    [
      0.043340977281332016,
      0.019482199102640152,
      0.004586458671838045,
      0.0007540011429227889,
      9.738402150105685e-05,
      1.054057793226093e-05,
      9.959529734260286e-07,
      8.449911348407113e-08,
      6.57147358751331e-09
    ],
    [
      0.022860758006572723,
      0.010110697709023952,
      0.002341432962566614,
      0.0003785745648201555,
      4.807955338037573e-05,
      5.116254214954097e-06,
      4.7519034751530853e-07,
      3.962338368523888e-08,
      3.0280702389973158e-09
    ],
    [
      0.010946117341518402,
      0.0047630793415009975,
      0.0010850210674107075,
      0.00017253367695957422,
      2.1546138668782078e-05,
      2.2540932604897534e-06,
      2.0579058457315114e-07,
      1.6864710516983905e-08,
      1.2664771453785306e-09
    ]
  ],
  "probs_results": [
    0.08422312140464783,
    0.8825103640556335,
    0.03326665982604027
  ]
}