{
  "skills_mean": [
    [
      0.5430604815483093,
      0.9586726427078247
    ],
    [
      0.3399919867515564,
      0.5174118876457214
    ]
  ],
  "skills_cov": [
    [
      [
        0.019426409155130386,
        0.01191085297614336
      ],
      [
        0.01191085297614336,
        0.026423823088407516
      ]
    ],
    [
      [
        0.021739546209573746,
        0.011633037589490414
      ],
      [
        0.011633037589490414,
        0.023809337988495827
      ]
    ]
  ],
  "probs_grid": [
    [
      0.04842058941721916,
      0.051138538867235184,
      0.02824375033378601,
      0.010875641368329525,
      0.003284424776211381,
      0.0008297048043459654,
      0.0001826134539442137,
      3.601452044676989e-05,
      6.496303285530303e-06
    ],
    [
      0.09226039797067642,
      0.09572196006774902,
      0.051928579807281494,
      0.01963835582137108,
      0.005824049469083548,
      0.0014446380082517862,
      0.0003121727495454252,
      6.044046313036233e-05,
      1.0702091458369978e-05
    ],
    [
      0.09142512083053589,
      0.0931769534945488,
      0.049647025763988495,
      0.018438683822751045,
      0.005369570106267929,
      0.0013077283510938287,
      0.0002774323511403054,
      5.272961425362155e-05,
      9.164865332422778e-06
    ],
    [
      0.0628160759806633,
      0.06288271397352219,
      0.032906290143728256,
      0.012001295574009418,
      0.0034316510427743196,
      0.0008205461781471968,
      0.0001708929630694911,
      3.188354821759276e-05,
      5.439374945126474e-06
    ],
    [
      0.03366147354245186,
      0.033096689730882645,
      0.0170087069272995,
      0.006091300398111343,
      0.0017101300181820989,
      0.00040144927334040403,
      8.207558130379766e-05,
      1.5030850590846967e-05,
      2.5168637876049615e-06
    ],
    [
      0.015004712156951427,
      0.014489306136965752,
      0.007312259636819363,
      0.0025713422801345587,
      0.0007087677367962897,
      0.0001633387728361413,
      3.2780750188976526e-05,
      5.892487934033852e-06,
      9.683982398200897e-07
    ],
    [
      0.0057946788147091866,
      0.005495372693985701,
      0.0027233255095779896,
      0.0009402856230735779,
      0.00025445607025176287,
      5.7566088798921555e-05,
      1.1340374840074219e-05,
      2.000803533519502e-06,
      3.227194440569292e-07
    ],
    [
      0.0019939597696065903,
      0.0018570121610537171,
      0.0009036481496877968,
      0.0003063349286094308,
      8.138490375131369e-05,
      1.80739771167282e-05,
      3.4948886877828045e-06,
      6.051960212971608e-07,
      9.580141124843067e-08
    ],
    [
      0.0006240015500225127,
      0.0005706895026378334,
      0.00027267992845736444,
      9.075587877305225e-05,
      2.367040178796742e-05,
      5.160120508662658e-06,
      9.793748176889494e-07,
      1.6645155653804977e-07,
      2.5858875929429814e-08
    ]
  ],
  "probs_results": [
    0.20780493319034576,
    0.5877936482429504,
    0.20440147817134857
  ]
}