{
  "skills_mean": [
    [
      0.5713135004043579,
      1.140243649482727
    ],
    [
      -0.15812227129936218,
      0.5478988885879517
    ]
  ],
  "skills_cov": [
    [
      [
        0.0217271838337183,
        0.012531612999737263
      ],
      [
        0.012531612999737263,
        0.02725277468562126
      ]
    ],
    [
      [
        0.0216350220143795,
        0.011145445518195629
      ],
      [
        0.011145445518195629,
        0.02374875918030739
      ]
    ]
  ],
  "probs_grid": [
    [
      0.08253410458564758,
      0.045268528163433075,
      0.013007402420043945,
      0.0026105777360498905,
      0.0004116877098567784,
      5.4411615565186366e-05,
      6.2779017753200606e-06,
      6.503503300336888e-07,
      6.174762035016101e-08
    ],
    [
      0.1547754406929016,
      0.08358283340930939,
      0.023638639599084854,
      0.004668169189244509,
      0.0007241528364829719,
      9.412129293195903e-05,
      1.0676598321879283e-05,
      1.0871335689444095e-06,
      1.0143171635945691e-07
    ],
    [
      0.15127696096897125,
      0.08041788637638092,
      0.022381508722901344,
      0.004348292015492916,
      0.0006634194287471473,
      8.478497329633683e-05,
      9.45432111620903e-06,
      9.461199965699052e-07,
      8.67376996893654e-08
    ],
    [
      0.10273657739162445,
      0.05375128611922264,
      0.014719167724251747,
      0.002812872873619199,
      0.00042203004704788327,
      5.30262004758697e-05,
      5.811878509121016e-06,
      5.715451152354944e-07,
      5.1480132157166736e-08
    ],
    [
      0.05453190952539444,
      0.028075257316231728,
      0.007563226390630007,
      0.0014215066330507398,
      0.00020970497280359268,
      2.5901192202582024e-05,
      2.790050757539575e-06,
      2.696002923130436e-07,
      2.38559465515209e-08
    ],
    [
      0.024127628654241562,
      0.01222160179167986,
      0.003238452598452568,
      0.0005985447787679732,
      8.681011240696535e-05,
      1.053893629432423e-05,
      1.11560734694649e-06,
      1.0591399046688821e-07,
      9.206178930298847e-09
    ],
    [
      0.009267881512641907,
      0.00461818091571331,
      0.0012035066029056907,
      0.00021871163335163146,
      3.1182498787529767e-05,
      3.720562517628423e-06,
      3.8699448623447097e-07,
      3.609470411447546e-08,
      3.0816631468866262e-09
    ],
    [
      0.003178450046107173,
      0.0015578478341922164,
      0.00039922515861690044,
      7.132752944016829e-05,
      9.995796972361859e-06,
      1.172049337583303e-06,
      1.1978072222973424e-07,
      1.097458923737804e-08,
      9.202699713384277e-10
    ],
    [
      0.0009933562250807881,
      0.00047883015940897167,
      0.00012065388727933168,
      2.1191059204284102e-05,
      2.918730160672567e-06,
      3.362920892868715e-07,
      3.3765186202572295e-08,
      3.038806317690046e-09,
      2.502577867158351e-10
    ]
  ],
  "probs_results": [
    0.1916530728340149,
    0.7121708989143372,
    0.09617607295513153
  ]
}