{
  "skills_mean": [
    [
      -0.11286524683237076,
      0.6037920713424683
    ],
    [
      0.5395038723945618,
      0.9684943556785583
    ]
  ],
  "skills_cov": [
    [
      [
        0.01926393248140812,
        0.010597617365419865
      ],
      [
        0.010597617365419865,
        0.023801008239388466
      ]
    ],
    [
      [
        0.01974995620548725,
        0.012343988753855228
      ],
      [
        0.012343988753855228,
        0.027188654989004135
      ]
    ]
  ],
  "probs_grid": [
    [
      0.0846792459487915,
      0.1471281498670578,
      0.13304324448108673,
      0.08347537368535995,
      0.04087848588824272,
      0.016663987189531326,
      0.005889591295272112,
      0.0018560627941042185,
      0.0005323525401763618
    ],
    [
      0.05711090937256813,
      0.09768594801425934,
      0.08694601058959961,
      0.05368674173951149,
      0.025869721546769142,
      0.010375400073826313,
      0.00360732595436275,
      0.0011181940790265799,
      0.00031542935175821185
    ],
    [
      0.020129183307290077,
      0.03388609364628792,
      0.02967928908765316,
      0.018031086772680283,
      0.008547486737370491,
      0.003372007282450795,
      0.0011530698975548148,
      0.0003515017160680145,
      9.750118624651805e-05
    ],
    [
      0.004943293519318104,
      0.008188203908503056,
      0.00705560902133584,
      0.004216556437313557,
      0.0019659597892314196,
      0.0007627361919730902,
      0.00025647447910159826,
      7.687332254135981e-05,
      2.0964211216778494e-05
    ],
    [
      0.0009515272104181349,
      0.0015504953917115927,
      0.0013141193194314837,
      0.0007723643793724477,
      0.00035412146826274693,
      0.00013508849951904267,
      4.4659220293397084e-05,
      1.315908957622014e-05,
      3.5275666050438304e-06
    ],
    [
      0.00015312492905650288,
      0.00024540183949284256,
      0.00020453640900086612,
      0.00011820506188087165,
      5.328402039594948e-05,
      1.9982524463557638e-05,
      6.493669388873968e-06,
      1.8806797470460879e-06,
      4.954964083481173e-07
    ],
    [
      2.1458272385643795e-05,
      3.381584247108549e-05,
      2.7711266739061102e-05,
      1.574411362526007e-05,
      6.976410077186301e-06,
      2.5715653464430943e-06,
      8.213195883399749e-07,
      2.3376388469387166e-07,
      6.052187728755598e-08
    ],
    [
      2.693253691177233e-06,
      4.1726548261067364e-06,
      3.3613332561799325e-06,
      1.8771232817016426e-06,
      8.17495049432182e-07,
      2.961363918529969e-07,
      9.29421588580226e-08,
      2.5992772378913287e-08,
      6.6120020569826465e-09
    ],
    [
      3.0904445225132804e-07,
      4.7063778652045585e-07,
      3.726259762970585e-07,
      2.0450359272672358e-07,
      8.751893432190627e-08,
      3.115174251888675e-08,
      9.606050177524139e-09,
      2.6393454088946555e-09,
      6.595709534096272e-10
    ]
  ],
  "probs_results": [
    0.21670912206172943,
    0.1368456333875656,
    0.6464454531669617
  ]
}