{
  "skills_mean": [
    [
      0.5896503925323486,
      1.1431328058242798
    ],
    [
      0.5379804968833923,
      0.9467320442199707
    ]
  ],
  "skills_cov": [
    [
      [
        0.021163122728466988,
        0.012137680314481258
      ],
      [
        0.012137680314481258,
        0.0268706027418375
      ]
    ],
    [
      [
        0.019452175125479698,
        0.01172806229442358
      ],
      [
        0.01172806229442358,
        0.0265846885740757
      ]
    ]
  ],
  "probs_grid": [
    [
      0.08821874111890793,
      0.09331213682889938,
      0.05154065787792206,
      0.01981988176703453,
      0.0059690834023058414,
      0.0015016242396086454,
      0.00032866219407878816,
      6.436759576899931e-05,
      1.1513979188748635e-05
    ],
    [
      0.11716530472040176,
      0.12181535363197327,
      0.06612429767847061,
      0.02498534508049488,
      0.007392582017928362,
      0.0018267907435074449,
      0.0003926959470845759,
      7.552612078143284e-05,
      1.3265589586808346e-05
    ],
    [
      0.08132805675268173,
      0.08309904485940933,
      0.044323407113552094,
      0.016453765332698822,
      0.004782098811119795,
      0.0011606266489252448,
      0.0002450101310387254,
      4.6269615268101916e-05,
      7.978974281286355e-06
    ],
    [
      0.03933465853333473,
      0.03949252888560295,
      0.020695028826594353,
      0.007546506822109222,
      0.0021541935857385397,
      0.0005134352832101285,
      0.00010642659617587924,
      1.973258076759521e-05,
      3.3404910482204286e-06
    ],
    [
      0.014910968951880932,
      0.01470845378935337,
      0.007571341469883919,
      0.0027117133140563965,
      0.0007601776160299778,
      0.00017790704441722482,
      3.620618736022152e-05,
      6.590119483007584e-06,
      1.0950955129374051e-06
    ],
    [
      0.004725063685327768,
      0.004578595049679279,
      0.0023149282205849886,
      0.0008142325677908957,
      0.00022413174156099558,
      5.1500534027582034e-05,
      1.028922270052135e-05,
      1.8383524320597644e-06,
      2.998331751769001e-07
    ],
    [
      0.0013036273885518312,
      0.0012407614849507809,
      0.0006160889170132577,
      0.00021278797066770494,
      5.750959098804742e-05,
      1.2972893273399677e-05,
      2.5441852358198958e-06,
      4.4616115246753907e-07,
      7.141647273556373e-08
    ],
    [
      0.00032204881426878273,
      0.00030103587778285146,
      0.00014678339357487857,
      4.9777128879213706e-05,
      1.3207507436163723e-05,
      2.924603904830292e-06,
      5.629669885820476e-07,
      9.689183144701019e-08,
      1.5220072313582023e-08
    ],
    [
      7.271222420968115e-05,
      6.674541509710252e-05,
      3.195526005583815e-05,
      1.0639105312293395e-05,
      2.7711284928955138e-06,
      6.023062724125339e-07,
      1.1379001563227575e-07,
      1.9219346114596192e-08,
      2.962509348947151e-09
    ]
  ],
  "probs_results": [
    0.2627330422401428,
    0.43816423416137695,
    0.2991028428077698
  ]
}