{
  "skills_mean": [
    [
      0.3324006497859955,
      0.9007043242454529
    ],
    [
      0.23846031725406647,
      0.7017746567726135
    ]
  ],
  "skills_cov": [
    [
      [
        0.018102768808603287,
        0.009771076031029224
      ],
      [
        0.009771076031029224,
        0.020427212119102478
      ]
    ],
    [
      [
        0.020217997953295708,
        0.011772139929234982
      ],
      [
        0.011772139929234982,
        0.02567831426858902
      ]
    ]
  ],
  "probs_grid": [
    [
      0.0952695906162262,
      0.09540541470050812,
      0.04964453727006912,
      0.01789642684161663,
      0.005027910694479942,
      0.0011741939233615994,
      0.00023742488701827824,
      4.275195533409715e-05,
      6.997723176027648e-06
    ],
    [
      0.12505675852298737,
      0.1233564019203186,
      0.06321485340595245,
      0.02243884466588497,
      0.006206392776221037,
      0.001426735776476562,
      0.0002839357766788453,
      5.03131486766506e-05,
      8.10323854238959e-06
    ],
    [
      0.0855068787932396,
      0.0830642580986023,
      0.04191390052437782,
      0.014647278003394604,
      0.0039879330433905125,
      0.0009022821905091405,
      0.00017670569650363177,
      3.08097260131035e-05,
      4.8818924369697925e-06
    ],
    [
      0.040600989013910294,
      0.038836151361465454,
      0.01929292269051075,
      0.006636663805693388,
      0.0017784091178327799,
      0.0003959661989938468,
      7.630316395079717e-05,
      1.308889750362141e-05,
      2.0402198970259633e-06
    ],
    [
      0.015060078352689743,
      0.014182262122631073,
      0.0069352369755506516,
      0.002348038600757718,
      0.0006191849242895842,
      0.00013565138215199113,
      2.571775075921323e-05,
      4.339777206041617e-06,
      6.653765467490302e-07
    ],
    [
      0.00465436140075326,
      0.0043145352974534035,
      0.002076557604596019,
      0.0006918679573573172,
      0.0001795219723135233,
      3.869436477543786e-05,
      7.216588983283145e-06,
      1.1978265774814645e-06,
      1.8062414142150374e-07
    ],
    [
      0.0012483063619583845,
      0.0011389164719730616,
      0.0005394361214712262,
      0.00017684856720734388,
      4.514661486609839e-05,
      9.57267820922425e-06,
      1.7560936385052628e-06,
      2.8667744800259243e-07,
      4.251243623798473e-08
    ],
    [
      0.00029881400405429304,
      0.0002682956401258707,
      0.00012503974721767008,
      4.033133154734969e-05,
      1.012857501336839e-05,
      2.1124690192664275e-06,
      3.8114643530207104e-07,
      6.119014983596571e-08,
      8.922889982443394e-09
    ],
    [
      6.516410212498158e-05,
      5.7572156947571784e-05,
      2.639885678945575e-05,
      8.376586265512742e-06,
      2.069242782454239e-06,
      4.2446859538358694e-07,
      7.531735946031404e-08,
      1.1890237239242651e-08,
      1.7048268352581886e-09
    ]
  ],
  "probs_results": [
    0.2678479850292206,
    0.4468834698200226,
    0.2852683663368225
  ]
}