{
  "skills_mean": [
    [
      0.8153541088104248,
      1.1934248208999634
    ],
    [
      0.6888758540153503,
      0.9065055251121521
    ]
  ],
  "skills_cov": [
    [
      [
        0.01572837494313717,
        0.009290662594139576
      ],
      [
        0.009290662594139576,
        0.02429850399494171
      ]
    ],
    [
      [
        0.016718940809369087,
        0.009441876783967018
      ],
      [
        0.009441876783967018,
        0.023074304684996605
      ]
    ]
  ],
  "probs_grid": [
    [
      0.05296789109706879,
      0.061896517872810364,
      0.03758714720606804,
      0.015814078971743584,
      0.005185666028410196,
      0.0014135780511423945,
      0.0003336475056130439,
      7.013123104115948e-05,
      1.3400249372352846e-05
    ],
    [
      0.09080807864665985,
      0.10465697944164276,
      0.06267282366752625,
      0.025999927893280983,
      0.008405703119933605,
      0.0022588458377867937,
      0.0005255460273474455,
      0.00010888108954532072,
      2.0503845007624477e-05
    ],
    [
      0.08069100975990295,
      0.09171036630868912,
      0.05415383726358414,
      0.022149987518787384,
      0.007059643045067787,
      0.001870081527158618,
      0.0004288547788746655,
      8.756696479395032e-05,
      1.6250904081971385e-05
    ],
    [
      0.049547228962183,
      0.055529601871967316,
      0.032329462468624115,
      0.013036505319178104,
      0.004095861688256264,
      0.0010694433003664017,
      0.00024171550467144698,
      4.8640235036145896e-05,
      8.89531020220602e-06
    ],
    [
      0.02364969067275524,
      0.02613404393196106,
      0.015000669285655022,
      0.005962925031781197,
      0.0018466671463102102,
      0.00047523403191007674,
      0.00010585809650365263,
      2.099187986459583e-05,
      3.782863132073544e-06
    ],
    [
      0.009359132498502731,
      0.01019669696688652,
      0.005769816692918539,
      0.002260829322040081,
      0.0006901027518324554,
      0.00017503024719189852,
      3.842150908894837e-05,
      7.5078191912325565e-06,
      1.3331061836652225e-06
    ],
    [
      0.00319845718331635,
      0.003435396822169423,
      0.0019162342650815845,
      0.0007400883478112519,
      0.0002226493670605123,
      5.565136234508827e-05,
      1.2038140994263813e-05,
      2.3178706669568783e-06,
      4.055095814692322e-07
    ],
    [
      0.0009708147845230997,
      0.001027913298457861,
      0.0005651599494740367,
      0.00021513469982892275,
      6.378461694112048e-05,
      1.571097891428508e-05,
      3.348785185153247e-06,
      6.353122330438055e-07,
      1.0950668638542993e-07
    ],
    [
      0.00026714036357589066,
      0.0002788156270980835,
      0.00015109486412256956,
      5.6685228628339246e-05,
      1.6562311429879628e-05,
      4.01994975618436e-06,
      8.442784746875986e-07,
      1.5781108686496736e-07,
      2.6798774754865917e-08
    ]
  ],
  "probs_results": [
    0.22690995037555695,
    0.512981653213501,
    0.2601085305213928
  ]
}