{
  "skills_mean": [
    [
      0.5842106342315674,
      1.014678955078125
    ],
    [
      0.28065797686576843,
      0.9547457695007324
    ]
  ],
  "skills_cov": [
    [
      [
        0.019670208916068077,
        0.01160227507352829
      ],
      [
        0.01160227507352829,
        0.02556212991476059
      ]
    ],
    [
      [
        0.01820317655801773,
        0.010496889241039753
      ],
      [
        0.010496889241039753,
        0.02554001659154892
      ]
    ]
  ],
  "probs_grid": [
    [
      0.10223979502916336,
      0.09548039734363556,
      0.046469949185848236,
      0.0157147403806448,
      0.004153788089752197,
      0.0009153427090495825,
      0.00017515549552626908,
      2.9934230042272247e-05,
      4.663793788495241e-06
    ],
    [
      0.13378527760505676,
      0.12305012345314026,
      0.05896944925189018,
      0.019631851464509964,
      0.005107576493173838,
      0.0011076246155425906,
      0.0002085438754875213,
      3.506205030134879e-05,
      5.373275143938372e-06
    ],
    [
      0.09130512923002243,
      0.08269169181585312,
      0.039013296365737915,
      0.012784096412360668,
      0.00327317020855844,
      0.000698421208653599,
      0.00012936705024912953,
      2.1394367649918422e-05,
      3.2245968668576097e-06
    ],
    [
      0.043328844010829926,
      0.038632795214653015,
      0.017940590158104897,
      0.005785565357655287,
      0.0014575459063053131,
      0.00030597002478316426,
      5.574770693783648e-05,
      9.067394785233773e-06,
      1.343938720310689e-06
    ],
    [
      0.016082873567938805,
      0.014114942401647568,
      0.006450873799622059,
      0.0020469746086746454,
      0.0005073455395177007,
      0.00010476329043740407,
      1.8773416741169058e-05,
      3.002794528583763e-06,
      4.376162507924164e-07
    ],
    [
      0.004980096593499184,
      0.004301493056118488,
      0.0019344215979799628,
      0.0006039036670699716,
      0.00014723635104019195,
      2.9902919777669013e-05,
      5.26964504388161e-06,
      8.287832997666555e-07,
      1.1874982419612934e-07
    ],
    [
      0.0013399252202361822,
      0.0011388399871066213,
      0.0005038781673647463,
      0.0001547413266962394,
      3.710694727487862e-05,
      7.411317710648291e-06,
      1.2842451724282e-06,
      1.9858138955441973e-07,
      2.7971198690579513e-08
    ],
    [
      0.0003221648803446442,
      0.0002694015856832266,
      0.00011725640069926158,
      3.541833575582132e-05,
      8.352712939085905e-06,
      1.640443201722519e-06,
      2.794814975004556e-07,
      4.248462914802076e-08,
      5.88225601561021e-09
    ],
    [
      7.065367390168831e-05,
      5.8121990150539204e-05,
      2.4882710931706242e-05,
      7.391795861622086e-06,
      1.7141663875008817e-06,
      3.310057934413635e-07,
      5.5440224855374254e-08,
      8.284225749832785e-09,
      1.1273681987944428e-09
    ]
  ],
  "probs_results": [
    0.2706391513347626,
    0.46246692538261414,
    0.2668939232826233
  ]
}