{
  "skills_mean": [
    [
      0.08165793865919113,
      0.7266111373901367
    ],
    [
      0.28752565383911133,
      0.8440069556236267
    ]
  ],
  "skills_cov": [
    [
      [
        0.02725033275783062,
        0.013392657972872257
      ],
      [
        0.013392657972872257,
        0.02443315088748932
      ]
    ],
    [
      [
        0.02116459794342518,
        0.011798634193837643
      ],
      [
        0.011798634193837643,
        0.025485584512352943
      ]
    ]
  ],
  "probs_grid": [
    [
      0.11405995488166809,
      0.14013877511024475,
      0.08983691781759262,
      0.040061045438051224,
      0.013978887349367142,
      0.00407091248780489,
      0.0010305369505658746,
      0.00023322590277530253,
      4.8165755288209766e-05
    ],
    [
      0.10345582664012909,
      0.12490658462047577,
      0.07866805046796799,
      0.0344587117433548,
      0.01180877722799778,
      0.0033768119756132364,
      0.0008392546442337334,
      0.00018644865485839546,
      3.7793310184497386e-05
    ],
    [
      0.04930257052183151,
      0.058476872742176056,
      0.0361742228269577,
      0.015560549683868885,
      0.005235804244875908,
      0.0014698415761813521,
      0.00035857470356859267,
      7.818239828338847e-05,
      1.5551566320937127e-05
    ],
    [
      0.016457756981253624,
      0.01917153224349022,
      0.011645742692053318,
      0.004918318707495928,
      0.0016245446167886257,
      0.0004476230242289603,
      0.00010716591350501403,
      2.2928021280677058e-05,
      4.474681190913543e-06
    ],
    [
      0.004328761249780655,
      0.004951269831508398,
      0.0029527246952056885,
      0.0012240576324984431,
      0.00039681093767285347,
      0.00010729328641900793,
      2.520406269468367e-05,
      5.2903346841048915e-06,
      1.0128243275175919e-06
    ],
    [
      0.000956811651121825,
      0.0010743588209152222,
      0.0006288682343438268,
      0.00025584697141312063,
      8.138520934153348e-05,
      2.1590520191239193e-05,
      4.9755208237911575e-06,
      1.0244268651149468e-06,
      1.9236122739130224e-07
    ],
    [
      0.00018511225061956793,
      0.00020400392531882972,
      0.00011718376481439918,
      4.6778746764175594e-05,
      1.459888335375581e-05,
      3.7991981116647366e-06,
      8.587643378632492e-07,
      1.7341167790618783e-07,
      3.1932703592474354e-08
    ],
    [
      3.223810563213192e-05,
      3.4863474866142496e-05,
      1.9648970919661224e-05,
      7.694959094806109e-06,
      2.3556544874736574e-06,
      6.012703011037956e-07,
      1.3328849490790162e-07,
      2.6393445651251568e-08,
      4.765553729413341e-09
    ],
    [
      5.158537987881573e-06,
      5.473308192449622e-06,
      3.0261239771789405e-06,
      1.1624381386354798e-06,
      3.4901421486210893e-07,
      8.736230938666267e-08,
      1.899011081718527e-08,
      3.6869864938893215e-09,
      6.526685303320789e-10
    ]
  ],
  "probs_results": [
    0.28048619627952576,
    0.27565643191337585,
    0.4438571333885193
  ]
}