{
  "skills_mean": [
    [
      0.42722615599632263,
      0.6946717500686646
    ],
    [
      0.287577360868454,
      0.8441587090492249
    ]
  ],
  "skills_cov": [
    [
      [
        0.018998222425580025,
        0.010381001979112625
      ],
      [
        0.010381001979112625,
        0.021242588758468628
      ]
    ],
    [
      [
        0.021014580503106117,
        0.011677475646138191
      ],
      [
        0.011677475646138191,
        0.02533714286983013
      ]
    ]
  ],
  "probs_grid": [
    [
      0.07581554353237152,
      0.09671401977539062,
      0.06417210400104523,
      0.029528126120567322,
      0.01059931330382824,
      0.0031656723003834486,
      0.0008193941903300583,
      0.00018904109310824424,
      3.96800423914101e-05
    ],
    [
      0.09568940848112106,
      0.12010741233825684,
      0.07840488106012344,
      0.0354890301823616,
      0.012529858388006687,
      0.0036804103292524815,
      0.0009367858292534947,
      0.00021250966528896242,
      4.385620559332892e-05
    ],
    [
      0.06293748319149017,
      0.07771911472082138,
      0.04990663751959801,
      0.02221849374473095,
      0.007714768871665001,
      0.0022283513098955154,
      0.0005576933617703617,
      0.00012438332487363368,
      2.5235147404600866e-05
    ],
    [
      0.028760528191924095,
      0.03493570163846016,
      0.02206488884985447,
      0.00966074038296938,
      0.0032985620200634003,
      0.0009368020691908896,
      0.0002305055531905964,
      5.053963832324371e-05,
      1.0079172170662787e-05
    ],
    [
      0.01027166098356247,
      0.012271937914192677,
      0.007622463628649712,
      0.0032817614264786243,
      0.001101742498576641,
      0.00030762419919483364,
      7.441026536980644e-05,
      1.603711280040443e-05,
      3.143604544675327e-06
    ],
    [
      0.0030579431913793087,
      0.0035929479636251926,
      0.002194497035816312,
      0.0009289738954976201,
      0.00030661351047456264,
      8.41602886794135e-05,
      2.0010505977552384e-05,
      4.238921064825263e-06,
      8.166369980244781e-07
    ],
    [
      0.0007904050871729851,
      0.0009132163249887526,
      0.0005484216962940991,
      0.00022824297775514424,
      7.405581709463149e-05,
      1.998072912101634e-05,
      4.669421741709812e-06,
      9.72138877841644e-07,
      1.8405160062684445e-07
    ],
    [
      0.00018242880469188094,
      0.00020724126079585403,
      0.00012235809117555618,
      5.005992716178298e-05,
      1.5965712009347044e-05,
      4.233899289829424e-06,
      9.724302572067245e-07,
      1.9895664138402935e-07,
      3.70147716921565e-08
    ],
    [
      3.837695112451911e-05,
      4.286197872716002e-05,
      2.4877474061213434e-05,
      1.0004654541262425e-05,
      3.1361844321509125e-06,
      8.173731771421444e-07,
      1.8448992022968014e-07,
      3.709169504872989e-08,
      6.780612515910889e-09
    ]
  ],
  "probs_results": [
    0.25669583678245544,
    0.3689349591732025,
    0.3743690848350525
  ]
}