{
  "skills_mean": [
    [
      0.6286997199058533,
      0.8489311337471008
    ],
    [
      0.34004291892051697,
      0.5174894332885742
    ]
  ],
  "skills_cov": [
    [
      [
        0.01782986894249916,
        0.010433840565383434
      ],
      [
        0.010433840565383434,
        0.023953739553689957
      ]
    ],
    [
      [
        0.021614743396639824,
        0.011532049626111984
      ],
      [
        0.011532049626111984,
        0.023685147985816002
      ]
    ]
  ],
  "probs_grid": [
    [
      0.03619873523712158,
      0.04252452030777931,
      0.026058414950966835,
      0.011105095967650414,
      0.0037023595068603754,
      0.0010299298446625471,
      0.0002489992475602776,
      5.380750371841714e-05,
      1.060847716871649e-05
    ],
    [
      0.07487907260656357,
      0.08650000393390656,
      0.0521182082593441,
      0.021836701780557632,
      0.007156965788453817,
      0.0019570740405470133,
      0.00046506570652127266,
      9.877476986730471e-05,
      1.9138886273140088e-05
    ],
    [
      0.08041901141405106,
      0.0913483276963234,
      0.05411487817764282,
      0.022290337830781937,
      0.00718164024874568,
      0.00193033495452255,
      0.00045085689635016024,
      9.411094652023166e-05,
      1.7920678146765567e-05
    ],
    [
      0.059783387929201126,
      0.06677089631557465,
      0.03888893127441406,
      0.015747448429465294,
      0.004987281281501055,
      0.0013176106149330735,
      0.00030246569076552987,
      6.204865348991007e-05,
      1.1611154150159564e-05
    ],
    [
      0.034604303538799286,
      0.037999920547008514,
      0.02175839990377426,
      0.008661204017698765,
      0.002696275245398283,
      0.0007001427002251148,
      0.00015795888612046838,
      3.184506203979254e-05,
      5.856003554072231e-06
    ],
    [
      0.01663360930979252,
      0.017958439886569977,
      0.01010887511074543,
      0.003955548163503408,
      0.0012103499611839652,
      0.00030890130437910557,
      6.849117926321924e-05,
      1.3569444490713067e-05,
      2.452037051625666e-06
    ],
    [
      0.00691553670912981,
      0.007340464275330305,
      0.004061948973685503,
      0.001562351593747735,
      0.000469883787445724,
      0.00011786224058596417,
      2.5682462364784442e-05,
      5.000172222935362e-06,
      8.878633934727986e-07
    ],
    [
      0.002557585248723626,
      0.0026688959915190935,
      0.0014518051175400615,
      0.0005488877068273723,
      0.0001622527779545635,
      3.999849650426768e-05,
      8.565339157939889e-06,
      1.6387230061809532e-06,
      2.859273422473052e-07
    ],
    [
      0.000858815386891365,
      0.0008810388389974833,
      0.00047111735329963267,
      0.00017507591110188514,
      5.0865786761278287e-05,
      1.2323586815909948e-05,
      2.593406179585145e-06,
      4.875719241681509e-07,
      8.359349834563545e-08
    ]
  ],
  "probs_results": [
    0.1957990825176239,
    0.5959640145301819,
    0.20823684334754944
  ]
}