{
  "skills_mean": [
    [
      0.6612741947174072,
      1.0926628112792969
    ],
    [
      -0.03175356984138489,
      0.2506062090396881
    ]
  ],
  "skills_cov": [
    [
      [
        0.020663443952798843,
        0.012021349743008614
      ],
      [
        0.012021349743008614,
        0.027303451672196388
      ]
    ],
    [
      [
        0.020592015236616135,
        0.010401478037238121
      ],
      [
        0.010401478037238121,
        0.02333763800561428
      ]
    ]
  ],
  "probs_grid": [
    [
      0.03104199469089508,
      0.02046707458794117,
      0.007059698458760977,
      0.001698478008620441,
      0.0003206330875400454,
      5.065673394710757e-05,
      6.976716576900799e-06,
      8.615071465101209e-07,
      9.736186967757021e-08
    ],
    [
      0.08305007219314575,
      0.053882330656051636,
      0.018284955993294716,
      0.004327192436903715,
      0.0008033759659156203,
      0.00012480784789659083,
      1.6899881302379072e-05,
      2.0514339666988235e-06,
      2.2787423858972033e-07
    ],
    [
      0.11551022529602051,
      0.07373892515897751,
      0.024616949260234833,
      0.005730078089982271,
      0.0010462019126862288,
      0.00015981333854142576,
      2.1274800019455142e-05,
      2.5385736535099568e-06,
      2.7715398687178094e-07
    ],
    [
      0.1113421693444252,
      0.06993257999420166,
      0.02296588011085987,
      0.0052577778697013855,
      0.0009440186549909413,
      0.0001417867752024904,
      1.855598748079501e-05,
      2.1764342363894684e-06,
      2.3353894107458473e-07
    ],
    [
      0.08366404473781586,
      0.05169863998889923,
      0.01670045591890812,
      0.0037602963857352734,
      0.0006639076746068895,
      9.804076398722827e-05,
      1.2613585568033159e-05,
      1.4542092685587704e-06,
      1.5336064507209812e-07
    ],
    [
      0.0522652268409729,
      0.031772661954164505,
      0.01009557768702507,
      0.002235550433397293,
      0.0003881186421494931,
      5.635026900563389e-05,
      7.126920991140651e-06,
      8.076235076259763e-07,
      8.370712833993821e-08
    ],
    [
      0.028270531445741653,
      0.016906706616282463,
      0.005283853504806757,
      0.0011506718583405018,
      0.00019643352425191551,
      2.8039561584591866e-05,
      3.486133209662512e-06,
      3.8829711002108525e-07,
      3.955303640168495e-08
    ],
    [
      0.01361631229519844,
      0.008010427467525005,
      0.0024623535573482513,
      0.0005273385322652757,
      8.851772145135328e-05,
      1.2422351574059576e-05,
      1.5182354218268301e-06,
      1.6621459053567378e-07,
      1.6639674527141324e-08
    ],
    [
      0.005960256326943636,
      0.0034492304548621178,
      0.001042826334014535,
      0.00021962553728371859,
      3.6248948163120076e-05,
      5.001309546059929e-06,
      6.008685886627063e-07,
      6.465744917250049e-08,
      6.361427384860008e-09
    ]
  ],
  "probs_results": [
    0.11630638688802719,
    0.8219258189201355,
    0.06176772341132164
  ]
}