{
  "skills_mean": [
    [
      0.3089330494403839,
      1.1685309410095215
    ],
    [
      -0.01979350857436657,
      0.24105949699878693
    ]
  ],
  "skills_cov": [
    [
      [
        0.015208474360406399,
        0.008982720784842968
      ],
      [
        0.008982720784842968,
        0.025363871827721596
      ]
    ],
    [
      [
        0.021220099180936813,
        0.011065373197197914
      ],
      [
        0.011065373197197914,
        0.0244549959897995
      ]
    ]
  ],
  "probs_grid": [
    [
      0.07101363688707352,
      0.04315643012523651,
      0.013711134903132915,
      0.0030362955294549465,
      0.0005272168200463057,
      7.656235538888723e-05,
      9.685616532806307e-06,
      1.0978307045661495e-06,
      1.138069336548142e-07
    ],
    [
      0.13976778090000153,
      0.08382689207792282,
      0.026276208460330963,
      0.005739458836615086,
      0.0009827566100284457,
      0.00014070198812987655,
      1.7544654838275164e-05,
      1.959726432687603e-06,
      2.0016423718516307e-07
    ],
    [
      0.14265671372413635,
      0.0844249352812767,
      0.02610582672059536,
      0.0056237285025417805,
      0.0009494574042037129,
      0.00013400125317275524,
      1.6468005924252793e-05,
      1.8125615497410763e-06,
      1.823910764642278e-07
    ],
    [
      0.10066858679056168,
      0.05877719074487686,
      0.017926795408129692,
      0.0038081409875303507,
      0.0006338546518236399,
      8.817706111585721e-05,
      1.0679054867068771e-05,
      1.1581017815842642e-06,
      1.1479995976060309e-07
    ],
    [
      0.05524866655468941,
      0.03182082250714302,
      0.009571407921612263,
      0.002004739362746477,
      0.0003289367014076561,
      4.509907739702612e-05,
      5.382078143156832e-06,
      5.750287641603791e-07,
      5.6148099503161575e-08
    ],
    [
      0.025151263922452927,
      0.01428783405572176,
      0.0042378767393529415,
      0.0008750919951125979,
      0.00014152780931908637,
      1.9122540834359825e-05,
      2.248514874736429e-06,
      2.366610516446599e-07,
      2.2761014406569302e-08
    ],
    [
      0.009892145171761513,
      0.005541920196264982,
      0.0016207295702770352,
      0.00032990871113725007,
      5.2586488891392946e-05,
      7.001457561273128e-06,
      8.110949352158059e-07,
      8.409351437421719e-08,
      7.96557664273223e-09
    ],
    [
      0.003457016544416547,
      0.001909784390591085,
      0.0005506263114511967,
      0.00011047804582631215,
      1.735441037453711e-05,
      2.276667146361433e-06,
      2.598265780306974e-07,
      2.6534113573006834e-08,
      2.475267768531353e-09
    ],
    [
      0.0010957192862406373,
      0.0005968274199403822,
      0.00016962940571829677,
      3.3544176403665915e-05,
      5.192407570575597e-06,
      6.711211995025224e-07,
      7.544941382775505e-08,
      7.588914385792123e-09,
      6.97164770357972e-10
    ]
  ],
  "probs_results": [
    0.18524248898029327,
    0.7134906649589539,
    0.10126674920320511
  ]
}