{
  "skills_mean": [
    [
      0.5954153537750244,
      1.0181198120117188
    ],
    [
      0.3789314925670624,
      0.748378574848175
    ]
  ],
  "skills_cov": [
    [
      [
        0.018505342304706573,
        0.010814400389790535
      ],
      [
        0.010814400389790535,
        0.025225475430488586
      ]
    ],
    [
      [
        0.01870652101933956,
        0.010394656099379063
      ],
      [
        0.010394656099379063,
        0.023058949038386345
      ]
    ]
  ],
  "probs_grid": [
    [
      0.06787018477916718,
      0.06975541263818741,
      0.03735978528857231,
      0.013901720754802227,
      0.0040429034270346165,
      0.000980112119577825,
      0.00020630577637348324,
      3.877939161611721e-05,
      6.644526820309693e-06
    ],
    [
      0.10945449769496918,
      0.11076688021421432,
      0.05840449035167694,
      0.021392256021499634,
      0.006123045925050974,
      0.0014607636258006096,
      0.000302547006867826,
      5.595134280156344e-05,
      9.430953468836378e-06
    ],
    [
      0.09172118455171585,
      0.09138453006744385,
      0.047431956976652145,
      0.017099473625421524,
      0.004816567525267601,
      0.0011306809028610587,
      0.00023040533415041864,
      4.191819971310906e-05,
      6.95018024998717e-06
    ],
    [
      0.05324599891901016,
      0.052223898470401764,
      0.02667997218668461,
      0.00946577824652195,
      0.0026237093843519688,
      0.0006059977458789945,
      0.0001214864241774194,
      2.1741874661529437e-05,
      3.5457428566587623e-06
    ],
    [
      0.02408785931766033,
      0.023254966363310814,
      0.011692513711750507,
      0.004082247149199247,
      0.0011133360676467419,
      0.00025298778200522065,
      4.9891674279933795e-05,
      8.782641089055687e-06,
      1.4087131603446323e-06
    ],
    [
      0.009057115763425827,
      0.008606009185314178,
      0.0042582545429468155,
      0.00146287411917001,
      0.00039252519491128623,
      8.774585876381025e-05,
      1.7021446183207445e-05,
      2.947085704363417e-06,
      4.648899505355075e-07
    ],
    [
      0.0029481349047273397,
      0.0027568659279495478,
      0.0013422942720353603,
      0.0004537051427178085,
      0.00011976673704339191,
      2.633611802593805e-05,
      5.0249823289050255e-06,
      8.556644957025128e-07,
      1.32738151137346e-07
    ],
    [
      0.0008543989970348775,
      0.0007862321217544377,
      0.00037666226853616536,
      0.00012525585771072656,
      3.2526229915674776e-05,
      7.035227099549957e-06,
      1.3202261470723897e-06,
      2.2108818598098878e-07,
      3.372636214749036e-08
    ],
    [
      0.00022502924548462033,
      0.0002037599333561957,
      9.604165825294331e-05,
      3.141936758765951e-05,
      8.02564318291843e-06,
      1.7073722347049625e-06,
      3.151099861042894e-07,
      5.189259155713444e-08,
      7.783948596795653e-09
    ]
  ],
  "probs_results": [
    0.23678381741046906,
    0.5220953822135925,
    0.2411206215620041
  ]
}