{
  "skills_mean": [
    [
      0.5362558364868164,
      0.8596150279045105
    ],
    [
      0.2656078338623047,
      0.9152049422264099
    ]
  ],
  "skills_cov": [
    [
      [
        0.021493930369615555,
        0.011759744957089424
      ],
      [
        0.011759744957089424,
        0.025634078308939934
      ]
    ],
    [
      [
        0.018074151128530502,
        0.010238159447908401
      ],
      [
        0.010238159447908401,
        0.024922853335738182
      ]
    ]
  ],
  "probs_grid": [
    [
      0.08990859240293503,
      0.09598274528980255,
      0.05338602885603905,
      0.020625922828912735,
      0.006226903758943081,
      0.0015667483676224947,
      0.0003422077279537916,
      6.67333515593782e-05,
      1.185978271678323e-05
    ],
    [
      0.1169164627790451,
      0.12288416922092438,
      0.0672791600227356,
      0.02558247558772564,
      0.0075999051332473755,
      0.001881382311694324,
      0.00040424821781925857,
      7.753973477520049e-05,
      1.3552765267377254e-05
    ],
    [
      0.07937765121459961,
      0.08212380111217499,
      0.044251713901758194,
      0.01655767112970352,
      0.004839561879634857,
      0.0011785697424784303,
      0.00024908536579459906,
      4.698857446783222e-05,
      8.076305675785989e-06
    ],
    [
      0.03751136362552643,
      0.03819538280367851,
      0.020252564921975136,
      0.007455755956470966,
      0.0021437753457576036,
      0.0005135117098689079,
      0.00010673599899746478,
      1.9800256268354133e-05,
      3.346259745740099e-06
    ],
    [
      0.013879560865461826,
      0.01390700601041317,
      0.007255162578076124,
      0.0026274891570210457,
      0.0007431080448441207,
      0.00017506191215943545,
      3.578231917344965e-05,
      6.526739980472485e-06,
      1.0844431699297274e-06
    ],
    [
      0.004288611933588982,
      0.00422787107527256,
      0.0021698041819036007,
      0.0007729309727437794,
      0.00021499204740393907,
      4.980582161806524e-05,
      1.0009813195210882e-05,
      1.7950495703189517e-06,
      2.932015092937945e-07
    ],
    [
      0.0011525602312758565,
      0.0011177840642631054,
      0.0005642698961310089,
      0.0001976886560441926,
      5.4073610954219475e-05,
      1.2317294931563083e-05,
      2.433808958812733e-06,
      4.2905958252958953e-07,
      6.888853931741323e-08
    ],
    [
      0.0002770761784631759,
      0.0002643197076395154,
      0.00013123151438776404,
      4.5212655095383525e-05,
      1.216019518324174e-05,
      2.723326588238706e-06,
      5.289996352075832e-07,
      9.167030867729409e-08,
      1.4466416509151259e-08
    ],
    [
      6.081683386582881e-05,
      5.706120282411575e-05,
      2.7860161935677752e-05,
      9.438191227673087e-06,
      2.495770786481444e-06,
      5.494825927598868e-07,
      1.049196285407561e-07,
      1.787052994473015e-08,
      2.7716529071852847e-09
    ]
  ],
  "probs_results": [
    0.2653083801269531,
    0.427731454372406,
    0.30696025490760803
  ]
}