{
  "skills_mean": [
    [
      0.2654121518135071,
      0.9815443158149719
    ],
    [
      -0.30660486221313477,
      0.025197414681315422
    ]
  ],
  "skills_cov": [
    [
      [
        0.02282671071588993,
        0.01241340208798647
      ],
      [
        0.01241340208798647,
        0.0245231781154871
      ]
    ],
    [
      [
        0.021498242393136024,
        0.010103628039360046
      ],
      [
        0.010103628039360046,
        0.022351790219545364
      ]
    ]
  ],
  "probs_grid": [
    [
      0.05241169035434723,
      0.029240166768431664,
      0.00852199923247099,
      0.0017299671890214086,
      0.0002751732827164233,
      3.658131754491478e-05,
      4.2335832404205576e-06,
      4.3870130639334093e-07,
      4.155060295829571e-08
    ],
    [
      0.11979944258928299,
      0.06582091748714447,
      0.018887467682361603,
      0.0037741106934845448,
      0.0005907850572839379,
      7.727438060101122e-05,
      8.797290320217144e-06,
      8.96583401299722e-07,
      8.350274782742417e-08
    ],
    [
      0.14258499443531036,
      0.07713989913463593,
      0.02179119363427162,
      0.004285634029656649,
      0.0006601292407140136,
      8.494639041600749e-05,
      9.512256838206667e-06,
      9.53388848756731e-07,
      8.730691547498282e-08
    ],
    [
      0.11780303716659546,
      0.0627482458949089,
      0.01744794473052025,
      0.003376948880031705,
      0.0005117934197187424,
      6.478597788373008e-05,
      7.135245596145978e-06,
      7.032459166111948e-07,
      6.331757873567767e-08
    ],
    [
      0.07599508762359619,
      0.03984919935464859,
      0.010905768722295761,
      0.0020770160481333733,
      0.00030968995997682214,
      3.8561025576200336e-05,
      4.176697530056117e-06,
      4.04774993967294e-07,
      3.582963259418648e-08
    ],
    [
      0.040824197232723236,
      0.021071448922157288,
      0.00567522132769227,
      0.0010634848149493337,
      0.00015599130711052567,
      1.910402897919994e-05,
      2.0348716134321876e-06,
      1.9389811711789662e-07,
      1.6872911956511416e-08
    ],
    [
      0.01901986077427864,
      0.009662400931119919,
      0.0025608688592910767,
      0.00047213511425070465,
      6.812182982685044e-05,
      8.205127414839808e-06,
      8.594078622081724e-07,
      8.051345901094464e-08,
      6.887337811178895e-09
    ],
    [
      0.00790338683873415,
      0.003951435908675194,
      0.0010304749011993408,
      0.00018690300930757076,
      2.6525245630182326e-05,
      3.1420149753103033e-06,
      3.2359483270738565e-07,
      2.980461033530446e-08,
      2.5061941411053112e-09
    ],
    [
      0.0029895922634750605,
      0.0014709061942994595,
      0.00037741399137303233,
      6.73395479680039e-05,
      9.39966685109539e-06,
      1.0949377156066475e-06,
      1.1087743700954888e-07,
      1.003968908008801e-08,
      8.298218778790556e-10
    ]
  ],
  "probs_results": [
    0.14409060776233673,
    0.7869176864624023,
    0.06899173557758331
  ]
}