{
  "skills_mean": [
    [
      0.5596838593482971,
      0.966866135597229
    ],
    [
      0.012211950495839119,
      0.6145970225334167
    ]
  ],
  "skills_cov": [
    [
      [
        0.019997380673885345,
        0.012145637534558773
      ],
      [
        0.012145637534558773,
        0.02702931873500347
      ]
    ],
    [
      [
        0.02258129231631756,
        0.012483694590628147
      ],
      [
        0.012483694590628147,
        0.025640293955802917
      ]
    ]
  ],
  "probs_grid": [
    [
      0.07599157840013504,
      0.05806263908743858,
      0.02324518747627735,
      0.0065010664984583855,
      0.0014288082020357251,
      0.000263207039097324,
      4.233013896737248e-05,
      6.112653863965534e-06,
      8.090119081316516e-07
    ],
    [
      0.1332540512084961,
      0.10004045814275742,
      0.03934376314282417,
      0.010806810110807419,
      0.0023322163615375757,
      0.00042178554576821625,
      6.658340862486511e-05,
      9.43617669690866e-06,
      1.2254735111127957e-06
    ],
    [
      0.12181450426578522,
      0.08984582126140594,
      0.03470616042613983,
      0.009361530654132366,
      0.00198359158821404,
      0.00035215201205573976,
      5.456136932480149e-05,
      7.587993877677945e-06,
      9.66900188359432e-07
    ],
    [
      0.0773935616016388,
      0.056072790175676346,
      0.021272476762533188,
      0.005634165834635496,
      0.0011719936737790704,
      0.0002042290143435821,
      3.105384166701697e-05,
      4.237727807776537e-06,
      5.297874281495751e-07
    ],
    [
      0.03844090923666954,
      0.027355128899216652,
      0.01019095815718174,
      0.002650052309036255,
      0.0005411283345893025,
      9.2548449174501e-05,
      1.380941739625996e-05,
      1.84899988653342e-06,
      2.2677181732433382e-07
    ],
    [
      0.015919702127575874,
      0.011125807650387287,
      0.004069822374731302,
      0.001038970542140305,
      0.00020823927479796112,
      3.495220880722627e-05,
      5.117495675222017e-06,
      6.722541456838371e-07,
      8.088016301144307e-08
    ],
    [
      0.005725271068513393,
      0.0039291828870773315,
      0.0014111564960330725,
      0.00035363525967113674,
      6.956572906346992e-05,
      1.1458294466137886e-05,
      1.6460813867524848e-06,
      2.121365412222076e-07,
      2.50354670328079e-08
    ],
    [
      0.001838858937844634,
      0.0012391575146466494,
      0.00043691167957149446,
      0.0001074718456948176,
      2.0748459064634517e-05,
      3.3534788599354215e-06,
      4.726613838101912e-07,
      5.975567063387643e-08,
      6.917185935151338e-09
    ],
    [
      0.0005383712705224752,
      0.0003562035853974521,
      0.00012329027231317014,
      2.976612995553296e-05,
      5.639470600726781e-06,
      8.943539455685823e-07,
      1.236702047435756e-07,
      1.5336929948261968e-08,
      1.7413250841258332e-09
    ]
  ],
  "probs_results": [
    0.21703191101551056,
    0.627090573310852,
    0.15587764978408813
  ]
}