{
  "skills_mean": [
    [
      0.38691073656082153,
      0.7411000728607178
    ],
    [
      -0.19815774261951447,
      0.3789166808128357
    ]
  ],
  "skills_cov": [
    [
      [
        0.019939053803682327,
        0.011314330622553825
      ],
      [
        0.011314330622553825,
        0.02408221922814846
      ]
    ],
    [
      [
        0.024080798029899597,
        0.012149185873568058
      ],
      [
        0.012149185873568058,
        0.02396802231669426
      ]
    ]
  ],
  "probs_grid": [
    [
      0.06704790145158768,
      0.05204180255532265,
      0.021137118339538574,
      0.005989310797303915,
      0.001331897103227675,
      0.00024792816839180887,
      4.0238261135527864e-05,
      5.856157258676831e-06,
      7.801287438269355e-07
    ],
    [
      0.12481321394443512,
      0.09526050835847855,
      0.03803648054599762,
      0.010593491606414318,
      0.002315049758180976,
      0.0004234151274431497,
      6.750872853444889e-05,
      9.65043182077352e-06,
      1.2625586123249377e-06
    ],
    [
      0.12092939764261246,
      0.09074374288320541,
      0.03561631217598915,
      0.009748796001076698,
      0.0020934215281158686,
      0.0003761621192097664,
      5.891312684980221e-05,
      8.271394108305685e-06,
      1.0626825996951084e-06
    ],
    [
      0.08129914104938507,
      0.059972867369651794,
      0.023135943338274956,
      0.006223143544048071,
      0.001312991720624268,
      0.000231769765377976,
      3.5653694794746116e-05,
      4.916086254524998e-06,
      6.202044460223988e-07
    ],
    [
      0.042660150676965714,
      0.030933570116758347,
      0.01172791887074709,
      0.0030997497960925102,
      0.0006425250903703272,
      0.00011141105642309412,
      1.6832784240250476e-05,
      2.279246473335661e-06,
      2.8233904458829784e-07
    ],
    [
      0.018634311854839325,
      0.013280648738145828,
      0.004948021378368139,
      0.0012849472695961595,
      0.00026165423332713544,
      4.456350870896131e-05,
      6.612405741179828e-06,
      8.792036965132866e-07,
      1.0693246821347202e-07
    ],
    [
      0.007057163864374161,
      0.004943081643432379,
      0.0018096609273925424,
      0.0004617079393938184,
      9.235478501068428e-05,
      1.544893348182086e-05,
      2.251157638966106e-06,
      2.939054013495479e-07,
      3.509511259380815e-08
    ],
    [
      0.002383133629336953,
      0.0016403795452788472,
      0.0005900649703107774,
      0.0001478968042647466,
      2.9058626751066186e-05,
      4.773939963342855e-06,
      6.831082259850518e-07,
      8.756734359849361e-08,
      1.0265535976827778e-08
    ],
    [
      0.0007324230973608792,
      0.0004954004543833435,
      0.00017508206656202674,
      4.310859731049277e-05,
      8.319192602357361e-06,
      1.3422229585557943e-06,
      1.885921676603175e-07,
      2.373611884820548e-08,
      2.73169664666284e-09
    ]
  ],
  "probs_results": [
    0.20495066046714783,
    0.6487153768539429,
    0.14633406698703766
  ]
}