{
  "skills_mean": [
    [
      0.32027244567871094,
      0.884494423866272
    ],
    [
      0.24247658252716064,
      0.5275664329528809
    ]
  ],
  "skills_cov": [
    [
      [
        0.018682528287172318,
        0.010177313350141048
      ],
      [
        0.010177313350141048,
        0.020843427628278732
      ]
    ],
    [
      [
        0.020554564893245697,
        0.011660472489893436
      ],
      [
        0.011660472489893436,
        0.024855880066752434
      ]
    ]
  ],
  "probs_grid": [
    [
      0.07412581145763397,
      0.07602621614933014,
      0.040539514273405075,
      0.01498410478234291,
      0.004318657796829939,
      0.0010352273238822818,
      0.0002149778592865914,
      3.977682354161516e-05,
      6.69377732265275e-06
    ],
    [
      0.11343905329704285,
      0.11451182514429092,
      0.06008896604180336,
      0.021853197365999222,
      0.006196451839059591,
      0.001461117877624929,
      0.00029843306401744485,
      5.4304815421346575e-05,
      8.986461580207106e-06
    ],
    [
      0.09037191420793533,
      0.08977554738521576,
      0.04635299742221832,
      0.016584981232881546,
      0.004625989589840174,
      0.0010728928027674556,
      0.00021551514510065317,
      3.8564052374567837e-05,
      6.274839506659191e-06
    ],
    [
      0.049966465681791306,
      0.048841264098882675,
      0.02481028251349926,
      0.008732492104172707,
      0.00239576562307775,
      0.0005464649293571711,
      0.00010794510308187455,
      1.899251037684735e-05,
      3.038329168703058e-06
    ],
    [
      0.021567825227975845,
      0.020741930231451988,
      0.0103650763630867,
      0.003588426858186722,
      0.0009682436939328909,
      0.00021718467178288847,
      4.218431422486901e-05,
      7.29740804672474e-06,
      1.1476754480099771e-06
    ],
    [
      0.007751745171844959,
      0.007333836983889341,
      0.003604871453717351,
      0.0012274550972506404,
      0.00032570314942859113,
      7.183829438872635e-05,
      1.37190490931971e-05,
      2.333169959456427e-06,
      3.6071384101887816e-07
    ],
    [
      0.0024162328336387873,
      0.0022486287634819746,
      0.0010871058329939842,
      0.0003640273935161531,
      9.498394501861185e-05,
      2.05987089429982e-05,
      3.867423401970882e-06,
      6.465740511885087e-07,
      9.825873092950133e-08
    ],
    [
      0.0006717537180520594,
      0.0006148902466520667,
      0.0002923551946878433,
      9.626871906220913e-05,
      2.469837636454031e-05,
      5.266021162242396e-06,
      9.719598210722324e-07,
      1.597314707169062e-07,
      2.385905872870353e-08
    ],
    [
      0.00017002686217892915,
      0.00015306597924791276,
      7.156782521633431e-05,
      2.3172486180556007e-05,
      5.845116447744658e-06,
      1.225189976139518e-06,
      2.222931669848549e-07,
      3.5907778084265374e-08,
      5.271524106120751e-09
    ]
  ],
  "probs_results": [
    0.2447991669178009,
    0.5021397471427917,
    0.25306105613708496
  ]
}