{
  "skills_mean": [
    [
      0.6249828338623047,
      0.870936393737793
    ],
    [
      -0.03903158754110336,
      0.6884875297546387
    ]
  ],
  "skills_cov": [
    [
      [
        0.01860520802438259,
        0.01117096096277237
      ],
      [
        0.01117096096277237,
        0.025609377771615982
      ]
    ],
    [
      [
        0.01864381693303585,
        0.009694230742752552
      ],
      [
        0.009694230742752552,
        0.022620147094130516
      ]
    ]
  ],
  "probs_grid": [
    [
      0.074671171605587,
      0.05928100273013115,
      0.024541795253753662,
      0.00706385588273406,
      0.001590199419297278,
      0.0002986340841744095,
      4.873129728366621e-05,
      7.106655175448395e-06,
      9.454483915760648e-07
    ],
    [
      0.13033470511436462,
      0.10197494179010391,
      0.04159730672836304,
      0.01179497130215168,
      0.002615304198116064,
      0.0004836707084905356,
      7.771170930936933e-05,
      1.11569197542849e-05,
      1.4610129710490583e-06
    ],
    [
      0.11816084384918213,
      0.09109962731599808,
      0.036611057817935944,
      0.010225553065538406,
      0.0022329462226480246,
      0.00040663001709617674,
      6.432223744923249e-05,
      9.090325875149574e-06,
      1.1716248309312505e-06
    ],
    [
      0.07418065518140793,
      0.05634893476963043,
      0.02230754867196083,
      0.006136483978480101,
      0.0013195654610171914,
      0.00023659331782255322,
      3.6842488043475896e-05,
      5.124953077029204e-06,
      6.50074582608795e-07
    ],
    [
      0.03627612814307213,
      0.027146538719534874,
      0.010585259646177292,
      0.002867582254111767,
      0.0006071607349440455,
      0.00010717293480411172,
      1.6427771697635762e-05,
      2.249090812256327e-06,
      2.807447003760899e-07
    ],
    [
      0.014738336205482483,
      0.010864024050533772,
      0.004172072745859623,
      0.0011129347840324044,
      0.00023200309078674763,
      4.031324715469964e-05,
      6.082095751480665e-06,
      8.194760994229e-07,
      1.0065640765333228e-07
    ],
    [
      0.005181501619517803,
      0.0037618388887494802,
      0.001422632485628128,
      0.00037365767639130354,
      7.668259786441922e-05,
      1.3115607544023078e-05,
      1.9474812233966077e-06,
      2.582145839369332e-07,
      3.120744551665666e-08
    ],
    [
      0.0016211753245443106,
      0.0011591353686526418,
      0.0004316363192629069,
      0.00011161573638673872,
      2.2548254491994157e-05,
      3.7958575376251247e-06,
      5.546822308133414e-07,
      7.236824473011438e-08,
      8.605408829964745e-09
    ],
    [
      0.0004607629671227187,
      0.00032441585790365934,
      0.00011894346971530467,
      3.0278923077275977e-05,
      6.020885393809294e-06,
      9.97546749204048e-07,
      1.4344635701490915e-07,
      1.8414674229916272e-08,
      2.1543165029669353e-09
    ]
  ],
  "probs_results": [
    0.2201140969991684,
    0.6157471537590027,
    0.16413870453834534
  ]
}