{
  "skills_mean": [
    [
      0.6286997199058533,
      0.8489311933517456
    ],
    [
      0.34004291892051697,
      0.5174893736839294
    ]
  ],
  "skills_cov": [
    [
      [
        0.01782980002462864,
        0.010433806106448174
      ],
      [
        0.010433806106448174,
        0.023953674361109734
      ]
    ],
    [
      [
        0.021614674478769302,
        0.011532017961144447
      ],
      [
        0.011532017961144447,
        0.02368508279323578
      ]
    ]
  ],
  "probs_grid": [
    [
      0.03619873896241188,
      0.0425245463848114,
      0.02605840563774109,
      0.011105087585747242,
      0.003702357178553939,
      0.0010299290297552943,
      0.0002489988401066512,
      5.3807343647349626e-05,
      1.0608447155391332e-05
    ],
    [
      0.07487905025482178,
      0.08650003373622894,
      0.0521182157099247,
      0.02183670364320278,
      0.007156959269195795,
      0.001957072876393795,
      0.000465065153548494,
      9.877458796836436e-05,
      1.913883170345798e-05
    ],
    [
      0.08041901141405106,
      0.09134835749864578,
      0.05411488935351372,
      0.02229035273194313,
      0.007181636989116669,
      0.001930334372445941,
      0.00045085643068887293,
      9.4110808277037e-05,
      1.7920630853041075e-05
    ],
    [
      0.05978339910507202,
      0.06677091866731644,
      0.03888895362615585,
      0.015747448429465294,
      0.0049872854724526405,
      0.0013176106149330735,
      0.00030246551614254713,
      6.204858800629154e-05,
      1.1611135960265528e-05
    ],
    [
      0.03460431471467018,
      0.037999946624040604,
      0.021758411079645157,
      0.008661205880343914,
      0.0026962754782289267,
      0.0007001424673944712,
      0.0001579589006723836,
      3.1845014746068045e-05,
      5.855996278114617e-06
    ],
    [
      0.01663360372185707,
      0.017958439886569977,
      0.01010887324810028,
      0.003955548629164696,
      0.0012103503104299307,
      0.00030890118796378374,
      6.849114288343117e-05,
      1.3569438124250155e-05,
      2.45203386839421e-06
    ],
    [
      0.006915531121194363,
      0.007340462878346443,
      0.004061948042362928,
      0.0015623525250703096,
      0.0004698835837189108,
      0.00011786219693021849,
      2.5682442355901003e-05,
      5.000164946977748e-06,
      8.878618018570705e-07
    ],
    [
      0.002557584084570408,
      0.0026688941288739443,
      0.0014518044190481305,
      0.0005488874739967287,
      0.00016225274885073304,
      3.999847831437364e-05,
      8.565331881982274e-06,
      1.6387203913836856e-06,
      2.8592691592166375e-07
    ],
    [
      0.0008588145719841123,
      0.0008810382569208741,
      0.00047111688763834536,
      0.0001750758965499699,
      5.086575401946902e-05,
      1.2323584996920545e-05,
      2.5934039058483904e-06,
      4.87571071516868e-07,
      8.359337044794302e-08
    ]
  ],
  "probs_results": [
    0.19579912722110748,
    0.5959641337394714,
    0.20823688805103302
  ]
}