{
  "skills_mean": [
    [
      -0.18855585157871246,
      0.5147631168365479
    ],
    [
      0.31754961609840393,
      0.821426272392273
    ]
  ],
  "skills_cov": [
    [
      [
        0.020583461970090866,
        0.010675451718270779
      ],
      [
        0.010675451718270779,
        0.023412588983774185
      ]
    ],
    [
      [
        0.019420577213168144,
        0.010276389308273792
      ],
      [
        0.010276389308273792,
        0.022441502660512924
      ]
    ]
  ],
  "probs_grid": [
    [
      0.10034434497356415,
      0.15407702326774597,
      0.12309778481721878,
      0.0682222917675972,
      0.029503606259822845,
      0.010618920437991619,
      0.0033130140509456396,
      0.000921489205211401,
      0.00023323115601669997
    ],
    [
      0.07204623520374298,
      0.10911446064710617,
      0.08596682548522949,
      0.04697411134839058,
      0.020025333389639854,
      0.00710367551073432,
      0.002184011274948716,
      0.0005985313327983022,
      0.00014924086281098425
    ],
    [
      0.026949409395456314,
      0.040247198194265366,
      0.031261906027793884,
      0.016838200390338898,
      0.007074495777487755,
      0.002472911262884736,
      0.0007490748539566994,
      0.00020222803868819028,
      4.966738197254017e-05
    ],
    [
      0.007002081256359816,
      0.010309160687029362,
      0.007892873138189316,
      0.004189611412584782,
      0.0017344545340165496,
      0.0005973110091872513,
      0.00017823053349275142,
      4.739219366456382e-05,
      1.1462855582067277e-05
    ],
    [
      0.0014216041890904307,
      0.0020629323553293943,
      0.0015564432833343744,
      0.0008140304707922041,
      0.000331997056491673,
      0.00011262007319601253,
      3.309674866613932e-05,
      8.666531357448548e-06,
      2.0640375169023173e-06
    ],
    [
      0.00024055360700003803,
      0.0003439795400481671,
      0.00025569877470843494,
      0.0001317403803113848,
      5.292197965900414e-05,
      1.7680120436125435e-05,
      5.1164520300517324e-06,
      1.3191493053454906e-06,
      3.093042835189408e-07
    ],
    [
      3.533728522597812e-05,
      4.978280048817396e-05,
      3.645335527835414e-05,
      1.849824548116885e-05,
      7.318029020098038e-06,
      2.4073358417808777e-06,
      6.859060590613808e-07,
      1.7409576003046823e-07,
      4.0182381866316064e-08
    ],
    [
      4.635064215108287e-06,
      6.431941073969938e-06,
      4.638540303858463e-06,
      2.3179293293651426e-06,
      9.028944418787432e-07,
      2.924174964391568e-07,
      8.201789825079686e-08,
      2.0491180308113144e-08,
      4.654879592891348e-09
    ],
    [
      5.541290875044069e-07,
      7.572805884592526e-07,
      5.377755769586656e-07,
      2.6458934598849737e-07,
      1.0146415974077172e-07,
      3.234717027567058e-08,
      8.930094885784001e-09,
      2.1957735629740682e-09,
      4.908679573922825e-10
    ]
  ],
  "probs_results": [
    0.24529339373111725,
    0.1715211123228073,
    0.583185613155365
  ]
}