{
  "skills_mean": [
    [
      0.005025704391300678,
      0.7240586280822754
    ],
    [
      0.2193765789270401,
      0.83387291431427
    ]
  ],
  "skills_cov": [
    [
      [
        0.018364934250712395,
        0.00928371399641037
      ],
      [
        0.00928371399641037,
        0.021707965061068535
      ]
    ],
    [
      [
        0.021120470017194748,
        0.012131022289395332
      ],
      [
        0.012131022289395332,
        0.027808619663119316
      ]
    ]
  ],
  "probs_grid": [
    [
      0.13121092319488525,
      0.15111331641674042,
      0.0906052365899086,
      0.037707533687353134,
      0.012253115884959698,
      0.003315909067168832,
      0.0007783737382851541,
      0.00016300521383527666,
      3.1085506634553894e-05
    ],
    [
      0.11130402982234955,
      0.1264503449201584,
      0.07477137446403503,
      0.03068101592361927,
      0.009827635250985622,
      0.0026210329961031675,
      0.0006062310421839356,
      0.00012506866187322885,
      2.3492273612646386e-05
    ],
    [
      0.04932745173573494,
      0.05526385083794594,
      0.032217878848314285,
      0.013030915521085262,
      0.004113440401852131,
      0.0010809187078848481,
      0.00024628700339235365,
      5.0044636736856773e-05,
      9.256951670977287e-06
    ],
    [
      0.015226932242512703,
      0.01681836135685444,
      0.009664137847721577,
      0.0038518873043358326,
      0.0011979847913607955,
      0.00031010303064249456,
      6.958966696402058e-05,
      1.3924513041274622e-05,
      2.5359540813951753e-06
    ],
    [
      0.003683023154735565,
      0.004009378608316183,
      0.002270226366817951,
      0.0008914742502383888,
      0.0002731087151914835,
      6.962484621908516e-05,
      1.5385301594506018e-05,
      3.030936568393372e-06,
      5.433891487882647e-07
    ],
    [
      0.0007444924558512866,
      0.0007985907723195851,
      0.00044547676225192845,
      0.00017230396042577922,
      5.198509825277142e-05,
      1.3049500012130011e-05,
      2.8389365525072208e-06,
      5.505333433575288e-07,
      9.714388937709373e-08
    ],
    [
      0.00013100133219268173,
      0.00013842896441929042,
      7.605691644130275e-05,
      2.896990736189764e-05,
      8.605970833741594e-06,
      2.1267587726470083e-06,
      4.554295571779221e-07,
      8.692239106267152e-08,
      1.5093538863197864e-08
    ],
    [
      2.0637149646063335e-05,
      2.147786108253058e-05,
      1.1620420991675928e-05,
      4.35794345321483e-06,
      1.2744430932798423e-06,
      3.100019512203289e-07,
      6.533326057933664e-08,
      1.2270336746666999e-08,
      2.0964063818240675e-09
    ],
    [
      2.970982905026176e-06,
      3.044674485863652e-06,
      1.621826754671929e-06,
      5.987331519463623e-07,
      1.7233818994100147e-07,
      4.1254970994941687e-08,
      8.555461228354488e-09,
      1.580923503219367e-09,
      2.657211672918436e-10
    ]
  ],
  "probs_results": [
    0.2940225601196289,
    0.2711295783519745,
    0.43484777212142944
  ]
}