{
  "skills_mean": [
    [
      0.6352682113647461,
      0.8882364630699158
    ],
    [
      0.3272339999675751,
      0.9292075634002686
    ]
  ],
  "skills_cov": [
    [
      [
        0.017413081601262093,
        0.010137517005205154
      ],
      [
        0.010137517005205154,
        0.024220548570156097
      ]
    ],
    [
      [
        0.017496258020401,
        0.009674999862909317
      ],
      [
        0.009674999862909317,
        0.023978767916560173
      ]
    ]
  ],
  "probs_grid": [
    [
      0.07742729783058167,
      0.08535929024219513,
      0.048940062522888184,
      0.019455689936876297,
      0.006032832432538271,
      0.001556278788484633,
      0.00034789019264280796,
      6.930898234713823e-05,
      1.256175346497912e-05
    ],
    [
      0.1093939021229744,
      0.11890827864408493,
      0.06720776110887527,
      0.026334745809435844,
      0.008047671988606453,
      0.0020457159262150526,
      0.00045056224917061627,
      8.843105024425313e-05,
      1.578776937094517e-05
    ],
    [
      0.08032534271478653,
      0.08607389777898788,
      0.04795273020863533,
      0.01851809211075306,
      0.005576373543590307,
      0.0013966452097520232,
      0.0003030426742043346,
      5.858857912244275e-05,
      1.030250405165134e-05
    ],
    [
      0.04086727276444435,
      0.043165478855371475,
      0.023700503632426262,
      0.009019075892865658,
      0.0026759845204651356,
      0.0006602849462069571,
      0.00014112776261754334,
      2.687446067284327e-05,
      4.6541817937395535e-06
    ],
    [
      0.01620614528656006,
      0.01687048189342022,
      0.009128032252192497,
      0.003422582522034645,
      0.001000449527055025,
      0.00024317142379004508,
      5.119373236084357e-05,
      9.601136298442725e-06,
      1.6374332290070015e-06
    ],
    [
      0.005342636723071337,
      0.005480746738612652,
      0.0029219265561550856,
      0.0010793759720399976,
      0.00031080684857442975,
      7.441100024152547e-05,
      1.5428560800501145e-05,
      2.8495285278040683e-06,
      4.785381975125347e-07
    ],
    [
      0.0015250835567712784,
      0.0015415799571201205,
      0.0008097122772596776,
      0.0002946580934803933,
      8.357418118976057e-05,
      1.970651101146359e-05,
      4.023891051474493e-06,
      7.318153052437992e-07,
      1.210081705949051e-07
    ],
    [
      0.00038769395905546844,
      0.00038610451156273484,
      0.0001997846702579409,
      7.161343091866001e-05,
      2.0005398255307227e-05,
      4.645583885576343e-06,
      9.340951123704144e-07,
      1.6727155127682636e-07,
      2.7231680022055116e-08
    ],
    [
      8.958904800238088e-05,
      8.789682760834694e-05,
      4.4800657633459195e-05,
      1.5817016901564784e-05,
      4.351517873146804e-06,
      9.950758794730064e-07,
      1.9701073483702203e-07,
      3.473499532447022e-08,
      5.567122762784038e-09
    ]
  ],
  "probs_results": [
    0.2544051706790924,
    0.4499109983444214,
    0.2956836223602295
  ]
}