{
  "skills_mean": [
    [
      -0.018504466861486435,
      0.38377171754837036
    ],
    [
      0.7105920910835266,
      1.385325312614441
    ]
  ],
  "skills_cov": [
    [
      [
        0.019968392327427864,
        0.009601333178579807
      ],
      [
        0.009601333178579807,
        0.019615642726421356
      ]
    ],
    [
      [
        0.01783093437552452,
        0.011257571168243885
      ],
      [
        0.011257571168243885,
        0.027926361188292503
      ]
    ]
  ],
  "probs_grid": [
    [
      0.044751208275556564,
      0.1119978204369545,
      0.14498943090438843,
      0.12944357097148895,
      0.08965000510215759,
      0.051372453570365906,
      0.025368886068463326,
      0.01110326498746872,
      0.004396278411149979
    ],
    [
      0.022317130118608475,
      0.055079761892557144,
      0.07030990719795227,
      0.06188872456550598,
      0.0422559455037117,
      0.023868905380368233,
      0.011617974378168583,
      0.0050115445628762245,
      0.0019555315375328064
    ],
    [
      0.00582546554505825,
      0.014174622483551502,
      0.017836807295680046,
      0.015475685708224773,
      0.010414168238639832,
      0.005797361955046654,
      0.002780705690383911,
      0.0011819275096058846,
      0.0004544120456557721
    ],
    [
      0.001061217742972076,
      0.0025450559332966805,
      0.003156264778226614,
      0.0026985974982380867,
      0.0017894041957333684,
      0.0009814685909077525,
      0.00046380102867260575,
      0.0001942094968399033,
      7.35540161258541e-05
    ],
    [
      0.0001517738273832947,
      0.00035866821417585015,
      0.00043826294131577015,
      0.0003691728925332427,
      0.00024115637643262744,
      0.00013029699039179832,
      6.0649923398159444e-05,
      2.5014052880578674e-05,
      9.330637112725526e-06
    ],
    [
      1.8176837329519913e-05,
      4.231700222590007e-05,
      5.0935788749484345e-05,
      4.2262341594323516e-05,
      2.7191179469809867e-05,
      1.4469150301010814e-05,
      6.632739314227365e-06,
      2.6938766950479476e-06,
      9.894994263959234e-07
    ],
    [
      1.8987984731211327e-06,
      4.3539030230022036e-06,
      5.161312856216682e-06,
      4.2173096517217346e-06,
      2.6719478682935005e-06,
      1.4000294186189421e-06,
      6.319151566458459e-07,
      2.526941216274281e-07,
      9.138310730349986e-08
    ],
    [
      1.7794802431581047e-07,
      4.0179591564992734e-07,
      4.68998479163929e-07,
      3.773163257392298e-07,
      2.3536077264907362e-07,
      1.214106077895849e-07,
      5.3947609046645084e-08,
      2.1236550296066525e-08,
      7.559878056895286e-09
    ],
    [
      1.527200232942505e-08,
      3.394951519908318e-08,
      3.9012242325497937e-08,
      3.089678202172763e-08,
      1.8971363147102238e-08,
      9.632929121039524e-09,
      4.21302770448051e-09,
      1.6323384866012702e-09,
      5.719133500114992e-10
    ]
  ],
  "probs_results": [
    0.12107113003730774,
    0.05078834295272827,
    0.8281404376029968
  ]
}