{
  "skills_mean": [
    [
      0.3912542760372162,
      0.7850800156593323
    ],
    [
      -0.212704598903656,
      0.3475193977355957
    ]
  ],
  "skills_cov": [
    [
      [
        0.020238881930708885,
        0.011738131754100323
      ],
      [
        0.011738131754100323,
        0.024861382320523262
      ]
    ],
    [
      [
        0.02454422041773796,
        0.01257561706006527
      ],
      [
        0.01257561706006527,
        0.024570472538471222
      ]
    ]
  ],
  "probs_grid": [
    [
      0.06546936929225922,
      0.04815119877457619,
      0.018552519381046295,
      0.004992726258933544,
      0.0010556901106610894,
      0.00018706716946326196,
      2.8934637157362886e-05,
      4.017901574115967e-06,
      5.112826215736277e-07
    ],
    [
      0.125762477517128,
      0.09089616686105728,
      0.03440885618329048,
      0.009095852263271809,
      0.0018888391787186265,
      0.0003286465653218329,
      4.990539309801534e-05,
      6.802315056120278e-06,
      8.495345014125633e-07
    ],
    [
      0.12581855058670044,
      0.08935368806123734,
      0.033229079097509384,
      0.008627512492239475,
      0.0017593380762264132,
      0.000300551182590425,
      4.480224379221909e-05,
      5.9938288359262515e-06,
      7.346168331423542e-07
    ],
    [
      0.08739791810512543,
      0.06098106503486633,
      0.02227604016661644,
      0.005680135451257229,
      0.001137358252890408,
      0.00019075110321864486,
      2.7911251891055144e-05,
      3.6647929846367333e-06,
      4.407686731155991e-07
    ],
    [
      0.04741494357585907,
      0.032500606030225754,
      0.011660893447697163,
      0.0029199093114584684,
      0.0005740486667491496,
      9.451216465095058e-05,
      1.3573820069723297e-05,
      1.7490855270807515e-06,
      2.0642012543703459e-07
    ],
    [
      0.02142668142914772,
      0.014426941983401775,
      0.0050836531445384026,
      0.0012499627191573381,
      0.00024126078642439097,
      3.8991223846096545e-05,
      5.496132871485315e-06,
      6.949940143385902e-07,
      8.047845057035374e-08
    ],
    [
      0.008400136604905128,
      0.005555376876145601,
      0.0019224010175094008,
      0.00046410795766860247,
      8.794106543064117e-05,
      1.3950446373200975e-05,
      1.929885229401407e-06,
      2.3946878968672536e-07,
      2.7207299524434347e-08
    ],
    [
      0.0029381909407675266,
      0.0019084622617810965,
      0.0006485059857368469,
      0.00015371515473816544,
      2.8592261514859274e-05,
      4.45183604824706e-06,
      6.043872531336092e-07,
      7.358818976399562e-08,
      8.202863277517736e-09
    ],
    [
      0.0009358896058984101,
      0.0005970034399069846,
      0.0001991966855712235,
      4.635424556909129e-05,
      8.463687663606834e-06,
      1.2933776361023774e-06,
      1.7231272408935183e-07,
      2.058588499664893e-08,
      2.2513007014168807e-09
    ]
  ],
  "probs_results": [
    0.19602951407432556,
    0.6729090213775635,
    0.13106147944927216
  ]
}