{
  "skills_mean": [
    [
      -0.17906858026981354,
      0.47398191690444946
    ],
    [
      0.6761325001716614,
      0.8784022331237793
    ]
  ],
  "skills_cov": [
    [
      [
        0.018702559173107147,
        0.009826287627220154
      ],
      [
        0.009826287627220154,
        0.0222923643887043
      ]
    ],
    [
      [
        0.01734006591141224,
        0.010008363984525204
      ],
      [
        0.010008363984525204,
        0.023369107395410538
      ]
    ]
  ],
  "probs_grid": [
    [
      0.049253784120082855,
      0.10988128185272217,
      0.1270722895860672,
      0.10155803710222244,
      0.06309854984283447,
      0.03250466287136078,
      0.014460122212767601,
      0.005713230464607477,
      0.0020463354885578156
    ],
    [
      0.034174054861068726,
      0.07518549263477325,
      0.08573701977729797,
      0.06756086647510529,
      0.041383154690265656,
      0.0210153479129076,
      0.009215423837304115,
      0.0035887761041522026,
      0.0012668780982494354
    ],
    [
      0.01234045997262001,
      0.026769625023007393,
      0.030095823109149933,
      0.023378826677799225,
      0.014115746133029461,
      0.007065369747579098,
      0.003053518244996667,
      0.0011718976311385632,
      0.000407671119319275
    ],
    [
      0.003092205850407481,
      0.006612648721784353,
      0.007328169420361519,
      0.005610891617834568,
      0.003338855691254139,
      0.0016469538677483797,
      0.0007014086004346609,
      0.000265251292148605,
      9.091835818253458e-05
    ],
    [
      0.0006048434879630804,
      0.0012748942244797945,
      0.0013924548402428627,
      0.0010506768012419343,
      0.0006161050405353308,
      0.00029945356072857976,
      0.0001256558607565239,
      4.6817549446132034e-05,
      1.5809573596925475e-05
    ],
    [
      9.850721835391596e-05,
      0.0002046226873062551,
      0.0002202320465585217,
      0.00016374068218283355,
      9.460211003897712e-05,
      4.5300879719434306e-05,
      1.872691973403562e-05,
      6.873473921586992e-06,
      2.2863969206809998e-06
    ],
    [
      1.3914044757257216e-05,
      2.8479198590503074e-05,
      3.0200328183127567e-05,
      2.212148865510244e-05,
      1.2590933692990802e-05,
      5.939346920058597e-06,
      2.418523308733711e-06,
      8.743616035644663e-07,
      2.8646965688494674e-07
    ],
    [
      1.75313482486672e-06,
      3.535220685080276e-06,
      3.6931492104486097e-06,
      2.6648253879102413e-06,
      1.4940187611500733e-06,
      6.941561423445819e-07,
      2.783989998533798e-07,
      9.912628939900969e-08,
      3.198452347419334e-08
    ],
    [
      2.011355206832377e-07,
      3.995368444975611e-07,
      4.111283544716571e-07,
      2.9218875852166093e-07,
      1.6133976998844446e-07,
      7.38263636890224e-08,
      2.9158936598605578e-08,
      1.0224097124478249e-08,
      3.248566082802995e-09
    ]
  ],
  "probs_results": [
    0.16109731793403625,
    0.09572143852710724,
    0.7431811094284058
  ]
}