{
  "skills_mean": [
    [
      0.7020413279533386,
      1.3065403699874878
    ],
    [
      0.5279515385627747,
      0.8714836835861206
    ]
  ],
  "skills_cov": [
    [
      [
        0.01633099652826786,
        0.010140013881027699
      ],
      [
        0.010140013881027699,
        0.026774562895298004
      ]
    ],
    [
      [
        0.018424542620778084,
        0.009640809148550034
      ],
      [
        0.009640809148550034,
        0.021388743072748184
      ]
    ]
  ],
  "probs_grid": [
    [
      0.07967902719974518,
      0.07142181694507599,
      0.03341110050678253,
      0.010875127278268337,
      0.0027706611435860395,
      0.0005892995395697653,
      0.00010899025073740631,
      1.8027674741460942e-05,
      2.7221440177527256e-06
    ],
    [
      0.12657643854618073,
      0.11190173774957657,
      0.051618415862321854,
      0.016564246267080307,
      0.004159738775342703,
      0.0008719456964172423,
      0.00015890691429376602,
      2.5895873477566056e-05,
      3.851917881547706e-06
    ],
    [
      0.1041426807641983,
      0.09079290181398392,
      0.04129276052117348,
      0.013062153942883015,
      0.003233012743294239,
      0.0006678182980976999,
      0.00011991467181360349,
      1.925122705870308e-05,
      2.8206206934555667e-06
    ],
    [
      0.059167250990867615,
      0.0508614219725132,
      0.02280414290726185,
      0.007110192906111479,
      0.0017343175131827593,
      0.00035299258888699114,
      6.24456224613823e-05,
      9.87530165730277e-06,
      1.4250919093683478e-06
    ],
    [
      0.026111550629138947,
      0.022129548713564873,
      0.00978031661361456,
      0.003005401697009802,
      0.0007223743014037609,
      0.00014485942665487528,
      2.5244627977372147e-05,
      3.932294021069538e-06,
      5.588720455307339e-07
    ],
    [
      0.009547284804284573,
      0.007976352237164974,
      0.003474516561254859,
      0.0010521647054702044,
      0.00024918175768107176,
      4.92279177706223e-05,
      8.45055819809204e-06,
      1.2964567304152297e-06,
      1.814550643075563e-07
    ],
    [
      0.0030124473851174116,
      0.0024807448498904705,
      0.0010649750474840403,
      0.0003177814942318946,
      7.41476469556801e-05,
      1.4430071132665034e-05,
      2.4398407276748912e-06,
      3.686380125600408e-07,
      5.08073014771071e-08
    ],
    [
      0.0008436307543888688,
      0.0006847156910225749,
      0.00028966422541998327,
      8.516208617947996e-05,
      1.957566200871952e-05,
      3.752588554561953e-06,
      6.249031230254332e-07,
      9.297978209588109e-08,
      1.261837745403227e-08
    ],
    [
      0.00021404237486422062,
      0.00017120345728471875,
      7.136524800444022e-05,
      2.0671184756793082e-05,
      4.680627171183005e-06,
      8.837538416628377e-07,
      1.44934972468036e-07,
      2.1235342373415733e-08,
      2.8375157778981475e-09
    ]
  ],
  "probs_results": [
    0.24079269170761108,
    0.5471248626708984,
    0.21208244562149048
  ]
}