{
  "skills_mean": [
    [
      0.6723179817199707,
      1.3320263624191284
    ],
    [
      0.37225663661956787,
      0.7219527959823608
    ]
  ],
  "skills_cov": [
    [
      [
        0.018621264025568962,
        0.012010487727820873
      ],
      [
        0.012010487727820873,
        0.02899118699133396
      ]
    ],
    [
      [
        0.016092414036393166,
        0.00903253722935915
      ],
      [
        0.00903253722935915,
        0.022675925865769386
      ]
    ]
  ],
  "probs_grid": [
    [
      0.07572433352470398,
      0.05732133984565735,
      0.022645559161901474,
      0.0062251887284219265,
      0.0013395334826782346,
      0.0002406523417448625,
      3.7597972550429404e-05,
      5.253929430182325e-06,
      6.703102144456352e-07
    ],
    [
      0.13380080461502075,
      0.09981752932071686,
      0.03885481506586075,
      0.010521911084651947,
      0.0022299238480627537,
      0.0003944934578612447,
      6.068077345844358e-05,
      8.347104085260071e-06,
      1.0481528534000972e-06
    ],
    [
      0.12280182540416718,
      0.09027280658483505,
      0.034618426114320755,
      0.009233848191797733,
      0.0019271787023171782,
      0.00033568969229236245,
      5.083260839455761e-05,
      6.882578873046441e-06,
      8.505485880050401e-07
    ],
    [
      0.07804953306913376,
      0.05652843788266182,
      0.02135377749800682,
      0.005609508603811264,
      0.0011528169270604849,
      0.00019769626669585705,
      2.946829772554338e-05,
      3.92689844375127e-06,
      4.775524189426505e-07
    ],
    [
      0.03864240646362305,
      0.02757083810865879,
      0.010258027352392673,
      0.0026536318473517895,
      0.0005369430291466415,
      9.06457134988159e-05,
      1.329895167145878e-05,
      1.7440637520849123e-06,
      2.087006834017302e-07
    ],
    [
      0.015895331278443336,
      0.011171026155352592,
      0.004093218594789505,
      0.0010426159715279937,
      0.00020769330149050802,
      3.451311931712553e-05,
      4.983476628694916e-06,
      6.431230872294691e-07,
      7.572079141482391e-08
    ],
    [
      0.00565806869417429,
      0.00391634926199913,
      0.0014130811905488372,
      0.00035437889164313674,
      6.949254748178646e-05,
      1.1365986210876144e-05,
      1.6151028603417217e-06,
      2.050916947382575e-07,
      2.3757431577564603e-08
    ],
    [
      0.0017924486892297864,
      0.0012218155898153782,
      0.0004340742016211152,
      0.00010716864198911935,
      2.0685949493781663e-05,
      3.3298013022431405e-06,
      4.656137377878622e-07,
      5.8174350670014974e-08,
      6.629597315566116e-09
    ],
    [
      0.0005158347776159644,
      0.0003462376189418137,
      0.00012110649549867958,
      2.9433338568196632e-05,
      5.591800800175406e-06,
      8.858058890837128e-07,
      1.2188000653168274e-07,
      1.498200852267928e-08,
      1.6795986823581188e-09
    ]
  ],
  "probs_results": [
    0.21641966700553894,
    0.6305875182151794,
    0.15299278497695923
  ]
}