{
  "skills_mean": [
    [
      0.7518783807754517,
      0.7912504076957703
    ],
    [
      0.09103640913963318,
      0.6814922094345093
    ]
  ],
  "skills_cov": [
    [
      [
        0.018763486295938492,
        0.010932940989732742
      ],
      [
        0.010932940989732742,
        0.023564476519823074
      ]
    ],
    [
      [
        0.020205728709697723,
        0.011125004850327969
      ],
      [
        0.011125004850327969,
        0.02469891496002674
      ]
    ]
  ],
  "probs_grid": [
    [
      0.048371512442827225,
      0.04732031747698784,
      0.024117179214954376,
      0.008537685498595238,
      0.0023616456892341375,
      0.0005444418056868017,
      0.0001089555662474595,
      1.9467654055915773e-05,
      3.170056515955366e-06
    ],
    [
      0.09572713077068329,
      0.09211938083171844,
      0.046177398413419724,
      0.0160763468593359,
      0.004372748546302319,
      0.0009911394445225596,
      0.000194998225197196,
      3.424914029892534e-05,
      5.481733751366846e-06
    ],
    [
      0.09854017198085785,
      0.09327203780412674,
      0.04598284140229225,
      0.015742246061563492,
      0.004210140556097031,
      0.0009381936397403479,
      0.0001814511779230088,
      3.132628262392245e-05,
      4.9279733502771705e-06
    ],
    [
      0.0703413337469101,
      0.06548447906970978,
      0.03174813464283943,
      0.010687434114515781,
      0.0028102127835154533,
      0.0006156382733024657,
      0.00011704166536219418,
      1.9860815882566385e-05,
      3.0706253255630145e-06
    ],
    [
      0.03916744142770767,
      0.03586025536060333,
      0.017096268013119698,
      0.0056586782447993755,
      0.0014628259232267737,
      0.00031502629281021655,
      5.886919461772777e-05,
      9.818206308409572e-06,
      1.4918083479642519e-06
    ],
    [
      0.018143853172659874,
      0.0163362268358469,
      0.007658140733838081,
      0.00249214144423604,
      0.0006333458004519343,
      0.00013407343067228794,
      2.462587690388318e-05,
      4.036505288240733e-06,
      6.027270273989416e-07
    ],
    [
      0.007282722741365433,
      0.006448028609156609,
      0.0029720801394432783,
      0.0009508798830211163,
      0.00023755565052852035,
      4.943078602082096e-05,
      8.923550012696069e-06,
      1.4374936654348858e-06,
      2.109313896880849e-07
    ],
    [
      0.0026049118023365736,
      0.002267863368615508,
      0.0010277649853378534,
      0.00032326378277502954,
      7.93875806266442e-05,
      1.6236777810263447e-05,
      2.8808267416025046e-06,
      4.560650381790765e-07,
      6.576120625823023e-08
    ],
    [
      0.0008474625647068024,
      0.0007254674565047026,
      0.0003232377930544317,
      9.994680294767022e-05,
      2.4127164579113014e-05,
      4.850163804803742e-06,
      8.457444664600189e-07,
      1.3157682587916497e-07,
      1.864318655009356e-08
    ]
  ],
  "probs_results": [
    0.19893226027488708,
    0.624966561794281,
    0.17610138654708862
  ]
}