{
  "skills_mean": [
    [
      0.3271816074848175,
      0.8367366194725037
    ],
    [
      0.5030524134635925,
      0.8131304979324341
    ]
  ],
  "skills_cov": [
    [
      [
        0.019779037684202194,
        0.010642819106578827
      ],
      [
        0.010642819106578827,
        0.023031195625662804
      ]
    ],
    [
      [
        0.019364524632692337,
        0.010535473935306072
      ],
      [
        0.010535473935306072,
        0.02277158945798874
      ]
    ]
  ],
  "probs_grid": [
    [
      0.07496283948421478,
      0.10222930461168289,
      0.07251887023448944,
      0.0356760136783123,
      0.013692044652998447,
      0.004372363444417715,
      0.0012100697495043278,
      0.0002984999446198344,
      6.699321238556877e-05
    ],
    [
      0.08879607915878296,
      0.11924020200967789,
      0.0832795649766922,
      0.040331970900297165,
      0.015236156061291695,
      0.004788614809513092,
      0.0013042037608101964,
      0.00031657752697356045,
      6.990826659603044e-05
    ],
    [
      0.054732877761125565,
      0.07236241549253464,
      0.049751922488212585,
      0.023716455325484276,
      0.008817709982395172,
      0.0027272494044154882,
      0.0007308913045562804,
      0.00017455825582146645,
      3.792327697738074e-05
    ],
    [
      0.023405447602272034,
      0.030462011694908142,
      0.020614856854081154,
      0.009671535342931747,
      0.003538593417033553,
      0.001076925778761506,
      0.0002839616499841213,
      6.671994924545288e-05,
      1.4259205272537656e-05
    ],
    [
      0.007811256684362888,
      0.010006550699472427,
      0.006664656568318605,
      0.003076932393014431,
      0.0011077305534854531,
      0.00033168753725476563,
      8.604095637565479e-05,
      1.9886927475454286e-05,
      4.180622909188969e-06
    ],
    [
      0.0021699785720556974,
      0.0027358250226825476,
      0.001793098053894937,
      0.0008145581232383847,
      0.00028851875686086714,
      8.498966781189665e-05,
      2.168716673622839e-05,
      4.930514023726573e-06,
      1.0194393098572618e-06
    ],
    [
      0.0005226547946222126,
      0.0006484382320195436,
      0.0004181769327260554,
      0.00018690081196837127,
      6.512633262900636e-05,
      1.887146572698839e-05,
      4.7365710997837596e-06,
      1.0591153341010795e-06,
      2.1536335736982437e-07
    ],
    [
      0.00011225308844586834,
      0.000137033624923788,
      8.694612188264728e-05,
      3.822906728601083e-05,
      1.3103689525451045e-05,
      3.7347465422499226e-06,
      9.219447747454979e-07,
      2.0273971301776328e-07,
      4.054097502148579e-08
    ],
    [
      2.1944357285974547e-05,
      2.6356317903264426e-05,
      1.6451287592644803e-05,
      7.115354947018204e-06,
      2.398908691247925e-06,
      6.724564514115627e-07,
      1.632524231354182e-07,
      3.530334424795001e-08,
      6.941705876783999e-09
    ]
  ],
  "probs_results": [
    0.25484099984169006,
    0.328084260225296,
    0.41707465052604675
  ]
}