{
  "skills_mean": [
    [
      0.44669947028160095,
      0.7126415371894836
    ],
    [
      0.6521175503730774,
      0.8818618059158325
    ]
  ],
  "skills_cov": [
    [
      [
        0.017826532945036888,
        0.00946597196161747
      ],
      [
        0.00946597196161747,
        0.02014027163386345
      ]
    ],
    [
      [
        0.01712450012564659,
        0.009830319322645664
      ],
      [
        0.009830319322645664,
        0.023695047944784164
      ]
    ]
  ],
  "probs_grid": [
    [
      0.04607437178492546,
      0.08161105960607529,
      0.07481562346220016,
      0.04732578247785568,
      0.023237373679876328,
      0.009446176700294018,
      0.003311311360448599,
      0.0010294835083186626,
      0.0002897567756008357
    ],
    [
      0.0576070174574852,
      0.1005634292960167,
      0.09085024148225784,
      0.05662965402007103,
      0.027397898957133293,
      0.010973469354212284,
      0.0037898453883826733,
      0.0011607850901782513,
      0.0003218520723748952
    ],
    [
      0.0374397411942482,
      0.0644061416387558,
      0.05733400955796242,
      0.03521280735731125,
      0.016784856095910072,
      0.006623129826039076,
      0.0022533899173140526,
      0.0006798937101848423,
      0.0001856951421359554
    ],
    [
      0.01686323806643486,
      0.028583968058228493,
      0.025070663541555405,
      0.015169982798397541,
      0.007123731542378664,
      0.002769077429547906,
      0.0009280436206609011,
      0.0002758119080681354,
      7.41983312764205e-05
    ],
    [
      0.005921362899243832,
      0.009888960048556328,
      0.00854502897709608,
      0.005093622952699661,
      0.002356237266212702,
      0.0009021817822940648,
      0.00029781999182887375,
      8.717784658074379e-05,
      2.309817136847414e-05
    ],
    [
      0.001728904782794416,
      0.002844527130946517,
      0.0024213469587266445,
      0.0014217703137546778,
      0.0006478257710114121,
      0.00024431388010270894,
      7.943346281535923e-05,
      2.2899877876625396e-05,
      5.975377007416682e-06
    ],
    [
      0.000437204260379076,
      0.0007085965480655432,
      0.0005941502749919891,
      0.0003436337283346802,
      0.00015421603166032583,
      5.728020551032387e-05,
      1.8341130271437578e-05,
      5.207205049373442e-06,
      1.3380426935327705e-06
    ],
    [
      9.848311310634017e-05,
      0.00015722430543974042,
      0.00012984831118956208,
      7.396611908916384e-05,
      3.269210355938412e-05,
      1.195844652102096e-05,
      3.7708143736381317e-06,
      1.0542322570472606e-06,
      2.6675292019717745e-07
    ],
    [
      2.0170758944004774e-05,
      3.171710704918951e-05,
      2.579888496256899e-05,
      1.4473273949988652e-05,
      6.299791493802331e-06,
      2.2692843231197912e-06,
      7.04633123405074e-07,
      1.9398238748635777e-07,
      4.8330253576978066e-08
    ]
  ],
  "probs_results": [
    0.2218334823846817,
    0.27147647738456726,
    0.5066899657249451
  ]
}