{
  "skills_mean": [
    [
      -0.2127683460712433,
      0.3476235568523407
    ],
    [
      0.0321476049721241,
      0.3790428936481476
    ]
  ],
  "skills_cov": [
    [
      [
        0.024296225979924202,
        0.01237413939088583
      ],
      [
        0.01237413939088583,
        0.024322496727108955
      ]
    ],
    [
      [
        0.01905885338783264,
        0.010038509964942932
      ],
      [
        0.010038509964942932,
        0.02056429348886013
      ]
    ]
  ],
  "probs_grid": [
    [
      0.0822637528181076,
      0.11391546577215195,
      0.08212301135063171,
      0.04109186306595802,
      0.016053473576903343,
      0.0052226572297513485,
      0.001473700162023306,
      0.0003709475859068334,
      8.501800039084628e-05
    ],
    [
      0.08814796060323715,
      0.12010017037391663,
      0.08517657965421677,
      0.04192247986793518,
      0.01610797643661499,
      0.005153394769877195,
      0.0014298605965450406,
      0.00035386369563639164,
      7.97320535639301e-05
    ],
    [
      0.049258965998888016,
      0.06602374464273453,
      0.046057600528001785,
      0.02229446731507778,
      0.008423814550042152,
      0.0026499065570533276,
      0.0007228624890558422,
      0.0001758657890604809,
      3.895145346177742e-05
    ],
    [
      0.019139662384986877,
      0.025232689455151558,
      0.01731104776263237,
      0.008239973336458206,
      0.0030612240079790354,
      0.0009467363706789911,
      0.00025387739879079163,
      6.0712878621416166e-05,
      1.3216547813499346e-05
    ],
    [
      0.005816726945340633,
      0.007541496306657791,
      0.005087614059448242,
      0.002381025580689311,
      0.0008696303120814264,
      0.00026437899214215577,
      6.96851930115372e-05,
      1.6378669897676446e-05,
      3.5039947761106305e-06
    ],
    [
      0.0014747276436537504,
      0.0018800926627591252,
      0.001247023930773139,
      0.000573742319829762,
      0.0002059851831290871,
      6.155115988804027e-05,
      1.5944819097057916e-05,
      3.6829237615165766e-06,
      7.742480079286906e-07
    ],
    [
      0.0003248818393331021,
      0.00040721596451476216,
      0.00026552483905106783,
      0.00012008469639113173,
      4.2374609620310366e-05,
      1.2444184903870337e-05,
      3.167919885527226e-06,
      7.190157589320734e-07,
      1.4852044216695504e-07
    ],
    [
      6.396115350071341e-05,
      7.881240890128538e-05,
      5.051370317232795e-05,
      2.2453492420027032e-05,
      7.786725291225594e-06,
      2.2471467673312873e-06,
      5.621097329822078e-07,
      1.2535318205664225e-07,
      2.543925248232881e-08
    ],
    [
      1.1486819857964292e-05,
      1.3912587746744975e-05,
      8.76414924277924e-06,
      3.828526132565457e-06,
      1.3047044831182575e-06,
      3.699674095969385e-07,
      9.092747887962105e-08,
      1.992148135343541e-08,
      3.971682982495395e-09
    ]
  ],
  "probs_results": [
    0.2576129138469696,
    0.29278042912483215,
    0.4496065378189087
  ]
}