{
  "skills_mean": [
    [
      0.6248704791069031,
      0.870779812335968
    ],
    [
      0.2244434505701065,
      0.8277885913848877
    ]
  ],
  "skills_cov": [
    [
      [
        0.018756074830889702,
        0.011292295530438423
      ],
      [
        0.011292295530438423,
        0.02575773186981678
      ]
    ],
    [
      [
        0.02211499586701393,
        0.01324677187949419
      ],
      [
        0.01324677187949419,
        0.029678963124752045
      ]
    ]
  ],
  "probs_grid": [
    [
      0.07383258640766144,
      0.07544564455747604,
      0.04031241685152054,
      0.015016374178230762,
      0.004386602435261011,
      0.0010718089761212468,
      0.00022814945259597152,
      4.351372626842931e-05,
      7.590098903165199e-06
    ],
    [
      0.11316312849521637,
      0.1135701984167099,
      0.05958933010697365,
      0.021793408319354057,
      0.006249632220715284,
      0.0014988209586590528,
      0.0003131139383185655,
      5.860143210156821e-05,
      1.0029543773271143e-05
    ],
    [
      0.09066474437713623,
      0.08935365825891495,
      0.046032097190618515,
      0.01652708277106285,
      0.004652031697332859,
      0.0010949590941891074,
      0.0002244695497211069,
      4.1221228457288817e-05,
      6.921597105247201e-06
    ],
    [
      0.050620902329683304,
      0.048985160887241364,
      0.024774610996246338,
      0.008731191046535969,
      0.002412083325907588,
      0.0005571411456912756,
      0.00011207054922124371,
      2.019179373746738e-05,
      3.3261094358749688e-06
    ],
    [
      0.022155025973916054,
      0.02104838378727436,
      0.01044982485473156,
      0.0036146254278719425,
      0.0009799724211916327,
      0.00022210886527318507,
      4.383517079986632e-05,
      7.748027201159857e-06,
      1.2519766414698097e-06
    ],
    [
      0.00810647290199995,
      0.007560419850051403,
      0.003684193128719926,
      0.0012506780913099647,
      0.00033272901782765985,
      7.399243622785434e-05,
      1.4326551536214538e-05,
      2.4840715013851877e-06,
      3.937159931410861e-07
    ],
    [
      0.0025826916098594666,
      0.002364363754168153,
      0.0011307845124974847,
      0.00037670088931918144,
      9.833397052716464e-05,
      2.145426333299838e-05,
      4.075078777532326e-06,
      6.930821427886258e-07,
      1.0774340353236767e-07
    ],
    [
      0.0007368212100118399,
      0.0006620583590120077,
      0.00031074025901034474,
      0.00010157734504900873,
      2.601576125016436e-05,
      5.568423148361035e-06,
      1.037520746649534e-06,
      1.7308001076798973e-07,
      2.6388656593212545e-08
    ],
    [
      0.00019212596816942096,
      0.00016942652291618288,
      7.803500193404034e-05,
      2.502903953427449e-05,
      6.2891367633710615e-06,
      1.3205304867369705e-06,
      2.41341780338189e-07,
      3.9487797920401135e-08,
      5.9044116262896296e-09
    ]
  ],
  "probs_results": [
    0.24326108396053314,
    0.5047315359115601,
    0.2520076334476471
  ]
}