{
  "skills_mean": [
    [
      0.5954153537750244,
      1.0181198120117188
    ],
    [
      0.3789314925670624,
      0.748378574848175
    ]
  ],
  "skills_cov": [
    [
      [
        0.01850534975528717,
        0.010814408771693707
      ],
      [
        0.010814408771693707,
        0.025225471705198288
      ]
    ],
    [
      [
        0.01870652101933956,
        0.01039466354995966
      ],
      [
        0.01039466354995966,
        0.023058941587805748
      ]
    ]
  ],
  "probs_grid": [
    [
      0.06787016242742538,
      0.06975539028644562,
      0.03735977038741112,
      0.013901716098189354,
      0.004042902495712042,
      0.0009801117703318596,
      0.00020630574726965278,
      3.8779395254096016e-05,
      6.644527275057044e-06
    ],
    [
      0.1094544529914856,
      0.11076687276363373,
      0.05840447172522545,
      0.02139224484562874,
      0.0061230468563735485,
      0.001460763392969966,
      0.00030254697776399553,
      5.59513209736906e-05,
      9.43094892136287e-06
    ],
    [
      0.09172117710113525,
      0.09138443320989609,
      0.047431960701942444,
      0.017099479213356972,
      0.004816566128283739,
      0.0011306809028610587,
      0.00023040533415041864,
      4.191817788523622e-05,
      6.950177976250416e-06
    ],
    [
      0.05324599891901016,
      0.05222391337156296,
      0.026679974049329758,
      0.009465780109167099,
      0.002623707754537463,
      0.000605997396633029,
      0.00012148646055720747,
      2.174185101466719e-05,
      3.5457410376693588e-06
    ],
    [
      0.02408786118030548,
      0.023254960775375366,
      0.011692519299685955,
      0.0040822457522153854,
      0.0011133354855701327,
      0.0002529877529013902,
      4.989164517610334e-05,
      8.782636541582178e-06,
      1.4087127055972815e-06
    ],
    [
      0.009057114832103252,
      0.008606006391346455,
      0.004258254077285528,
      0.0014628736535087228,
      0.0003925250202883035,
      8.774581510806456e-05,
      1.7021442545228638e-05,
      2.947082748505636e-06,
      4.648897231618321e-07
    ],
    [
      0.0029481356032192707,
      0.002756864530965686,
      0.0013422929914668202,
      0.0004537048516795039,
      0.00011976664973190054,
      2.6336094379075803e-05,
      5.024979145673569e-06,
      8.556639272683242e-07,
      1.3273810850478185e-07
    ],
    [
      0.0008543992880731821,
      0.0007862320635467768,
      0.0003766621230170131,
      0.00012525584315881133,
      3.2526204449823126e-05,
      7.035222097329097e-06,
      1.3202253512645257e-06,
      2.210881149267152e-07,
      3.3726323067639896e-08
    ],
    [
      0.00022502918727695942,
      0.00020375997701194137,
      9.604168735677376e-05,
      3.1419360311701894e-05,
      8.02563863544492e-06,
      1.7073700746550458e-06,
      3.151098724174517e-07,
      5.1892573793566044e-08,
      7.783945044081975e-09
    ]
  ],
  "probs_results": [
    0.23678384721279144,
    0.5220953822135925,
    0.2411205917596817
  ]
}