{
  "skills_mean": [
    [
      0.08214280009269714,
      0.4952371418476105
    ],
    [
      -0.027861177921295166,
      0.7072902917861938
    ]
  ],
  "skills_cov": [
    [
      [
        0.022980686277151108,
        0.011290631256997585
      ],
      [
        0.011290631256997585,
        0.025119876489043236
      ]
    ],
    [
      [
        0.0185759998857975,
        0.009473880752921104
      ],
      [
        0.009473880752921104,
        0.022032054141163826
      ]
    ]
  ],
  "probs_grid": [
    [
      0.11081521213054657,
      0.12571832537651062,
      0.0743103176355362,
      0.03051101043820381,
      0.009789010509848595,
      0.002617509802803397,
      0.000607569410931319,
      0.00012590909318532795,
      2.3778618924552575e-05
    ],
    [
      0.11420630663633347,
      0.1277778148651123,
      0.07446902990341187,
      0.03014129400253296,
      0.009530982002615929,
      0.002511309226974845,
      0.0005743089132010937,
      0.00011723960051313043,
      2.1807483790325932e-05
    ],
    [
      0.061406802386045456,
      0.06773995608091354,
      0.03891690447926521,
      0.015524324029684067,
      0.004837229382246733,
      0.001255718758329749,
      0.0002828786673489958,
      5.687550947186537e-05,
      1.0418156307423487e-05
    ],
    [
      0.022965943440794945,
      0.024973468855023384,
      0.014140157029032707,
      0.005558163858950138,
      0.0017062522238120437,
      0.00043631100561469793,
      9.680437506176531e-05,
      1.9166771380696446e-05,
      3.456885679042898e-06
    ],
    [
      0.006720655132085085,
      0.007202465552836657,
      0.004018398467451334,
      0.0015561528271064162,
      0.0004705609171651304,
      0.00011850988084916025,
      2.589267933217343e-05,
      5.047726517659612e-06,
      8.962763331510359e-07
    ],
    [
      0.0016413109842687845,
      0.001733205164782703,
      0.0009526596404612064,
      0.0003633985761553049,
      0.00010822489275597036,
      2.6840101781999692e-05,
      5.773858447355451e-06,
      1.108126980398083e-06,
      1.9368174264400295e-07
    ],
    [
      0.0003484277112875134,
      0.00036247767275199294,
      0.0001962499227374792,
      7.372759137069806e-05,
      2.162156488338951e-05,
      5.2795721785514615e-06,
      1.1180990213688347e-06,
      2.11227828117444e-07,
      3.633701695093805e-08
    ],
    [
      6.612609286094084e-05,
      6.776041846023872e-05,
      3.6130502849118784e-05,
      1.3366042367124464e-05,
      3.85931207347312e-06,
      9.277188723899599e-07,
      1.9339296386533533e-07,
      3.595883057982974e-08,
      6.0876752527860845e-09
    ],
    [
      1.1452123544586357e-05,
      1.1557225661817938e-05,
      6.0681354625558015e-06,
      2.2101905869931215e-06,
      6.282429012571811e-07,
      1.4865274522435357e-07,
      3.049910546337742e-08,
      5.580786055503495e-09,
      9.296965974847637e-10
    ]
  ],
  "probs_results": [
    0.28357216715812683,
    0.33096373081207275,
    0.3854639232158661
  ]
}