{
  "skills_mean": [
    [
      0.08213048428297043,
      0.4951629340648651
    ],
    [
      0.6082556247711182,
      0.8567931652069092
    ]
  ],
  "skills_cov": [
    [
      [
        0.023105166852474213,
        0.01139175146818161
      ],
      [
        0.01139175146818161,
        0.025243716314435005
      ]
    ],
    [
      [
        0.01840289868414402,
        0.01099273469299078
      ],
      [
        0.01099273469299078,
        0.025379937142133713
      ]
    ]
  ],
  "probs_grid": [
    [
      0.047590479254722595,
      0.09781446307897568,
      0.10457777231931686,
      0.0775376483798027,
      0.04484548792243004,
      0.021578803658485413,
      0.008997178636491299,
      0.00334293395280838,
      0.0011297506280243397
    ],
    [
      0.04335487633943558,
      0.08764755725860596,
      0.09216339141130447,
      0.06720183044672012,
      0.038221415132284164,
      0.018084583804011345,
      0.007414080668240786,
      0.002708497690036893,
      0.0008999441633932292
    ],
    [
      0.02066732570528984,
      0.04108986631035805,
      0.042488206177949905,
      0.030463194474577904,
      0.01703563705086708,
      0.007924884557723999,
      0.003194133983924985,
      0.0011471426114439964,
      0.00037469863309524953
    ],
    [
      0.006873296108096838,
      0.013436878100037575,
      0.013661040924489498,
      0.009629735723137856,
      0.005294142756611109,
      0.0024210643023252487,
      0.0009592311689630151,
      0.00033863156568259,
      0.00010872216080315411
    ],
    [
      0.0017938998062163591,
      0.0034478860907256603,
      0.0034461230970919132,
      0.002387965563684702,
      0.001290484331548214,
      0.0005800778162665665,
      0.00022589584114030004,
      7.83795039751567e-05,
      2.4732651581871323e-05
    ],
    [
      0.00039190001552924514,
      0.000740447489079088,
      0.0007274610688909888,
      0.000495473446790129,
      0.0002631703100632876,
      0.00011626354535110295,
      4.449615880730562e-05,
      1.5172598978097085e-05,
      4.705004357674625e-06
    ],
    [
      7.464258669642732e-05,
      0.0001386170624755323,
      0.0001338500005658716,
      8.959686965681612e-05,
      4.676850585383363e-05,
      2.0304254576331005e-05,
      7.636208465555683e-06,
      2.558672122177086e-06,
      7.796575687279983e-07
    ],
    [
      1.2747546861646697e-05,
      2.326583125977777e-05,
      2.2077954781707376e-05,
      1.4522831406793557e-05,
      7.449233635270502e-06,
      3.17781496050884e-06,
      1.1743279628717573e-06,
      3.8662037127323856e-07,
      1.1575070146818689e-07
    ],
    [
      1.9925446395063773e-06,
      3.5736866266233847e-06,
      3.3323569823551225e-06,
      2.153870127585833e-06,
      1.0855205800908152e-06,
      4.5498669010157755e-07,
      1.651925884971206e-07,
      5.343264675161663e-08,
      1.5716581813762787e-08
    ]
  ],
  "probs_results": [
    0.18897755444049835,
    0.15354661643505096,
    0.657475471496582
  ]
}