{
  "skills_mean": [
    [
      0.11903376132249832,
      0.791719913482666
    ],
    [
      0.2598811089992523,
      0.8047385215759277
    ]
  ],
  "skills_cov": [
    [
      [
        0.02816309966146946,
        0.01409820280969143
      ],
      [
        0.01409820280969143,
        0.025248639285564423
      ]
    ],
    [
      [
        0.021824326366186142,
        0.012428347021341324
      ],
      [
        0.012428347021341324,
        0.02640739642083645
      ]
    ]
  ],
  "probs_grid": [
    [
      0.11822767555713654,
      0.13327611982822418,
      0.07850142568349838,
      0.03221030533313751,
      0.010356579907238483,
      0.0027830961626023054,
      0.00065104995155707,
      0.0001363525225315243,
      2.6096446163137443e-05
    ],
    [
      0.1151297315955162,
      0.12739801406860352,
      0.07364384829998016,
      0.029649335891008377,
      0.00935224536806345,
      0.002465079305693507,
      0.0005655215354636312,
      0.00011613524111453444,
      2.1791527615278028e-05
    ],
    [
      0.05899079144001007,
      0.06405904144048691,
      0.03633195906877518,
      0.01434896420687437,
      0.004439136944711208,
      0.0011474123457446694,
      0.00025809375802055,
      5.19602072017733e-05,
      9.556874829286244e-06
    ],
    [
      0.02120286598801613,
      0.02258916199207306,
      0.012567155063152313,
      0.0048676747828722,
      0.0014766633976250887,
      0.00037421233719214797,
      8.251439430750906e-05,
      1.6282436263281852e-05,
      2.9349957912927493e-06
    ],
    [
      0.006013327743858099,
      0.006283854600042105,
      0.0034284184221178293,
      0.0013020823244005442,
      0.0003872505039907992,
      9.619665070204064e-05,
      2.078956640616525e-05,
      4.020265805593226e-06,
      7.100886136868212e-07
    ],
    [
      0.0014352048747241497,
      0.0014707405352964997,
      0.0007867635576985776,
      0.0002929293841589242,
      8.539426198694855e-05,
      2.0789813788724132e-05,
      4.402865215524798e-06,
      8.342445880771265e-07,
      1.4436199080591905e-07
    ],
    [
      0.0003002325538545847,
      0.00030165017233230174,
      0.0001581864635227248,
      5.7727629609871656e-05,
      1.6492502254550345e-05,
      3.934509095415706e-06,
      8.164055884662957e-07,
      1.5154688526308746e-07,
      2.5688894567110765e-08
    ],
    [
      5.661295654135756e-05,
      5.575780596700497e-05,
      2.86585018329788e-05,
      1.0249229490000289e-05,
      2.8692079467873555e-06,
      6.706289923386066e-07,
      1.3632192974455393e-07,
      2.4787317087771044e-08,
      4.115365825896333e-09
    ],
    [
      9.821425919653848e-06,
      9.480609151069075e-06,
      4.775260094902478e-06,
      1.6733719121475588e-06,
      4.589533943999413e-07,
      1.0508608028203525e-07,
      2.0923716093079747e-08,
      3.726233543943636e-09,
      6.058657464613759e-10
    ]
  ],
  "probs_results": [
    0.2872396409511566,
    0.31666299700737,
    0.3960975110530853
  ]
}