{
  "skills_mean": [
    [
      0.5802001953125,
      1.198250412940979
    ],
    [
      0.39137154817581177,
      0.7853153347969055
    ]
  ],
  "skills_cov": [
    [
      [
        0.019152836874127388,
        0.01197472307831049
      ],
      [
        0.01197472307831049,
        0.02812816947698593
      ]
    ],
    [
      [
        0.01998823694884777,
        0.011536109261214733
      ],
      [
        0.011536109261214733,
        0.024613501504063606
      ]
    ]
  ],
  "probs_grid": [
    [
      0.08618197590112686,
      0.07541526108980179,
      0.03452847898006439,
      0.011027527041733265,
      0.0027636366430670023,
      0.0005796673940494657,
      0.00010598969674902037,
      1.7375272364006378e-05,
      2.6067359613080043e-06
    ],
    [
      0.13190267980098724,
      0.11350589990615845,
      0.05109339952468872,
      0.016040053218603134,
      0.003950629383325577,
      0.000814225641079247,
      0.00014626419579144567,
      2.355304422962945e-05,
      3.470491719781421e-06
    ],
    [
      0.10511316359043121,
      0.08893626928329468,
      0.03935438394546509,
      0.012142778374254704,
      0.002938891528174281,
      0.0005951045895926654,
      0.0001050143109750934,
      1.6609452359261923e-05,
      2.4034616217250004e-06
    ],
    [
      0.058146364986896515,
      0.04836607724428177,
      0.021036159247159958,
      0.006378557998687029,
      0.0015168546233326197,
      0.000301744177704677,
      5.230137685430236e-05,
      8.124136002152227e-06,
      1.1544058224899345e-06
    ],
    [
      0.02511644922196865,
      0.020536037161946297,
      0.008778112940490246,
      0.0026154075749218464,
      0.0006110416143201292,
      0.00011940098193008453,
      2.0326426238170825e-05,
      3.1005902201286517e-06,
      4.3260297388769686e-07
    ],
    [
      0.00903537031263113,
      0.0072609311901032925,
      0.0030499096028506756,
      0.0008928161696530879,
      0.00020490890892688185,
      3.932788240490481e-05,
      6.574991857632995e-06,
      9.848331501416396e-07,
      1.3490831918261392e-07
    ],
    [
      0.0028194612823426723,
      0.002226651180535555,
      0.0009189927368424833,
      0.00026429069112055004,
      5.958119436400011e-05,
      1.1230902600800619e-05,
      1.8438100823914283e-06,
      2.7116612955069286e-07,
      3.6468001951561746e-08
    ],
    [
      0.0007848811219446361,
      0.0006090951501391828,
      0.0002469840401317924,
      6.977420707698911e-05,
      1.5449504644493572e-05,
      2.8599069992196746e-06,
      4.6102954343041347e-07,
      6.65687522882763e-08,
      8.788589411778958e-09
    ],
    [
      0.0001989583543036133,
      0.00015170444385148585,
      6.0432153986766934e-05,
      1.676930332905613e-05,
      3.6466492474573897e-06,
      6.628764595006942e-07,
      1.0491945090507215e-07,
      1.4872794551479274e-08,
      1.9274724039064495e-09
    ]
  ],
  "probs_results": [
    0.24610508978366852,
    0.5395227670669556,
    0.21437224745750427
  ]
}