{
  "skills_mean": [
    [
      -0.1125321015715599,
      0.2966803312301636
    ],
    [
      -0.23439979553222656,
      0.027007533237338066
    ]
  ],
  "skills_cov": [
    [
      [
        0.023505816236138344,
        0.010892926715314388
      ],
      [
        0.010892926715314388,
        0.020776161924004555
      ]
    ],
    [
      [
        0.020523082464933395,
        0.010654035955667496
      ],
      [
        0.010654035955667496,
        0.02042602188885212
      ]
    ]
  ],
  "probs_grid": [
    [
      0.0590963177382946,
      0.06751303374767303,
      0.04008742794394493,
      0.016494382172822952,
      0.00529049476608634,
      0.0014108811737969518,
      0.00032584977452643216,
      6.703202234348282e-05,
      1.2537426300696097e-05
    ],
    [
      0.09650566428899765,
      0.10849457234144211,
      0.06338752806186676,
      0.025659995153546333,
      0.00809647049754858,
      0.002123852027580142,
      0.00048244092613458633,
      9.760298416949809e-05,
      1.7951757399714552e-05
    ],
    [
      0.08205071836709976,
      0.09076523035764694,
      0.052173178642988205,
      0.020777078345417976,
      0.006448565516620874,
      0.00166375155095011,
      0.0003716771025210619,
      7.394437125185505e-05,
      1.3373173715081066e-05
    ],
    [
      0.04842187836766243,
      0.05270105600357056,
      0.029801558703184128,
      0.011674074456095695,
      0.003563724923878908,
      0.0009042586316354573,
      0.00019865267677232623,
      3.886176637024619e-05,
      6.9104657995922025e-06
    ],
    [
      0.02231188677251339,
      0.023889940232038498,
      0.013288941234350204,
      0.0051201824098825455,
      0.001537224161438644,
      0.00038358065648935735,
      8.286151569336653e-05,
      1.5938267097226344e-05,
      2.7864662115462124e-06
    ],
    [
      0.008561396040022373,
      0.009017577394843102,
      0.004933858755975962,
      0.001869655679911375,
      0.0005520180566236377,
      0.00013544867397285998,
      2.876988219213672e-05,
      5.440764653030783e-06,
      9.351376775157405e-07
    ],
    [
      0.0028493416029959917,
      0.002952051116153598,
      0.0015885906759649515,
      0.0005920213297940791,
      0.00017188636411447078,
      4.1470484575256705e-05,
      8.660538696858566e-06,
      1.6101895425890689e-06,
      2.7206493768971995e-07
    ],
    [
      0.0008458972442895174,
      0.0008619893924333155,
      0.00045619872980751097,
      0.0001671876379987225,
      4.773048567585647e-05,
      1.1322609680064488e-05,
      2.3247273475135444e-06,
      4.2490560758778884e-07,
      7.05744653828333e-08
    ],
    [
      0.00022864608035888523,
      0.00022915404406376183,
      0.0001192666168208234,
      4.298044223105535e-05,
      1.2065024748153519e-05,
      2.8139127152826404e-06,
      5.679834771399328e-07,
      1.0205312150901591e-07,
      1.666183990778336e-08
    ]
  ],
  "probs_results": [
    0.23316995799541473,
    0.5011227130889893,
    0.26570752263069153
  ]
}