{
  "skills_mean": [
    [
      -0.1409243941307068,
      0.5721937417984009
    ],
    [
      0.007217221427708864,
      0.5916550159454346
    ]
  ],
  "skills_cov": [
    [
      [
        0.021413389593362808,
        0.010759256780147552
      ],
      [
        0.010759256780147552,
        0.022944383323192596
      ]
    ],
    [
      [
        0.022319022566080093,
        0.012025810778141022
      ],
      [
        0.012025810778141022,
        0.024738900363445282
      ]
    ]
  ],
  "probs_grid": [
    [
      0.1287228763103485,
      0.14016038179397583,
      0.07963109761476517,
      0.03147255256772041,
      0.009733946062624454,
      0.00251271715387702,
      0.0005638768780045211,
      0.00011313695722492412,
      2.0716472135973163e-05
    ],
    [
      0.11977952718734741,
      0.12847687304019928,
      0.07188598066568375,
      0.027973733842372894,
      0.008516596630215645,
      0.002163651864975691,
      0.0004777584981638938,
      9.430355567019433e-05,
      1.6984920875984244e-05
    ],
    [
      0.05821735039353371,
      0.06149623543024063,
      0.03387800604104996,
      0.01297706738114357,
      0.0038882382214069366,
      0.0009719600202515721,
      0.00021113621187396348,
      4.099207581020892e-05,
      7.260762686200906e-06
    ],
    [
      0.01970483735203743,
      0.02049322798848152,
      0.011112824082374573,
      0.004189254716038704,
      0.0012350388569757342,
      0.00030371270258910954,
      6.489154475275427e-05,
      1.2389820767566562e-05,
      2.1578450741799315e-06
    ],
    [
      0.005224724765866995,
      0.005348557140678167,
      0.0028542790096253157,
      0.0010586905991658568,
      0.0003070383390877396,
      7.426407682942227e-05,
      1.5604024156345986e-05,
      2.929403535745223e-06,
      5.015764372728881e-07
    ],
    [
      0.0011574917007237673,
      0.0011660786112770438,
      0.0006122656050138175,
      0.0002234007988590747,
      6.372433563228697e-05,
      1.5157135749177542e-05,
      3.131363655484165e-06,
      5.779249363513372e-07,
      9.726704064405567e-08
    ],
    [
      0.00022316623653750867,
      0.00022119845380075276,
      0.0001142506516771391,
      4.100089427083731e-05,
      1.1500921573315281e-05,
      2.6896525469055632e-06,
      5.462619583340711e-07,
      9.909868481372541e-08,
      1.6392130319786702e-08
    ],
    [
      3.85116582037881e-05,
      3.75493400497362e-05,
      1.907485602714587e-05,
      6.731437679263763e-06,
      1.856488438534143e-06,
      4.2681327272475755e-07,
      8.520501637576672e-08,
      1.5191421454119336e-08,
      2.469332294197102e-09
    ],
    [
      6.0719044085999485e-06,
      5.822507318953285e-06,
      2.9085342703183414e-06,
      1.0091594049299601e-06,
      2.7360260901332367e-07,
      6.182762035678024e-08,
      1.2130260351739253e-08,
      2.1252521964498783e-09,
      3.3942892940785896e-10
    ]
  ],
  "probs_results": [
    0.2955937087535858,
    0.30925145745277405,
    0.395154744386673
  ]
}