{
  "skills_mean": [
    [
      -0.039018720388412476,
      0.6882606148719788
    ],
    [
      0.224409818649292,
      0.8276645541191101
    ]
  ],
  "skills_cov": [
    [
      [
        0.01892039179801941,
        0.009917653165757656
      ],
      [
        0.009917653165757656,
        0.02289409749209881
      ]
    ],
    [
      [
        0.022239703685045242,
        0.013347298838198185
      ],
      [
        0.013347298838198185,
        0.029801413416862488
      ]
    ]
  ],
  "probs_grid": [
    [
      0.12887176871299744,
      0.15417471528053284,
      0.09621268510818481,
      0.04175570607185364,
      0.014176742173731327,
      0.0040160659700632095,
      0.000988721614703536,
      0.00021756345813628286,
      4.367618021205999e-05
    ],
    [
      0.10563598573207855,
      0.12446549534797668,
      0.07647857069969177,
      0.03267316892743111,
      0.010917488485574722,
      0.0030431761406362057,
      0.0007370469975285232,
      0.00015952270769048482,
      3.1493636925006285e-05
    ],
    [
      0.04534251242876053,
      0.05260035768151283,
      0.03181438520550728,
      0.013375915586948395,
      0.004397575743496418,
      0.001205845270305872,
      0.0002872463664971292,
      6.113680865382776e-05,
      1.1867387001984753e-05
    ],
    [
      0.013587666675448418,
      0.01551481056958437,
      0.009234342724084854,
      0.0038198085967451334,
      0.0012353312922641635,
      0.0003331465122755617,
      7.803658809280023e-05,
      1.632967723708134e-05,
      3.1159952413872816e-06
    ],
    [
      0.0031977780163288116,
      0.003592932131141424,
      0.0021038774866610765,
      0.0008560232236050069,
      0.000272257108008489,
      7.219544932013378e-05,
      1.662581598793622e-05,
      3.4198592402390204e-06,
      6.413769142454839e-07
    ],
    [
      0.0006303886184468865,
      0.0006967811495997012,
      0.00040130451088771224,
      0.00016057162429206073,
      5.021344622946344e-05,
      1.3090007996652275e-05,
      2.96304642688483e-06,
      5.990031581859512e-07,
      1.1039346503594061e-07
    ],
    [
      0.00010842149640666321,
      0.00011786535469582304,
      6.675303302472457e-05,
      2.6260433514835313e-05,
      8.072754098975565e-06,
      2.0684581159002846e-06,
      4.601405692028493e-07,
      9.140509860117163e-08,
      1.655088865959442e-08
    ],
    [
      1.673267070145812e-05,
      1.7886306522996165e-05,
      9.95910340861883e-06,
      3.8512280298164114e-06,
      1.1636013823590474e-06,
      2.929915581262321e-07,
      6.40425952269652e-08,
      1.2498735380006565e-08,
      2.223233819265147e-09
    ],
    [
      2.3652171421417734e-06,
      2.485535787855042e-06,
      1.3603399793282733e-06,
      5.170021495359833e-07,
      1.5349863247138273e-07,
      3.797579495312675e-08,
      8.154917630065484e-09,
      1.5633877525900175e-09,
      2.731425918778285e-10
    ]
  ],
  "probs_results": [
    0.28926363587379456,
    0.2539973855018616,
    0.4567387104034424
  ]
}