{
  "skills_mean": [
    [
      0.7003649473190308,
      1.3647838830947876
    ],
    [
      0.3554230332374573,
      0.7567174434661865
    ]
  ],
  "skills_cov": [
    [
      [
        0.018228888511657715,
        0.011628847569227219
      ],
      [
        0.011628847569227219,
        0.02844749018549919
      ]
    ],
    [
      [
        0.0209059901535511,
        0.012232461012899876
      ],
      [
        0.012232461012899876,
        0.026079684495925903
      ]
    ]
  ],
  "probs_grid": [
    [
      0.0793505609035492,
      0.05744368955492973,
      0.021787095814943314,
      0.005772087723016739,
      0.0012016186956316233,
      0.00020965200383216143,
      3.193200609530322e-05,
      4.366661414678674e-06,
      5.472527959682338e-07
    ],
    [
      0.13898907601833344,
      0.09894660115242004,
      0.036895859986543655,
      0.009607911109924316,
      0.001965554431080818,
      0.00033693815930746496,
      5.041111580794677e-05,
      6.770482741558226e-06,
      8.332112884090748e-07
    ],
    [
      0.12677742540836334,
      0.08874113112688065,
      0.032528311014175415,
      0.008324835449457169,
      0.0016734148375689983,
      0.00028180843219161034,
      4.141286626690999e-05,
      5.4620827540929895e-06,
      6.600131996492564e-07
    ],
    [
      0.08028260618448257,
      0.05524680018424988,
      0.01990436390042305,
      0.005005806218832731,
      0.000988612649962306,
      0.00016353798855561763,
      2.360284088354092e-05,
      3.0568874080927344e-06,
      3.626583406912687e-07
    ],
    [
      0.03970262035727501,
      0.026856666430830956,
      0.009509265422821045,
      0.0023498337250202894,
      0.0004559001827146858,
      7.40736722946167e-05,
      1.0498719348106533e-05,
      1.3350851304494427e-06,
      1.554957975713478e-07
    ],
    [
      0.0163534265011549,
      0.01087272260338068,
      0.0037830255459994078,
      0.0009184398222714663,
      0.00017503458366263658,
      2.793075327645056e-05,
      3.887302227667533e-06,
      4.853397399529058e-07,
      5.5490456674078814e-08
    ],
    [
      0.0058433664962649345,
      0.0038180574774742126,
      0.0013052888680249453,
      0.00031131450668908656,
      5.827415589010343e-05,
      9.1319943749113e-06,
      1.2479368933782098e-06,
      1.529631390440045e-07,
      1.716701092391304e-08
    ],
    [
      0.001862765639089048,
      0.0011960368137806654,
      0.0004017282335553318,
      9.411758946953341e-05,
      1.7302883861702867e-05,
      2.6626125873008277e-06,
      3.572467903723009e-07,
      4.298659916912584e-08,
      4.7353472254485496e-09
    ],
    [
      0.0005407407879829407,
      0.000341148697771132,
      0.00011256951984250918,
      2.5904266294674017e-05,
      4.676919161283877e-06,
      7.066780653985916e-07,
      9.308720905210066e-08,
      1.0995160337756715e-08,
      1.1888029449735882e-09
    ]
  ],
  "probs_results": [
    0.21639475226402283,
    0.6366391777992249,
    0.14696593582630157
  ]
}