{
  "skills_mean": [
    [
      0.33559107780456543,
      0.9168039560317993
    ],
    [
      0.22151321172714233,
      0.5051982998847961
    ]
  ],
  "skills_cov": [
    [
      [
        0.017901603132486343,
        0.009604684077203274
      ],
      [
        0.009604684077203274,
        0.02021101303398609
      ]
    ],
    [
      [
        0.019538644701242447,
        0.010729294270277023
      ],
      [
        0.010729294270277023,
        0.02352670021355152
      ]
    ]
  ],
  "probs_grid": [
    [
      0.07381569594144821,
      0.0719136893749237,
      0.03637455403804779,
      0.012735793367028236,
      0.0034723959397524595,
      0.000786346907261759,
      0.00015405885642394423,
      2.6857058401219547e-05,
      4.252658982295543e-06
    ],
    [
      0.11700312048196793,
      0.11233888566493988,
      0.05599120259284973,
      0.019314749166369438,
      0.00518767861649394,
      0.0011571284849196672,
      0.00022326676116790622,
      3.832787479041144e-05,
      5.9756766859209165e-06
    ],
    [
      0.096363864839077,
      0.09117162227630615,
      0.044771235436201096,
      0.01521448977291584,
      0.004025069065392017,
      0.0008842186653055251,
      0.00016800721641629934,
      2.839854460034985e-05,
      4.35912852481124e-06
    ],
    [
      0.054979369044303894,
      0.05125119909644127,
      0.024793731048703194,
      0.008299297653138638,
      0.002162438351660967,
      0.0004678047844208777,
      8.752221037866548e-05,
      1.4565474884875584e-05,
      2.2010115117154783e-06
    ],
    [
      0.02444373071193695,
      0.022448111325502396,
      0.010697157122194767,
      0.0035266620106995106,
      0.0009049206273630261,
      0.000192763633094728,
      3.5507990105543286e-05,
      5.817475539515726e-06,
      8.653489089738287e-07
    ],
    [
      0.00903240591287613,
      0.008171040564775467,
      0.0038350624963641167,
      0.0012451516231521964,
      0.0003146100789308548,
      6.598483014386147e-05,
      1.1966188139922451e-05,
      1.9298890947538894e-06,
      2.8256388873160176e-07
    ],
    [
      0.002889309311285615,
      0.00257445708848536,
      0.0011899987002834678,
      0.00038046197732910514,
      9.46517611737363e-05,
      1.954437539097853e-05,
      3.4890863389591686e-06,
      5.538915957004065e-07,
      7.981893901387593e-08
    ],
    [
      0.0008228668011724949,
      0.0007221031119115651,
      0.00032869059941731393,
      0.00010347400530008599,
      2.5344392270199023e-05,
      5.151855930307647e-06,
      9.053171083905909e-07,
      1.4145591364922439e-07,
      2.006187749259425e-08
    ],
    [
      0.0002129705680999905,
      0.00018404751608613878,
      8.24917369754985e-05,
      2.5568209821358323e-05,
      6.165275408420712e-06,
      1.2336546433289186e-06,
      2.1337788780328992e-07,
      3.2813311179324955e-08,
      4.579778778435184e-09
    ]
  ],
  "probs_results": [
    0.240237757563591,
    0.5290303826332092,
    0.23073174059391022
  ]
}