{
  "skills_mean": [
    [
      0.42722612619400024,
      0.6946718096733093
    ],
    [
      0.28757739067077637,
      0.8441585898399353
    ]
  ],
  "skills_cov": [
    [
      [
        0.0189982857555151,
        0.010381032712757587
      ],
      [
        0.010381032712757587,
        0.021242655813694
      ]
    ],
    [
      [
        0.021014651283621788,
        0.011677505448460579
      ],
      [
        0.011677505448460579,
        0.025337208062410355
      ]
    ]
  ],
  "probs_grid": [
    [
      0.07581552863121033,
      0.09671400487422943,
      0.06417208909988403,
      0.029528126120567322,
      0.010599319823086262,
      0.003165673930197954,
      0.0008193952962756157,
      0.00018904144235420972,
      3.96801478927955e-05
    ],
    [
      0.09568939357995987,
      0.12010737508535385,
      0.07840486615896225,
      0.0354890339076519,
      0.012529862113296986,
      0.0036804135888814926,
      0.0009367867023684084,
      0.00021250999998301268,
      4.385630745673552e-05
    ],
    [
      0.06293749064207077,
      0.07771909981966019,
      0.04990663379430771,
      0.02221849001944065,
      0.00771477073431015,
      0.00222835224121809,
      0.0005576938856393099,
      0.00012438347039278597,
      2.523519106034655e-05
    ],
    [
      0.028760535642504692,
      0.03493570536375046,
      0.02206488698720932,
      0.009660741314291954,
      0.0032985627185553312,
      0.000936802476644516,
      0.00023050571326166391,
      5.053970744484104e-05,
      1.0079188541567419e-05
    ],
    [
      0.010271669365465641,
      0.012271945364773273,
      0.007622466888278723,
      0.003281762357801199,
      0.0011017428478226066,
      0.00030762440292164683,
      7.441033812938258e-05,
      1.6037136447266676e-05,
      3.14361136588559e-06
    ],
    [
      0.0030579466838389635,
      0.0035929521545767784,
      0.0021944986656308174,
      0.0009289745939895511,
      0.0003066137433052063,
      8.416034688707441e-05,
      2.0010525986435823e-05,
      4.238928340782877e-06,
      8.166387033270439e-07
    ],
    [
      0.0007904065423645079,
      0.0009132177219726145,
      0.00054842239478603,
      0.00022824318148195744,
      7.405591168208048e-05,
      1.9980754586867988e-05,
      4.669428562920075e-06,
      9.721408105178853e-07,
      1.840520127416312e-07
    ],
    [
      0.00018242922669742256,
      0.00020724166824948043,
      0.00012235832400619984,
      5.005999992135912e-05,
      1.596573565620929e-05,
      4.233906111039687e-06,
      9.724319625092903e-07,
      1.989570534988161e-07,
      3.701486406271215e-08
    ],
    [
      3.8377071177819744e-05,
      4.286210241843946e-05,
      2.487753408786375e-05,
      1.0004675459640566e-05,
      3.136190798613825e-06,
      8.173750529749668e-07,
      1.844903607661763e-07,
      3.709178741928554e-08,
      6.780632055836122e-09
    ]
  ],
  "probs_results": [
    0.25669586658477783,
    0.3689350485801697,
    0.3743691146373749
  ]
}