{
  "skills_mean": [
    [
      0.6612740755081177,
      1.0926626920700073
    ],
    [
      -0.03175355866551399,
      0.2506062090396881
    ]
  ],
  "skills_cov": [
    [
      [
        0.020663518458604813,
        0.0120213832706213
      ],
      [
        0.0120213832706213,
        0.027303529903292656
      ]
    ],
    [
      [
        0.020592091605067253,
        0.010401508770883083
      ],
      [
        0.010401508770883083,
        0.023337725549936295
      ]
    ]
  ],
  "probs_grid": [
    [
      0.031042007729411125,
      0.020467083901166916,
      0.007059706840664148,
      0.0016984805697575212,
      0.00032063378603197634,
      5.065688310423866e-05,
      6.976742497499799e-06,
      8.615115234533732e-07,
      9.736245232261354e-08
    ],
    [
      0.08305007219314575,
      0.053882334381341934,
      0.01828496716916561,
      0.004327196162194014,
      0.0008033772464841604,
      0.0001248080952791497,
      1.6899934053071775e-05,
      2.0514428342721658e-06,
      2.278754180906617e-07
    ],
    [
      0.11551018059253693,
      0.07373891025781631,
      0.02461695484817028,
      0.005730080883949995,
      0.0010462029604241252,
      0.00015981362957973033,
      2.127485095115844e-05,
      2.5385822937096236e-06,
      2.7715532269212417e-07
    ],
    [
      0.11134211719036102,
      0.06993255019187927,
      0.022965874522924423,
      0.00525777880102396,
      0.0009440192370675504,
      0.00014178696437738836,
      1.8556020222604275e-05,
      2.1764408302260563e-06,
      2.3353987899099593e-07
    ],
    [
      0.08366400748491287,
      0.05169862136244774,
      0.01670045033097267,
      0.003760295920073986,
      0.000663908023852855,
      9.804085129871964e-05,
      1.2613607395906001e-05,
      1.454213133911253e-06,
      1.533611850845773e-07
    ],
    [
      0.05226520448923111,
      0.03177265077829361,
      0.010095574893057346,
      0.0022355499677360058,
      0.00038811881677247584,
      5.6350327213294804e-05,
      7.126930540835019e-06,
      8.076253834587988e-07,
      8.370739124075044e-08
    ],
    [
      0.028270525857806206,
      0.016906706616282463,
      0.00528385303914547,
      0.0011506719747558236,
      0.00019643365521915257,
      2.8039590688422322e-05,
      3.4861391213780735e-06,
      3.8829804793749645e-07,
      3.955315719395003e-08
    ],
    [
      0.013616319745779037,
      0.008010429330170155,
      0.0024623547215014696,
      0.0005273388233035803,
      8.85177796590142e-05,
      1.2422367944964208e-05,
      1.5182382639977732e-06,
      1.6621503107216995e-07,
      1.6639731370560185e-08
    ],
    [
      0.005960262380540371,
      0.0034492332488298416,
      0.001042827032506466,
      0.00021962568280287087,
      3.6248988180886954e-05,
      5.001317731512245e-06,
      6.008696686876647e-07,
      6.4657598386475e-08,
      6.361448257052871e-09
    ]
  ],
  "probs_results": [
    0.11630645394325256,
    0.821925699710846,
    0.061767783015966415
  ]
}