{
  "skills_mean": [
    [
      0.5362558364868164,
      0.8596150875091553
    ],
    [
      0.2656078338623047,
      0.9152050018310547
    ]
  ],
  "skills_cov": [
    [
      [
        0.021493930369615555,
        0.011759740300476551
      ],
      [
        0.011759740300476551,
        0.025634078308939934
      ]
    ],
    [
      [
        0.018074167892336845,
        0.010238160379230976
      ],
      [
        0.010238160379230976,
        0.02492286078631878
      ]
    ]
  ],
  "probs_grid": [
    [
      0.08990861475467682,
      0.09598274528980255,
      0.05338602885603905,
      0.020625922828912735,
      0.006226903758943081,
      0.0015667483676224947,
      0.0003422077279537916,
      6.67333515593782e-05,
      1.1859786354762036e-05
    ],
    [
      0.1169164776802063,
      0.12288415431976318,
      0.0672791600227356,
      0.02558247186243534,
      0.0075999037362635136,
      0.0018813825445249677,
      0.0004042482760269195,
      7.753972749924287e-05,
      1.3552765267377254e-05
    ],
    [
      0.0793776586651802,
      0.08212379366159439,
      0.0442517064511776,
      0.016557669267058372,
      0.004839561879634857,
      0.0011785697424784303,
      0.00024908530758693814,
      4.698857446783222e-05,
      8.07630658528069e-06
    ],
    [
      0.03751136735081673,
      0.038195379078388214,
      0.020252561196684837,
      0.007455754559487104,
      0.0021437748800963163,
      0.000513511651661247,
      0.00010673597716959193,
      1.9800256268354133e-05,
      3.346259745740099e-06
    ],
    [
      0.013879559002816677,
      0.01390700414776802,
      0.00725516164675355,
      0.0026274886913597584,
      0.0007431079284287989,
      0.00017506185395177454,
      3.578230825951323e-05,
      6.526738616230432e-06,
      1.0844431699297274e-06
    ],
    [
      0.004288611002266407,
      0.0042278701439499855,
      0.0021698034834116697,
      0.0007729307399131358,
      0.0002149919600924477,
      4.980581070412882e-05,
      1.0009810466726776e-05,
      1.7950493429452763e-06,
      2.932014240286662e-07
    ],
    [
      0.0011525601148605347,
      0.0011177838314324617,
      0.000564269779715687,
      0.0001976885978365317,
      5.407359640230425e-05,
      1.2317291293584276e-05,
      2.4338080493180314e-06,
      4.290594404210424e-07,
      6.888852510655852e-08
    ],
    [
      0.00027707614935934544,
      0.0002643196494318545,
      0.0001312314998358488,
      4.5212644181447104e-05,
      1.2160194273747038e-05,
      2.7233259061176796e-06,
      5.289994646773266e-07,
      9.167030157186673e-08,
      1.446641473279442e-08
    ],
    [
      6.081681203795597e-05,
      5.706118463422172e-05,
      2.7860147383762524e-05,
      9.43818758969428e-06,
      2.4957696496130666e-06,
      5.494823085427925e-07,
      1.049195930136193e-07,
      1.7870522839302794e-08,
      2.77165224105147e-09
    ]
  ],
  "probs_results": [
    0.2653083801269531,
    0.4277315139770508,
    0.3069602847099304
  ]
}