{
  "skills_mean": [
    [
      0.49879515171051025,
      0.8459826111793518
    ],
    [
      0.28060752153396606,
      0.9545741081237793
    ]
  ],
  "skills_cov": [
    [
      [
        0.022269314154982567,
        0.012275777757167816
      ],
      [
        0.012275777757167816,
        0.026120591908693314
      ]
    ],
    [
      [
        0.018354278057813644,
        0.010618512518703938
      ],
      [
        0.010618512518703938,
        0.025688478723168373
      ]
    ]
  ],
  "probs_grid": [
    [
      0.09590698778629303,
      0.10508119314908981,
      0.06002335250377655,
      0.02383100986480713,
      0.007397939451038837,
      0.00191521889064461,
      0.0004306822957005352,
      8.652135147713125e-05,
      1.585010795679409e-05
    ],
    [
      0.1160363256931305,
      0.1250927895307541,
      0.07029267400503159,
      0.02744978293776512,
      0.00837996881455183,
      0.002133134752511978,
      0.0004715875256806612,
      9.312696784036234e-05,
      1.6767822671681643e-05
    ],
    [
      0.07340701669454575,
      0.0778491199016571,
      0.04302625730633736,
      0.01652316190302372,
      0.004959751386195421,
      0.0012411837233230472,
      0.00026972495834343135,
      5.235041680862196e-05,
      9.263086212740745e-06
    ],
    [
      0.03237232193350792,
      0.033766672015190125,
      0.01835249736905098,
      0.006929697934538126,
      0.0020449250005185604,
      0.0005030256579630077,
      0.00010743758321041241,
      2.0491974282776937e-05,
      3.562864776540664e-06
    ],
    [
      0.011194583959877491,
      0.011482766829431057,
      0.006136356852948666,
      0.00227784039452672,
      0.0006607241812162101,
      0.00015973878907971084,
      3.352749263285659e-05,
      6.28353427600814e-06,
      1.073367229764699e-06
    ],
    [
      0.0032375624869018793,
      0.00326522090472281,
      0.0017154141096398234,
      0.0006259129149839282,
      0.00017843768000602722,
      4.23935052822344e-05,
      8.743037142266985e-06,
      1.6098695141408825e-06,
      2.7015738623958896e-07
    ],
    [
      0.0008156074909493327,
      0.0008086638990789652,
      0.00041759657324291766,
      0.00014975370140746236,
      4.1953895561164245e-05,
      9.793918252398726e-06,
      1.984465825444204e-06,
      3.5896425742976135e-07,
      5.9171831878757075e-08
    ],
    [
      0.0001840676850406453,
      0.00017939021927304566,
      9.104685159400105e-05,
      3.20855324389413e-05,
      8.832354978949297e-06,
      2.0257471078366507e-06,
      4.0322879613086116e-07,
      7.164666016024057e-08,
      1.1599976090792552e-08
    ],
    [
      3.798447869485244e-05,
      3.638382986537181e-05,
      1.8146864022128284e-05,
      6.283788479777286e-06,
      1.6994794123093016e-06,
      3.8291815940283414e-07,
      7.487047071208508e-08,
      1.3066307147369116e-08,
      2.0776556031165683e-09
    ]
  ],
  "probs_results": [
    0.27167007327079773,
    0.3947536051273346,
    0.33357667922973633
  ]
}