{
  "skills_mean": [
    [
      0.3355911076068878,
      0.9168039560317993
    ],
    [
      0.22151322662830353,
      0.5051982998847961
    ]
  ],
  "skills_cov": [
    [
      [
        0.017901526764035225,
        0.009604628197848797
      ],
      [
        0.009604628197848797,
        0.020210936665534973
      ]
    ],
    [
      [
        0.019538557156920433,
        0.010729242116212845
      ],
      [
        0.010729242116212845,
        0.023526621982455254
      ]
    ]
  ],
  "probs_grid": [
    [
      0.07381570339202881,
      0.0719137042760849,
      0.03637455403804779,
      0.012735793367028236,
      0.0034723924472928047,
      0.0007863453356549144,
      0.00015405846352223307,
      2.6856969270738773e-05,
      4.252639882906806e-06
    ],
    [
      0.11700309067964554,
      0.11233896017074585,
      0.05599124729633331,
      0.019314751029014587,
      0.005187674425542355,
      0.0011571274371817708,
      0.00022326629550661892,
      3.832776201306842e-05,
      5.975653948553372e-06
    ],
    [
      0.09636388719081879,
      0.09117165952920914,
      0.044771239161491394,
      0.015214488841593266,
      0.0040250676684081554,
      0.0008842179668135941,
      0.00016800710000097752,
      2.8398490030667745e-05,
      4.359114882390713e-06
    ],
    [
      0.05497937649488449,
      0.05125122517347336,
      0.024793734773993492,
      0.008299299515783787,
      0.002162438351660967,
      0.00046780460979789495,
      8.752215217100456e-05,
      1.4565454875992145e-05,
      2.2010065094946185e-06
    ],
    [
      0.02444370463490486,
      0.022448111325502396,
      0.01069715991616249,
      0.003526664339005947,
      0.0009049203363247216,
      0.000192763633094728,
      3.550795736373402e-05,
      5.817465080326656e-06,
      8.653472605146817e-07
    ],
    [
      0.009032395668327808,
      0.008171037770807743,
      0.003835062962025404,
      0.0012451517395675182,
      0.0003146100207231939,
      6.598482286790386e-05,
      1.1966184501943644e-05,
      1.929887275764486e-06,
      2.82563377140832e-07
    ],
    [
      0.0028893041890114546,
      0.002574456389993429,
      0.0011899983510375023,
      0.00038046209374442697,
      9.465179027756676e-05,
      1.954437539097853e-05,
      3.489084519969765e-06,
      5.538909135793801e-07,
      7.981883953789293e-08
    ],
    [
      0.0008228650549426675,
      0.0007221022970043123,
      0.0003286903665866703,
      0.00010347393254050985,
      2.53443795372732e-05,
      5.1518545660655946e-06,
      9.053168241734966e-07,
      1.4145575732982252e-07,
      2.0061863281739534e-08
    ],
    [
      0.00021297002967912704,
      0.00018404722504783422,
      8.249157690443099e-05,
      2.5568169803591445e-05,
      6.1652685872104485e-06,
      1.2336538475210546e-06,
      2.133776888513239e-07,
      3.281327565218817e-08,
      4.579773005275456e-09
    ]
  ],
  "probs_results": [
    0.24023781716823578,
    0.5290303230285645,
    0.2307317703962326
  ]
}