{
  "skills_mean": [
    [
      0.5394230484962463,
      0.9683492183685303
    ],
    [
      0.264558881521225,
      0.47650936245918274
    ]
  ],
  "skills_cov": [
    [
      [
        0.019875386729836464,
        0.012444784864783287
      ],
      [
        0.012444784864783287,
        0.02731184847652912
      ]
    ],
    [
      [
        0.022360417991876602,
        0.012137171812355518
      ],
      [
        0.012137171812355518,
        0.024433394894003868
      ]
    ]
  ],
  "probs_grid": [
    [
      0.049073658883571625,
      0.04791420325636864,
      0.024499565362930298,
      0.008746475912630558,
      0.002452463610097766,
      0.0005760426865890622,
      0.00011805243411799893,
      2.1709669454139657e-05,
      3.6567694223776925e-06
    ],
    [
      0.09654660522937775,
      0.09253717958927155,
      0.04644184559583664,
      0.01627134345471859,
      0.004476891364902258,
      0.0010317175183445215,
      0.0002074273070320487,
      3.7418452848214656e-05,
      6.182041033753194e-06
    ],
    [
      0.09886399656534195,
      0.093014195561409,
      0.04581547528505325,
      0.015752077102661133,
      0.004252543672919273,
      0.0009614818263798952,
      0.00018963048933073878,
      3.355426815687679e-05,
      5.4371976148104295e-06
    ],
    [
      0.07024839520454407,
      0.06487107276916504,
      0.03135865554213524,
      0.010579627938568592,
      0.0028023114427924156,
      0.0006215772591531277,
      0.00012025518662994727,
      2.087103530357126e-05,
      3.3169139896926936e-06
    ],
    [
      0.03896086663007736,
      0.035311970859766006,
      0.016751304268836975,
      0.005545326508581638,
      0.0014410794246941805,
      0.00031356970430351794,
      5.950680861133151e-05,
      1.0129560905625112e-05,
      1.5788021983098588e-06
    ],
    [
      0.01798810437321663,
      0.016000574454665184,
      0.007448387332260609,
      0.002419288270175457,
      0.0006168017280288041,
      0.00013165667769499123,
      2.4506660338374786e-05,
      4.0914505916589405e-06,
      6.253853825910483e-07
    ],
    [
      0.007200710475444794,
      0.006285840645432472,
      0.002871261676773429,
      0.0009150167461484671,
      0.00022885976068209857,
      4.7918627387844026e-05,
      8.74865691002924e-06,
      1.4324907624541083e-06,
      2.1472581579473626e-07
    ],
    [
      0.002570226090028882,
      0.0022018193267285824,
      0.0009868681663647294,
      0.00030855528893880546,
      7.57083689677529e-05,
      1.5549097952316515e-05,
      2.7843741463584593e-06,
      4.4712137992064527e-07,
      6.572503963298004e-08
    ],
    [
      0.000834957929328084,
      0.0007019142503850162,
      0.00030868692556396127,
      9.468894131714478e-05,
      2.2791398805566132e-05,
      4.591450306179468e-06,
      8.063985319495259e-07,
      1.269954026383857e-07,
      1.8306256066580318e-08
    ]
  ],
  "probs_results": [
    0.19974829256534576,
    0.6221250891685486,
    0.17812682688236237
  ]
}