{
  "skills_mean": [
    [
      -0.14248286187648773,
      0.5872007608413696
    ],
    [
      -0.04302094876766205,
      0.5115393400192261
    ]
  ],
  "skills_cov": [
    [
      [
        0.021099742501974106,
        0.010305305942893028
      ],
      [
        0.010305305942893028,
        0.02206670679152012
      ]
    ],
    [
      [
        0.02185150422155857,
        0.01144598238170147
      ],
      [
        0.01144598238170147,
        0.023738114163279533
      ]
    ]
  ],
  "probs_grid": [
    [
      0.12795661389827728,
      0.13109105825424194,
      0.06999971717596054,
      0.025974122807383537,
      0.007534039672464132,
      0.001822018064558506,
      0.00038265666808001697,
      7.177887891884893e-05,
      1.2275312656129245e-05
    ],
    [
      0.12813982367515564,
      0.12942703068256378,
      0.06811893731355667,
      0.024907348677515984,
      0.0071175592020154,
      0.0016954288585111499,
      0.00035064900293946266,
      6.476114504039288e-05,
      1.0902553185587749e-05
    ],
    [
      0.06694170832633972,
      0.06664283573627472,
      0.03456277772784233,
      0.012450389564037323,
      0.0035043605603277683,
      0.0008220392628572881,
      0.00016739367856644094,
      3.0433875508606434e-05,
      5.042834345658775e-06
    ],
    [
      0.02432248927652836,
      0.023860102519392967,
      0.012190979905426502,
      0.004325461573898792,
      0.0011989233316853642,
      0.00027690239949151874,
      5.55069709662348e-05,
      9.932708053383976e-06,
      1.6196407841562177e-06
    ],
    [
      0.006914124824106693,
      0.006682016886770725,
      0.003362709889188409,
      0.0011749332770705223,
      0.0003206423425581306,
      7.29001039871946e-05,
      1.4382969311554916e-05,
      2.5327935873065144e-06,
      4.0636615494804573e-07
    ],
    [
      0.0016401311149820685,
      0.0015612022252753377,
      0.0007736896513961256,
      0.000266155693680048,
      7.15010755811818e-05,
      1.5999883544282056e-05,
      3.106460098933894e-06,
      5.382462404668331e-07,
      8.495760539517505e-08
    ],
    [
      0.0003381616552360356,
      0.0003169753181282431,
      0.00015465865726582706,
      5.237318327999674e-05,
      1.3847765330865514e-05,
      3.0493681606458267e-06,
      5.825328344144509e-07,
      9.92970399238402e-08,
      1.5417024101793686e-08
    ],
    [
      6.232636224012822e-05,
      5.7518729590810835e-05,
      2.762611984508112e-05,
      9.207579751091544e-06,
      2.395738874838571e-06,
      5.190730689719203e-07,
      9.75522311819077e-08,
      1.635662627563761e-08,
      2.497721363070582e-09
    ],
    [
      1.0481826393515803e-05,
      9.522084837954026e-06,
      4.501218427321874e-06,
      1.4763049875909928e-06,
      3.779433086492645e-07,
      8.055860689637484e-08,
      1.4892208355377079e-08,
      2.4558368671989683e-09,
      3.687926630746574e-10
    ]
  ],
  "probs_results": [
    0.29661253094673157,
    0.345613569021225,
    0.35777395963668823
  ]
}