{
  "skills_mean": [
    [
      0.7003649473190308,
      1.3647840023040771
    ],
    [
      0.35542306303977966,
      0.7567175030708313
    ]
  ],
  "skills_cov": [
    [
      [
        0.018228832632303238,
        0.01162880938500166
      ],
      [
        0.01162880938500166,
        0.028447424992918968
      ]
    ],
    [
      [
        0.02090592496097088,
        0.012232422828674316
      ],
      [
        0.012232422828674316,
        0.02607961930334568
      ]
    ]
  ],
  "probs_grid": [
    [
      0.07935057580471039,
      0.05744370073080063,
      0.021787093952298164,
      0.005772081669420004,
      0.0012016170658171177,
      0.00020965153817087412,
      3.193191878381185e-05,
      4.366645498521393e-06,
      5.472504085446417e-07
    ],
    [
      0.1389891505241394,
      0.09894663840532303,
      0.03689585253596306,
      0.009607905521988869,
      0.0019655530340969563,
      0.00033693763543851674,
      5.041099211666733e-05,
      6.770461368432734e-06,
      8.3320753674343e-07
    ],
    [
      0.12677745521068573,
      0.08874117583036423,
      0.032528314739465714,
      0.00832483358681202,
      0.0016734132077544928,
      0.00028180814115330577,
      4.1412771679461e-05,
      5.4620668379357085e-06,
      6.600108122256643e-07
    ],
    [
      0.08028259128332138,
      0.05524681881070137,
      0.0199043657630682,
      0.0050058066844940186,
      0.0009886120678856969,
      0.00016353785758838058,
      2.360280996072106e-05,
      3.056878995266743e-06,
      3.6265720382289146e-07
    ],
    [
      0.03970259428024292,
      0.026856672018766403,
      0.009509260766208172,
      0.0023498330265283585,
      0.0004558998334687203,
      7.40735704312101e-05,
      1.0498708434170112e-05,
      1.3350818335311487e-06,
      1.554954280891252e-07
    ],
    [
      0.01635342463850975,
      0.010872727259993553,
      0.003783025313168764,
      0.0009184396476484835,
      0.00017503445269539952,
      2.7930711439694278e-05,
      3.887294042215217e-06,
      4.853386030845286e-07,
      5.5490275485681195e-08
    ],
    [
      0.0058433618396520615,
      0.0038180542178452015,
      0.0013052873546257615,
      0.0003113141574431211,
      5.827413406223059e-05,
      9.131981641985476e-06,
      1.247935188075644e-06,
      1.5296288324861962e-07,
      1.7166961185921537e-08
    ],
    [
      0.001862763543613255,
      0.0011960356496274471,
      0.0004017280589323491,
      9.411747305421159e-05,
      1.7302862033830024e-05,
      2.6626069029589416e-06,
      3.572460514078557e-07,
      4.298648192957444e-08,
      4.735331682326205e-09
    ],
    [
      0.0005407397402450442,
      0.00034114826121367514,
      0.0001125692724599503,
      2.5904233552864753e-05,
      4.676910975831561e-06,
      7.066767579999578e-07,
      9.308701010013465e-08,
      1.0995133692404124e-08,
      1.1887993922599094e-09
    ]
  ],
  "probs_results": [
    0.21639475226402283,
    0.6366391181945801,
    0.1469658762216568
  ]
}