{
  "skills_mean": [
    [
      0.752013623714447,
      0.7913926839828491
    ],
    [
      -0.2836461365222931,
      0.08940544724464417
    ]
  ],
  "skills_cov": [
    [
      [
        0.01861261948943138,
        0.010811478830873966
      ],
      [
        0.010811478830873966,
        0.0234153363853693
      ]
    ],
    [
      [
        0.021924065425992012,
        0.010880475863814354
      ],
      [
        0.010880475863814354,
        0.024034889414906502
      ]
    ]
  ],
  "probs_grid": [
    [
      0.014049772173166275,
      0.00984254665672779,
      0.003597676521167159,
      0.000914820353500545,
      0.0001820472680265084,
      3.0239667466958053e-05,
      4.367406290839426e-06,
      5.640758899971843e-07,
      6.650460449009188e-08
    ],
    [
      0.04712129756808281,
      0.032490167766809464,
      0.011686953715980053,
      0.0029240907169878483,
      0.0005724785733036697,
      9.354469511890784e-05,
      1.328870712313801e-05,
      1.6879764643817907e-06,
      1.957065762780985e-07
    ],
    [
      0.0819905549287796,
      0.05563981831073761,
      0.019695259630680084,
      0.004848650190979242,
      0.0009339081007055938,
      0.0001501162041677162,
      2.097516698995605e-05,
      2.620336772451992e-06,
      2.987586924518837e-07
    ],
    [
      0.09866739809513092,
      0.06589853018522263,
      0.022954784333705902,
      0.0055602965876460075,
      0.00105364341288805,
      0.00016660153050906956,
      2.2896580048836768e-05,
      2.8131366889283527e-06,
      3.1541327416562126e-07
    ],
    [
      0.09236836433410645,
      0.06071573495864868,
      0.020812178030610085,
      0.004960279446095228,
      0.0009247277048416436,
      0.00014383399684447795,
      1.944325413205661e-05,
      2.349417400182574e-06,
      2.590467715890554e-07
    ],
    [
      0.07174024730920792,
      0.04641038551926613,
      0.015654878690838814,
      0.0036711592692881823,
      0.0006733251502737403,
      0.00010302388545824215,
      1.369823166896822e-05,
      1.6279138890240574e-06,
      1.765157549016294e-07
    ],
    [
      0.04814392328262329,
      0.030652707442641258,
      0.010174744762480259,
      0.0023477126378566027,
      0.00042362778913229704,
      6.376289093168452e-05,
      8.339109626831487e-06,
      9.746946716404636e-07,
      1.0393500105010389e-07
    ],
    [
      0.028708603233098984,
      0.017989443615078926,
      0.005876205861568451,
      0.0013341095764189959,
      0.00023684004554525018,
      3.50684167642612e-05,
      4.511290171649307e-06,
      5.186090561437595e-07,
      5.438559114168129e-08
    ],
    [
      0.015525540336966515,
      0.00957493856549263,
      0.0030778422951698303,
      0.0006875772960484028,
      0.00012009296915493906,
      1.749303555698134e-05,
      2.2135659492050763e-06,
      2.5028376171576383e-07,
      2.5812944670633442e-08
    ]
  ],
  "probs_results": [
    0.07474882900714874,
    0.887021005153656,
    0.03823022544384003
  ]
}