{
  "skills_mean": [
    [
      0.7003650069236755,
      1.3647840023040771
    ],
    [
      0.3554230034351349,
      0.7567173838615417
    ]
  ],
  "skills_cov": [
    [
      [
        0.01822890341281891,
        0.011628848500549793
      ],
      [
        0.011628848500549793,
        0.02844749204814434
      ]
    ],
    [
      [
        0.0209059901535511,
        0.012232462875545025
      ],
      [
        0.012232462875545025,
        0.026079703122377396
      ]
    ]
  ],
  "probs_grid": [
    [
      0.0793505609035492,
      0.05744368955492973,
      0.021787086501717567,
      0.005772082135081291,
      0.001201617531478405,
      0.000209651785553433,
      3.193195516359992e-05,
      4.36665413872106e-06,
      5.472517727866943e-07
    ],
    [
      0.13898909091949463,
      0.09894660115242004,
      0.03689584508538246,
      0.009607905521988869,
      0.0019655532669276,
      0.000336937780957669,
      5.041103213443421e-05,
      6.770473646611208e-06,
      8.332097536367655e-07
    ],
    [
      0.12677745521068573,
      0.08874113112688065,
      0.03252830356359482,
      0.008324828930199146,
      0.0016734132077544928,
      0.0002818081993609667,
      4.1412818973185495e-05,
      5.462075932882726e-06,
      6.600122333111358e-07
    ],
    [
      0.08028263598680496,
      0.05524680018424988,
      0.019904358312487602,
      0.005005804356187582,
      0.0009886120678856969,
      0.00016353782848455012,
      2.3602813598699868e-05,
      3.056883087992901e-06,
      3.6265785752220836e-07
    ],
    [
      0.039702631533145905,
      0.026856668293476105,
      0.00950926449149847,
      0.0023498330265283585,
      0.0004558999207802117,
      7.40736213629134e-05,
      1.0498709343664814e-05,
      1.3350833114600391e-06,
      1.5549558440852707e-07
    ],
    [
      0.016353437677025795,
      0.010872729122638702,
      0.0037830264773219824,
      0.0009184398222714663,
      0.0001750345400068909,
      2.7930735086556524e-05,
      3.887299044436077e-06,
      4.853391715187172e-07,
      5.549038917251892e-08
    ],
    [
      0.005843372084200382,
      0.003818059340119362,
      0.0013052892172709107,
      0.0003113144775852561,
      5.8274148614145815e-05,
      9.131992555921897e-06,
      1.2479363249440212e-06,
      1.529630537788762e-07,
      1.7166987831274128e-08
    ],
    [
      0.0018627673853188753,
      0.0011960373958572745,
      0.000401728437282145,
      9.411761129740626e-05,
      1.7302882042713463e-05,
      2.662611677806126e-06,
      3.572466198420443e-07,
      4.298656719470273e-08,
      4.735342340467241e-09
    ],
    [
      0.0005407414282672107,
      0.0003411491052247584,
      0.00011256958532612771,
      2.5904277208610438e-05,
      4.676920525525929e-06,
      7.066779517117538e-07,
      9.308717352496387e-08,
      1.0995155896864617e-08,
      1.1888023898620759e-09
    ]
  ],
  "probs_results": [
    0.21639475226402283,
    0.6366392970085144,
    0.1469658762216568
  ]
}