{
  "skills_mean": [
    [
      0.42714935541152954,
      0.6945468783378601
    ],
    [
      0.39447563886642456,
      0.5961092710494995
    ]
  ],
  "skills_cov": [
    [
      [
        0.019148971885442734,
        0.010502629913389683
      ],
      [
        0.010502629913389683,
        0.02139253541827202
      ]
    ],
    [
      [
        0.020658176392316818,
        0.010802725329995155
      ],
      [
        0.010802725329995155,
        0.021899530664086342
      ]
    ]
  ],
  "probs_grid": [
    [
      0.04610520228743553,
      0.06547298282384872,
      0.04833719879388809,
      0.02473505027592182,
      0.00986901018768549,
      0.0032745792996138334,
      0.0009411285864189267,
      0.0002409622393315658,
      5.6100885558407754e-05
    ],
    [
      0.07386742532253265,
      0.10320285707712173,
      0.07495473325252533,
      0.03772963210940361,
      0.014806834049522877,
      0.004832060541957617,
      0.0013657957315444946,
      0.00034389045322313905,
      7.873204594943672e-05
    ],
    [
      0.061459146440029144,
      0.08447294682264328,
      0.06035042554140091,
      0.029880279675126076,
      0.011533291079103947,
      0.003701543202623725,
      0.001028888626024127,
      0.0002547475742176175,
      5.7349046983290464e-05
    ],
    [
      0.03540410101413727,
      0.047868017107248306,
      0.03363825008273125,
      0.016380591318011284,
      0.006218122784048319,
      0.0019625527784228325,
      0.0005364302196539938,
      0.00013059820048511028,
      2.8907739761052653e-05
    ],
    [
      0.01588437147438526,
      0.021124839782714844,
      0.014600861817598343,
      0.006992618553340435,
      0.0026103868149220943,
      0.0008101675775833428,
      0.0002177454880438745,
      5.212337418925017e-05,
      1.1343517144268844e-05
    ],
    [
      0.00592005392536521,
      0.007743793539702892,
      0.0052639334462583065,
      0.0024792046751827,
      0.0009101001196540892,
      0.0002777436457108706,
      7.339715375564992e-05,
      1.7274314814130776e-05,
      3.6960161651222734e-06
    ],
    [
      0.0019090140704065561,
      0.002455939305946231,
      0.0016418078448623419,
      0.0007604007259942591,
      0.00027447918546386063,
      8.23623631731607e-05,
      2.1399549950729124e-05,
      4.95159611091367e-06,
      1.0415434417154756e-06
    ],
    [
      0.0005477897939272225,
      0.0006930754170753062,
      0.000455629953648895,
      0.00020750582916662097,
      7.364920020336285e-05,
      2.172867789340671e-05,
      5.550494279304985e-06,
      1.262622618014575e-06,
      2.610886440379545e-07
    ],
    [
      0.00014277506852522492,
      0.0001776467397576198,
      0.00011484100832603872,
      5.14274142915383e-05,
      1.7946746083907783e-05,
      5.205709385336377e-06,
      1.3073283753328724e-06,
      2.9235621923362487e-07,
      5.942837688621694e-08
    ]
  ],
  "probs_results": [
    0.2289995700120926,
    0.42736274003982544,
    0.34363794326782227
  ]
}