{
  "skills_mean": [
    [
      0.5742551684379578,
      1.1927398443222046
    ],
    [
      -0.10237002372741699,
      0.606723427772522
    ]
  ],
  "skills_cov": [
    [
      [
        0.017556386068463326,
        0.010688332840800285
      ],
      [
        0.010688332840800285,
        0.02661449834704399
      ]
    ],
    [
      [
        0.020724961534142494,
        0.010003269650042057
      ],
      [
        0.010003269650042057,
        0.021643180400133133
      ]
    ]
  ],
  "probs_grid": [
    [
      0.0910859927535057,
      0.04977336898446083,
      0.01423114724457264,
      0.002838574582710862,
      0.000444335542852059,
      5.822104139951989e-05,
      6.651406238233903e-06,
      6.814331641180615e-07,
      6.390567364178423e-08
    ],
    [
      0.16327190399169922,
      0.08807817846536636,
      0.024852607399225235,
      0.0048904744908213615,
      0.0007549994043074548,
      9.75380971794948e-05,
      1.0983671018038876e-05,
      1.1088809515058529e-06,
      1.0245272363818003e-07
    ],
    [
      0.1517488658428192,
      0.08079884201288223,
      0.022495141252875328,
      0.004366293083876371,
      0.0006647006957791746,
      8.46547118271701e-05,
      9.395245797350071e-06,
      9.345922649117711e-07,
      8.506215465331479e-08
    ],
    [
      0.0974978357553482,
      0.05122873932123184,
      0.014070222154259682,
      0.002693398157134652,
      0.0004042666987515986,
      5.0749531510518864e-05,
      5.550342393689789e-06,
      5.439537176243903e-07,
      4.876489967386988e-08
    ],
    [
      0.04871179163455963,
      0.025252999737858772,
      0.00684119388461113,
      0.0012913414975628257,
      0.00019107434491161257,
      2.364018655498512e-05,
      2.547528993090964e-06,
      2.459479446770274e-07,
      2.1715893083751325e-08
    ],
    [
      0.020185120403766632,
      0.010322767309844494,
      0.002757902257144451,
      0.0005132578080520034,
      7.485728565370664e-05,
      9.126721124630421e-06,
      9.689820217317902e-07,
      9.21464149428175e-08,
      8.012391639056204e-09
    ],
    [
      0.007225597742944956,
      0.0036446424201130867,
      0.0009601464844308794,
      0.000176150249899365,
      2.5320103304693475e-05,
      3.0417927519010846e-06,
      3.1814016665521194e-07,
      2.9797424971889086e-08,
      2.551372224601778e-09
    ],
    [
      0.002298020990565419,
      0.0011431046295911074,
      0.0002968988846987486,
      5.368940401240252e-05,
      7.605087375850417e-06,
      9.001304874800553e-07,
      9.273427536982126e-08,
      8.553801222888069e-09,
      7.211578556542975e-10
    ],
    [
      0.0006628010305576026,
      0.0003250909794587642,
      8.323601650772616e-05,
      1.4834543435426895e-05,
      2.0705024326161947e-06,
      2.414188031707454e-07,
      2.449694846973216e-08,
      2.2251189779609604e-09,
      1.8470029672368327e-10
    ]
  ],
  "probs_results": [
    0.204631045460701,
    0.6917540431022644,
    0.10361500829458237
  ]
}