{
  "skills_mean": [
    [
      -0.027856998145580292,
      0.7071842551231384
    ],
    [
      0.2218778282403946,
      0.803103506565094
    ]
  ],
  "skills_cov": [
    [
      [
        0.018701869994401932,
        0.00957556813955307
      ],
      [
        0.00957556813955307,
        0.022156881168484688
      ]
    ],
    [
      [
        0.021677514538168907,
        0.012825747951865196
      ],
      [
        0.012825747951865196,
        0.029067253693938255
      ]
    ]
  ],
  "probs_grid": [
    [
      0.12840232253074646,
      0.1506418138742447,
      0.09208740293979645,
      0.0391058586537838,
      0.012977355159819126,
      0.0035894266329705715,
      0.000861880776938051,
      0.00018477656703907996,
      3.610248677432537e-05
    ],
    [
      0.10880275815725327,
      0.1258004754781723,
      0.07577021420001984,
      0.0316956490278244,
      0.010358759202063084,
      0.00282111344859004,
      0.0006668563582934439,
      0.00014071569603402168,
      2.705636143218726e-05
    ],
    [
      0.04823475703597069,
      0.05494645982980728,
      0.032598208636045456,
      0.013428819365799427,
      0.0043211630545556545,
      0.001158466562628746,
      0.0002695175353437662,
      5.596485061687417e-05,
      1.0587451470200904e-05
    ],
    [
      0.01491559948772192,
      0.016735302284359932,
      0.009777051396667957,
      0.003965380135923624,
      0.0012560244649648666,
      0.000331400748109445,
      7.586760330013931e-05,
      1.5499419532716274e-05,
      2.884412197090569e-06
    ],
    [
      0.0036191039253026247,
      0.003998433705419302,
      0.002299718325957656,
      0.0009180809720419347,
      0.00028618471696972847,
      7.429879769915715e-05,
      1.6733878510422073e-05,
      3.3628164146648487e-06,
      6.155057121759455e-07
    ],
    [
      0.0007349078077822924,
      0.0007992982864379883,
      0.0004524815594777465,
      0.00017776194727048278,
      5.452107870951295e-05,
      1.3924923223385122e-05,
      3.0848648293613223e-06,
      6.096926767895638e-07,
      1.0973688091553413e-07
    ],
    [
      0.00013008553651161492,
      0.00013924806262366474,
      7.756958802929148e-05,
      2.9982624255353585e-05,
      9.04624721442815e-06,
      2.2725153030478396e-06,
      4.95108963605162e-07,
      9.622103647188851e-08,
      1.702759355737271e-08
    ],
    [
      2.0643552488763817e-05,
      2.174370820284821e-05,
      1.1916680705326144e-05,
      4.530929345492041e-06,
      1.3445526292343857e-06,
      3.321608517126151e-07,
      7.115728095641316e-08,
      1.3596056724907157e-08,
      2.3652158009923596e-09
    ],
    [
      2.997880073962733e-06,
      3.10643736156635e-06,
      1.6746303117542993e-06,
      6.262164333747933e-07,
      1.827384465968862e-07,
      4.4387462594386307e-08,
      9.348431362354859e-09,
      1.7558620113433676e-09,
      3.0023378227994613e-10
    ]
  ],
  "probs_results": [
    0.2910725772380829,
    0.2669287621974945,
    0.44199857115745544
  ]
}