{
  "skills_mean": [
    [
      0.571245014667511,
      1.1401070356369019
    ],
    [
      0.55961674451828,
      0.9667502641677856
    ]
  ],
  "skills_cov": [
    [
      [
        0.02182701788842678,
        0.0126121761277318
      ],
      [
        0.0126121761277318,
        0.02735128439962864
      ]
    ],
    [
      [
        0.02009769156575203,
        0.012226324528455734
      ],
      [
        0.012226324528455734,
        0.027127932757139206
      ]
    ]
  ],
  "probs_grid": [
    [
      0.09025116264820099,
      0.09767498075962067,
      0.0552530400454998,
      0.021780740469694138,
      0.006730478256940842,
      0.0017388538690283895,
      0.0003912092943210155,
      7.882677891757339e-05,
      1.4519933756673709e-05
    ],
    [
      0.11567673087120056,
      0.12295997887849808,
      0.06830377876758575,
      0.0264359749853611,
      0.008019250817596912,
      0.0020335358567535877,
      0.0004489924758672714,
      8.877481013769284e-05,
      1.6044117728597485e-05
    ],
    [
      0.07757525146007538,
      0.08097532391548157,
      0.04416424036026001,
      0.016779862344264984,
      0.0049960678443312645,
      0.0012433318188413978,
      0.000269375741481781,
      5.225656786933541e-05,
      9.265108019462787e-06
    ],
    [
      0.036288823932409286,
      0.037191543728113174,
      0.0199128445237875,
      0.0074260118417441845,
      0.0021698931232094765,
      0.0005298853502608836,
      0.00011263782653259113,
      2.1436213501146995e-05,
      3.728146111825481e-06
    ],
    [
      0.013319731689989567,
      0.01340121403336525,
      0.007042768411338329,
      0.0025775847025215626,
      0.0007390670361928642,
      0.0001770762464730069,
      3.692706013680436e-05,
      6.893549198139226e-06,
      1.175921624962939e-06
    ],
    [
      0.004091331735253334,
      0.0040404642932116985,
      0.002083937870338559,
      0.0007484254310838878,
      0.0002105510066030547,
      4.949023059452884e-05,
      1.0123728316102643e-05,
      1.8536593415774405e-06,
      3.101092715951381e-07
    ],
    [
      0.001095346873626113,
      0.0010616518557071686,
      0.0005373269668780267,
      0.00018934247782453895,
      5.225754648563452e-05,
      1.2049057659169193e-05,
      2.417515815977822e-06,
      4.3412052264102385e-07,
      7.122081058241747e-08
    ],
    [
      0.00026286437059752643,
      0.0002500211412552744,
      0.00012416226672939956,
      4.292406083550304e-05,
      1.162123226094991e-05,
      2.628200263643521e-06,
      5.171684165361512e-07,
      9.107281329079342e-08,
      1.4650835211682534e-08
    ],
    [
      5.771629002992995e-05,
      5.386582051869482e-05,
      2.6244641048833728e-05,
      8.900486136553809e-06,
      2.3636193873244338e-06,
      5.24264123669127e-07,
      1.0116887239064454e-07,
      1.7469757196408864e-08,
      2.7555380199828505e-09
    ]
  ],
  "probs_results": [
    0.2656048834323883,
    0.4189486503601074,
    0.31544631719589233
  ]
}