{
  "skills_mean": [
    [
      0.49873536825180054,
      0.8458812832832336
    ],
    [
      0.5840355753898621,
      1.0143749713897705
    ]
  ],
  "skills_cov": [
    [
      [
        0.02236901968717575,
        0.01235641073435545
      ],
      [
        0.01235641073435545,
        0.02621936984360218
      ]
    ],
    [
      [
        0.01992107182741165,
        0.011804266832768917
      ],
      [
        0.011804266832768917,
        0.025809459388256073
      ]
    ]
  ],
  "probs_grid": [
    [
      0.06993260234594345,
      0.10194811969995499,
      0.07754197716712952,
      0.041024625301361084,
      0.016982687637209892,
      0.005866783671081066,
      0.001761575578711927,
      0.0004728136700578034,
      0.00011578820704016834
    ],
    [
      0.08070504665374756,
      0.11555919051170349,
      0.08632029592990875,
      0.04484584555029869,
      0.01822805404663086,
      0.006182282697409391,
      0.0018223311053588986,
      0.00048013037303462625,
      0.0001154107740148902
    ],
    [
      0.04870382696390152,
      0.06848666816949844,
      0.050234634429216385,
      0.025624459609389305,
      0.010225211270153522,
      0.003404404502362013,
      0.0009850186761468649,
      0.0002547236508689821,
      6.0092559579061344e-05
    ],
    [
      0.02049102447926998,
      0.02829340100288391,
      0.02037573978304863,
      0.010203568264842033,
      0.003996834624558687,
      0.001306154765188694,
      0.0003709146403707564,
      9.413351654075086e-05,
      2.179288821935188e-05
    ],
    [
      0.006761007010936737,
      0.009165485389530659,
      0.006479795556515455,
      0.003185190726071596,
      0.0012246081605553627,
      0.0003927697252947837,
      0.00010945805115625262,
      2.7259640773991123e-05,
      6.192513865244109e-06
    ],
    [
      0.0018659011693671346,
      0.0024831544142216444,
      0.001723207184113562,
      0.0008313812431879342,
      0.00031369944917969406,
      9.873548697214574e-05,
      2.7000491172657348e-05,
      6.597895662707742e-06,
      1.4705815374327358e-06
    ],
    [
      0.0004486172692850232,
      0.0005860226810909808,
      0.00039914509397931397,
      0.0001889898703666404,
      6.997810123721138e-05,
      2.1612268028547987e-05,
      5.798936399514787e-06,
      1.3902914588470594e-06,
      3.040117064756487e-07
    ],
    [
      9.664017125032842e-05,
      0.00012390139454510063,
      8.281970804091543e-05,
      3.848101550829597e-05,
      1.3981129086459987e-05,
      4.2366432353446726e-06,
      1.115280610974878e-06,
      2.6231973038193246e-07,
      5.627077115377688e-08
    ],
    [
      1.9038689060835168e-05,
      2.3954991775099188e-05,
      1.571292341395747e-05,
      7.163720965763787e-06,
      2.5537099190842127e-06,
      7.592052497784607e-07,
      1.960663809086327e-07,
      4.523848318171986e-08,
      9.51911793833915e-09
    ]
  ],
  "probs_results": [
    0.2472856342792511,
    0.3020414710044861,
    0.4506727457046509
  ]
}