{
  "skills_mean": [
    [
      0.08213046938180923,
      0.4951629340648651
    ],
    [
      0.6082556247711182,
      0.8567931056022644
    ]
  ],
  "skills_cov": [
    [
      [
        0.023105230182409286,
        0.011391780339181423
      ],
      [
        0.011391780339181423,
        0.025243788957595825
      ]
    ],
    [
      [
        0.018402965739369392,
        0.010992764495313168
      ],
      [
        0.010992764495313168,
        0.02538001537322998
      ]
    ]
  ],
  "probs_grid": [
    [
      0.047590456902980804,
      0.09781438857316971,
      0.10457774251699448,
      0.0775376409292221,
      0.044845469295978546,
      0.021578798070549965,
      0.008997178636491299,
      0.0033429379109293222,
      0.0011297522578388453
    ],
    [
      0.04335486516356468,
      0.08764755725860596,
      0.09216334670782089,
      0.06720180809497833,
      0.03822139650583267,
      0.018084587529301643,
      0.007414081133902073,
      0.002708498854190111,
      0.0008999456185847521
    ],
    [
      0.02066732570528984,
      0.04108983278274536,
      0.04248819127678871,
      0.03046318143606186,
      0.017035624012351036,
      0.007924884557723999,
      0.0031941363122314215,
      0.0011471434263512492,
      0.0003746989241335541
    ],
    [
      0.006873300764709711,
      0.013436885550618172,
      0.013661033473908901,
      0.009629737585783005,
      0.0052941422909498215,
      0.002421064767986536,
      0.000959231227170676,
      0.0003386318567208946,
      0.00010872232815017924
    ],
    [
      0.0017939000390470028,
      0.0034478872548788786,
      0.003446125192567706,
      0.0023879664950072765,
      0.0012904840987175703,
      0.0005800783401355147,
      0.0002258958265883848,
      7.837958401069045e-05,
      2.473268068570178e-05
    ],
    [
      0.00039190042298287153,
      0.0007404485950246453,
      0.0007274619420059025,
      0.0004954737378284335,
      0.0002631704555824399,
      0.00011626363993855193,
      4.449619518709369e-05,
      1.5172614439507015e-05,
      4.705011633632239e-06
    ],
    [
      7.464276131941006e-05,
      0.00013861739716958255,
      0.0001338502042926848,
      8.959697879618034e-05,
      4.6768564061494544e-05,
      2.030426730925683e-05,
      7.636225745955016e-06,
      2.5586750780348666e-06,
      7.796592740305641e-07
    ],
    [
      1.2747585060424171e-05,
      2.3265905838343315e-05,
      2.207801298936829e-05,
      1.4522865058097523e-05,
      7.4492490966804326e-06,
      3.1778199627297e-06,
      1.1743300092348363e-06,
      3.866210818159743e-07,
      1.1575104252870005e-07
    ],
    [
      1.992552597585018e-06,
      3.573699132175534e-06,
      3.332367441544193e-06,
      2.1538771761697717e-06,
      1.0855237633222714e-06,
      4.549879690785019e-07,
      1.6519310008789034e-07,
      5.3432813729159534e-08,
      1.571663510446797e-08
    ]
  ],
  "probs_results": [
    0.18897761404514313,
    0.15354666113853455,
    0.6574755907058716
  ]
}