{
  "skills_mean": [
    [
      0.06365782767534256,
      0.4964454174041748
    ],
    [
      -0.03902456909418106,
      0.6883637309074402
    ]
  ],
  "skills_cov": [
    [
      [
        0.02342885732650757,
        0.011767040938138962
      ],
      [
        0.011767040938138962,
        0.02595052495598793
      ]
    ],
    [
      [
        0.018794680014252663,
        0.009816097095608711
      ],
      [
        0.009816097095608711,
        0.022769583389163017
      ]
    ]
  ],
  "probs_grid": [
    [
      0.11223330348730087,
      0.12585237622261047,
      0.07359717041254044,
      0.02992434985935688,
      0.009516304358839989,
      0.002524539129808545,
      0.0005819086218252778,
      0.00011986149911535904,
      2.252004196634516e-05
    ],
    [
      0.11571092903614044,
      0.12787853181362152,
      0.07368563115596771,
      0.02951476164162159,
      0.009244615212082863,
      0.0024150561075657606,
      0.0005480854888446629,
      0.00011113491200376302,
      2.0551844500005245e-05
    ],
    [
      0.062304265797138214,
      0.06784528493881226,
      0.03851160407066345,
      0.015193174593150616,
      0.0046861618757247925,
      0.001205309759825468,
      0.00026927198632620275,
      5.374005559133366e-05,
      9.780044820217881e-06
    ],
    [
      0.023359058424830437,
      0.02505745366215706,
      0.014008867554366589,
      0.005442184861749411,
      0.0016526445979252458,
      0.0004184337449260056,
      9.200638305628672e-05,
      1.8070115402224474e-05,
      3.2357943382521626e-06
    ],
    [
      0.00685965595766902,
      0.007247214205563068,
      0.003989737015217543,
      0.0015259702922776341,
      0.00045615501585416496,
      0.00011367178376531228,
      2.459655843267683e-05,
      4.7532253120152745e-06,
      8.373831406061072e-07
    ],
    [
      0.0016828621737658978,
      0.0017507241573184729,
      0.0009488911600783467,
      0.00035725042107515037,
      0.00010510584979783744,
      2.577459963504225e-05,
      5.487557700689649e-06,
      1.0432853514430462e-06,
      1.8079940389270632e-07
    ],
    [
      0.00035923736868426204,
      0.0003679342335090041,
      0.00019629894813988358,
      7.273727533174679e-05,
      2.1058669517515227e-05,
      5.08108541907859e-06,
      1.0642613688105484e-06,
      1.990327831435934e-07,
      3.392514713596029e-08
    ],
    [
      6.862686859676614e-05,
      6.918734288774431e-05,
      3.632890002336353e-05,
      1.324666754953796e-05,
      3.7734334910055622e-06,
      8.956997703535308e-07,
      1.8454478833973553e-07,
      3.394504233256157e-08,
      5.690171445138503e-09
    ],
    [
      1.1975601410085801e-05,
      1.1882372746185865e-05,
      6.139603101473767e-06,
      2.202657469752012e-06,
      6.17267687630374e-07,
      1.4412630378046742e-07,
      2.9206331575437616e-08,
      5.2832240804434605e-09,
      8.708666565659939e-10
    ]
  ],
  "probs_results": [
    0.28455403447151184,
    0.33400729298591614,
    0.381438672542572
  ]
}