{
  "skills_mean": [
    [
      0.6892194151878357,
      1.1132891178131104
    ],
    [
      0.35821589827537537,
      1.2038850784301758
    ]
  ],
  "skills_cov": [
    [
      [
        0.017305728048086166,
        0.009707508608698845
      ],
      [
        0.009707508608698845,
        0.02321724407374859
      ]
    ],
    [
      [
        0.01439928263425827,
        0.00802435353398323
      ],
      [
        0.00802435353398323,
        0.023237545043230057
      ]
    ]
  ],
  "probs_grid": [
    [
      0.12485203891992569,
      0.1136246994137764,
      0.053599365055561066,
      0.017473449930548668,
      0.004428573418408632,
      0.0009307338041253388,
      0.00016895562293939292,
      2.7247107937000692e-05,
      3.98476367990952e-06
    ],
    [
      0.1423725038766861,
      0.12818312644958496,
      0.059805478900671005,
      0.01927897334098816,
      0.004830569960176945,
      0.0010034587467089295,
      0.000180011527845636,
      2.8682696211035363e-05,
      4.1437801883148495e-06
    ],
    [
      0.08435674756765366,
      0.07511749863624573,
      0.034655388444662094,
      0.011044341139495373,
      0.0027352196630090475,
      0.0005614962428808212,
      9.95223963400349e-05,
      1.5665222235838883e-05,
      2.2353028725774493e-06
    ],
    [
      0.034624796360731125,
      0.030487410724163055,
      0.01390500646084547,
      0.004380004480481148,
      0.0010719586862251163,
      0.00021742229000665247,
      3.8069210859248415e-05,
      5.918527676840313e-06,
      8.340041404153453e-07
    ],
    [
      0.011075232177972794,
      0.009640486910939217,
      0.0043458784930408,
      0.0013527796836569905,
      0.0003271140158176422,
      6.554196443175897e-05,
      1.133474779635435e-05,
      1.7402273897459963e-06,
      2.421308806788147e-07
    ],
    [
      0.0029445237014442682,
      0.002533265156671405,
      0.0011284928768873215,
      0.0003470659430604428,
      8.290374535135925e-05,
      1.640644040890038e-05,
      2.8019455839967122e-06,
      4.247590084105468e-07,
      5.834641925162032e-08
    ],
    [
      0.0006777517264708877,
      0.000576192163862288,
      0.00025359587743878365,
      7.704421295784414e-05,
      1.8176837329519913e-05,
      3.5522916732588783e-06,
      5.990193585603265e-07,
      8.964985198645081e-08,
      1.215594913617224e-08
    ],
    [
      0.00013890657282900065,
      0.00011667227954603732,
      5.072477870271541e-05,
      1.5220494788081851e-05,
      3.5461173411022173e-06,
      6.842687412245141e-07,
      1.1391545484684684e-07,
      1.6829000415441442e-08,
      2.252211528386283e-09
    ],
    [
      2.58757863775827e-05,
      2.1468784325406887e-05,
      9.2185864559724e-06,
      2.7315741135680582e-06,
      6.283715947574819e-07,
      1.197045946810249e-07,
      1.967120510926179e-08,
      2.868249637799636e-09,
      3.788134250726216e-10
    ]
  ],
  "probs_results": [
    0.2924191653728485,
    0.41631317138671875,
    0.29126760363578796
  ]
}