{
  "skills_mean": [
    [
      0.5361915826797485,
      0.8595120310783386
    ],
    [
      0.6138740181922913,
      1.0302057266235352
    ]
  ],
  "skills_cov": [
    [
      [
        0.021593857556581497,
        0.011840520426630974
      ],
      [
        0.011840520426630974,
        0.025733010843396187
      ]
    ],
    [
      [
        0.01949160359799862,
        0.011399832554161549
      ],
      [
        0.011399832554161549,
        0.025236571207642555
      ]
    ]
  ],
  "probs_grid": [
    [
      0.06665410846471786,
      0.09869609028100967,
      0.07618654519319534,
      0.040874823927879333,
      0.01714504323899746,
      0.005996615160256624,
      0.0018215307500213385,
      0.0004942104569636285,
      0.00012224551755934954
    ],
    [
      0.07852549850940704,
      0.11428306996822357,
      0.08669746667146683,
      0.045707039535045624,
      0.01883740723133087,
      0.0064729731529951096,
      0.0019315796671435237,
      0.0005147939082235098,
      0.0001250748464372009
    ],
    [
      0.04831806942820549,
      0.06910617649555206,
      0.05151448771357536,
      0.026683887466788292,
      0.01080409623682499,
      0.0036469909828156233,
      0.001068987650796771,
      0.000279828003840521,
      6.677251076325774e-05
    ],
    [
      0.020702512934803963,
      0.02909436821937561,
      0.021308567374944687,
      0.010843372903764248,
      0.00431275786831975,
      0.00142993766348809,
      0.0004116592463105917,
      0.00010583018593024462,
      2.479949216649402e-05
    ],
    [
      0.006948035676032305,
      0.009593423455953598,
      0.006902417168021202,
      0.003450267482548952,
      0.0013478698674589396,
      0.0004389154491946101,
      0.000124091180623509,
      3.132741403533146e-05,
      7.20849629942677e-06
    ],
    [
      0.0019481047056615353,
      0.0026424070820212364,
      0.0018675073515623808,
      0.0009168757824227214,
      0.0003517767763696611,
      0.0001124939153669402,
      3.123122587567195e-05,
      7.741871741018258e-06,
      1.7491033759142738e-06
    ],
    [
      0.00047528764116577804,
      0.0006332492921501398,
      0.0004395708383526653,
      0.00021194937289692461,
      7.985649426700547e-05,
      2.507624594727531e-05,
      6.8357389864104334e-06,
      1.6637181943224277e-06,
      3.690318521876179e-07
    ],
    [
      0.00010377266880823299,
      0.0001357971632387489,
      9.257546480512246e-05,
      4.383449777378701e-05,
      1.6217314623645507e-05,
      5.0001895033346955e-06,
      1.3382524457483669e-06,
      3.197694979917287e-07,
      6.963128384995798e-08
    ],
    [
      2.0696537831099704e-05,
      2.6598434487823397e-05,
      1.7806420146371238e-05,
      8.279016583401244e-06,
      3.007410896316287e-06,
      9.103817433242511e-07,
      2.3920648573039216e-07,
      5.611079956224785e-08,
      1.1994095494571866e-08
    ]
  ],
  "probs_results": [
    0.2447911947965622,
    0.30405279994010925,
    0.4511560797691345
  ]
}