{
  "skills_mean": [
    [
      0.5596763491630554,
      0.8547507524490356
    ],
    [
      0.631948709487915,
      1.0502046346664429
    ]
  ],
  "skills_cov": [
    [
      [
        0.021008947864174843,
        0.011330357752740383
      ],
      [
        0.011330357752740383,
        0.02502465434372425
      ]
    ],
    [
      [
        0.01876695267856121,
        0.010901357978582382
      ],
      [
        0.010901357978582382,
        0.024772850796580315
      ]
    ]
  ],
  "probs_grid": [
    [
      0.06421395391225815,
      0.0971776694059372,
      0.07656996697187424,
      0.04187954217195511,
      0.01788569800555706,
      0.006361411884427071,
      0.0019625744316726923,
      0.0005401441012509167,
      0.00013536566984839737
    ],
    [
      0.07590234279632568,
      0.11298682540655136,
      0.0875600129365921,
      0.04709658399224281,
      0.019778402522206306,
      0.006916678510606289,
      0.0020979398395866156,
      0.0005676320288330317,
      0.00013983847748022527
    ],
    [
      0.046816978603601456,
      0.06854114681482315,
      0.05223457142710686,
      0.02762656845152378,
      0.01140707079321146,
      0.003921831492334604,
      0.0011693894630298018,
      0.000311011855956167,
      7.531003939220682e-05
    ],
    [
      0.02008979581296444,
      0.028922947123646736,
      0.021673258394002914,
      0.011270089074969292,
      0.004574785009026527,
      0.0015461330767720938,
      0.0004531546728685498,
      0.00011845810513477772,
      2.8191292585688643e-05
    ],
    [
      0.006746603175997734,
      0.00955034326761961,
      0.007035998161882162,
      0.003596790600568056,
      0.0014351882273331285,
      0.00047676294343546033,
      0.0001373375707771629,
      3.5283152101328596e-05,
      8.251876352005638e-06
    ],
    [
      0.0018911240622401237,
      0.0026319159660488367,
      0.0019061517668887973,
      0.0009578306344337761,
      0.0003756560035981238,
      0.0001226479944307357,
      3.472124444670044e-05,
      8.765874554228503e-06,
      2.014554411289282e-06
    ],
    [
      0.00046085676876828074,
      0.0006305089918896556,
      0.00044886147952638566,
      0.00022168908617459238,
      8.545044693164527e-05,
      2.7417210731073283e-05,
      7.627279501321027e-06,
      1.8921533637694665e-06,
      4.2727216964522086e-07
    ],
    [
      0.00010041844507213682,
      0.00013504258822649717,
      9.449043136555701e-05,
      4.5865137508371845e-05,
      1.7373407899867743e-05,
      5.4776915021648165e-06,
      1.4973444422139437e-06,
      3.649746247447183e-07,
      8.097373438431532e-08
    ],
    [
      1.9969687855336815e-05,
      2.639506055857055e-05,
      1.815097130020149e-05,
      8.658103070047218e-06,
      3.2227280826191418e-06,
      9.984079269997892e-07,
      2.68150785132093e-07,
      6.421618792273875e-08,
      1.3996846348618419e-08
    ]
  ],
  "probs_results": [
    0.24230283498764038,
    0.2990305721759796,
    0.45866659283638
  ]
}