{
  "skills_mean": [
    [
      0.2654121518135071,
      0.9815443158149719
    ],
    [
      -0.30660489201545715,
      0.025197412818670273
    ]
  ],
  "skills_cov": [
    [
      [
        0.022826718166470528,
        0.01241340022534132
      ],
      [
        0.01241340022534132,
        0.024523206055164337
      ]
    ],
    [
      [
        0.02149825543165207,
        0.0101036187261343
      ],
      [
        0.0101036187261343,
        0.02235179767012596
      ]
    ]
  ],
  "probs_grid": [
    [
      0.052411679178476334,
      0.029240159317851067,
      0.00852199923247099,
      0.0017299664905294776,
      0.000275173137197271,
      3.6581302992999554e-05,
      4.233582330925856e-06,
      4.3870124954992207e-07,
      4.155057453658628e-08
    ],
    [
      0.11979939788579941,
      0.06582091748714447,
      0.018887467682361603,
      0.00377410976216197,
      0.0005907850572839379,
      7.727435149718076e-05,
      8.797287591733038e-06,
      8.965829465523711e-07,
      8.350269808943267e-08
    ],
    [
      0.14258494973182678,
      0.07713990658521652,
      0.021791182458400726,
      0.004285632632672787,
      0.0006601295899599791,
      8.494636131217703e-05,
      9.512254109722562e-06,
      9.533890761304065e-07,
      8.730689415870074e-08
    ],
    [
      0.11780302971601486,
      0.06274823099374771,
      0.01744794100522995,
      0.0033769458532333374,
      0.000511793012265116,
      6.478596333181486e-05,
      7.135246050893329e-06,
      7.032456323941005e-07,
      6.331758584110503e-08
    ],
    [
      0.0759950652718544,
      0.039849184453487396,
      0.010905768722295761,
      0.0020770158153027296,
      0.00030968981445766985,
      3.856101830024272e-05,
      4.176696620561415e-06,
      4.0477524976267887e-07,
      3.582962548875912e-08
    ],
    [
      0.040824200958013535,
      0.02107144333422184,
      0.005675215739756823,
      0.0010634850477799773,
      0.00015599130711052567,
      1.9104027160210535e-05,
      2.0348716134321876e-06,
      1.938980886961872e-07,
      1.6872915509225095e-08
    ],
    [
      0.01901986449956894,
      0.009662401862442493,
      0.0025608683936297894,
      0.0004721349978353828,
      6.81218079989776e-05,
      8.205127414839808e-06,
      8.594076916779159e-07,
      8.051348032722672e-08,
      6.887340919803364e-09
    ],
    [
      0.00790338683873415,
      0.003951437771320343,
      0.001030474784784019,
      0.00018690312572289258,
      2.6525220164330676e-05,
      3.142016339552356e-06,
      3.235950885027705e-07,
      2.9804628098872854e-08,
      2.506195029283731e-09
    ],
    [
      0.0029895934276282787,
      0.001470907125622034,
      0.0003774138749577105,
      6.733956979587674e-05,
      9.399669579579495e-06,
      1.0949382840408362e-06,
      1.1087747253668567e-07,
      1.0039696185515368e-08,
      8.298224885017191e-10
    ]
  ],
  "probs_results": [
    0.14409063756465912,
    0.7869178652763367,
    0.0689917504787445
  ]
}