{
  "skills_mean": [
    [
      0.005025703925639391,
      0.7240586280822754
    ],
    [
      0.2193765640258789,
      0.83387291431427
    ]
  ],
  "skills_cov": [
    [
      [
        0.018364986404776573,
        0.009283752180635929
      ],
      [
        0.009283752180635929,
        0.02170802280306816
      ]
    ],
    [
      [
        0.021120522171258926,
        0.012131056748330593
      ],
      [
        0.012131056748330593,
        0.027808677405118942
      ]
    ]
  ],
  "probs_grid": [
    [
      0.13121092319488525,
      0.1511133909225464,
      0.0906052440404892,
      0.03770754858851433,
      0.012253127992153168,
      0.0033159125596284866,
      0.0007783752516843379,
      0.00016300550487358123,
      3.1085593946045265e-05
    ],
    [
      0.11130407452583313,
      0.12645035982131958,
      0.07477135956287384,
      0.030681023374199867,
      0.009827638976275921,
      0.0026210348587483168,
      0.0006062316824682057,
      0.00012506886560004205,
      2.3492339096264914e-05
    ],
    [
      0.049327462911605835,
      0.055263880640268326,
      0.03221789374947548,
      0.013030911795794964,
      0.004113440867513418,
      0.0010809192899614573,
      0.0002462871780153364,
      5.0044724048348144e-05,
      9.25696895137662e-06
    ],
    [
      0.015226943418383598,
      0.016818374395370483,
      0.009664135985076427,
      0.003851888468489051,
      0.0011979854898527265,
      0.0003101031470578164,
      6.958973244763911e-05,
      1.3924523045716342e-05,
      2.5359581741213333e-06
    ],
    [
      0.0036830257158726454,
      0.004009381402283907,
      0.002270227065309882,
      0.0008914740174077451,
      0.0002731088607106358,
      6.962488987483084e-05,
      1.5385314327431843e-05,
      3.0309408884932054e-06,
      5.433900014395476e-07
    ],
    [
      0.0007444940274581313,
      0.0007985917618498206,
      0.00044547708239406347,
      0.00017230403318535537,
      5.19851382705383e-05,
      1.3049510926066432e-05,
      2.8389379167492734e-06,
      5.505338549482985e-07,
      9.714405990735031e-08
    ],
    [
      0.00013100156502332538,
      0.00013842916814610362,
      7.60569964768365e-05,
      2.896993282774929e-05,
      8.60597901919391e-06,
      2.1267610463837627e-06,
      4.554300403469824e-07,
      8.69225118549366e-08,
      1.5093556626766258e-08
    ],
    [
      2.063719330180902e-05,
      2.1477904738276266e-05,
      1.1620439181569964e-05,
      4.357948000688339e-06,
      1.2744457080771099e-06,
      3.100021217505855e-07,
      6.53333174227555e-08,
      1.2270356286592232e-08,
      2.0964094904485364e-09
    ],
    [
      2.9709938189625973e-06,
      3.04468358081067e-06,
      1.6218306200244115e-06,
      5.987344025015773e-07,
      1.7233847415809578e-07,
      4.125505626006998e-08,
      8.555472774673945e-09,
      1.5809258346877186e-09,
      2.657215558699022e-10
    ]
  ],
  "probs_results": [
    0.29402250051498413,
    0.27112963795661926,
    0.43484777212142944
  ]
}