{
  "skills_mean": [
    [
      0.5430604219436646,
      0.9586725831031799
    ],
    [
      0.339991956949234,
      0.5174118280410767
    ]
  ],
  "skills_cov": [
    [
      [
        0.019426338374614716,
        0.01191084273159504
      ],
      [
        0.01191084273159504,
        0.02642376720905304
      ]
    ],
    [
      [
        0.02173948474228382,
        0.011633025482296944
      ],
      [
        0.011633025482296944,
        0.023809263482689857
      ]
    ]
  ],
  "probs_grid": [
    [
      0.048420559614896774,
      0.05113852396607399,
      0.028243761509656906,
      0.010875644162297249,
      0.00328442407771945,
      0.0008297039312310517,
      0.00018261329387314618,
      3.6014480429003015e-05,
      6.49629146209918e-06
    ],
    [
      0.09226039052009583,
      0.09572203457355499,
      0.05192858725786209,
      0.01963835209608078,
      0.005824051797389984,
      0.0014446373097598553,
      0.0003121726040262729,
      6.0440408560680225e-05,
      1.0702069630497135e-05
    ],
    [
      0.09142518043518066,
      0.09317699819803238,
      0.049647048115730286,
      0.018438683822751045,
      0.005369571503251791,
      0.0013077283510938287,
      0.00027743211830966175,
      5.272958514979109e-05,
      9.164852599496953e-06
    ],
    [
      0.06281610578298569,
      0.06288271397352219,
      0.03290631249547005,
      0.012001295574009418,
      0.0034316510427743196,
      0.0008205462363548577,
      0.00017089283210225403,
      3.1883519113762304e-05,
      5.439368123916211e-06
    ],
    [
      0.03366146236658096,
      0.03309669718146324,
      0.01700870878994465,
      0.006091299932450056,
      0.0017101294361054897,
      0.00040144906961359084,
      8.207554492400959e-05,
      1.5030825124995317e-05,
      2.516859922252479e-06
    ],
    [
      0.015004712156951427,
      0.014489304274320602,
      0.007312257774174213,
      0.002571341348811984,
      0.0007087675621733069,
      0.00016333871462848037,
      3.278070653323084e-05,
      5.8924824770656414e-06,
      9.683959660833352e-07
    ],
    [
      0.0057946727611124516,
      0.0054953694343566895,
      0.0027233229484409094,
      0.0009402847499586642,
      0.00025445569190196693,
      5.75660087633878e-05,
      1.134035483119078e-05,
      2.0007996681670193e-06,
      3.227187619359029e-07
    ],
    [
      0.0019939567428082228,
      0.001857009599916637,
      0.0009036466362886131,
      0.00030633440474048257,
      8.13848091638647e-05,
      1.8073938917950727e-05,
      3.494882776067243e-06,
      6.051946002116892e-07,
      9.5801119925909e-08
    ],
    [
      0.0006240003276616335,
      0.0005706882802769542,
      0.0002726792881730944,
      9.075569687411189e-05,
      2.367035449424293e-05,
      5.160108685231535e-06,
      9.793722028916818e-07,
      1.6645100231471588e-07,
      2.5858783558874165e-08
    ]
  ],
  "probs_results": [
    0.20780499279499054,
    0.58779376745224,
    0.20440149307250977
  ]
}