{
  "skills_mean": [
    [
      0.24252016842365265,
      0.5276612639427185
    ],
    [
      -0.19769658148288727,
      0.48184895515441895
    ]
  ],
  "skills_cov": [
    [
      [
        0.02040434628725052,
        0.011539280414581299
      ],
      [
        0.011539280414581299,
        0.024707213044166565
      ]
    ],
    [
      [
        0.02152828685939312,
        0.011934934183955193
      ],
      [
        0.011934934183955193,
        0.025768311694264412
      ]
    ]
  ],
  "probs_grid": [
    [
      0.08434466272592545,
      0.07977540045976639,
      0.03940539062023163,
      0.013552727177739143,
      0.003650926286354661,
      0.0008216365822590888,
      0.00016089799464680254,
      2.8197720894240774e-05,
      4.514260581345297e-06
    ],
    [
      0.12491291016340256,
      0.11617107689380646,
      0.056413233280181885,
      0.019070837646722794,
      0.005048826336860657,
      0.0011164582101628184,
      0.00021479489805642515,
      3.6977526178816333e-05,
      5.814395990455523e-06
    ],
    [
      0.09652943909168243,
      0.08825965225696564,
      0.04212869703769684,
      0.013996688649058342,
      0.003641114104539156,
      0.0007910593412816525,
      0.00014950361219234765,
      2.5279534384026192e-05,
      3.903784545400413e-06
    ],
    [
      0.05189250782132149,
      0.04663975536823273,
      0.02187993936240673,
      0.007143263705074787,
      0.0018257538322359324,
      0.00038966446300037205,
      7.233500946313143e-05,
      1.2012293154839426e-05,
      1.8215927184428438e-06
    ],
    [
      0.021829502657055855,
      0.019283533096313477,
      0.008889887481927872,
      0.002851667581126094,
      0.0007160330424085259,
      0.00015011020877864212,
      2.736782880674582e-05,
      4.463106961338781e-06,
      6.645586836384609e-07
    ],
    [
      0.007663947995752096,
      0.006653241813182831,
      0.0030137875583022833,
      0.0009497746941633523,
      0.00023426042753271759,
      4.823509152629413e-05,
      8.636275197204668e-06,
      1.3829488807459711e-06,
      2.0217947849232587e-07
    ],
    [
      0.0023388611152768135,
      0.00199514371342957,
      0.0008879272500053048,
      0.00027488276828080416,
      6.659317295998335e-05,
      1.3466128621075768e-05,
      2.3675713691773126e-06,
      3.7224694438009465e-07,
      5.342756281834227e-08
    ],
    [
      0.0006380828563123941,
      0.0005347999976947904,
      0.00023381733626592904,
      7.1100024797488e-05,
      1.6916823369683698e-05,
      3.3592782529012766e-06,
      5.799233804282267e-07,
      8.951921870448132e-08,
      1.2613168287600729e-08
    ],
    [
      0.00015884239110164344,
      0.00013079316704533994,
      5.617130591417663e-05,
      1.677625004958827e-05,
      3.9199230741360225e-06,
      7.643415642633045e-07,
      1.2955275963122403e-07,
      1.9632782510825564e-08,
      2.7154201109880205e-09
    ]
  ],
  "probs_results": [
    0.2505819499492645,
    0.5089826583862305,
    0.24043549597263336
  ]
}