{
  "skills_mean": [
    [
      -0.01818402297794819,
      0.38589340448379517
    ],
    [
      0.7002600431442261,
      1.364579439163208
    ]
  ],
  "skills_cov": [
    [
      [
        0.02038463205099106,
        0.010026253759860992
      ],
      [
        0.010026253759860992,
        0.020287292078137398
      ]
    ],
    [
      [
        0.01835467293858528,
        0.011729787103831768
      ],
      [
        0.011729787103831768,
        0.028570204973220825
      ]
    ]
  ],
  "probs_grid": [
    [
      0.045721635222435,
      0.11294857412576675,
      0.14447760581970215,
      0.12757733464241028,
      0.08747921884059906,
      0.04967916011810303,
      0.024336598813533783,
      0.01057658065110445,
      0.004162289667874575
    ],
    [
      0.0233081616461277,
      0.05673794448375702,
      0.0715072900056839,
      0.062206268310546875,
      0.04201783612370491,
      0.02350345253944397,
      0.011339914053678513,
      0.00485348841175437,
      0.0018809181638062
    ],
    [
      0.006225165911018848,
      0.014927986077964306,
      0.018531816080212593,
      0.015878167003393173,
      0.010562336072325706,
      0.005818117409944534,
      0.0027640899643301964,
      0.0011648193467408419,
      0.00044443606748245656
    ],
    [
      0.0011613756651058793,
      0.0027427906170487404,
      0.0033530420623719692,
      0.0028288718312978745,
      0.0018528071232140064,
      0.0010047968244180083,
      0.00046994193689897656,
      0.00019494857406243682,
      7.321773591684178e-05
    ],
    [
      0.00017025832494255155,
      0.0003959037421736866,
      0.00047649769112467766,
      0.0003957549051847309,
      0.0002551544748712331,
      0.00013620167737826705,
      6.26980108791031e-05,
      2.5598297725082375e-05,
      9.461666195420548e-06
    ],
    [
      2.092028080369346e-05,
      4.788588921655901e-05,
      5.672896804753691e-05,
      4.6373104851227254e-05,
      2.942462742794305e-05,
      1.5457260815310292e-05,
      7.0020078055677e-06,
      2.8130509690527106e-06,
      1.0230876341665862e-06
    ],
    [
      2.2441838609665865e-06,
      5.055462224845542e-06,
      5.893741217732895e-06,
      4.740869371744338e-06,
      2.9599420940940036e-06,
      1.5298974176403135e-06,
      6.81850735873013e-07,
      2.6950235110234644e-07,
      9.642708675983158e-08
    ],
    [
      2.1616941126012534e-07,
      4.791464220943453e-07,
      5.495956543200009e-07,
      4.3494117107911734e-07,
      2.671491188266373e-07,
      1.3583461111466022e-07,
      5.955200066409816e-08,
      2.315325708934779e-08,
      8.148480112879497e-09
    ],
    [
      1.908565749886293e-08,
      4.161663014201622e-08,
      4.695739619364758e-08,
      3.655371116906281e-08,
      2.2083844086751014e-08,
      1.104416558206367e-08,
      4.762161331939296e-09,
      1.8209186380957476e-09,
      6.302502963961842e-10
    ]
  ],
  "probs_results": [
    0.1245281919836998,
    0.053570836782455444,
    0.8219010829925537
  ]
}