{
  "skills_mean": [
    [
      0.5333448052406311,
      0.8517297506332397
    ],
    [
      0.5472084283828735,
      1.1604002714157104
    ]
  ],
  "skills_cov": [
    [
      [
        0.018670717254281044,
        0.009927058592438698
      ],
      [
        0.009927058592438698,
        0.021902214735746384
      ]
    ],
    [
      [
        0.019310003146529198,
        0.010756933130323887
      ],
      [
        0.010756933130323887,
        0.02530168741941452
      ]
    ]
  ],
  "probs_grid": [
    [
      0.08423072099685669,
      0.11779254674911499,
      0.08559762686491013,
      0.043093059211969376,
      0.016907239332795143,
      0.005513786803930998,
      0.0015567896189168096,
      0.00039138912688940763,
      8.943382272263989e-05
    ],
    [
      0.08714175969362259,
      0.12009085714817047,
      0.08598543703556061,
      0.04264621436595917,
      0.0164815541356802,
      0.00529387965798378,
      0.0014719822211191058,
      0.0003644041426014155,
      8.198493014788255e-05
    ],
    [
      0.04698564112186432,
      0.06379777193069458,
      0.04500040411949158,
      0.02198420651257038,
      0.008367844857275486,
      0.0026468161959201097,
      0.0007246686727739871,
      0.00017662935715634376,
      3.912150350515731e-05
    ],
    [
      0.017603358253836632,
      0.02354605682194233,
      0.016358915716409683,
      0.007870824076235294,
      0.0029501484241336584,
      0.0009188132244162261,
      0.0002476690278854221,
      5.9426754887681454e-05,
      1.2956363207194954e-05
    ],
    [
      0.005155117716640234,
      0.00679162610322237,
      0.004646959248930216,
      0.0022016214206814766,
      0.0008125057211145759,
      0.00024912977823987603,
      6.610636773984879e-05,
      1.561308090458624e-05,
      3.3503295071568573e-06
    ],
    [
      0.0012586081866174936,
      0.0016329458449035883,
      0.0011001777602359653,
      0.0005131983198225498,
      0.0001864543737610802,
      5.627722930512391e-05,
      1.4698488485009875e-05,
      3.416663048483315e-06,
      7.215255664050346e-07
    ],
    [
      0.00026683651958592236,
      0.00034088807296939194,
      0.0002261205081595108,
      0.00010383754124632105,
      3.713570913532749e-05,
      1.1032198017346673e-05,
      2.8357912924548145e-06,
      6.486969823527033e-07,
      1.3480199356763478e-07
    ],
    [
      5.052452615927905e-05,
      6.354709330480546e-05,
      4.149598316871561e-05,
      1.875687848951202e-05,
      6.602331268368289e-06,
      1.930321786858258e-06,
      4.882793973592925e-07,
      1.099080577660061e-07,
      2.2472280036822667e-08
    ],
    [
      8.721267477085348e-06,
      1.0798085895658005e-05,
      6.94045411364641e-06,
      3.0876828986947658e-06,
      1.0696010122046573e-06,
      3.0773085768487363e-07,
      7.659380685254291e-08,
      1.69631757529487e-08,
      3.4123031067423426e-09
    ]
  ],
  "probs_results": [
    0.25808146595954895,
    0.28013876080513,
    0.4617798328399658
  ]
}