{
  "skills_mean": [
    [
      0.6013304591178894,
      1.0217453241348267
    ],
    [
      0.8144239783287048,
      1.172894835472107
    ]
  ],
  "skills_cov": [
    [
      [
        0.018068240955471992,
        0.010411985218524933
      ],
      [
        0.010411985218524933,
        0.02463371492922306
      ]
    ],
    [
      [
        0.016020700335502625,
        0.009614624083042145
      ],
      [
        0.009614624083042145,
        0.024895690381526947
      ]
    ]
  ],
  "probs_grid": [
    [
      0.06891277432441711,
      0.10572294145822525,
      0.08422346413135529,
      0.04645109549164772,
      0.01995140314102173,
      0.007117981091141701,
      0.0021970265079289675,
      0.0006033972022123635,
      0.00015051312220748514
    ],
    [
      0.07534729689359665,
      0.11392922699451447,
      0.08944254368543625,
      0.048607341945171356,
      0.020569702610373497,
      0.007229631766676903,
      0.0021981589961797,
      0.0005946398596279323,
      0.00014608890342060477
    ],
    [
      0.04289139062166214,
      0.0639100894331932,
      0.049437977373600006,
      0.026469994336366653,
      0.01103497389703989,
      0.0038204097654670477,
      0.0011441032402217388,
      0.00030481553403660655,
      7.37470036256127e-05
    ],
    [
      0.01694791205227375,
      0.024882018566131592,
      0.018962683156132698,
      0.010001649148762226,
      0.004107019864022732,
      0.001400438486598432,
      0.00041303070611320436,
      0.00010836366709554568,
      2.5816067136474885e-05
    ],
    [
      0.005229117814451456,
      0.007563265506178141,
      0.005677942186594009,
      0.002949771471321583,
      0.0011929713655263186,
      0.00040060607716441154,
      0.00011634612747002393,
      3.0056498871999793e-05,
      7.050185558910016e-06
    ],
    [
      0.001343702431768179,
      0.0019144346006214619,
      0.0014155880780890584,
      0.0007242862484417856,
      0.00028846305212937295,
      9.538551967125386e-05,
      2.7276541004539467e-05,
      6.9377460931718815e-06,
      1.6021220972106676e-06
    ],
    [
      0.000299526727758348,
      0.00042031833436340094,
      0.00030608384986408055,
      0.00015422049909830093,
      6.048064824426547e-05,
      1.969109507626854e-05,
      5.543804036278743e-06,
      1.3881607401344809e-06,
      3.1556874091620557e-07
    ],
    [
      5.956972745480016e-05,
      8.232388063333929e-05,
      5.9034773585153744e-05,
      2.9288297810126096e-05,
      1.130889359046705e-05,
      3.624886858233367e-06,
      1.0046732086266275e-06,
      2.476408837992494e-07,
      5.5413835298168124e-08
    ],
    [
      1.0789299267344177e-05,
      1.4682696928502992e-05,
      1.0367270078859292e-05,
      5.064010565547505e-06,
      1.925009883052553e-06,
      6.0742200957975e-07,
      1.6572069228004693e-07,
      4.020735389076435e-08,
      8.855408850649837e-09
    ]
  ],
  "probs_results": [
    0.24360649287700653,
    0.2716323137283325,
    0.48476144671440125
  ]
}