{
  "skills_mean": [
    [
      -0.14877037703990936,
      0.5230205059051514
    ],
    [
      0.6286054849624634,
      0.8488039970397949
    ]
  ],
  "skills_cov": [
    [
      [
        0.018981127068400383,
        0.010264948010444641
      ],
      [
        0.010264948010444641,
        0.023197568953037262
      ]
    ],
    [
      [
        0.01795574091374874,
        0.010535143315792084
      ],
      [
        0.010535143315792084,
        0.024077782407402992
      ]
    ]
  ],
  "probs_grid": [
    [
      0.05801592022180557,
      0.11831124871969223,
      0.1252579689025879,
      0.0917859748005867,
      0.052365269511938095,
      0.024807574227452278,
      0.010164264589548111,
      0.003704244503751397,
      0.0012256193440407515
    ],
    [
      0.04257560893893242,
      0.08555832505226135,
      0.08925101906061172,
      0.0644330158829689,
      0.03621228039264679,
      0.01689806766808033,
      0.006819176021963358,
      0.0024475136306136847,
      0.0007974803447723389
    ],
    [
      0.016275087371468544,
      0.03222290426492691,
      0.033113736659288406,
      0.023547906428575516,
      0.013034903444349766,
      0.005990453530102968,
      0.0023806244134902954,
      0.0008413741597905755,
      0.0002699361357372254
    ],
    [
      0.0043207136914134026,
      0.008426722139120102,
      0.008529427461326122,
      0.0059736636467278,
      0.00325638335198164,
      0.0014736410230398178,
      0.0005766275571659207,
      0.00020064914133399725,
      6.33762392681092e-05
    ],
    [
      0.0008961728890426457,
      0.0017214021645486355,
      0.0017158921109512448,
      0.001183366752229631,
      0.0006351661286316812,
      0.00028299872064962983,
      0.00010901839414145797,
      3.734449273906648e-05,
      1.1611184163484722e-05
    ],
    [
      0.0001548962463857606,
      0.0002929870970547199,
      0.0002875642094295472,
      0.00019525740935932845,
      0.00010317779378965497,
      4.5254757424118e-05,
      1.7160624338430353e-05,
      5.786136171082035e-06,
      1.7706998960420606e-06
    ],
    [
      2.3238651920109987e-05,
      4.327813439886086e-05,
      4.181860640528612e-05,
      2.7952715754508972e-05,
      1.453965342079755e-05,
      6.27705003353185e-06,
      2.342731022508815e-06,
      7.774150958539394e-07,
      2.3413358007928764e-07
    ],
    [
      3.1125400710152462e-06,
      5.7063630265474785e-06,
      5.427678388514323e-06,
      3.571015213310602e-06,
      1.8281701841260656e-06,
      7.767604301989195e-07,
      2.8529834139590093e-07,
      9.316524796076919e-08,
      2.761022166453131e-08
    ],
    [
      3.7991409840287815e-07,
      6.855781293779728e-07,
      6.4181222114712e-07,
      4.155785973125603e-07,
      2.093723310281348e-07,
      8.754008717914985e-08,
      3.163839679132252e-08,
      1.0165875252710066e-08,
      2.9642754917347247e-09
    ]
  ],
  "probs_results": [
    0.18352627754211426,
    0.1191994845867157,
    0.6972739696502686
  ]
}