{
  "skills_mean": [
    [
      0.6612741947174072,
      1.0926628112792969
    ],
    [
      -0.03175356611609459,
      0.2506062090396881
    ]
  ],
  "skills_cov": [
    [
      [
        0.02066344954073429,
        0.012021346017718315
      ],
      [
        0.012021346017718315,
        0.027303459122776985
      ]
    ],
    [
      [
        0.020592018961906433,
        0.010401477105915546
      ],
      [
        0.010401477105915546,
        0.023337649181485176
      ]
    ]
  ],
  "probs_grid": [
    [
      0.03104199282824993,
      0.02046707458794117,
      0.007059699390083551,
      0.0016984781250357628,
      0.00032063311664387584,
      5.065673394710757e-05,
      6.97671703164815e-06,
      8.615073170403775e-07,
      9.736187678299757e-08
    ],
    [
      0.08305007964372635,
      0.053882330656051636,
      0.018284955993294716,
      0.004327192436903715,
      0.0008033759659156203,
      0.00012480784789659083,
      1.6899886759347282e-05,
      2.0514348761935253e-06,
      2.278742954331392e-07
    ],
    [
      0.11551021784543991,
      0.07373892515897751,
      0.024616947397589684,
      0.005730078089982271,
      0.0010462019126862288,
      0.00015981333854142576,
      2.1274801838444546e-05,
      2.5385738808836322e-06,
      2.7715407213690924e-07
    ],
    [
      0.1113421618938446,
      0.06993257999420166,
      0.02296588011085987,
      0.0052577778697013855,
      0.0009440185967832804,
      0.00014178678975440562,
      1.855598748079501e-05,
      2.176434463763144e-06,
      2.3353895528543944e-07
    ],
    [
      0.08366404473781586,
      0.051698628813028336,
      0.01670045591890812,
      0.0037602961529046297,
      0.0006639078492298722,
      9.804076398722827e-05,
      1.261358647752786e-05,
      1.4542093822456081e-06,
      1.5336065928295284e-07
    ],
    [
      0.052265215665102005,
      0.03177265822887421,
      0.01009557768702507,
      0.002235550433397293,
      0.0003881186421494931,
      5.635026900563389e-05,
      7.126920991140651e-06,
      8.076237349996518e-07,
      8.370713544536557e-08
    ],
    [
      0.028270531445741653,
      0.016906706616282463,
      0.00528385303914547,
      0.0011506718583405018,
      0.00019643353880383074,
      2.8039561584591866e-05,
      3.486134346530889e-06,
      3.8829719528621354e-07,
      3.9553047059825985e-08
    ],
    [
      0.01361631229519844,
      0.008010429330170155,
      0.0024623542558401823,
      0.0005273385904729366,
      8.851774327922612e-05,
      1.2422355212038383e-05,
      1.518235876574181e-06,
      1.6621466158994735e-07,
      1.663968340892552e-08
    ],
    [
      0.005960258189588785,
      0.0034492311533540487,
      0.0010428265668451786,
      0.00021962556638754904,
      3.6248962715035304e-05,
      5.001311365049332e-06,
      6.008688728798006e-07,
      6.465747759420992e-08,
      6.3614313816628965e-09
    ]
  ],
  "probs_results": [
    0.1163063794374466,
    0.8219257593154907,
    0.06176772341132164
  ]
}