{
  "skills_mean": [
    [
      0.4423699676990509,
      0.6974165439605713
    ],
    [
      -0.08250663429498672,
      0.3122340142726898
    ]
  ],
  "skills_cov": [
    [
      [
        0.018334750086069107,
        0.00978933647274971
      ],
      [
        0.00978933647274971,
        0.020432932302355766
      ]
    ],
    [
      [
        0.022820722311735153,
        0.010502907447516918
      ],
      [
        0.010502907447516918,
        0.02043173648416996
      ]
    ]
  ],
  "probs_grid": [
    [
      0.046068985015153885,
      0.04171767458319664,
      0.019675925374031067,
      0.006444200407713652,
      0.0016487336251884699,
      0.00035146556911058724,
      6.502310134237632e-05,
      1.0737723641796038e-05,
      1.6156313904502895e-06
    ],
    [
      0.09672345221042633,
      0.08628585189580917,
      0.04008558765053749,
      0.012929976917803288,
      0.0032576064113527536,
      0.0006837512482888997,
      0.000124537487863563,
      2.0244895495125093e-05,
      2.998285708599724e-06
    ],
    [
      0.10520166158676147,
      0.0924469605088234,
      0.04230032116174698,
      0.013436862267553806,
      0.003333424683660269,
      0.0006888596108183265,
      0.00012351690384093672,
      1.97646895685466e-05,
      2.8810693493142026e-06
    ],
    [
      0.07902773469686508,
      0.06840379536151886,
      0.030825050547719002,
      0.00964219681918621,
      0.002355236792936921,
      0.0004791717801708728,
      8.457803050987422e-05,
      1.3321362530405167e-05,
      1.9111664641968673e-06
    ],
    [
      0.046122629195451736,
      0.039320215582847595,
      0.017449581995606422,
      0.005374645348638296,
      0.0012925599003210664,
      0.0002588823845144361,
      4.497990448726341e-05,
      6.9729649112559855e-06,
      9.845454087553662e-07
    ],
    [
      0.022305475547909737,
      0.018727870658040047,
      0.008184240199625492,
      0.002482060808688402,
      0.0005876704817637801,
      0.00011586712207645178,
      1.9815623090835288e-05,
      3.023412091351929e-06,
      4.201143610771396e-07
    ],
    [
      0.009310160763561726,
      0.0076981112360954285,
      0.0033126238267868757,
      0.0009891327936202288,
      0.0002305563830304891,
      4.4746633648173884e-05,
      7.532209110650001e-06,
      1.1310622767268796e-06,
      1.5466565628230455e-07
    ],
    [
      0.0034493713174015284,
      0.0028086365200579166,
      0.0011900389799848199,
      0.00034984288504347205,
      8.027476724237204e-05,
      1.5335679563577287e-05,
      2.5407630346307997e-06,
      3.7548164755207836e-07,
      5.052664420190922e-08
    ],
    [
      0.0011578940320760012,
      0.000928394787479192,
      0.0003873092064168304,
      0.00011209394142497331,
      2.5319599444628693e-05,
      4.761088348459452e-06,
      7.763432563479e-07,
      1.1290845947087291e-07,
      1.4951019977615942e-08
    ]
  ],
  "probs_results": [
    0.18591991066932678,
    0.6660196185112,
    0.14806020259857178
  ]
}