{
  "skills_mean": [
    [
      0.559784471988678,
      0.9670400023460388
    ],
    [
      -0.15815070271492004,
      0.5479974150657654
    ]
  ],
  "skills_cov": [
    [
      [
        0.01984700746834278,
        0.012024633586406708
      ],
      [
        0.012024633586406708,
        0.026881469413638115
      ]
    ],
    [
      [
        0.02148517593741417,
        0.011024050414562225
      ],
      [
        0.011024050414562225,
        0.023599667474627495
      ]
    ]
  ],
  "probs_grid": [
    [
      0.07598400861024857,
      0.049244124442338943,
      0.016708163544535637,
      0.0039569609798491,
      0.0007358389557339251,
      0.00011460269888630137,
      1.5570412870147265e-05,
      1.898039954539854e-06,
      2.1190240317991993e-07
    ],
    [
      0.14160673320293427,
      0.09033343195915222,
      0.03016057051718235,
      0.007027163170278072,
      0.0012853023363277316,
      0.00019684527069330215,
      2.6293389964848757e-05,
      3.1505205697612837e-06,
      3.4567091233839164e-07
    ],
    [
      0.13730885088443756,
      0.08620402961969376,
      0.02831866219639778,
      0.006490278523415327,
      0.0011674555717036128,
      0.00017579998529981822,
      2.3084036001819186e-05,
      2.718546056712512e-06,
      2.931089397861797e-07
    ],
    [
      0.09235357493162155,
      0.05705372616648674,
      0.018438488245010376,
      0.004156355280429125,
      0.0007351773674599826,
      0.00010883892537094653,
      1.404775775881717e-05,
      1.6258579762506997e-06,
      1.722468851994563e-07
    ],
    [
      0.04846736043691635,
      0.029459301382303238,
      0.009364967234432697,
      0.002076063072308898,
      0.00036105819162912667,
      5.2546172810252756e-05,
      6.6658453761192504e-06,
      7.581340355500288e-07,
      7.891474496091178e-08
    ],
    [
      0.021166997030377388,
      0.01265671942383051,
      0.00395728787407279,
      0.000862648244947195,
      0.00014749777619726956,
      2.1100016965647228e-05,
      2.630586777740973e-06,
      2.939854937267228e-07,
      3.006432791607949e-08
    ],
    [
      0.008012265898287296,
      0.004712554160505533,
      0.0014490390894934535,
      0.00031058175954967737,
      5.220411185291596e-05,
      7.340064712479943e-06,
      8.992760740511585e-07,
      9.87458363965743e-08,
      9.920422705533838e-09
    ],
    [
      0.0027034254744648933,
      0.001563900732435286,
      0.00047286628978326917,
      9.964506898541003e-05,
      1.6463653082610108e-05,
      2.2750305106455926e-06,
      2.738887019404501e-07,
      2.9547832625098636e-08,
      2.9160689418716856e-09
    ],
    [
      0.0008299101027660072,
      0.00047214815276674926,
      0.0001403703063260764,
      2.9079012165311724e-05,
      4.722368885268224e-06,
      6.412948323486489e-07,
      7.585980910107537e-08,
      8.040151655563932e-09,
      7.794266343452705e-10
    ]
  ],
  "probs_results": [
    0.19928725063800812,
    0.6823864579200745,
    0.11832595616579056
  ]
}