{
  "skills_mean": [
    [
      0.49879515171051025,
      0.8459826707839966
    ],
    [
      0.28060752153396606,
      0.9545741081237793
    ]
  ],
  "skills_cov": [
    [
      [
        0.02226927876472473,
        0.012275762856006622
      ],
      [
        0.012275762856006622,
        0.026120556518435478
      ]
    ],
    [
      [
        0.01835423707962036,
        0.010618498548865318
      ],
      [
        0.010618498548865318,
        0.02568843960762024
      ]
    ]
  ],
  "probs_grid": [
    [
      0.09590699523687363,
      0.1050812155008316,
      0.06002334505319595,
      0.02383100613951683,
      0.007397936657071114,
      0.0019152173772454262,
      0.00043068171362392604,
      8.652118413010612e-05,
      1.5850075214984827e-05
    ],
    [
      0.11603635549545288,
      0.12509280443191528,
      0.07029268145561218,
      0.02744978293776512,
      0.008379966020584106,
      0.00213313358835876,
      0.00047158708912320435,
      9.312680049333721e-05,
      1.676778992987238e-05
    ],
    [
      0.07340701669454575,
      0.0778491348028183,
      0.04302625730633736,
      0.01652315817773342,
      0.004959749989211559,
      0.0012411829084157944,
      0.0002697247255127877,
      5.235035132500343e-05,
      9.263070751330815e-06
    ],
    [
      0.03237232193350792,
      0.033766672015190125,
      0.01835249736905098,
      0.006929697934538126,
      0.0020449247676879168,
      0.000503025425132364,
      0.00010743748862296343,
      2.0491952454904094e-05,
      3.562858637451427e-06
    ],
    [
      0.011194580234587193,
      0.011482764966785908,
      0.006136355455964804,
      0.0022778399288654327,
      0.0006607238901779056,
      0.00015973868721630424,
      3.352746716700494e-05,
      6.2835256358084735e-06,
      1.073365638148971e-06
    ],
    [
      0.0032375617884099483,
      0.0032652204390615225,
      0.0017154134111478925,
      0.0006259127985686064,
      0.00017843757814262062,
      4.2393476178403944e-05,
      8.743031685298774e-06,
      1.6098673540909658e-06,
      2.7015693149223807e-07
    ],
    [
      0.0008156067924574018,
      0.0008086634334176779,
      0.00041759631130844355,
      0.00014975364319980145,
      4.195385554339737e-05,
      9.793909157451708e-06,
      1.9844635517074494e-06,
      3.5896371741728217e-07,
      5.917173240277407e-08
    ],
    [
      0.00018406749586574733,
      0.0001793900883058086,
      9.104680066229776e-05,
      3.208550333511084e-05,
      8.832346793496981e-06,
      2.0257450614735717e-06,
      4.03228256118382e-07,
      7.164653226254813e-08,
      1.159995210997522e-08
    ],
    [
      3.798442048719153e-05,
      3.638377893366851e-05,
      1.8146840375266038e-05,
      6.283780749072321e-06,
      1.6994772522593848e-06,
      3.8291759096864553e-07,
      7.487036413067472e-08,
      1.3066285831087043e-08,
      2.077650940179865e-09
    ]
  ],
  "probs_results": [
    0.27167007327079773,
    0.3947536051273346,
    0.33357661962509155
  ]
}