{
  "skills_mean": [
    [
      0.8006957769393921,
      0.8134705424308777
    ],
    [
      0.10861314088106155,
      0.713910698890686
    ]
  ],
  "skills_cov": [
    [
      [
        0.017677122727036476,
        0.01021720189601183
      ],
      [
        0.01021720189601183,
        0.022951621562242508
      ]
    ],
    [
      [
        0.01990789920091629,
        0.010751822963356972
      ],
      [
        0.010751822963356972,
        0.024014770984649658
      ]
    ]
  ],
  "probs_grid": [
    [
      0.047035008668899536,
      0.04576635733246803,
      0.02318252995610237,
      0.008150409907102585,
      0.0022373294923454523,
      0.0005114633240737021,
      0.00010142243991140276,
      1.7943000784725882e-05,
      2.890827772716875e-06
    ],
    [
      0.09463930875062943,
      0.09066344052553177,
      0.04520893841981888,
      0.015644654631614685,
      0.004226563964039087,
      0.0009508124203421175,
      0.00018552038818597794,
      3.2291387469740584e-05,
      5.118089575262275e-06
    ],
    [
      0.0989009290933609,
      0.09327403455972672,
      0.045782238245010376,
      0.015593023970723152,
      0.004145665559917688,
      0.0009176910389214754,
      0.00017617503181099892,
      3.016817026946228e-05,
      4.703714694187511e-06
    ],
    [
      0.07156465947628021,
      0.06643950194120407,
      0.03209787607192993,
      0.010759023018181324,
      0.0028148237615823746,
      0.0006130891852080822,
      0.00011579736019484699,
      1.9507006072672084e-05,
      2.991800101881381e-06
    ],
    [
      0.040333859622478485,
      0.03685828670859337,
      0.017525527626276016,
      0.005781016778200865,
      0.0014882427640259266,
      0.0003189284761901945,
      5.926168887526728e-05,
      9.820486411626916e-06,
      1.4815145732427482e-06
    ],
    [
      0.018883896991610527,
      0.0169850904494524,
      0.007948122918605804,
      0.002579950261861086,
      0.000653506547678262,
      0.00013778291759081185,
      2.5186211132677272e-05,
      4.105546395294368e-06,
      6.091962632126524e-07
    ],
    [
      0.007649628445506096,
      0.0067717889323830605,
      0.003118447493761778,
      0.0009960427414625883,
      0.0002482363488525152,
      5.14895909873303e-05,
      9.258837053494062e-06,
      1.4845594478174462e-06,
      2.166619168519901e-07
    ],
    [
      0.002757380250841379,
      0.002402286743745208,
      0.0010886257514357567,
      0.000342130777426064,
      8.389033610001206e-05,
      1.711820914351847e-05,
      3.0279584279924165e-06,
      4.775403681378521e-07,
      6.85458161342467e-08
    ],
    [
      0.0009027346968650818,
      0.0007739884895272553,
      0.0003451358061283827,
      0.00010672383359633386,
      2.5745324819581583e-05,
      5.16801128469524e-06,
      8.992010975816811e-07,
      1.3948398702723352e-07,
      1.9691089647722038e-08
    ]
  ],
  "probs_results": [
    0.19604982435703278,
    0.6327188014984131,
    0.17123132944107056
  ]
}