{
  "skills_mean": [
    [
      0.3526245951652527,
      0.6911861300468445
    ],
    [
      0.3393932580947876,
      0.7445806264877319
    ]
  ],
  "skills_cov": [
    [
      [
        0.015781546011567116,
        0.00859152339398861
      ],
      [
        0.00859152339398861,
        0.021692151203751564
      ]
    ],
    [
      [
        0.02061375416815281,
        0.01173145417124033
      ],
      [
        0.01173145417124033,
        0.02508409321308136
      ]
    ]
  ],
  "probs_grid": [
    [
      0.0684516578912735,
      0.09187975525856018,
      0.06414774060249329,
      0.03105795569717884,
      0.011730351485311985,
      0.0036862727720290422,
      0.0010039028711616993,
      0.00024367928563151509,
      5.3812309488421306e-05
    ],
    [
      0.08863553404808044,
      0.117213174700737,
      0.08061471581459045,
      0.03844407945871353,
      0.014300202950835228,
      0.004425342660397291,
      0.0011866884306073189,
      0.00028360210126265883,
      6.16569013800472e-05
    ],
    [
      0.059624362736940384,
      0.07767300307750702,
      0.052617765963077545,
      0.02471279539167881,
      0.009052365086972713,
      0.0027583567425608635,
      0.0007282544975169003,
      0.0001713409146759659,
      3.666937118396163e-05
    ],
    [
      0.027780544012784958,
      0.03564620018005371,
      0.023782143369317055,
      0.01099938154220581,
      0.003967267461121082,
      0.0011902040569111705,
      0.000309354712953791,
      7.164754788391292e-05,
      1.509305184299592e-05
    ],
    [
      0.010085111483931541,
      0.012744734063744545,
      0.008373323827981949,
      0.003813282586634159,
      0.00135414011310786,
      0.00039994032704271376,
      0.00010232813656330109,
      2.332759504497517e-05,
      4.836646439798642e-06
    ],
    [
      0.0030425668228417635,
      0.0037863627076148987,
      0.0024494873359799385,
      0.00109829509165138,
      0.00038395985029637814,
      0.00011163016461068764,
      2.8113217922509648e-05,
      6.307852800091496e-06,
      1.287127929572307e-06
    ],
    [
      0.0007945370161905885,
      0.0009736107313074172,
      0.000620131439063698,
      0.00027373593184165657,
      9.420282003702596e-05,
      2.695807233976666e-05,
      6.682105777144898e-06,
      1.4755308939129463e-06,
      2.9629433129230165e-07
    ],
    [
      0.00018471525982022285,
      0.00022285561135504395,
      0.00013974284229334444,
      6.072191536077298e-05,
      2.0568792024278082e-05,
      5.7933543757826556e-06,
      1.4132484693618608e-06,
      3.071053527037293e-07,
      6.068325575370181e-08
    ],
    [
      3.902344178641215e-05,
      4.63509677501861e-05,
      2.8611257221200503e-05,
      1.2237351256771944e-05,
      4.079901827935828e-06,
      1.1309324463582016e-06,
      2.7149377501700656e-07,
      5.805434355465877e-08,
      1.1287441203933213e-08
    ]
  ],
  "probs_results": [
    0.2507734000682831,
    0.36249661445617676,
    0.3867299556732178
  ]
}