{
  "skills_mean": [
    [
      0.5380449891090393,
      0.946845531463623
    ],
    [
      0.007218086160719395,
      0.5917258858680725
    ]
  ],
  "skills_cov": [
    [
      [
        0.019351745024323463,
        0.011647272855043411
      ],
      [
        0.011647272855043411,
        0.02648596651852131
      ]
    ],
    [
      [
        0.022219322621822357,
        0.011945122852921486
      ],
      [
        0.011945122852921486,
        0.024639783427119255
      ]
    ]
  ],
  "probs_grid": [
    [
      0.07497397810220718,
      0.05804182216525078,
      0.023525163531303406,
      0.006655739154666662,
      0.001478615216910839,
      0.0002751099818851799,
      4.465244273887947e-05,
      6.502378710138146e-06,
      8.671723890074645e-07
    ],
    [
      0.13182009756565094,
      0.1003510057926178,
      0.03998759761452675,
      0.01112010795623064,
      0.0024277360644191504,
      0.00044381842599250376,
      7.076541078276932e-05,
      1.0121706509380601e-05,
      1.3256435522635002e-06
    ],
    [
      0.12065739184617996,
      0.09031183272600174,
      0.03537574037909508,
      0.009668489918112755,
      0.0020741387270390987,
      0.00037252085166983306,
      5.834484181832522e-05,
      8.196025191864464e-06,
      1.0540970833972096e-06
    ],
    [
      0.07665078341960907,
      0.05640312656760216,
      0.021715546026825905,
      0.005832386203110218,
      0.0012293304316699505,
      0.00021689523418899626,
      3.336572626722045e-05,
      4.602930403052596e-06,
      5.812773906654911e-07
    ],
    [
      0.03801637887954712,
      0.02749810367822647,
      0.010404718108475208,
      0.002745901932939887,
      0.0005686047370545566,
      9.854241943685338e-05,
      1.4888048099237494e-05,
      2.0168445189483464e-06,
      2.5007082626871124e-07
    ],
    [
      0.015699706971645355,
      0.011161502450704575,
      0.0041501824744045734,
      0.001076122047379613,
      0.00021890377684030682,
      3.7261754187056795e-05,
      5.528536348720081e-06,
      7.353871751547558e-07,
      8.95201779371746e-08
    ],
    [
      0.0056227948516607285,
      0.003928618971258402,
      0.001435365411452949,
      0.0003656453627627343,
      7.306085171876475e-05,
      1.2214091839268804e-05,
      1.7795553048927104e-06,
      2.324137966525086e-07,
      2.7775127975360192e-08
    ],
    [
      0.0017961006378754973,
      0.0012332085752859712,
      0.0004426916711963713,
      0.00011078207171522081,
      2.174186010961421e-05,
      3.5695322821993614e-06,
      5.106689400236064e-07,
      6.54802718713654e-08,
      7.681945746185193e-09
    ],
    [
      0.0005223035113885999,
      0.0003523806808516383,
      0.00012427603360265493,
      3.05489738821052e-05,
      5.888426130695734e-06,
      9.493513744018856e-07,
      1.3335505855138763e-07,
      1.678724892428818e-08,
      1.9332471179467348e-09
    ]
  ],
  "probs_results": [
    0.21722035109996796,
    0.6248419284820557,
    0.15793760120868683
  ]
}