{
  "skills_mean": [
    [
      0.7112308740615845,
      1.1409391164779663
    ],
    [
      0.820037841796875,
      1.1990225315093994
    ]
  ],
  "skills_cov": [
    [
      [
        0.017097480595111847,
        0.00949169509112835
      ],
      [
        0.00949169509112835,
        0.0228445902466774
      ]
    ],
    [
      [
        0.015407183207571507,
        0.008951844647526741
      ],
      [
        0.008951844647526741,
        0.02368464693427086
      ]
    ]
  ],
  "probs_grid": [
    [
      0.07403502613306046,
      0.10224755853414536,
      0.0731884017586708,
      0.03620065748691559,
      0.01391878817230463,
      0.0044370680116117,
      0.0012215161696076393,
      0.0002986862964462489,
      6.621668580919504e-05
    ],
    [
      0.08737160265445709,
      0.11909325420856476,
      0.08412405103445053,
      0.0410567931830883,
      0.015574316494166851,
      0.004897733218967915,
      0.001329977996647358,
      0.0003207483678124845,
      7.012620335444808e-05
    ],
    [
      0.053575821220874786,
      0.07206442952156067,
      0.05022687837481499,
      0.02418424002826214,
      0.00904981978237629,
      0.0028071401175111532,
      0.000751811545342207,
      0.00017880667292047292,
      3.8549354940187186e-05
    ],
    [
      0.02275846153497696,
      0.03020434081554413,
      0.020768648013472557,
      0.009864616207778454,
      0.003640978829935193,
      0.0011138580739498138,
      0.0002941857965197414,
      6.899313302710652e-05,
      1.4666037714050617e-05
    ],
    [
      0.007533852476626635,
      0.00986415147781372,
      0.006690629292279482,
      0.003134451573714614,
      0.001140984590165317,
      0.0003442164452280849,
      8.9644716354087e-05,
      2.072882307402324e-05,
      4.344228273112094e-06
    ],
    [
      0.002072951989248395,
      0.0026772762648761272,
      0.001791086862795055,
      0.0008275321451947093,
      0.0002970544155687094,
      8.836533379508182e-05,
      2.2689955585519783e-05,
      5.172588771529263e-06,
      1.0686563882700284e-06
    ],
    [
      0.0004938069614581764,
      0.0006290289456956089,
      0.000415012618759647,
      0.00018908469064626843,
      6.692612078040838e-05,
      1.9628789232228883e-05,
      4.968933808413567e-06,
      1.1166632702952484e-06,
      2.2740883309779747e-07
    ],
    [
      0.00010474236478330567,
      0.00013158241927158087,
      8.560704736737534e-05,
      3.845808168989606e-05,
      1.3420639334071893e-05,
      3.880459644278744e-06,
      9.683488997325185e-07,
      2.1450587439630908e-07,
      4.3057038823235416e-08
    ],
    [
      2.0193285308778286e-05,
      2.501490234863013e-05,
      1.604681892786175e-05,
      7.107365036063129e-06,
      2.4451246645185165e-06,
      6.969239052523335e-07,
      1.7142615149623452e-07,
      3.742818321939012e-08,
      7.404405533151248e-09
    ]
  ],
  "probs_results": [
    0.2544707655906677,
    0.3239170014858246,
    0.4216121733188629
  ]
}