{
  "skills_mean": [
    [
      0.26557597517967224,
      0.9150952696800232
    ],
    [
      -0.2599184513092041,
      0.44601309299468994
    ]
  ],
  "skills_cov": [
    [
      [
        0.018174825236201286,
        0.010319247841835022
      ],
      [
        0.010319247841835022,
        0.025021877139806747
      ]
    ],
    [
      [
        0.020947981625795364,
        0.010750879533588886
      ],
      [
        0.010750879533588886,
        0.02221233956515789
      ]
    ]
  ],
  "probs_grid": [
    [
      0.10891418904066086,
      0.06663216650485992,
      0.02130027674138546,
      0.004743598867207766,
      0.0008279128232970834,
      0.00012078738654963672,
      1.5343515769927762e-05,
      1.7454418639317737e-06,
      1.815066497101725e-07
    ],
    [
      0.16998115181922913,
      0.10263407230377197,
      0.032369762659072876,
      0.007110054139047861,
      0.001223576720803976,
      0.00017596589168533683,
      2.202809992013499e-05,
      2.4688515622983687e-06,
      2.528819038616348e-07
    ],
    [
      0.1377371847629547,
      0.08206075429916382,
      0.02552938647568226,
      0.005529701244086027,
      0.000938135723117739,
      0.0001329698716290295,
      1.6401496395701542e-05,
      1.8108358972313e-06,
      1.8267654411374679e-07
    ],
    [
      0.07725698500871658,
      0.04540698602795601,
      0.013931582681834698,
      0.002975168637931347,
      0.0004975189222022891,
      6.948989175725728e-05,
      8.44445912662195e-06,
      9.183103202303755e-07,
      9.122658894966662e-08
    ],
    [
      0.03374243900179863,
      0.0195603147149086,
      0.0059175980277359486,
      0.0012457554694265127,
      0.00020530376059468836,
      2.825336196110584e-05,
      3.382071554369759e-06,
      3.6221672417013906e-07,
      3.5430716138762364e-08
    ],
    [
      0.012239302508533001,
      0.006996620912104845,
      0.0020867707207798958,
      0.00043298068339936435,
      7.031280256342143e-05,
      9.53257222136017e-06,
      1.123906031352817e-06,
      1.1853143178086611e-07,
      1.1415034251172074e-08
    ],
    [
      0.0038403174839913845,
      0.002164483070373535,
      0.0006363354623317719,
      0.000130113068735227,
      2.0817471522605047e-05,
      2.7800288080470636e-06,
      3.2279342576657655e-07,
      3.3519558684247386e-08,
      3.1778220055400652e-09
    ],
    [
      0.001072015962563455,
      0.0005956225213594735,
      0.0001725764450384304,
      3.4769320336636156e-05,
      5.4800825637357775e-06,
      7.20778473350947e-07,
      8.24108283836722e-08,
      8.425232067565958e-09,
      7.862467898966941e-10
    ],
    [
      0.00027175137074664235,
      0.00014881844981573522,
      4.248971163178794e-05,
      8.433715265709907e-06,
      1.3093052757540136e-06,
      1.6958948378942296e-07,
      1.9091592307063365e-08,
      1.92141436095028e-09,
      1.7648396632985452e-10
    ]
  ],
  "probs_results": [
    0.2403019368648529,
    0.617902934551239,
    0.1417951136827469
  ]
}