{
  "skills_mean": [
    [
      -0.018504466861486435,
      0.38377171754837036
    ],
    [
      0.7105921506881714,
      1.3853254318237305
    ]
  ],
  "skills_cov": [
    [
      [
        0.019968396052718163,
        0.009601329453289509
      ],
      [
        0.009601329453289509,
        0.01961563713848591
      ]
    ],
    [
      [
        0.01783093437552452,
        0.011257560923695564
      ],
      [
        0.011257560923695564,
        0.027926361188292503
      ]
    ]
  ],
  "probs_grid": [
    [
      0.044751204550266266,
      0.1119978129863739,
      0.14498944580554962,
      0.12944357097148895,
      0.08965002745389938,
      0.0513724647462368,
      0.02536889910697937,
      0.011103267781436443,
      0.0043962798081338406
    ],
    [
      0.022317124530673027,
      0.05507973954081535,
      0.07030989974737167,
      0.06188872084021568,
      0.0422559417784214,
      0.023868905380368233,
      0.011617976240813732,
      0.005011545494198799,
      0.0019555320031940937
    ],
    [
      0.005825463216751814,
      0.01417461410164833,
      0.0178368017077446,
      0.015475685708224773,
      0.010414168238639832,
      0.005797361955046654,
      0.002780705690383911,
      0.0011819276260212064,
      0.0004544121911749244
    ],
    [
      0.0010612171608954668,
      0.002545054769143462,
      0.0031562631484121084,
      0.002698596566915512,
      0.0017894039629027247,
      0.0009814684744924307,
      0.0004638009995687753,
      0.00019420952594373375,
      7.35540161258541e-05
    ],
    [
      0.00015177375462371856,
      0.00035866795224137604,
      0.0004382626211736351,
      0.00036917271791025996,
      0.00024115627456922084,
      0.0001302969758398831,
      6.064990520826541e-05,
      2.5014052880578674e-05,
      9.330638022220228e-06
    ],
    [
      1.8176817320636474e-05,
      4.231696220813319e-05,
      5.093575600767508e-05,
      4.226231249049306e-05,
      2.7191161279915832e-05,
      1.4469141206063796e-05,
      6.632737495237961e-06,
      2.6938762403005967e-06,
      9.894994263959234e-07
    ],
    [
      1.8987974499395932e-06,
      4.353900749265449e-06,
      5.1613110372272786e-06,
      4.217308742227033e-06,
      2.6719478682935005e-06,
      1.400029077558429e-06,
      6.319152134892647e-07,
      2.526941216274281e-07,
      9.138316414691872e-08
    ],
    [
      1.7794789641811803e-07,
      4.0179565985454246e-07,
      4.6899813810341584e-07,
      3.773161267872638e-07,
      2.3536068738394533e-07,
      1.2141057936787547e-07,
      5.3947605493931405e-08,
      2.1236550296066525e-08,
      7.559878056895286e-09
    ],
    [
      1.5271986342213495e-08,
      3.394947967194639e-08,
      3.901220679836115e-08,
      3.0896767810872916e-08,
      1.8971352488961202e-08,
      9.632926456504265e-09,
      4.2130254840344605e-09,
      1.6323375984228505e-09,
      5.719132389891968e-10
    ]
  ],
  "probs_results": [
    0.12107109278440475,
    0.05078832432627678,
    0.8281404972076416
  ]
}