{
  "skills_mean": [
    [
      0.26769742369651794,
      0.9072543382644653
    ],
    [
      0.770259439945221,
      1.1051108837127686
    ]
  ],
  "skills_cov": [
    [
      [
        0.024380750954151154,
        0.01457152422517538
      ],
      [
        0.01457152422517538,
        0.02837531641125679
      ]
    ],
    [
      [
        0.01729416847229004,
        0.010680118575692177
      ],
      [
        0.010680118575692177,
        0.026301279664039612
      ]
    ]
  ],
  "probs_grid": [
    [
      0.0793444961309433,
      0.1292565017938614,
      0.10979292541742325,
      0.06482910364866257,
      0.029932301491498947,
      0.011525435373187065,
      0.0038547313306480646,
      0.0011516622034832835,
      0.000313722004648298
    ],
    [
      0.06769129633903503,
      0.10827356576919556,
      0.09029009193181992,
      0.0523332804441452,
      0.02371598593890667,
      0.00896203238517046,
      0.0029413725715130568,
      0.0008622863097116351,
      0.00023046688875183463
    ],
    [
      0.03028298169374466,
      0.0475497767329216,
      0.03891999274492264,
      0.022139497101306915,
      0.009845584630966187,
      0.003650698345154524,
      0.001175575889647007,
      0.0003381031274329871,
      8.864889241522178e-05
    ],
    [
      0.009471497498452663,
      0.014596257358789444,
      0.011724337935447693,
      0.006544243544340134,
      0.0028553989250212908,
      0.001038714894093573,
      0.00032811841811053455,
      9.256709745386615e-05,
      2.38056672969833e-05
    ],
    [
      0.002329746028408408,
      0.0035230822395533323,
      0.0027766043785959482,
      0.0015204986557364464,
      0.0006508106016553938,
      0.00023222492018248886,
      7.195078796939924e-05,
      1.9907867681467906e-05,
      5.020940534450347e-06
    ],
    [
      0.00048068209434859455,
      0.0007131600868888199,
      0.0005513784708455205,
      0.00029617760446853936,
      0.00012434109521564096,
      4.351396637503058e-05,
      1.3221614608482923e-05,
      3.587364744817023e-06,
      8.871837735568988e-07
    ],
    [
      8.664707274874672e-05,
      0.00012610363774001598,
      9.562975174048916e-05,
      5.038036033511162e-05,
      2.0742167180287652e-05,
      7.1181498242367525e-06,
      2.12076793104643e-06,
      5.641946927426034e-07,
      1.368008923918751e-07
    ],
    [
      1.4034221749170683e-05,
      2.0032761312904768e-05,
      1.4898635527060833e-05,
      7.696957254665904e-06,
      3.1073041100171395e-06,
      1.045535668708908e-06,
      3.054079229514173e-07,
      7.965395099063244e-08,
      1.8933794976305762e-08
    ],
    [
      2.0848292479058728e-06,
      2.9183750029915245e-06,
      2.128281266777776e-06,
      1.078076252269966e-06,
      4.267089934728574e-07,
      1.4075911280997389e-07,
      4.0307163828856574e-08,
      1.0305063469218112e-08,
      2.401061127699222e-09
    ]
  ],
  "probs_results": [
    0.23382945358753204,
    0.19413043558597565,
    0.5720399618148804
  ]
}