{
  "skills_mean": [
    [
      0.8153541088104248,
      1.1934248208999634
    ],
    [
      0.6888757348060608,
      0.9065054655075073
    ]
  ],
  "skills_cov": [
    [
      [
        0.015728436410427094,
        0.009290697053074837
      ],
      [
        0.009290697053074837,
        0.024298567324876785
      ]
    ],
    [
      [
        0.01671900600194931,
        0.009441913105547428
      ],
      [
        0.009441913105547428,
        0.023074371740221977
      ]
    ]
  ],
  "probs_grid": [
    [
      0.05296789109706879,
      0.06189649924635887,
      0.03758714348077774,
      0.01581408455967903,
      0.005185666959732771,
      0.0014135793317109346,
      0.00033364788396283984,
      7.013135473243892e-05,
      1.340028211416211e-05
    ],
    [
      0.09080809354782104,
      0.10465696454048157,
      0.06267282366752625,
      0.025999922305345535,
      0.00840570405125618,
      0.002258847001940012,
      0.0005255466094240546,
      0.00010888122051255777,
      2.0503881387412548e-05
    ],
    [
      0.08069100975990295,
      0.09171035885810852,
      0.05415382608771324,
      0.022149981930851936,
      0.0070596435107290745,
      0.001870081527158618,
      0.00042885501170530915,
      8.756707393331453e-05,
      1.625093318580184e-05
    ],
    [
      0.04954724758863449,
      0.05552961677312851,
      0.032329462468624115,
      0.013036499731242657,
      0.004095861688256264,
      0.0010694434167817235,
      0.0002417155628791079,
      4.864027141593397e-05,
      8.895320206647739e-06
    ],
    [
      0.023649703711271286,
      0.026134062558412552,
      0.015000668354332447,
      0.005962925497442484,
      0.0018466669134795666,
      0.0004752340610139072,
      0.00010585812560748309,
      2.0991890778532252e-05,
      3.782867224799702e-06
    ],
    [
      0.009359141811728477,
      0.010196702554821968,
      0.005769819486886263,
      0.0022608297877013683,
      0.0006901028100401163,
      0.00017503021808806807,
      3.842153455480002e-05,
      7.507823738706065e-06,
      1.3331073205335997e-06
    ],
    [
      0.0031984627712517977,
      0.0034354000817984343,
      0.0019162361277267337,
      0.000740088929887861,
      0.00022264943982008845,
      5.565139144891873e-05,
      1.203815008921083e-05,
      2.3178727133199573e-06,
      4.0550997937316424e-07
    ],
    [
      0.000970817229244858,
      0.0010279155103489757,
      0.0005651608225889504,
      0.0002151349763153121,
      6.3784682424739e-05,
      1.5710993466200307e-05,
      3.348788368384703e-06,
      6.353128583214129e-07,
      1.0950680007226765e-07
    ],
    [
      0.00026714103296399117,
      0.0002788161509670317,
      0.00015109515516087413,
      5.668528319802135e-05,
      1.6562331438763067e-05,
      4.019954303657869e-06,
      8.442798389296513e-07,
      1.5781125739522395e-07,
      2.6798817387430063e-08
    ]
  ],
  "probs_results": [
    0.22690990567207336,
    0.5129817128181458,
    0.26010850071907043
  ]
}