{
  "skills_mean": [
    [
      -0.14877040684223175,
      0.5230205059051514
    ],
    [
      0.6286055445671082,
      0.8488039970397949
    ]
  ],
  "skills_cov": [
    [
      [
        0.018981188535690308,
        0.010264957323670387
      ],
      [
        0.010264957323670387,
        0.023197639733552933
      ]
    ],
    [
      [
        0.017955806106328964,
        0.010535154491662979
      ],
      [
        0.010535154491662979,
        0.024077853187918663
      ]
    ]
  ],
  "probs_grid": [
    [
      0.05801590904593468,
      0.11831124871969223,
      0.12525790929794312,
      0.09178593754768372,
      0.0523652620613575,
      0.024807579815387726,
      0.010164271108806133,
      0.0037042482290416956,
      0.001225621672347188
    ],
    [
      0.04257558286190033,
      0.08555832505226135,
      0.08925096690654755,
      0.06443300098180771,
      0.03621228411793709,
      0.01689807139337063,
      0.006819180678576231,
      0.002447516657412052,
      0.000797481625340879
    ],
    [
      0.016275085508823395,
      0.03222290426492691,
      0.03311372175812721,
      0.023547882214188576,
      0.013034909032285213,
      0.0059904539957642555,
      0.0023806262761354446,
      0.0008413752657361329,
      0.0002699365431908518
    ],
    [
      0.0043207150883972645,
      0.008426724933087826,
      0.008529424667358398,
      0.005973661318421364,
      0.003256384050473571,
      0.0014736400917172432,
      0.0005766279646195471,
      0.0002006493741646409,
      6.337640661513433e-05
    ],
    [
      0.0008961732382886112,
      0.00172140309587121,
      0.0017158930422738194,
      0.0011833668686449528,
      0.0006351664196699858,
      0.0002829989534802735,
      0.00010901854693656787,
      3.7344525480875745e-05,
      1.1611212357820477e-05
    ],
    [
      0.00015489640645682812,
      0.00029298741719685495,
      0.00028756455867551267,
      0.00019525755487848073,
      0.00010317786654923111,
      4.525481563177891e-05,
      1.716065344226081e-05,
      5.786151177744614e-06,
      1.7707053530102712e-06
    ],
    [
      2.3238688299898058e-05,
      4.3278185330564156e-05,
      4.1818671888904646e-05,
      2.7952752134297043e-05,
      1.4539673429680988e-05,
      6.2770609474682715e-06,
      2.3427357973559992e-06,
      7.77416914843343e-07,
      2.341343758871517e-07
    ],
    [
      3.112548711214913e-06,
      5.706376668968005e-06,
      5.42769203093485e-06,
      3.571023853510269e-06,
      1.8281749589732499e-06,
      7.767624197185796e-07,
      2.852992224688933e-07,
      9.31655321778635e-08,
      2.761033712772587e-08
    ],
    [
      3.799154626449308e-07,
      6.855804031147272e-07,
      6.418143811970367e-07,
      4.155797910243564e-07,
      2.093730842034347e-07,
      8.754037850167151e-08,
      3.163853889986967e-08,
      1.0165914332560533e-08,
      2.96428925850023e-09
    ]
  ],
  "probs_results": [
    0.18352629244327545,
    0.11919950693845749,
    0.6972739696502686
  ]
}