{
  "skills_mean": [
    [
      0.24125753343105316,
      0.8226338028907776
    ],
    [
      0.009160295128822327,
      0.728626012802124
    ]
  ],
  "skills_cov": [
    [
      [
        0.02034008875489235,
        0.011020549573004246
      ],
      [
        0.011020549573004246,
        0.02432263456285
      ]
    ],
    [
      [
        0.0182754248380661,
        0.009149765595793724
      ],
      [
        0.009149765595793724,
        0.02139299549162388
      ]
    ]
  ],
  "probs_grid": [
    [
      0.12707853317260742,
      0.10944533348083496,
      0.04908308386802673,
      0.015282397158443928,
      0.003716247621923685,
      0.000752790889237076,
      0.00013231291086412966,
      2.0753715944010764e-05,
      2.9653879209945444e-06
    ],
    [
      0.14878693222999573,
      0.12651872634887695,
      0.05600614473223686,
      0.017207961529493332,
      0.004128292202949524,
      0.0008248357917182148,
      0.00014296443259809166,
      2.210876664321404e-05,
      3.113928187303827e-06
    ],
    [
      0.09060347080230713,
      0.07604872435331345,
      0.03322146460413933,
      0.010070545598864555,
      0.002383057726547122,
      0.00046954548452049494,
      8.024066482903436e-05,
      1.2232150766067207e-05,
      1.6980028476609732e-06
    ],
    [
      0.03825787454843521,
      0.03169006109237671,
      0.01365843415260315,
      0.004084011074155569,
      0.0009530730894766748,
      0.0001851559936767444,
      3.1191670132102445e-05,
      4.686522970587248e-06,
      6.410829769265547e-07
    ],
    [
      0.012601257301867008,
      0.01029853243380785,
      0.004378386307507753,
      0.0012911239173263311,
      0.000297088990919292,
      5.689746103598736e-05,
      9.447321644984186e-06,
      1.398813310515834e-06,
      1.8853435790333606e-07
    ],
    [
      0.003453182755038142,
      0.0027838717214763165,
      0.0011672513792291284,
      0.0003393959777895361,
      7.698920671828091e-05,
      1.4533209650835488e-05,
      2.378081717324676e-06,
      3.469407090506138e-07,
      4.606755865665946e-08
    ],
    [
      0.0008200348820537329,
      0.0006519960006698966,
      0.00026956049259752035,
      7.727014599367976e-05,
      1.7277043298236094e-05,
      3.2141047086042818e-06,
      5.182181439522537e-07,
      7.448354466532692e-08,
      9.742141315882691e-09
    ],
    [
      0.00017356069292873144,
      0.0001360713067697361,
      5.5462387535953894e-05,
      1.5671010260120966e-05,
      3.453204953984823e-06,
      6.330081419037015e-07,
      1.0055190102775668e-07,
      1.4236448464544083e-08,
      1.8339929575006408e-09
    ],
    [
      3.341914634802379e-05,
      2.583078276074957e-05,
      1.0378137631050777e-05,
      2.8899712560814805e-06,
      6.27514793904993e-07,
      1.1333091975984644e-07,
      1.773381974601307e-08,
      2.4730029135611176e-09,
      3.1374247644322395e-10
    ]
  ],
  "probs_results": [
    0.2912200689315796,
    0.43774092197418213,
    0.2710389792919159
  ]
}