{
  "skills_mean": [
    [
      -0.14879268407821655,
      0.523098886013031
    ],
    [
      0.543141782283783,
      0.9588162302970886
    ]
  ],
  "skills_cov": [
    [
      [
        0.01885548047721386,
        0.010163536295294762
      ],
      [
        0.010163536295294762,
        0.023073196411132812
      ]
    ],
    [
      [
        0.019300825893878937,
        0.011809923686087132
      ],
      [
        0.011809923686087132,
        0.02630035951733589
      ]
    ]
  ],
  "probs_grid": [
    [
      0.07401400059461594,
      0.139132559299469,
      0.13595595955848694,
      0.09206882119178772,
      0.04860435426235199,
      0.021333536133170128,
      0.008108693175017834,
      0.002744856756180525,
      0.0008446326246485114
    ],
    [
      0.048743657767772675,
      0.09026244282722473,
      0.08687275648117065,
      0.05793524160981178,
      0.030115647241473198,
      0.013014068827033043,
      0.004869507625699043,
      0.0016225274885073304,
      0.000491401762701571
    ],
    [
      0.01675620675086975,
      0.03055860847234726,
      0.028961248695850372,
      0.01901629939675331,
      0.009731311351060867,
      0.004139409866183996,
      0.0015244415262714028,
      0.0004998919903300703,
      0.00014898435620125383
    ],
    [
      0.0040087345987558365,
      0.007198379375040531,
      0.00671630771830678,
      0.00434108404442668,
      0.002186516532674432,
      0.0009153414866887033,
      0.0003317235969007015,
      0.00010703444422688335,
      3.138590182061307e-05
    ],
    [
      0.0007508384296670556,
      0.0013272389769554138,
      0.001218897639773786,
      0.0007753674872219563,
      0.00038431634311564267,
      0.0001583081902936101,
      5.6447108363499865e-05,
      1.7918351659318432e-05,
      5.168744337424869e-06
    ],
    [
      0.00011743606592062861,
      0.00020431019947864115,
      0.00018464814638718963,
      0.00011557828111108392,
      5.636455534840934e-05,
      2.2841770260129124e-05,
      8.011993486434221e-06,
      2.5017059215315385e-06,
      7.097941079337033e-07
    ],
    [
      1.5976422218955122e-05,
      2.7350775781087577e-05,
      2.4320946977240965e-05,
      1.4977017599449027e-05,
      7.185036793089239e-06,
      2.8641129574680235e-06,
      9.88109036370588e-07,
      3.0344040169438813e-07,
      8.466706447052275e-08
    ],
    [
      1.944432142408914e-06,
      3.274948994658189e-06,
      2.8648028091993183e-06,
      1.7353203247694182e-06,
      8.188168294509524e-07,
      3.2100908242682635e-07,
      1.0891064050611021e-07,
      3.288885253027729e-08,
      9.023467306690236e-09
    ],
    [
      2.16108801964765e-07,
      3.580392444746394e-07,
      3.0805469464212365e-07,
      1.8351991570852988e-07,
      8.515825555832635e-08,
      3.282934812887106e-08,
      1.0951941575854107e-08,
      3.25176507942615e-09,
      8.77141081989663e-10
    ]
  ],
  "probs_results": [
    0.19810163974761963,
    0.11890634894371033,
    0.6829918026924133
  ]
}