{
  "skills_mean": [
    [
      0.2495647370815277,
      0.783097505569458
    ],
    [
      0.47296610474586487,
      0.8005423545837402
    ]
  ],
  "skills_cov": [
    [
      [
        0.02058776468038559,
        0.011176186613738537
      ],
      [
        0.011176186613738537,
        0.02353564463555813
      ]
    ],
    [
      [
        0.020165229216217995,
        0.011081543751060963
      ],
      [
        0.011081543751060963,
        0.02331111952662468
      ]
    ]
  ],
  "probs_grid": [
    [
      0.0781114399433136,
      0.10876117646694183,
      0.07885947078466415,
      0.03969660773873329,
      0.015605781227350235,
      0.005110177677124739,
      0.001451742253266275,
      0.00036798985092900693,
      8.495368820149451e-05
    ],
    [
      0.08706679940223694,
      0.11928004771471024,
      0.0850830152630806,
      0.04212905094027519,
      0.016289206221699715,
      0.0052455151453614235,
      0.0014653254766017199,
      0.0003652005107142031,
      8.288779645226896e-05
    ],
    [
      0.05056507885456085,
      0.06814809888601303,
      0.047814544290304184,
      0.023285020142793655,
      0.008853667415678501,
      0.0028034523129463196,
      0.0007699786219745874,
      0.00018865818856284022,
      4.209194230497815e-05
    ],
    [
      0.020399343222379684,
      0.027042290195822716,
      0.018660368397831917,
      0.008936287835240364,
      0.003341003553941846,
      0.001040104078128934,
      0.0002808349090628326,
      6.763942656107247e-05,
      1.4833399291092064e-05
    ],
    [
      0.0064308554865419865,
      0.008384192362427711,
      0.005689209792762995,
      0.002678887452930212,
      0.0009846823522821069,
      0.0003013534296769649,
      7.998200453585014e-05,
      1.8934206309495494e-05,
      4.0809568417898845e-06
    ],
    [
      0.0016896766610443592,
      0.002166233491152525,
      0.0014452949399128556,
      0.0006690747104585171,
      0.00024176259466912597,
      7.272813672898337e-05,
      1.8972117686644197e-05,
      4.4140188037999906e-06,
      9.349339507025434e-07
    ],
    [
      0.0003854019450955093,
      0.0004858166794292629,
      0.00031866514473222196,
      0.00014501751866191626,
      5.150652941665612e-05,
      1.5228793927235529e-05,
      3.904217010131106e-06,
      8.926389227781328e-07,
      1.8578732863261394e-07
    ],
    [
      7.848691893741488e-05,
      9.726656571729109e-05,
      6.27177651040256e-05,
      2.805431176966522e-05,
      9.793234312382992e-06,
      2.845633844117401e-06,
      7.169076639002014e-07,
      1.6106106670576992e-07,
      3.2937350624706596e-08
    ],
    [
      1.4567023754352704e-05,
      1.7745987861417234e-05,
      1.124728805734776e-05,
      4.944688043906353e-06,
      1.6963327880148427e-06,
      4.843670922127785e-07,
      1.1990545090156957e-07,
      2.6467708025279535e-08,
      5.3178714765067525e-09
    ]
  ],
  "probs_results": [
    0.2552221119403839,
    0.30303117632865906,
    0.4417468309402466
  ]
}