{
  "skills_mean": [
    [
      0.5430604219436646,
      0.9586725831031799
    ],
    [
      0.339991956949234,
      0.5174118280410767
    ]
  ],
  "skills_cov": [
    [
      [
        0.01942640356719494,
        0.011910872533917427
      ],
      [
        0.011910872533917427,
        0.02642383798956871
      ]
    ],
    [
      [
        0.021739551797509193,
        0.011633053421974182
      ],
      [
        0.011633053421974182,
        0.023809347301721573
      ]
    ]
  ],
  "probs_grid": [
    [
      0.048420585691928864,
      0.051138538867235184,
      0.02824375592172146,
      0.010875644162297249,
      0.0032844259403645992,
      0.0008297052700072527,
      0.0001826136140152812,
      3.601456410251558e-05,
      6.49631238047732e-06
    ],
    [
      0.09226039052009583,
      0.09572194516658783,
      0.05192858353257179,
      0.019638361409306526,
      0.005824051797389984,
      0.0014446389395743608,
      0.0003121729532722384,
      6.044050678610802e-05,
      1.0702104191295803e-05
    ],
    [
      0.09142512083053589,
      0.0931769534945488,
      0.04964702948927879,
      0.018438687548041344,
      0.005369572434574366,
      0.0013077289331704378,
      0.0002774324966594577,
      5.2729657909367234e-05,
      9.164872608380392e-06
    ],
    [
      0.0628160759806633,
      0.06288271397352219,
      0.032906290143728256,
      0.012001296505331993,
      0.0034316517412662506,
      0.0008205463527701795,
      0.000170893021277152,
      3.188356276950799e-05,
      5.439378583105281e-06
    ],
    [
      0.03366146981716156,
      0.033096689730882645,
      0.01700870506465435,
      0.006091301329433918,
      0.0017101303674280643,
      0.0004014493606518954,
      8.207559585571289e-05,
      1.5030853319331072e-05,
      2.516865151847014e-06
    ],
    [
      0.015004712156951427,
      0.014489306136965752,
      0.007312259636819363,
      0.0025713418144732714,
      0.0007087677367962897,
      0.00016333880193997175,
      3.2780750188976526e-05,
      5.892487934033852e-06,
      9.683982398200897e-07
    ],
    [
      0.005794679280370474,
      0.005495372693985701,
      0.002723325276747346,
      0.000940285506658256,
      0.0002544560411479324,
      5.756608516094275e-05,
      1.1340373930579517e-05,
      2.0008039882668527e-06,
      3.2271947247863864e-07
    ],
    [
      0.001993960002437234,
      0.0018570121610537171,
      0.0009036480914801359,
      0.00030633481219410896,
      8.138489647535607e-05,
      1.807397165975999e-05,
      3.4948882330354536e-06,
      6.051959644537419e-07,
      9.580135440501181e-08
    ],
    [
      0.0006240016664378345,
      0.0005706895026378334,
      0.00027267992845736444,
      9.075584966922179e-05,
      2.367039633099921e-05,
      5.160118234925903e-06,
      9.793743629415985e-07,
      1.664514854837762e-07,
      2.5858867047645617e-08
    ]
  ],
  "probs_results": [
    0.20780493319034576,
    0.5877936482429504,
    0.20440155267715454
  ]
}