{
  "skills_mean": [
    [
      0.6352682709693909,
      0.8882364630699158
    ],
    [
      0.3272339999675751,
      0.9292075037956238
    ]
  ],
  "skills_cov": [
    [
      [
        0.01741306483745575,
        0.010137517005205154
      ],
      [
        0.010137517005205154,
        0.02422053925693035
      ]
    ],
    [
      [
        0.017496250569820404,
        0.00967500451952219
      ],
      [
        0.00967500451952219,
        0.023978764191269875
      ]
    ]
  ],
  "probs_grid": [
    [
      0.07742726057767868,
      0.08535929769277573,
      0.04894007369875908,
      0.019455691799521446,
      0.006032831501215696,
      0.001556278089992702,
      0.00034789033816196024,
      6.930896051926538e-05,
      1.2561749827000313e-05
    ],
    [
      0.10939395427703857,
      0.1189083680510521,
      0.06720773875713348,
      0.026334751397371292,
      0.008047676645219326,
      0.002045715693384409,
      0.00045056207454763353,
      8.843105752021074e-05,
      1.5787773008923978e-05
    ],
    [
      0.08032534271478653,
      0.08607394248247147,
      0.04795273020863533,
      0.01851809397339821,
      0.005576377268880606,
      0.0013966464903205633,
      0.00030304258689284325,
      5.8588600950315595e-05,
      1.030250405165134e-05
    ],
    [
      0.04086727648973465,
      0.04316548630595207,
      0.023700527846813202,
      0.009019080549478531,
      0.0026759859174489975,
      0.000660285004414618,
      0.00014112783537711948,
      2.687446612981148e-05,
      4.654185431718361e-06
    ],
    [
      0.016206147149205208,
      0.016870494931936264,
      0.00912803877145052,
      0.003422583919018507,
      0.001000449643470347,
      0.00024317155475728214,
      5.119373963680118e-05,
      9.601136298442725e-06,
      1.6374332290070015e-06
    ],
    [
      0.005342639982700348,
      0.005480748601257801,
      0.002921927720308304,
      0.0010793766705319285,
      0.0003108069358859211,
      7.441102206939831e-05,
      1.542856807645876e-05,
      2.849531028914498e-06,
      4.785383680427913e-07
    ],
    [
      0.001525085186585784,
      0.0015415807720273733,
      0.0008097122190520167,
      0.0002946580934803933,
      8.35742466733791e-05,
      1.9706518287421204e-05,
      4.0238933252112474e-06,
      7.318158736779878e-07,
      1.2100824164917867e-07
    ],
    [
      0.00038769407547079027,
      0.0003861047443933785,
      0.00019978480122517794,
      7.161346002249047e-05,
      2.000540916924365e-05,
      4.645582976081641e-06,
      9.340949986835767e-07,
      1.672715939093905e-07,
      2.7231690680196152e-08
    ],
    [
      8.95891134859994e-05,
      8.789690036792308e-05,
      4.480069037526846e-05,
      1.5817016901564784e-05,
      4.35152105637826e-06,
      9.950762205335195e-07,
      1.970108058912956e-07,
      3.4735005982611256e-08,
      5.567124095051668e-09
    ]
  ],
  "probs_results": [
    0.2544051706790924,
    0.44991105794906616,
    0.29568353295326233
  ]
}