{
  "skills_mean": [
    [
      0.8170343637466431,
      1.1249748468399048
    ],
    [
      -0.30195295810699463,
      0.2954294979572296
    ]
  ],
  "skills_cov": [
    [
      [
        0.017830800265073776,
        0.011024064384400845
      ],
      [
        0.011024064384400845,
        0.026538698002696037
      ]
    ],
    [
      [
        0.023786699399352074,
        0.011945867910981178
      ],
      [
        0.011945867910981178,
        0.02517249807715416
      ]
    ]
  ],
  "probs_grid": [
    [
      0.026926858350634575,
      0.013326900079846382,
      0.003459256375208497,
      0.0006278703222051263,
      8.96451820153743e-05,
      1.0739016943261959e-05,
      1.1243249673498212e-06,
      1.058090504102438e-07,
      9.136719825164619e-09
    ],
    [
      0.07944168150424957,
      0.03869910165667534,
      0.009884444065392017,
      0.0017649498768150806,
      0.00024784659035503864,
      2.9195804017945193e-05,
      3.0051025987631874e-06,
      2.77983190244413e-07,
      2.3590434494735746e-08
    ],
    [
      0.12170315533876419,
      0.058348219841718674,
      0.014663766138255596,
      0.0025756724644452333,
      0.00035572200431488454,
      4.120282756048255e-05,
      4.169259227637667e-06,
      3.790797222791298e-07,
      3.161434491971704e-08
    ],
    [
      0.1290666162967682,
      0.060894958674907684,
      0.015056979842483997,
      0.002601499669253826,
      0.0003533393610268831,
      4.024099325761199e-05,
      4.0029331103141885e-06,
      3.5772472983808257e-07,
      2.9317561711650342e-08
    ],
    [
      0.10657735913991928,
      0.049481868743896484,
      0.012036962434649467,
      0.002045608824118972,
      0.00027322524692863226,
      3.059443770325743e-05,
      2.9916893709014403e-06,
      2.627698734158912e-07,
      2.1162685825970584e-08
    ],
    [
      0.07308178395032883,
      0.033387184143066406,
      0.007989944890141487,
      0.0013355226255953312,
      0.0001754140539560467,
      1.9311610230943188e-05,
      1.8562933519206126e-06,
      1.602454346993909e-07,
      1.2682083827542101e-08
    ],
    [
      0.04334098845720291,
      0.01948220655322075,
      0.004586460068821907,
      0.0007540012593381107,
      9.738404332892969e-05,
      1.0540578841755632e-05,
      9.95952859739191e-07,
      8.44990850623617e-08,
      6.57147403160252e-09
    ],
    [
      0.02286076731979847,
      0.010110701434314251,
      0.0023414338938891888,
      0.0003785746230278164,
      4.807956065633334e-05,
      5.116254669701448e-06,
      4.7519046120214625e-07,
      3.9623387237952556e-08,
      3.028070016952711e-09
    ],
    [
      0.0109461210668087,
      0.004763081204146147,
      0.001085021416656673,
      0.0001725337206153199,
      2.1546145944739692e-05,
      2.254093487863429e-06,
      2.0579058457315114e-07,
      1.6864708740627066e-08,
      1.2664771453785306e-09
    ]
  ],
  "probs_results": [
    0.08422309905290604,
    0.8825103640556335,
    0.033266644924879074
  ]
}