{
  "skills_mean": [
    [
      0.2599745988845825,
      0.805027961730957
    ],
    [
      0.42704829573631287,
      0.623140275478363
    ]
  ],
  "skills_cov": [
    [
      [
        0.021524665877223015,
        0.012186401523649693
      ],
      [
        0.012186401523649693,
        0.02611103653907776
      ]
    ],
    [
      [
        0.020948896184563637,
        0.011065526865422726
      ],
      [
        0.011065526865422726,
        0.02227015234529972
      ]
    ]
  ],
  "probs_grid": [
    [
      0.0680304691195488,
      0.08911881595849991,
      0.06097501143813133,
      0.02904990129172802,
      0.010840600356459618,
      0.003379537956789136,
      0.0009167149546556175,
      0.00022251825430430472,
      4.933456511935219e-05
    ],
    [
      0.09057354927062988,
      0.11661184579133987,
      0.07840478420257568,
      0.03670278564095497,
      0.013456194661557674,
      0.004120932426303625,
      0.0010979947401210666,
      0.0002617711725179106,
      5.6998567742994055e-05
    ],
    [
      0.06279835104942322,
      0.07945331186056137,
      0.052490320056676865,
      0.024140823632478714,
      0.008694496937096119,
      0.0026154338847845793,
      0.0006844390882179141,
      0.00016025328659452498,
      3.426628973102197e-05
    ],
    [
      0.030230587348341942,
      0.03758230805397034,
      0.024393338710069656,
      0.011020873673260212,
      0.0038988387677818537,
      0.0011519133113324642,
      0.00029604561859741807,
      6.806815508753061e-05,
      1.4291793377196882e-05
    ],
    [
      0.011366097256541252,
      0.013882755301892757,
      0.008851982653141022,
      0.003928399179130793,
      0.0013649669708684087,
      0.0003960539470426738,
      9.995501022785902e-05,
      2.2566731786355376e-05,
      4.652220923162531e-06
    ],
    [
      0.0035598506219685078,
      0.004271503072232008,
      0.0026753603015094995,
      0.0011661362368613482,
      0.0003979296889156103,
      0.00011338383046677336,
      2.809824945870787e-05,
      6.228589427337283e-06,
      1.260663566426956e-06
    ],
    [
      0.0009673753520473838,
      0.0011402223026379943,
      0.0007014396251179278,
      0.0003002711455337703,
      0.00010062070214189589,
      2.8152207960374653e-05,
      6.849948931630934e-06,
      1.4907820968801389e-06,
      2.962187579669262e-07
    ],
    [
      0.000234581355471164,
      0.0002715796872507781,
      0.0001640827103983611,
      6.897788989590481e-05,
      2.2697040549246594e-05,
      6.2351168708119076e-06,
      1.4894900459694327e-06,
      3.1823878998693544e-07,
      6.207463343343989e-08
    ],
    [
      5.181289816391654e-05,
      5.891391265322454e-05,
      3.4955617593368515e-05,
      1.4429716429731343e-05,
      4.662018000090029e-06,
      1.2573972298923763e-06,
      2.948880535313947e-07,
      6.184952638932373e-08,
      1.1842279157292523e-08
    ]
  ],
  "probs_results": [
    0.24965955317020416,
    0.37933671474456787,
    0.3710038661956787
  ]
}