{
  "skills_mean": [
    [
      0.6083468198776245,
      0.8569215536117554
    ],
    [
      0.22191111743450165,
      0.8032239079475403
    ]
  ],
  "skills_cov": [
    [
      [
        0.018277015537023544,
        0.010891497135162354
      ],
      [
        0.010891497135162354,
        0.02525613270699978
      ]
    ],
    [
      [
        0.021552540361881256,
        0.012725026346743107
      ],
      [
        0.012725026346743107,
        0.028944477438926697
      ]
    ]
  ],
  "probs_grid": [
    [
      0.07214021682739258,
      0.07448158413171768,
      0.04017282649874687,
      0.01509151142090559,
      0.004441879689693451,
      0.0010925106471404433,
      0.0002338828198844567,
      4.482069198274985e-05,
      7.848353561712429e-06
    ],
    [
      0.11146830022335052,
      0.11311101168394089,
      0.0599512942135334,
      0.022127985954284668,
      0.006398173980414867,
      0.0015457388944923878,
      0.00032499415101483464,
      6.116063013905659e-05,
      1.0515776011743583e-05
    ],
    [
      0.08993951976299286,
      0.0896868035197258,
      0.04670659452676773,
      0.016936102882027626,
      0.0048101600259542465,
      0.0011413415195420384,
      0.00023565618903376162,
      4.35462461609859e-05,
      7.351074600592256e-06
    ],
    [
      0.05051959678530693,
      0.04950043931603432,
      0.02532590925693512,
      0.009020806290209293,
      0.0025163963437080383,
      0.0005863670376129448,
      0.00011888227163581178,
      2.1568856027442962e-05,
      3.574560423658113e-06
    ],
    [
      0.022221632301807404,
      0.02139182761311531,
      0.010751386173069477,
      0.003761376952752471,
      0.0010304527822881937,
      0.00023578408581670374,
      4.693646405939944e-05,
      8.36034905660199e-06,
      1.3601370483229402e-06
    ],
    [
      0.00816335715353489,
      0.007720033638179302,
      0.003811140777543187,
      0.0013094850583001971,
      0.00035228359047323465,
      7.914804882602766e-05,
      1.5468631318071857e-05,
      2.7048222364101093e-06,
      4.319468018820771e-07
    ],
    [
      0.0026085933204740286,
      0.0024232349824160337,
      0.0011749325785785913,
      0.00039644824573770165,
      0.00010472628491697833,
      2.3101169063011184e-05,
      4.432325113157276e-06,
      7.607877137161267e-07,
      1.1925099840937037e-07
    ],
    [
      0.0007456938619725406,
      0.0006803816650062799,
      0.0003239799989387393,
      0.00010734656825661659,
      2.7842323106597178e-05,
      6.029566520737717e-06,
      1.1356476079527056e-06,
      1.913354452653948e-07,
      2.9435897275220668e-08
    ],
    [
      0.00019463530043140054,
      0.0001744153705658391,
      8.155838440870866e-05,
      2.653428600751795e-05,
      6.7568862505140714e-06,
      1.436497541362769e-06,
      2.6558217314232024e-07,
      4.3918671366327544e-08,
      6.631221793895747e-09
    ]
  ],
  "probs_results": [
    0.24213050305843353,
    0.5051106810569763,
    0.2527589797973633
  ]
}