{
  "skills_mean": [
    [
      -0.24946348369121552,
      0.3713996708393097
    ],
    [
      -0.23610863089561462,
      0.45625633001327515
    ]
  ],
  "skills_cov": [
    [
      [
        0.02321024425327778,
        0.010872157290577888
      ],
      [
        0.010872157290577888,
        0.022913126274943352
      ]
    ],
    [
      [
        0.019155455753207207,
        0.009286637417972088
      ],
      [
        0.009286637417972088,
        0.0187684278935194
      ]
    ]
  ],
  "probs_grid": [
    [
      0.13165457546710968,
      0.1376497894525528,
      0.07488768547773361,
      0.028265174478292465,
      0.008325745351612568,
      0.002041376894339919,
      0.0004339590959716588,
      8.226260979427025e-05,
      1.419401633029338e-05
    ],
    [
      0.12550485134124756,
      0.12956491112709045,
      0.06958185136318207,
      0.02591813914477825,
      0.0075325267389416695,
      0.0018218408804386854,
      0.0003819580015260726,
      7.139436638681218e-05,
      1.2144555512350053e-05
    ],
    [
      0.062258318066596985,
      0.06344479322433472,
      0.03362565487623215,
      0.012357892468571663,
      0.0035428451374173164,
      0.000845090311486274,
      0.00017470472084823996,
      3.2193605875363573e-05,
      5.397945187723963e-06
    ],
    [
      0.02142694592475891,
      0.02154872938990593,
      0.01126835122704506,
      0.004085111897438765,
      0.001155028585344553,
      0.00027166923973709345,
      5.53680511075072e-05,
      1.005694048217265e-05,
      1.6618635072518373e-06
    ],
    [
      0.005755408201366663,
      0.00571080157533288,
      0.002945795888081193,
      0.0010532353771850467,
      0.0002936362288892269,
      6.808849866501987e-05,
      1.3678361938218586e-05,
      2.4485611902491655e-06,
      3.9869752299637184e-07
    ],
    [
      0.0012869039783254266,
      0.0012595896841958165,
      0.0006407814798876643,
      0.00022590479056816548,
      6.209035200299695e-05,
      1.4191498848958872e-05,
      2.809684929161449e-06,
      4.956062866767752e-07,
      7.950752944907435e-08
    ],
    [
      0.00024949992075562477,
      0.00024083693278953433,
      0.00012080710439477116,
      4.1987419535871595e-05,
      1.137509934778791e-05,
      2.5622794055379927e-06,
      4.998691451874038e-07,
      8.687059249723461e-08,
      1.3728448600147658e-08
    ],
    [
      4.313745739636943e-05,
      4.105725747649558e-05,
      2.030326686508488e-05,
      6.955466687941225e-06,
      1.8570632391856634e-06,
      4.121886263419583e-07,
      7.92247902836607e-08,
      1.3562913458997627e-08,
      2.1111563608400274e-09
    ],
    [
      6.789272447349504e-06,
      6.37029097561026e-06,
      3.105018095084233e-06,
      1.0482988272997318e-06,
      2.7579125116972136e-07,
      6.030905552734112e-08,
      1.14188090094558e-08,
      1.925436476923892e-09,
      2.951613675694631e-10
    ]
  ],
  "probs_results": [
    0.29924169182777405,
    0.3251943588256836,
    0.3755638897418976
  ]
}