{
  "skills_mean": [
    [
      0.8168874382972717,
      1.124772548675537
    ],
    [
      -0.2267298549413681,
      0.47177252173423767
    ]
  ],
  "skills_cov": [
    [
      [
        0.017981968820095062,
        0.011145456694066525
      ],
      [
        0.011145456694066525,
        0.02668672613799572
      ]
    ],
    [
      [
        0.019542859867215157,
        0.009910404682159424
      ],
      [
        0.009910404682159424,
        0.019970986992120743
      ]
    ]
  ],
  "probs_grid": [
    [
      0.04164343327283859,
      0.021885382011532784,
      0.006010274402797222,
      0.001149984309449792,
      0.00017245867638848722,
      2.162153396056965e-05,
      2.3605207388754934e-06,
      2.3081604183516902e-07,
      2.063463533374943e-08
    ],
    [
      0.10593375563621521,
      0.05487870052456856,
      0.014852453023195267,
      0.0027999363373965025,
      0.0004136156931053847,
      5.106961543788202e-05,
      5.489860086527187e-06,
      5.284633743940503e-07,
      4.650115670301602e-08
    ],
    [
      0.13944371044635773,
      0.07120076566934586,
      0.018988559022545815,
      0.0035266056656837463,
      0.0005131298676133156,
      6.239157664822415e-05,
      6.603500878554769e-06,
      6.257454288061126e-07,
      5.419278181761911e-08
    ],
    [
      0.12662924826145172,
      0.0637226551771164,
      0.016744641587138176,
      0.0030635176226496696,
      0.0004390166141092777,
      5.2563475037459284e-05,
      5.4771626309957355e-06,
      5.108880714033148e-07,
      4.354549076879266e-08
    ],
    [
      0.08923725038766861,
      0.044252824038267136,
      0.011456760577857494,
      0.00206468696705997,
      0.00029139037360437214,
      3.435236794757657e-05,
      3.523933855831274e-06,
      3.2353614187741186e-07,
      2.7139028802025678e-08
    ],
    [
      0.05204947665333748,
      0.02543371357023716,
      0.006486894097179174,
      0.0011514551006257534,
      0.00016003020573407412,
      1.857536335592158e-05,
      1.8757980342343217e-06,
      1.6950653503045032e-07,
      1.3992472069901396e-08
    ],
    [
      0.026171237230300903,
      0.012600361369550228,
      0.0031658182851970196,
      0.0005534609081223607,
      7.57445304770954e-05,
      8.65602123667486e-06,
      8.604487788943516e-07,
      7.652668898572301e-08,
      6.216435810557641e-09
    ],
    [
      0.011666879989206791,
      0.005534116644412279,
      0.0013696190435439348,
      0.00023581234563607723,
      3.177737380610779e-05,
      3.5751720588450553e-06,
      3.4981920293830626e-07,
      3.0619869306747205e-08,
      2.4475883542152133e-09
    ],
    [
      0.004706647712737322,
      0.002199440263211727,
      0.0005361511721275747,
      9.090704406844452e-05,
      1.2061916095262859e-05,
      1.3359464219320216e-06,
      1.2866490806118236e-07,
      1.1083511886056385e-08,
      8.71778815803026e-10
    ]
  ],
  "probs_results": [
    0.11938293278217316,
    0.8283864259719849,
    0.05223068594932556
  ]
}