{
  "skills_mean": [
    [
      0.2161676287651062,
      0.6015430688858032
    ],
    [
      0.6660376191139221,
      1.0977391004562378
    ]
  ],
  "skills_cov": [
    [
      [
        0.023529116064310074,
        0.012129666283726692
      ],
      [
        0.012129666283726692,
        0.023486526682972908
      ]
    ],
    [
      [
        0.02130303531885147,
        0.012613688595592976
      ],
      [
        0.012613688595592976,
        0.02814578264951706
      ]
    ]
  ],
  "probs_grid": [
    [
      0.05739603564143181,
      0.11263436079025269,
      0.11510109901428223,
      0.08165635168552399,
      0.04523729905486107,
      0.020872166380286217,
      0.008353497833013535,
      0.0029824241064488888,
      0.0009695252520032227
    ],
    [
      0.04725315421819687,
      0.09105969220399857,
      0.09136922657489777,
      0.06364120543003082,
      0.03461301699280739,
      0.015677418559789658,
      0.006159045733511448,
      0.002158388262614608,
      0.0006886759074404836
    ],
    [
      0.020417476072907448,
      0.038629405200481415,
      0.03805173933506012,
      0.02601725049316883,
      0.013889291323721409,
      0.006174551788717508,
      0.002380732214078307,
      0.0008187894127331674,
      0.00025638079387135804
    ],
    [
      0.006173045840114355,
      0.01146452222019434,
      0.011084550060331821,
      0.007438390050083399,
      0.003897115122526884,
      0.0017001582309603691,
      0.0006432696245610714,
      0.00021708745043724775,
      6.669791036983952e-05
    ],
    [
      0.0014690577518194914,
      0.0026776958256959915,
      0.0025407203938812017,
      0.001673100981861353,
      0.000860131171066314,
      0.0003681850794237107,
      0.0001366801152471453,
      4.525488839135505e-05,
      1.364103900414193e-05
    ],
    [
      0.0002935008378699422,
      0.0005249624373391271,
      0.0004887540708296001,
      0.0003157877072226256,
      0.00015927710046526045,
      6.688816210953519e-05,
      2.4359298549825326e-05,
      7.911989087006077e-06,
      2.339460706934915e-06
    ],
    [
      5.127407712279819e-05,
      8.998060366138816e-05,
      8.218935545301065e-05,
      5.2095423598075286e-05,
      2.577596387709491e-05,
      1.0618146006891038e-05,
      3.7930201415292686e-06,
      1.2084063882866758e-06,
      3.504600272208336e-07
    ],
    [
      8.055556463659741e-06,
      1.3868177120457403e-05,
      1.2426045941538177e-05,
      7.725750947429333e-06,
      3.7493775835173437e-06,
      1.5148782495089108e-06,
      5.307425112732744e-07,
      1.6583204853759526e-07,
      4.716725143794065e-08
    ],
    [
      1.1617469226621324e-06,
      1.9617946236394346e-06,
      1.724093976918084e-06,
      1.0513344932405744e-06,
      5.003942078474211e-07,
      1.9827473352052039e-07,
      6.81232847909996e-08,
      2.0873278216981817e-08,
      5.8218865284231924e-09
    ]
  ],
  "probs_results": [
    0.1950361281633377,
    0.1456504762172699,
    0.6593133807182312
  ]
}