{
  "skills_mean": [
    [
      0.08214279264211655,
      0.4952371418476105
    ],
    [
      -0.027861174196004868,
      0.7072902917861938
    ]
  ],
  "skills_cov": [
    [
      [
        0.022980768233537674,
        0.011290686205029488
      ],
      [
        0.011290686205029488,
        0.025119956582784653
      ]
    ],
    [
      [
        0.018576079979538918,
        0.009473934769630432
      ],
      [
        0.009473934769630432,
        0.022032130509614944
      ]
    ]
  ],
  "probs_grid": [
    [
      0.11081519722938538,
      0.12571831047534943,
      0.07431033998727798,
      0.030511027202010155,
      0.009789020754396915,
      0.002617513993754983,
      0.0006075708079151809,
      0.00012590950063895434,
      2.377872442593798e-05
    ],
    [
      0.11420629173517227,
      0.12777778506278992,
      0.07446902990341187,
      0.030141299590468407,
      0.009530987590551376,
      0.0025113120209425688,
      0.000574310019146651,
      0.00011723992065526545,
      2.180756018788088e-05
    ],
    [
      0.061406802386045456,
      0.06773995608091354,
      0.03891688957810402,
      0.015524323098361492,
      0.004837230313569307,
      0.0012557196896523237,
      0.0002828790748026222,
      5.68756258871872e-05,
      1.0418187230243348e-05
    ],
    [
      0.022965945303440094,
      0.024973466992378235,
      0.014140157029032707,
      0.005558163858950138,
      0.0017062522238120437,
      0.00043631120934151113,
      9.680448420112953e-05,
      1.91667986655375e-05,
      3.4568945466162404e-06
    ],
    [
      0.006720659788697958,
      0.0072024669498205185,
      0.004018398933112621,
      0.0015561528271064162,
      0.00047056100447662175,
      0.00011850991722894832,
      2.5892697522067465e-05,
      5.047733338869875e-06,
      8.962783226706961e-07
    ],
    [
      0.0016413129633292556,
      0.0017332065617665648,
      0.0009526601061224937,
      0.0003633987216744572,
      0.0001082249655155465,
      2.6840118152904324e-05,
      5.773863449576311e-06,
      1.1081283446401358e-06,
      1.9368212633708026e-07
    ],
    [
      0.00034842826426029205,
      0.0003624781093094498,
      0.00019625009736046195,
      7.372762775048614e-05,
      2.1621581254294142e-05,
      5.2795762712776195e-06,
      1.1180998171766987e-06,
      2.1122808391282888e-07,
      3.633708089978427e-08
    ],
    [
      6.612629658775404e-05,
      6.776057125534862e-05,
      3.613056833273731e-05,
      1.3366062376007903e-05,
      3.85931707569398e-06,
      9.277199524149182e-07,
      1.9339324808242964e-07,
      3.59588874232486e-08,
      6.08768813137317e-09
    ],
    [
      1.1452163562353235e-05,
      1.155726295110071e-05,
      6.068149559723679e-06,
      2.2101946797192795e-06,
      6.282439812821394e-07,
      1.4865298680888372e-07,
      3.0499144543227885e-08,
      5.5807931609308525e-09,
      9.296981517969982e-10
    ]
  ],
  "probs_results": [
    0.28357210755348206,
    0.33096370100975037,
    0.38546398282051086
  ]
}