{
  "skills_mean": [
    [
      0.2209477722644806,
      0.9666783809661865
    ],
    [
      0.7983092069625854,
      0.8113410472869873
    ]
  ],
  "skills_cov": [
    [
      [
        0.02184724062681198,
        0.011838926002383232
      ],
      [
        0.011838926002383232,
        0.024126973003149033
      ]
    ],
    [
      [
        0.017232760787010193,
        0.009865516796708107
      ],
      [
        0.009865516796708107,
        0.022525615990161896
      ]
    ]
  ],
  "probs_grid": [
    [
      0.06602536141872406,
      0.10513035953044891,
      0.08696562796831131,
      0.04982764646410942,
      0.022243861109018326,
      0.008251924999058247,
      0.0026496746577322483,
      0.0007573796901851892,
      0.0001967111020348966
    ],
    [
      0.0711011067032814,
      0.11141395568847656,
      0.09068954735994339,
      0.051125045865774155,
      0.022453615441918373,
      0.00819418951869011,
      0.0025881067849695683,
      0.0007276292890310287,
      0.00018586701480671763
    ],
    [
      0.03991137072443962,
      0.061537787318229675,
      0.04928293451666832,
      0.02733183279633522,
      0.011808041483163834,
      0.004238558001816273,
      0.0013166854623705149,
      0.0003640547511167824,
      9.145097283180803e-05
    ],
    [
      0.015569663606584072,
      0.02361818589270115,
      0.018607210367918015,
      0.010150648653507233,
      0.00431327149271965,
      0.0015227082185447216,
      0.00046517845476046205,
      0.0001264776656171307,
      3.124060822301544e-05
    ],
    [
      0.004748375155031681,
      0.007085628341883421,
      0.005490842740982771,
      0.0029460520017892122,
      0.0012311405735090375,
      0.0004274055827409029,
      0.0001283910678466782,
      3.4323777072131634e-05,
      8.335672646353487e-06
    ],
    [
      0.0012075043050572276,
      0.0017722906777635217,
      0.001350739854387939,
      0.0007127114804461598,
      0.0002928791509475559,
      9.997648885473609e-05,
      2.952855356852524e-05,
      7.76114575273823e-06,
      1.852984041761374e-06
    ],
    [
      0.0002666878281161189,
      0.0003849586646538228,
      0.0002885222202166915,
      0.0001496981712989509,
      6.048609793651849e-05,
      2.030020550591871e-05,
      5.894588412047597e-06,
      1.5230750705086393e-06,
      3.5746117532653443e-07
    ],
    [
      5.261229307507165e-05,
      7.468220428563654e-05,
      5.503854845301248e-05,
      2.8077425668016076e-05,
      1.1153712875966448e-05,
      3.6801075111725368e-06,
      1.0504711553949164e-06,
      2.668085699042422e-07,
      6.15508781720564e-08
    ],
    [
      9.463623428018764e-06,
      1.3208810742071364e-05,
      9.571008376951795e-06,
      4.800224360224092e-06,
      1.8746048908724333e-06,
      6.080096000005142e-07,
      1.705963086351403e-07,
      4.258911801002796e-08,
      9.656650590272875e-09
    ]
  ],
  "probs_results": [
    0.23824934661388397,
    0.2574313282966614,
    0.5043191909790039
  ]
}