{
  "skills_mean": [
    [
      0.3271816074848175,
      0.8367366790771484
    ],
    [
      0.5030524730682373,
      0.8131305575370789
    ]
  ],
  "skills_cov": [
    [
      [
        0.019778961315751076,
        0.0106427613645792
      ],
      [
        0.0106427613645792,
        0.023031115531921387
      ]
    ],
    [
      [
        0.01936444267630577,
        0.010535419918596745
      ],
      [
        0.010535419918596745,
        0.02277151122689247
      ]
    ]
  ],
  "probs_grid": [
    [
      0.07496284693479538,
      0.10222932696342468,
      0.07251887023448944,
      0.035676009953022,
      0.01369202509522438,
      0.004372358322143555,
      0.0012100677704438567,
      0.000298499217024073,
      6.699300138279796e-05
    ],
    [
      0.08879613876342773,
      0.1192401871085167,
      0.08327961713075638,
      0.04033198207616806,
      0.015236151404678822,
      0.004788611549884081,
      0.0013042028294876218,
      0.00031657671206630766,
      6.990806286921725e-05
    ],
    [
      0.05473286658525467,
      0.07236242294311523,
      0.04975192993879318,
      0.023716457188129425,
      0.008817709051072598,
      0.002727249637246132,
      0.0007308913045562804,
      0.0001745580229908228,
      3.792318966588937e-05
    ],
    [
      0.023405425250530243,
      0.03046201914548874,
      0.020614858716726303,
      0.00967153999954462,
      0.0035385931842029095,
      0.001076925895176828,
      0.0002839615917764604,
      6.671986920991912e-05,
      1.4259179806686006e-05
    ],
    [
      0.007811248302459717,
      0.01000654324889183,
      0.006664653308689594,
      0.0030769312288612127,
      0.0011077304370701313,
      0.000331687624566257,
      8.604090544395149e-05,
      1.9886907466570847e-05,
      4.180616542726057e-06
    ],
    [
      0.002169976243749261,
      0.0027358238585293293,
      0.0017930972389876842,
      0.0008145575411617756,
      0.00028851866954937577,
      8.498966053593904e-05,
      2.168715582229197e-05,
      4.9305090215057135e-06,
      1.0194371498073451e-06
    ],
    [
      0.0005226536886766553,
      0.0006484373589046299,
      0.00041817635064944625,
      0.0001869006227934733,
      6.512631807709113e-05,
      1.8871451175073162e-05,
      4.736568371299654e-06,
      1.0591136287985137e-06,
      2.1536314420700364e-07
    ],
    [
      0.00011225271737203002,
      0.0001370332611259073,
      8.694601274328306e-05,
      3.822900544037111e-05,
      1.3103670426062308e-05,
      3.7347404031606857e-06,
      9.219437515639584e-07,
      2.0273930090297654e-07,
      4.054089330907118e-08
    ],
    [
      2.1944269974483177e-05,
      2.6356216039857827e-05,
      1.6451247574877925e-05,
      7.115339485608274e-06,
      2.3989032342797145e-06,
      6.724554282300232e-07,
      1.6325225260516163e-07,
      3.5303298062672184e-08,
      6.941694774553753e-09
    ]
  ],
  "probs_results": [
    0.2548409700393677,
    0.32808417081832886,
    0.41707465052604675
  ]
}