{
  "skills_mean": [
    [
      0.5896503329277039,
      1.1431326866149902
    ],
    [
      0.5379804372787476,
      0.9467321038246155
    ]
  ],
  "skills_cov": [
    [
      [
        0.021163128316402435,
        0.012137665413320065
      ],
      [
        0.012137665413320065,
        0.0268706064671278
      ]
    ],
    [
      [
        0.019452178850769997,
        0.011728046461939812
      ],
      [
        0.011728046461939812,
        0.026584690436720848
      ]
    ]
  ],
  "probs_grid": [
    [
      0.08821874856948853,
      0.09331215173006058,
      0.05154067277908325,
      0.01981988735496998,
      0.005969083867967129,
      0.001501624588854611,
      0.00032866231049411,
      6.436761759687215e-05,
      1.1513983736222144e-05
    ],
    [
      0.11716531962156296,
      0.12181535363197327,
      0.0661243125796318,
      0.02498535066843033,
      0.007392583880573511,
      0.001826791325584054,
      0.00039269603439606726,
      7.552616443717852e-05,
      1.3265595953271259e-05
    ],
    [
      0.08132804930210114,
      0.08309903740882874,
      0.044323407113552094,
      0.016453765332698822,
      0.004782100208103657,
      0.0011606269981712103,
      0.0002450101892463863,
      4.626962618203834e-05,
      7.97897700977046e-06
    ],
    [
      0.039334651082754135,
      0.03949252516031265,
      0.020695028826594353,
      0.007546506356447935,
      0.0021541938185691833,
      0.0005134354578331113,
      0.00010642663255566731,
      1.973259713849984e-05,
      3.3404926398361567e-06
    ],
    [
      0.014910964295268059,
      0.014708450064063072,
      0.007571338675916195,
      0.0027117133140563965,
      0.0007601778488606215,
      0.00017790707352105528,
      3.620620191213675e-05,
      6.590123120986391e-06,
      1.0950960813715938e-06
    ],
    [
      0.004725060425698757,
      0.00457859318703413,
      0.0023149277549237013,
      0.0008142324513755739,
      0.00022413182887248695,
      5.1500544941518456e-05,
      1.0289229976478964e-05,
      1.8383532278676284e-06,
      2.9983348781570385e-07
    ],
    [
      0.001303626922890544,
      0.0012407609028741717,
      0.0006160888005979359,
      0.00021278802887536585,
      5.750959098804742e-05,
      1.2972900549357291e-05,
      2.5441866000619484e-06,
      4.4616132299779565e-07,
      7.141656510611938e-08
    ],
    [
      0.0003220484941266477,
      0.0003010355867445469,
      0.00014678332081530243,
      4.9777117965277284e-05,
      1.3207503798184916e-05,
      2.9246041322039673e-06,
      5.629672159557231e-07,
      9.689191671213848e-08,
      1.52200847480799e-08
    ],
    [
      7.271213689818978e-05,
      6.674535688944161e-05,
      3.195524914190173e-05,
      1.0639104402798694e-05,
      2.7711289476428647e-06,
      6.023063860993716e-07,
      1.1379008668654933e-07,
      1.9219360325450907e-08,
      2.96251290166083e-09
    ]
  ],
  "probs_results": [
    0.2627330422401428,
    0.43816423416137695,
    0.29910290241241455
  ]
}