{
  "skills_mean": [
    [
      -0.2127683460712433,
      0.3476235568523407
    ],
    [
      0.0321476049721241,
      0.37904292345046997
    ]
  ],
  "skills_cov": [
    [
      [
        0.024296164512634277,
        0.012374105863273144
      ],
      [
        0.012374105863273144,
        0.02432244084775448
      ]
    ],
    [
      [
        0.019058795645833015,
        0.010038473643362522
      ],
      [
        0.010038473643362522,
        0.020564241334795952
      ]
    ]
  ],
  "probs_grid": [
    [
      0.0822637602686882,
      0.11391547322273254,
      0.08212302625179291,
      0.041091859340667725,
      0.016053466126322746,
      0.00522265350446105,
      0.0014736985322088003,
      0.0003709469165187329,
      8.501779666403309e-05
    ],
    [
      0.08814796060323715,
      0.12010018527507782,
      0.08517660200595856,
      0.04192247614264488,
      0.016107972711324692,
      0.005153392441570759,
      0.0014298594323918223,
      0.00035386322997510433,
      7.973188621690497e-05
    ],
    [
      0.04925895109772682,
      0.06602374464273453,
      0.046057604253292084,
      0.02229446917772293,
      0.008423813618719578,
      0.0026499058585613966,
      0.0007228619651868939,
      0.0001758655853336677,
      3.895137706422247e-05
    ],
    [
      0.01913965679705143,
      0.02523268386721611,
      0.01731104776263237,
      0.008239972405135632,
      0.0030612233094871044,
      0.0009467361378483474,
      0.00025387725327163935,
      6.071281313779764e-05,
      1.3216527804615907e-05
    ],
    [
      0.005816722754389048,
      0.0075414907187223434,
      0.005087612196803093,
      0.0023810251150280237,
      0.0008696301374584436,
      0.00026437893393449485,
      6.96851420798339e-05,
      1.6378655345761217e-05,
      3.50398931914242e-06
    ],
    [
      0.0014747256645932794,
      0.0018800906836986542,
      0.0012470231158658862,
      0.0005737420287914574,
      0.00020598511036951095,
      6.155111623229459e-05,
      1.5944808183121495e-05,
      3.6829201235377695e-06,
      7.742469279037323e-07
    ],
    [
      0.0003248811699450016,
      0.00040721529512666166,
      0.00026552448980510235,
      0.00012008457269985229,
      4.2374573240522295e-05,
      1.2444170351955108e-05,
      3.1679160201747436e-06,
      7.190147357505339e-07,
      1.4852017216071545e-07
    ],
    [
      6.396100070560351e-05,
      7.88122633821331e-05,
      5.051361949881539e-05,
      2.2453463316196576e-05,
      7.786717105773278e-06,
      2.2471442662208574e-06,
      5.621089371743437e-07,
      1.2535301152638567e-07,
      2.5439211626121505e-08
    ],
    [
      1.1486780749692116e-05,
      1.3912549547967501e-05,
      8.7641283244011e-06,
      3.828518401860492e-06,
      1.304702209381503e-06,
      3.6996678431933105e-07,
      9.09273367710739e-08,
      1.9921445826298623e-08,
      3.971674100711198e-09
    ]
  ],
  "probs_results": [
    0.2576129138469696,
    0.2927803695201874,
    0.4496064782142639
  ]
}