{
  "skills_mean": [
    [
      -0.01818402297794819,
      0.38589340448379517
    ],
    [
      0.7002599835395813,
      1.364579439163208
    ]
  ],
  "skills_cov": [
    [
      [
        0.020384611561894417,
        0.010026256553828716
      ],
      [
        0.010026256553828716,
        0.020287277176976204
      ]
    ],
    [
      [
        0.018354658037424088,
        0.011729789897799492
      ],
      [
        0.011729789897799492,
        0.028570188209414482
      ]
    ]
  ],
  "probs_grid": [
    [
      0.04572164639830589,
      0.11294859647750854,
      0.14447760581970215,
      0.12757731974124908,
      0.08747921139001846,
      0.04967915266752243,
      0.024336591362953186,
      0.010576573200523853,
      0.004162287339568138
    ],
    [
      0.02330816350877285,
      0.056737955659627914,
      0.0715072900056839,
      0.06220627576112747,
      0.04201783239841461,
      0.02350345253944397,
      0.011339910328388214,
      0.004853487014770508,
      0.0018809173488989472
    ],
    [
      0.006225166842341423,
      0.01492798887193203,
      0.018531817942857742,
      0.015878167003393173,
      0.010562334209680557,
      0.005818115547299385,
      0.0027640890330076218,
      0.001164818648248911,
      0.00044443580554798245
    ],
    [
      0.0011613756651058793,
      0.002742791548371315,
      0.003353042295202613,
      0.0028288725297898054,
      0.0018528071232140064,
      0.0010047964751720428,
      0.0004699417913798243,
      0.00019494847219903022,
      7.321767770918086e-05
    ],
    [
      0.0001702582958387211,
      0.00039590380038134754,
      0.0004764976620208472,
      0.00039575487608090043,
      0.00025515444576740265,
      0.00013620163372252136,
      6.269797449931502e-05,
      2.5598288630135357e-05,
      9.461658919462934e-06
    ],
    [
      2.092027170874644e-05,
      4.7885878302622586e-05,
      5.6728949857642874e-05,
      4.6373090299312025e-05,
      2.9424609238049015e-05,
      1.545724990137387e-05,
      7.002002803346841e-06,
      2.8130484679422807e-06,
      1.023086497298209e-06
    ],
    [
      2.244182496724534e-06,
      5.055459951108787e-06,
      5.893738034501439e-06,
      4.740866188512882e-06,
      2.9599402751046e-06,
      1.529896394458774e-06,
      6.818498832217301e-07,
      2.6950198162012384e-07,
      9.642698017842122e-08
    ],
    [
      2.1616924072986876e-07,
      4.791459105035756e-07,
      5.495951427292312e-07,
      4.3494091528373247e-07,
      2.671488630312524e-07,
      1.3583445479525835e-07,
      5.955193316253826e-08,
      2.3153219785854162e-08,
      8.148468566560041e-09
    ],
    [
      1.9085632629867177e-08,
      4.161658040402472e-08,
      4.695733579751504e-08,
      3.6553661431071305e-08,
      2.2083810335971066e-08,
      1.1044149594852115e-08,
      4.762154226511939e-09,
      1.8209153074266737e-09,
      6.302491306620084e-10
    ]
  ],
  "probs_results": [
    0.12452822178602219,
    0.05357084795832634,
    0.8219011425971985
  ]
}