{
  "skills_mean": [
    [
      -0.14877039194107056,
      0.5230205059051514
    ],
    [
      0.6286054849624634,
      0.8488039970397949
    ]
  ],
  "skills_cov": [
    [
      [
        0.018981141969561577,
        0.010264944285154343
      ],
      [
        0.010264944285154343,
        0.023197583854198456
      ]
    ],
    [
      [
        0.01795576512813568,
        0.010535139590501785
      ],
      [
        0.010535139590501785,
        0.024077797308564186
      ]
    ]
  ],
  "probs_grid": [
    [
      0.05801592022180557,
      0.11831124871969223,
      0.1252579689025879,
      0.0917859748005867,
      0.0523652657866478,
      0.024807574227452278,
      0.010164264589548111,
      0.0037042449694126844,
      0.0012256199261173606
    ],
    [
      0.04257560893893242,
      0.08555832505226135,
      0.08925101161003113,
      0.0644330084323883,
      0.03621228039264679,
      0.01689806766808033,
      0.0068191769532859325,
      0.002447514096274972,
      0.0007974808104336262
    ],
    [
      0.016275087371468544,
      0.03222290426492691,
      0.03311373293399811,
      0.023547904565930367,
      0.013034905306994915,
      0.005990453530102968,
      0.0023806248791515827,
      0.0008413746254518628,
      0.00026993631036020815
    ],
    [
      0.00432071415707469,
      0.008426722139120102,
      0.008529427461326122,
      0.005973665043711662,
      0.0032563828863203526,
      0.0014736411394551396,
      0.0005766276735812426,
      0.00020064919954165816,
      6.33762901998125e-05
    ],
    [
      0.0008961730054579675,
      0.001721402513794601,
      0.0017158924601972103,
      0.0011833669850602746,
      0.0006351661868393421,
      0.00028299883706495166,
      0.00010901843779720366,
      3.734451820491813e-05,
      1.1611195077421144e-05
    ],
    [
      0.0001548962900415063,
      0.0002929871261585504,
      0.0002875642676372081,
      0.00019525751122273505,
      0.00010317784472135827,
      4.525478288996965e-05,
      1.7160637071356177e-05,
      5.786139354313491e-06,
      1.7707011465972755e-06
    ],
    [
      2.3238655558088794e-05,
      4.327814167481847e-05,
      4.181860640528612e-05,
      2.795272484945599e-05,
      1.4539660696755163e-05,
      6.277052307268605e-06,
      2.3427323867508676e-06,
      7.774157211315469e-07,
      2.3413383587467251e-07
    ],
    [
      3.112542117378325e-06,
      5.706366664526286e-06,
      5.427682481240481e-06,
      3.571017714421032e-06,
      1.828171662054956e-06,
      7.767612260067835e-07,
      2.852986824564141e-07,
      9.316537585846163e-08,
      2.7610266073452294e-08
    ],
    [
      3.7991429735484417e-07,
      6.855786409687425e-07,
      6.418126758944709e-07,
      4.155788531079452e-07,
      2.093725157692461e-07,
      8.75401795497055e-08,
      3.1638439423886666e-08,
      1.0165885022672683e-08,
      2.964280154671428e-09
    ]
  ],
  "probs_results": [
    0.18352627754211426,
    0.11919950693845749,
    0.6972739696502686
  ]
}