{
  "final_loss": 156222.484375,
  "final_log_normalizing_constant": -156222.484375,
  "steps": 200,
  "learning_rate": 0.1,
  "max_goals": 8,
  "max_matches": null,
  "params": {
    "kappa": 2.9968101443955675e-05,
    "friendly_scale": 1.0465606451034546,
    "alpha": 0.6568381786346436,
    "beta": -5.157745838165283,
    "init_chol_cov": [
      [
        0.6620293259620667,
        0.0
      ],
      [
        0.5266839265823364,
        0.4011070430278778
      ]
    ],
    "init_mean": [
      0.0,
      0.0
    ]
  }
}