{
  "final_loss": 156727.265625,
  "final_log_normalizing_constant": -156727.265625,
  "steps": 200,
  "learning_rate": 0.1,
  "max_goals": 8,
  "max_matches": null,
  "params": {
    "tau": 0.0046978965401649475,
    "kappa": 1.9071430870098993e-05,
    "friendly_scale": 1.0385863780975342,
    "alpha": 0.8146775960922241,
    "beta": -5.207250118255615,
    "init_sd": 0.003381370333954692,
    "init_corr": 0.9632318615913391,
    "init_cov": [
      [
        1.1433665349613875e-05,
        1.1013270523108076e-05
      ],
      [
        1.1013270523108076e-05,
        1.1433665349613875e-05
      ]
    ],
    "init_chol_cov": [
      [
        0.003381370333954692,
        0.0
      ],
      [
        0.0032570436596870422,
        0.00090847781393677
      ]
    ]
  }
}