{
  "skills_mean": [
    [
      0.09580507129430771,
      0.7913632988929749
    ],
    [
      0.6953444480895996,
      1.1045746803283691
    ]
  ],
  "skills_cov": [
    [
      [
        0.025118647143244743,
        0.011634795926511288
      ],
      [
        0.011634795926511288,
        0.022185752168297768
      ]
    ],
    [
      [
        0.017680075019598007,
        0.009986702352762222
      ],
      [
        0.009986702352762222,
        0.023550841957330704
      ]
    ]
  ],
  "probs_grid": [
    [
      0.08490677922964096,
      0.14387230575084686,
      0.12648557126522064,
      0.07691936939954758,
      0.03639790415763855,
      0.014293950982391834,
      0.004852340091019869,
      0.0014644224429503083,
      0.00040106006781570613
    ],
    [
      0.06121103838086128,
      0.10220015794038773,
      0.08851881325244904,
      0.053025856614112854,
      0.024713072925806046,
      0.009557531215250492,
      0.003194743301719427,
      0.0009492794633843005,
      0.00025593835744075477
    ],
    [
      0.023108968511223793,
      0.038007888942956924,
      0.03242408484220505,
      0.019128112122416496,
      0.008778274059295654,
      0.003342527197673917,
      0.001099928980693221,
      0.00032171967905014753,
      8.537534449715167e-05
    ],
    [
      0.006091243587434292,
      0.009866468608379364,
      0.008288232609629631,
      0.004814147017896175,
      0.0021750004962086678,
      0.0008152322261594236,
      0.0002640481689013541,
      7.600943354191259e-05,
      1.9849785530823283e-05
    ],
    [
      0.001261041616089642,
      0.0020111557096242905,
      0.0016632381593808532,
      0.0009509803494438529,
      0.0004228876205161214,
      0.0001559973752591759,
      4.972204260411672e-05,
      1.4083987480262294e-05,
      3.6188528156344546e-06
    ],
    [
      0.00021869986085221171,
      0.00034334417432546616,
      0.00027948289061896503,
      0.0001572692854097113,
      6.882189336465672e-05,
      2.498091089364607e-05,
      7.83415453042835e-06,
      2.1831617686984828e-06,
      5.51843754692527e-07
    ],
    [
      3.309479507151991e-05,
      5.1134706154698506e-05,
      4.096114935236983e-05,
      2.2680362235405482e-05,
      9.76523369899951e-06,
      3.487203912300174e-06,
      1.0758202506622183e-06,
      2.9490351494132483e-07,
      7.332076989996494e-08
    ],
    [
      4.494314907788066e-06,
      6.8329868554428685e-06,
      5.385390522860689e-06,
      2.9336385978240287e-06,
      1.2425522299963632e-06,
      4.3646619474202453e-07,
      1.3244100216525112e-07,
      3.570611184500194e-08,
      8.730552281122073e-09
    ],
    [
      5.590868568106089e-07,
      8.362554808627465e-07,
      6.483661536549334e-07,
      3.4741523791126383e-07,
      1.4473123144398414e-07,
      5.0000256379689745e-08,
      1.4920678026442147e-08,
      3.955719751758124e-09,
      9.51077994137961e-10
    ]
  ],
  "probs_results": [
    0.22485043108463287,
    0.15375150740146637,
    0.6213980317115784
  ]
}