{
  "skills_mean": [
    [
      0.33234089612960815,
      0.9005423188209534
    ],
    [
      0.23204223811626434,
      0.5120282769203186
    ]
  ],
  "skills_cov": [
    [
      [
        0.018253888934850693,
        0.009892960079014301
      ],
      [
        0.009892960079014301,
        0.02057749778032303
      ]
    ],
    [
      [
        0.020060954615473747,
        0.011150495149195194
      ],
      [
        0.011150495149195194,
        0.02405664324760437
      ]
    ]
  ],
  "probs_grid": [
    [
      0.07299596816301346,
      0.07299356907606125,
      0.03792435675859451,
      0.01364951953291893,
      0.0038283553440123796,
      0.0008924993453547359,
      0.00018013927910942584,
      3.2376010494772345e-05,
      5.289089585858164e-06
    ],
    [
      0.11463884264230728,
      0.11290260404348373,
      0.0577642060816288,
      0.02046997658908367,
      0.005652140360325575,
      0.0012970416573807597,
      0.00025766005273908377,
      4.557272040983662e-05,
      7.32586340745911e-06
    ],
    [
      0.09361905604600906,
      0.09079597890377045,
      0.0457393117249012,
      0.015957221388816833,
      0.004337164107710123,
      0.000979595584794879,
      0.000191509272553958,
      3.333112908876501e-05,
      5.271829650155269e-06
    ],
    [
      0.05300230532884598,
      0.05061446875333786,
      0.025102458894252777,
      0.00862076599150896,
      0.002306232927367091,
      0.0005126275354996324,
      9.861765283858404e-05,
      1.6888032405404374e-05,
      2.627916728670243e-06
    ],
    [
      0.02340097911655903,
      0.022001022472977638,
      0.01074129156768322,
      0.003630818100646138,
      0.0009559361496940255,
      0.00020909614977426827,
      3.957956869271584e-05,
      6.668438345514005e-06,
      1.02080809938343e-06
    ],
    [
      0.008593449369072914,
      0.007953525520861149,
      0.003822105471044779,
      0.0012715351767838001,
      0.00032944377744570374,
      7.090556755429134e-05,
      1.320514093094971e-05,
      2.1887269667786313e-06,
      3.2958496376522817e-07
    ],
    [
      0.002733874600380659,
      0.0024906478356570005,
      0.001177998841740191,
      0.00038566533476114273,
      9.832326759351417e-05,
      2.0821093130507506e-05,
      3.814798674284248e-06,
      6.219925694495032e-07,
      9.212721607809726e-08
    ],
    [
      0.0007749180076643825,
      0.000694852031301707,
      0.00032342819031327963,
      0.00010419551108498126,
      2.6136953238165006e-05,
      5.445264832815155e-06,
      9.81438120106759e-07,
      1.5740315006951278e-07,
      2.2930631615736274e-08
    ],
    [
      0.00019975894247181714,
      0.00017628287605475634,
      8.074491779552773e-05,
      2.5595290935598314e-05,
      6.316783128568204e-06,
      1.2946379683853593e-06,
      2.2953078371301672e-07,
      3.620785449243158e-08,
      5.1877733220351274e-09
    ]
  ],
  "probs_results": [
    0.24132610857486725,
    0.5189235806465149,
    0.23975035548210144
  ]
}