{
  "skills_mean": [
    [
      0.5802001357078552,
      1.198250412940979
    ],
    [
      0.39137154817581177,
      0.7853152751922607
    ]
  ],
  "skills_cov": [
    [
      [
        0.019152911379933357,
        0.01197477150708437
      ],
      [
        0.01197477150708437,
        0.028128238394856453
      ]
    ],
    [
      [
        0.019988304004073143,
        0.011536159552633762
      ],
      [
        0.011536159552633762,
        0.02461359277367592
      ]
    ]
  ],
  "probs_grid": [
    [
      0.08618197590112686,
      0.07541526854038239,
      0.03452848643064499,
      0.011027534492313862,
      0.0027636392042040825,
      0.0005796682671643794,
      0.00010598993685562164,
      1.737531965773087e-05,
      2.606745511002373e-06
    ],
    [
      0.13190264999866486,
      0.11350588500499725,
      0.05109340697526932,
      0.016040058806538582,
      0.003950631245970726,
      0.0008142264559864998,
      0.00014626444317400455,
      2.355309516133275e-05,
      3.4705026337178424e-06
    ],
    [
      0.10511315613985062,
      0.08893624693155289,
      0.03935437276959419,
      0.012142777442932129,
      0.002938892226666212,
      0.0005951049388386309,
      0.00010501444194233045,
      1.6609483282081783e-05,
      2.403467533440562e-06
    ],
    [
      0.05814636871218681,
      0.04836606979370117,
      0.02103615738451481,
      0.006378558464348316,
      0.0015168549725785851,
      0.00030174432322382927,
      5.2301424148026854e-05,
      8.124145097099245e-06,
      1.1544078688530135e-06
    ],
    [
      0.025116456672549248,
      0.020536039024591446,
      0.00877811387181282,
      0.0026154080405831337,
      0.000611041730735451,
      0.00011940102558583021,
      2.0326440790086053e-05,
      3.100593403360108e-06,
      4.3260362758701376e-07
    ],
    [
      0.009035377763211727,
      0.007260934915393591,
      0.00304991053417325,
      0.0008928164606913924,
      0.000204908981686458,
      3.932790059479885e-05,
      6.574995495611802e-06,
      9.848339459495037e-07,
      1.3490850392372522e-07
    ],
    [
      0.0028194657061249018,
      0.0022266532760113478,
      0.0009189932607114315,
      0.00026429080753587186,
      5.958122346783057e-05,
      1.123090805776883e-05,
      1.8438111055729678e-06,
      2.7116641376778716e-07,
      3.646805168955325e-08
    ],
    [
      0.0007848828099668026,
      0.0006090961978770792,
      0.00024698436027392745,
      6.977427983656526e-05,
      1.54495191964088e-05,
      2.8599095003301045e-06,
      4.610299697560549e-07,
      6.656880913169516e-08,
      8.788601846276833e-09
    ],
    [
      0.00019895899458788335,
      0.00015170483675319701,
      6.04322885919828e-05,
      1.676933425187599e-05,
      3.646654477051925e-06,
      6.628774258388148e-07,
      1.0491961432990138e-07,
      1.4872814979582927e-08,
      1.9274755125309184e-09
    ]
  ],
  "probs_results": [
    0.24610507488250732,
    0.5395227074623108,
    0.21437227725982666
  ]
}