{
  "skills_mean": [
    [
      0.5713135004043579,
      1.1402437686920166
    ],
    [
      -0.15812227129936218,
      0.5478989481925964
    ]
  ],
  "skills_cov": [
    [
      [
        0.02172713540494442,
        0.0125315822660923
      ],
      [
        0.0125315822660923,
        0.02725272625684738
      ]
    ],
    [
      [
        0.021634969860315323,
        0.011145411990582943
      ],
      [
        0.011145411990582943,
        0.02374870702624321
      ]
    ]
  ],
  "probs_grid": [
    [
      0.08253411203622818,
      0.04526851698756218,
      0.013007394969463348,
      0.0026105756405740976,
      0.0004116871568839997,
      5.441153552965261e-05,
      6.277885404415429e-06,
      6.50348226827191e-07,
      6.174737876563086e-08
    ],
    [
      0.1547754853963852,
      0.08358284085988998,
      0.023638634011149406,
      0.004668166860938072,
      0.00072415207978338,
      9.412118379259482e-05,
      1.0676577403501142e-05,
      1.0871308404603042e-06,
      1.0143137529894375e-07
    ],
    [
      0.15127699077129364,
      0.08041788637638092,
      0.022381506860256195,
      0.00434828968718648,
      0.0006634189048781991,
      8.478486415697262e-05,
      9.454304745304398e-06,
      9.461176659897319e-07,
      8.673743678855317e-08
    ],
    [
      0.10273659229278564,
      0.05375128239393234,
      0.014719163998961449,
      0.0028128712438046932,
      0.00042202978511340916,
      5.3026145906187594e-05,
      5.811868504679296e-06,
      5.715438078368607e-07,
      5.1479990048619584e-08
    ],
    [
      0.054531894624233246,
      0.02807524986565113,
      0.007563225459307432,
      0.0014215060509741306,
      0.00020970487094018608,
      2.5901172193698585e-05,
      2.7900473469344433e-06,
      2.6959978072227386e-07,
      2.3855884379031522e-08
    ],
    [
      0.024127619341015816,
      0.012221597135066986,
      0.0032384509686380625,
      0.0005985443713143468,
      8.681004692334682e-05,
      1.0538924470893107e-05,
      1.1156056416439242e-06,
      1.0591377730406748e-07,
      9.206155837659935e-09
    ],
    [
      0.00926787406206131,
      0.004618177190423012,
      0.0012035059044137597,
      0.00021871141507290304,
      3.118246968369931e-05,
      3.7205577427812386e-06,
      3.8699391780028236e-07,
      3.609462240206085e-08,
      3.0816562635038736e-09
    ],
    [
      0.003178446553647518,
      0.0015578464372083545,
      0.00039922480937093496,
      7.132744212867692e-05,
      9.995784239436034e-06,
      1.1720477459675749e-06,
      1.197805090669135e-07,
      1.0974569697452807e-08,
      9.202675843589248e-10
    ],
    [
      0.0009933547116816044,
      0.00047882949002087116,
      0.00012065373448422179,
      2.119102828146424e-05,
      2.9187258405727334e-06,
      3.3629157769610174e-07,
      3.376513291186711e-08,
      3.038799656351898e-09,
      2.502571205820203e-10
    ]
  ],
  "probs_results": [
    0.1916530728340149,
    0.7121709585189819,
    0.09617603570222855
  ]
}