{
  "skills_mean": [
    [
      0.6990761756896973,
      1.334586501121521
    ],
    [
      0.013228611089289188,
      0.7334896326065063
    ]
  ],
  "skills_cov": [
    [
      [
        0.01666746661067009,
        0.01041893009096384
      ],
      [
        0.01041893009096384,
        0.027130762115120888
      ]
    ],
    [
      [
        0.018131831660866737,
        0.00897506345063448
      ],
      [
        0.00897506345063448,
        0.021031534299254417
      ]
    ]
  ],
  "probs_grid": [
    [
      0.0927361398935318,
      0.049289412796497345,
      0.013681934215128422,
      0.0026445596013218164,
      0.00040041108150035143,
      5.065439472673461e-05,
      5.576941930485191e-06,
      5.496137873706175e-07,
      4.9492150822061376e-08
    ],
    [
      0.1660904884338379,
      0.08725946396589279,
      0.023934153839945793,
      0.0045697507448494434,
      0.0006832494982518256,
      8.532884385203943e-05,
      9.27172732190229e-06,
      9.015582804750011e-07,
      8.008231588974013e-08
    ],
    [
      0.1540425568819046,
      0.0799795389175415,
      0.021672623232007027,
      0.004086740780621767,
      0.0006032906239852309,
      7.436780288117006e-05,
      7.973992069310043e-06,
      7.64938818065275e-07,
      6.701695554056641e-08
    ],
    [
      0.09863753616809845,
      0.05060139298439026,
      0.01354383397847414,
      0.0025218829978257418,
      0.0003675108018796891,
      4.471040301723406e-05,
      4.730091859528329e-06,
      4.4759644879377447e-07,
      3.8673380942100266e-08
    ],
    [
      0.04905309900641441,
      0.024859145283699036,
      0.0065710642375051975,
      0.0012080010492354631,
      0.00017375784227624536,
      2.0859519281657413e-05,
      2.177116812163149e-06,
      2.0319636462318158e-07,
      1.731266863203018e-08
    ],
    [
      0.02020723931491375,
      0.01011456549167633,
      0.0026399483904242516,
      0.0004790808307006955,
      6.800753908464685e-05,
      8.055327270994894e-06,
      8.293276891890855e-07,
      7.633620668912044e-08,
      6.412960384949429e-09
    ],
    [
      0.0071821571327745914,
      0.003550106193870306,
      0.0009147872915491462,
      0.00016385260096285492,
      2.2951746359467506e-05,
      2.6819768663699506e-06,
      2.7234256094743614e-07,
      2.4719868818579016e-08,
      2.0474468787057276e-09
    ],
    [
      0.0022652018815279007,
      0.001105529023334384,
      0.00028119966736994684,
      4.970599911757745e-05,
      6.86959447193658e-06,
      7.91833997482172e-07,
      7.929870804446182e-08,
      7.097097132202634e-09,
      5.794926760671615e-10
    ],
    [
      0.0006471110391430557,
      0.000311783398501575,
      7.827146328054368e-05,
      1.3652204870595597e-05,
      1.8613752672536066e-06,
      2.116181860856159e-07,
      2.0898422548043527e-08,
      1.8440490245907881e-09,
      1.4842369000511724e-10
    ]
  ],
  "probs_results": [
    0.20444636046886444,
    0.6949463486671448,
    0.10060720890760422
  ]
}