{
  "skills_mean": [
    [
      0.25439563393592834,
      0.8725783228874207
    ],
    [
      0.797677755355835,
      1.1316742897033691
    ]
  ],
  "skills_cov": [
    [
      [
        0.02343900315463543,
        0.013881227001547813
      ],
      [
        0.013881227001547813,
        0.0277150496840477
      ]
    ],
    [
      [
        0.016671784222126007,
        0.010220599360764027
      ],
      [
        0.010220599360764027,
        0.025824138894677162
      ]
    ]
  ],
  "probs_grid": [
    [
      0.07398851215839386,
      0.12767210602760315,
      0.11473197489976883,
      0.07158436626195908,
      0.03488178551197052,
      0.014157963916659355,
      0.004985371604561806,
      0.0015662690857425332,
      0.0004481291398406029
    ],
    [
      0.06081285700201988,
      0.10312947630882263,
      0.09106907248497009,
      0.05582813918590546,
      0.026726040989160538,
      0.010656001046299934,
      0.003685607574880123,
      0.0011372616281732917,
      0.00031955644953995943
    ],
    [
      0.026179194450378418,
      0.04362213984131813,
      0.03784484416246414,
      0.022790437564253807,
      0.010716530494391918,
      0.004196562338620424,
      0.0014254491543397307,
      0.0004319300060160458,
      0.00011917393567273393
    ],
    [
      0.007869638502597809,
      0.012881966307759285,
      0.010977682657539845,
      0.00649293651804328,
      0.0029983764979988337,
      0.0011530069168657064,
      0.00038455857429653406,
      0.00011441053356975317,
      3.09919414576143e-05
    ],
    [
      0.0018582803895696998,
      0.0029876800253987312,
      0.0025004229974001646,
      0.001452291151508689,
      0.0006585222436115146,
      0.0002486298908479512,
      8.141222497215495e-05,
      2.3777747628628276e-05,
      6.322747594822431e-06
    ],
    [
      0.0003676371416077018,
      0.0005804462707601488,
      0.0004770011582877487,
      0.000272018980467692,
      0.00012109333329135552,
      4.48823266196996e-05,
      1.442628854420036e-05,
      4.135732069698861e-06,
      1.079396611203265e-06
    ],
    [
      6.347046291921288e-05,
      9.839276026468724e-05,
      7.938354974612594e-05,
      4.4441061618272215e-05,
      1.9419889213168062e-05,
      7.065012141538318e-06,
      2.228826133432449e-06,
      6.270952326303814e-07,
      1.6062016072737606e-07
    ],
    [
      9.83478003035998e-06,
      1.496714867244009e-05,
      1.1853677278850228e-05,
      6.513580956379883e-06,
      2.7935998332395684e-06,
      9.974347676688922e-07,
      3.087992865857814e-07,
      8.525891814770148e-08,
      2.1428530061484707e-08
    ],
    [
      1.396089032823511e-06,
      2.085495225401246e-06,
      1.6211033653235063e-06,
      8.742456998334092e-07,
      3.6796370750380447e-07,
      1.2892168399503134e-07,
      3.916472834930573e-08,
      1.0609973344344326e-08,
      2.6163993194217028e-09
    ]
  ],
  "probs_results": [
    0.22223271429538727,
    0.17338192462921143,
    0.6043853163719177
  ]
}