{
  "skills_mean": [
    [
      0.24125754833221436,
      0.8226337432861328
    ],
    [
      0.009160294197499752,
      0.7286258339881897
    ]
  ],
  "skills_cov": [
    [
      [
        0.02034015767276287,
        0.011020580306649208
      ],
      [
        0.011020580306649208,
        0.024322709068655968
      ]
    ],
    [
      [
        0.01827549748122692,
        0.009149798192083836
      ],
      [
        0.009149798192083836,
        0.021393051370978355
      ]
    ]
  ],
  "probs_grid": [
    [
      0.12707850337028503,
      0.10944531857967377,
      0.049083080142736435,
      0.015282400883734226,
      0.0037162506487220526,
      0.0007527918787673116,
      0.00013231321645434946,
      2.0753783246618696e-05,
      2.9654001991730183e-06
    ],
    [
      0.14878690242767334,
      0.12651869654655457,
      0.05600615590810776,
      0.01720796711742878,
      0.004128295462578535,
      0.0008248368394561112,
      0.00014296472363639623,
      2.2108826669864357e-05,
      3.1139397833612747e-06
    ],
    [
      0.09060349315404892,
      0.07604873925447464,
      0.033221468329429626,
      0.010070549324154854,
      0.0023830600548535585,
      0.00046954606659710407,
      8.024082490010187e-05,
      1.2232185326865874e-05,
      1.6980092141238856e-06
    ],
    [
      0.038257893174886703,
      0.0316900759935379,
      0.013658439740538597,
      0.00408401433378458,
      0.0009530740207992494,
      0.0001851562556112185,
      3.1191731977742165e-05,
      4.686536158260424e-06,
      6.41085307506728e-07
    ],
    [
      0.012601270340383053,
      0.010298538953065872,
      0.0043783895671367645,
      0.0012911250814795494,
      0.000297089311061427,
      5.6897544709499925e-05,
      9.447340744372923e-06,
      1.3988172895551543e-06,
      1.8853501160265296e-07
    ],
    [
      0.0034531881101429462,
      0.0027838752139359713,
      0.0011672527762129903,
      0.0003393963852431625,
      7.698931585764512e-05,
      1.4533235116687138e-05,
      2.378086946919211e-06,
      3.4694178907557216e-07,
      4.606772918691604e-08
    ],
    [
      0.0008200366864912212,
      0.0006519971648231149,
      0.00026956095825880766,
      7.727028423687443e-05,
      1.7277077859034762e-05,
      3.214112439309247e-06,
      5.182193945074687e-07,
      7.448378624985708e-08,
      9.742176843019479e-09
    ],
    [
      0.00017356120224576443,
      0.00013607168511953205,
      5.5462536693084985e-05,
      1.5671046639909036e-05,
      3.4532142763055163e-06,
      6.330101882667805e-07,
      1.0055224919369721e-07,
      1.4236497314357166e-08,
      1.8340012841733255e-09
    ],
    [
      3.341927731526084e-05,
      2.583087371021975e-05,
      1.0378174010838848e-05,
      2.8899810331495246e-06,
      6.27516840268072e-07,
      1.1333133187463318e-07,
      1.7733881918502448e-08,
      2.473013127612944e-09,
      3.137439752443072e-10
    ]
  ],
  "probs_results": [
    0.2912200093269348,
    0.4377409517765045,
    0.2710390090942383
  ]
}