{
  "skills_mean": [
    [
      -0.00870811752974987,
      0.40826475620269775
    ],
    [
      0.6720963716506958,
      1.331587314605713
    ]
  ],
  "skills_cov": [
    [
      [
        0.020717596635222435,
        0.010389415547251701
      ],
      [
        0.010389415547251701,
        0.020884670317173004
      ]
    ],
    [
      [
        0.018897825852036476,
        0.012232356704771519
      ],
      [
        0.012232356704771519,
        0.029260912910103798
      ]
    ]
  ],
  "probs_grid": [
    [
      0.05056603625416756,
      0.11913913488388062,
      0.14550407230854034,
      0.1228037104010582,
      0.08056879788637161,
      0.04382462054491043,
      0.020584575831890106,
      0.00858655758202076,
      0.003246751381084323
    ],
    [
      0.026853477582335472,
      0.06229914724826813,
      0.0749097391963005,
      0.062239110469818115,
      0.040194254368543625,
      0.021518941968679428,
      0.009947492741048336,
      0.004083441104739904,
      0.0015193639555945992
    ],
    [
      0.0074779922142624855,
      0.017077714204788208,
      0.020211732015013695,
      0.01652737520635128,
      0.010503663681447506,
      0.005533479154109955,
      0.002516857348382473,
      0.0010165040148422122,
      0.00037209628499113023
    ],
    [
      0.0014559034025296569,
      0.0032720856834203005,
      0.003810699563473463,
      0.0030660072807222605,
      0.0019170924788340926,
      0.000993576250039041,
      0.0004445624363142997,
      0.00017661508172750473,
      6.359088001772761e-05
    ],
    [
      0.00022293388610705733,
      0.0004929540446028113,
      0.0005647906800732017,
      0.0004470157145988196,
      0.00027493349625729024,
      0.00014014959742780775,
      6.167415995150805e-05,
      2.409652734058909e-05,
      8.532106221537106e-06
    ],
    [
      2.8636703063966706e-05,
      6.228574784472585e-05,
      7.018942415015772e-05,
      5.4635867854813114e-05,
      3.304648271296173e-05,
      1.656556014495436e-05,
      7.168207048380282e-06,
      2.753806938926573e-06,
      9.587128033672343e-07
    ],
    [
      3.2142452255357057e-06,
      6.875168764963746e-06,
      7.618594736413797e-06,
      5.831246653542621e-06,
      3.4678791962505784e-06,
      1.709135403871187e-06,
      7.270958235494618e-07,
      2.7460384899313794e-07,
      9.398033995466903e-08
    ],
    [
      3.242311947815324e-07,
      6.818784754614171e-07,
      7.42880104098731e-07,
      5.589857323684555e-07,
      3.2679514561095857e-07,
      1.5832138444693555e-07,
      6.620452808192567e-08,
      2.4576440438295322e-08,
      8.267059037336821e-09
    ],
    [
      3.0004045470377605e-08,
      6.202892421924844e-08,
      6.642684979851765e-08,
      4.912932283218652e-08,
      2.8229937498736035e-08,
      1.3441568746941357e-08,
      5.524043000804113e-09,
      2.015268174559992e-09,
      6.661879381475444e-10
    ]
  ],
  "probs_results": [
    0.1367945522069931,
    0.062119387090206146,
    0.8010862469673157
  ]
}