{
  "skills_mean": [
    [
      -0.24663865566253662,
      0.4854733347892761
    ],
    [
      0.49888482689857483,
      0.8461347222328186
    ]
  ],
  "skills_cov": [
    [
      [
        0.02103961631655693,
        0.011019513010978699
      ],
      [
        0.011019513010978699,
        0.022825604304671288
      ]
    ],
    [
      [
        0.022119706496596336,
        0.012154798023402691
      ],
      [
        0.012154798023402691,
        0.02597237192094326
      ]
    ]
  ],
  "probs_grid": [
    [
      0.07425082474946976,
      0.13838078081607819,
      0.13435359299182892,
      0.09059493988752365,
      0.04772374778985977,
      0.020946377888321877,
      0.007977987639605999,
      0.0027118041180074215,
      0.000839638989418745
    ],
    [
      0.04967975243926048,
      0.0911162719130516,
      0.08704492449760437,
      0.057744350284338,
      0.029922205954790115,
      0.012917205691337585,
      0.004838438704609871,
      0.0016172550385817885,
      0.0004923588130623102
    ],
    [
      0.017379041761159897,
      0.03136006370186806,
      0.029471110552549362,
      0.019229888916015625,
      0.009799898602068424,
      0.004160144831985235,
      0.0015321890823543072,
      0.00050351518439129,
      0.00015069750952534378
    ],
    [
      0.004237978719174862,
      0.007522169034928083,
      0.006952453870326281,
      0.0044610812328755856,
      0.0022354121319949627,
      0.0009329791064374149,
      0.00033780199009925127,
      0.00010912174184340984,
      3.210115755791776e-05
    ],
    [
      0.0008104175212793052,
      0.0014145903987810016,
      0.0012856109533458948,
      0.0008110471535474062,
      0.0003995328152086586,
      0.00016391319513786584,
      5.833288741996512e-05,
      1.8519865989219397e-05,
      5.354161658033263e-06
    ],
    [
      0.000129622858366929,
      0.0002224591444246471,
      0.00019875892030540854,
      0.0001232578797498718,
      5.968025652691722e-05,
      2.4063745513558388e-05,
      8.415869160671718e-06,
      2.6255956981913187e-06,
      7.458604045496031e-07
    ],
    [
      1.8062632079818286e-05,
      3.047271275136154e-05,
      2.6761055778479204e-05,
      1.631040322536137e-05,
      7.760953849356156e-06,
      3.0750102268939372e-06,
      1.0566926675892319e-06,
      3.2390292403761123e-07,
      9.039747084216287e-08
    ],
    [
      2.2553599592356477e-06,
      3.7396173411252676e-06,
      3.227437446184922e-06,
      1.93294181372039e-06,
      9.037169661496591e-07,
      3.5179871815671504e-07,
      1.1876733907456583e-07,
      3.576326079723913e-08,
      9.804558054327117e-09
    ],
    [
      2.575809787686012e-07,
      4.1969187236645666e-07,
      3.5589943081504316e-07,
      2.0941988054801186e-07,
      9.618950258527548e-08,
      3.67836889836326e-08,
      1.2198204224489473e-08,
      3.6078553478091635e-09,
      9.714751225686769e-10
    ]
  ],
  "probs_results": [
    0.19984084367752075,
    0.12237484008073807,
    0.6777841448783875
  ]
}