{
  "skills_mean": [
    [
      -0.27843618392944336,
      0.36239540576934814
    ],
    [
      -0.21404509246349335,
      0.486326664686203
    ]
  ],
  "skills_cov": [
    [
      [
        0.023598913103342056,
        0.011344663798809052
      ],
      [
        0.011344663798809052,
        0.023762410506606102
      ]
    ],
    [
      [
        0.0194313433021307,
        0.009714500978589058
      ],
      [
        0.009714500978589058,
        0.019578130915760994
      ]
    ]
  ],
  "probs_grid": [
    [
      0.13444353640079498,
      0.14467625319957733,
      0.08109014481306076,
      0.031561702489852905,
      0.009596100077033043,
      0.002430895110592246,
      0.0005344023229554296,
      0.00010485757229616866,
      1.8744687622529455e-05
    ],
    [
      0.12120882421731949,
      0.12870687246322632,
      0.07116490602493286,
      0.027317536994814873,
      0.00818946398794651,
      0.002045073313638568,
      0.0004430991248227656,
      8.567143959226087e-05,
      1.5088181498867925e-05
    ],
    [
      0.056929826736450195,
      0.05963427945971489,
      0.03251923248171806,
      0.012308166362345219,
      0.0036373711191117764,
      0.0008952203206717968,
      0.00019112809968646616,
      3.6406676372280344e-05,
      6.315779955912149e-06
    ],
    [
      0.0185724887996912,
      0.019186707213521004,
      0.010316149331629276,
      0.003848995314911008,
      0.0011210567317903042,
      0.00027187535306438804,
      5.718519241781905e-05,
      1.0729581845225766e-05,
      1.8331572846363997e-06
    ],
    [
      0.004734251648187637,
      0.004822223912924528,
      0.0025558513589203358,
      0.0009398243855684996,
      0.000269726209808141,
      6.444379687309265e-05,
      1.3351641428016592e-05,
      2.4671842311363434e-06,
      4.150669781211036e-07
    ],
    [
      0.0010057362960651517,
      0.001009819214232266,
      0.0005274812574498355,
      0.00019112123118247837,
      5.403765317169018e-05,
      1.2717156096186955e-05,
      2.594819989099051e-06,
      4.721393054296641e-07,
      7.82022198109189e-08
    ],
    [
      0.00018546760838944465,
      0.0001835247385315597,
      9.445870819035918e-05,
      3.371703496668488e-05,
      9.390038940182421e-06,
      2.176306225010194e-06,
      4.372489854631567e-07,
      7.832849746591819e-08,
      1.2771334212402508e-08
    ],
    [
      3.053571344935335e-05,
      2.9772181733278558e-05,
      1.5095807611942291e-05,
      5.307475476001855e-06,
      1.455659571547585e-06,
      3.3219967576769704e-07,
      6.570997612698193e-08,
      1.1587379056265945e-08,
      1.8595489592598824e-09
    ],
    [
      4.581709163176129e-06,
      4.4006856114719994e-06,
      2.1977762116875965e-06,
      7.60961597734422e-07,
      2.0550193369217595e-07,
      4.617146132090966e-08,
      8.990091338034745e-09,
      1.5603397462982116e-09,
      2.464274895253027e-10
    ]
  ],
  "probs_results": [
    0.2998049259185791,
    0.3022955656051636,
    0.39789965748786926
  ]
}