{
  "skills_mean": [
    [
      -0.09935159236192703,
      0.32929033041000366
    ],
    [
      -0.18236054480075836,
      0.10709431022405624
    ]
  ],
  "skills_cov": [
    [
      [
        0.024066615849733353,
        0.011484578251838684
      ],
      [
        0.011484578251838684,
        0.021689405664801598
      ]
    ],
    [
      [
        0.02097231149673462,
        0.011204665526747704
      ],
      [
        0.011204665526747704,
        0.021319488063454628
      ]
    ]
  ],
  "probs_grid": [
    [
      0.06417179107666016,
      0.07458628714084625,
      0.0451105535030365,
      0.01892830617725849,
      0.006198448594659567,
      0.0016896201996132731,
      0.00039932443178258836,
      8.415774209424853e-05,
      1.6144103938131593e-05
    ],
    [
      0.09845921397209167,
      0.11251852661371231,
      0.06690233945846558,
      0.027594421058893204,
      0.008881586603820324,
      0.002379299607127905,
      0.0005525810411199927,
      0.00011442867253208533,
      2.156693153665401e-05
    ],
    [
      0.07875989377498627,
      0.08848632872104645,
      0.05171830579638481,
      0.020966507494449615,
      0.006632094271481037,
      0.0017459070077165961,
      0.0003984181967098266,
      8.106091263471171e-05,
      1.5009395610832144e-05
    ],
    [
      0.04379069060087204,
      0.04836269095540047,
      0.027783451601862907,
      0.011069513857364655,
      0.0034408755600452423,
      0.000890048686414957,
      0.000199557063751854,
      3.988765456597321e-05,
      7.255299351527356e-06
    ],
    [
      0.019036613404750824,
      0.020664943382143974,
      0.01166749931871891,
      0.004568173084408045,
      0.0013952850131317973,
      0.0003546072111930698,
      7.810940587660298e-05,
      1.5337060176534578e-05,
      2.7402745672588935e-06
    ],
    [
      0.006900911685079336,
      0.007362552918493748,
      0.004085107706487179,
      0.001571651198901236,
      0.0004716539988294244,
      0.00011776507017202675,
      2.548266274970956e-05,
      4.9149844016938005e-06,
      8.625440273135609e-07
    ],
    [
      0.002172736916691065,
      0.002278096042573452,
      0.0012420684797689319,
      0.0004695208335760981,
      0.0001384328497806564,
      3.395566818653606e-05,
      7.217478469101479e-06,
      1.3673363810084993e-06,
      2.356767225819567e-07
    ],
    [
      0.0006110426038503647,
      0.00062957574846223,
      0.0003372799255885184,
      0.0001252645015483722,
      3.6282963264966384e-05,
      8.742390491534024e-06,
      1.8252574136568e-06,
      3.396275758404954e-07,
      5.749156173351366e-08
    ],
    [
      0.00015667425759602338,
      0.00015862005238886923,
      8.349163545062765e-05,
      3.0463788789347745e-05,
      8.668122063681949e-06,
      2.0515590222203173e-06,
      4.2070413996952993e-07,
      7.688189640475684e-08,
      1.2780999369965684e-08
    ]
  ],
  "probs_results": [
    0.24103374779224396,
    0.4705650210380554,
    0.28840121626853943
  ]
}