{
  "skills_mean": [
    [
      0.3913764953613281,
      0.9736462235450745
    ],
    [
      0.5715786218643188,
      1.1818559169769287
    ]
  ],
  "skills_cov": [
    [
      [
        0.01747058518230915,
        0.009260069578886032
      ],
      [
        0.009260069578886032,
        0.019769107922911644
      ]
    ],
    [
      [
        0.017139911651611328,
        0.010362937115132809
      ],
      [
        0.010362937115132809,
        0.026231301948428154
      ]
    ]
  ],
  "probs_grid": [
    [
      0.11220011860132217,
      0.1429908275604248,
      0.09435203671455383,
      0.0429772324860096,
      0.015201980248093605,
      0.004453902132809162,
      0.0011258036829531193,
      0.000252508616540581,
      5.129905548528768e-05
    ],
    [
      0.09888429939746857,
      0.12441343814134598,
      0.0810319036245346,
      0.03642616420984268,
      0.012713740579783916,
      0.003674879902973771,
      0.0009162839269265532,
      0.00020269662491045892,
      4.060914216097444e-05
    ],
    [
      0.045424848794937134,
      0.05640900135040283,
      0.036255884915590286,
      0.016080765053629875,
      0.005536952055990696,
      0.0015786299481987953,
      0.0003881919546984136,
      8.468073065159842e-05,
      1.6727419279050082e-05
    ],
    [
      0.014501209370791912,
      0.017769310623407364,
      0.011267906054854393,
      0.004930022172629833,
      0.0016742758452892303,
      0.0004707516054622829,
      0.00011414475739002228,
      2.4549264708184637e-05,
      4.780528797709849e-06
    ],
    [
      0.003618977265432477,
      0.004374870099127293,
      0.0027364452835172415,
      0.0011808117851614952,
      0.0003954472194891423,
      0.00010962944361381233,
      2.620674786157906e-05,
      5.5560476539540105e-06,
      1.0664140290828072e-06
    ],
    [
      0.0007530746515840292,
      0.000897920923307538,
      0.0005538866971619427,
      0.00023567788593936712,
      7.781726162647828e-05,
      2.1267316697048955e-05,
      5.011250323150307e-06,
      1.047127057063335e-06,
      1.9806812190381606e-07
    ],
    [
      0.0001361005415674299,
      0.00016002709162421525,
      9.733172919368371e-05,
      4.0829749195836484e-05,
      1.3289482922118623e-05,
      3.579888243621099e-06,
      8.313450621244556e-07,
      1.7118620121436834e-07,
      3.190623232285361e-08
    ],
    [
      2.1971276510157622e-05,
      2.5470691980444826e-05,
      1.527218410046771e-05,
      6.315001883194782e-06,
      2.0258469248801703e-06,
      5.378044534154469e-07,
      1.2306908558912255e-07,
      2.4969356360315942e-08,
      4.585059443229511e-09
    ],
    [
      3.2340567486244254e-06,
      3.69579129255726e-06,
      2.1842070054844953e-06,
      8.901133696781471e-07,
      2.8139265850768425e-07,
      7.3607530737263e-08,
      1.6595754104287153e-08,
      3.3171578817103864e-09,
      6.000368535374889e-10
    ]
  ],
  "probs_results": [
    0.278224915266037,
    0.25922662019729614,
    0.46254825592041016
  ]
}