{
  "skills_mean": [
    [
      0.03213797137141228,
      0.37892934679985046
    ],
    [
      0.5800263285636902,
      1.1978914737701416
    ]
  ],
  "skills_cov": [
    [
      [
        0.019310010597109795,
        0.010241391137242317
      ],
      [
        0.010241391137242317,
        0.020814552903175354
      ]
    ],
    [
      [
        0.019404008984565735,
        0.01217648945748806
      ],
      [
        0.01217648945748806,
        0.028373965993523598
      ]
    ]
  ],
  "probs_grid": [
    [
      0.0528445802628994,
      0.11769451200962067,
      0.13594278693199158,
      0.10856547206640244,
      0.06743217259645462,
      0.03474246710538864,
      0.015464968979358673,
      0.00611666077747941,
      0.0021941016893833876
    ],
    [
      0.03315233811736107,
      0.07268043607473373,
      0.08262648433446884,
      0.06494030356407166,
      0.03969263657927513,
      0.02012278325855732,
      0.008813089691102505,
      0.0034293795470148325,
      0.0012101897737011313
    ],
    [
      0.010880938731133938,
      0.023475604131817818,
      0.026261750608682632,
      0.0203088391572237,
      0.012212698347866535,
      0.006090987008064985,
      0.0026241953019052744,
      0.0010044421069324017,
      0.00034864229382947087
    ],
    [
      0.002491016173735261,
      0.005287847947329283,
      0.005819684825837612,
      0.0044273026287555695,
      0.0026188541669398546,
      0.0012847044272348285,
      0.0005443778936751187,
      0.0002049243776127696,
      6.995061266934499e-05
    ],
    [
      0.00044748318032361567,
      0.0009344182326458395,
      0.001011553918942809,
      0.0007568736909888685,
      0.00044031193829141557,
      0.00021241744980216026,
      8.851174789015204e-05,
      3.276311690569855e-05,
      1.0996508535754401e-05
    ],
    [
      6.727800791850314e-05,
      0.00013817047874908894,
      0.00014709851529914886,
      0.0001082327144104056,
      6.191332795424387e-05,
      2.936823329946492e-05,
      1.2031785445287824e-05,
      4.378607627586462e-06,
      1.444805661776627e-06
    ],
    [
      8.818015885481145e-06,
      1.780781713023316e-05,
      1.864111800387036e-05,
      1.3485382623912301e-05,
      7.584121249237796e-06,
      3.5366547308512963e-06,
      1.4243557870941004e-06,
      5.09541962401272e-07,
      1.6526958290796756e-07
    ],
    [
      1.0362869033997413e-06,
      2.057512574538123e-06,
      2.1173818822717294e-06,
      1.5057788687045104e-06,
      8.32436512610002e-07,
      3.8156278492351703e-07,
      1.5104311046343355e-07,
      5.3107424236031875e-08,
      1.6929602608684036e-08
    ],
    [
      1.1146261869043883e-07,
      2.1754223666903272e-07,
      2.2005305311267875e-07,
      1.5381320395135845e-07,
      8.357321945595686e-08,
      3.7648440809334716e-08,
      1.4646368562409862e-08,
      5.060780683407984e-09,
      1.5853663937193119e-09
    ]
  ],
  "probs_results": [
    0.1569664478302002,
    0.0850115716457367,
    0.7580219507217407
  ]
}