{
  "skills_mean": [
    [
      0.2495647519826889,
      0.783097505569458
    ],
    [
      0.47296610474586487,
      0.800542414188385
    ]
  ],
  "skills_cov": [
    [
      [
        0.02058771625161171,
        0.011176163330674171
      ],
      [
        0.011176163330674171,
        0.023535598069429398
      ]
    ],
    [
      [
        0.020165177062153816,
        0.011081521399319172
      ],
      [
        0.011081521399319172,
        0.023311063647270203
      ]
    ]
  ],
  "probs_grid": [
    [
      0.0781114473938942,
      0.1087612435221672,
      0.07885947078466415,
      0.03969663009047508,
      0.015605781227350235,
      0.0051101758144795895,
      0.0014517417876049876,
      0.00036798929795622826,
      8.495355723425746e-05
    ],
    [
      0.08706686645746231,
      0.11928011476993561,
      0.08508305251598358,
      0.04212905466556549,
      0.01628921367228031,
      0.0052455151453614235,
      0.0014653254766017199,
      0.0003652001905720681,
      8.288768731290475e-05
    ],
    [
      0.050565097481012344,
      0.06814812868833542,
      0.04781455546617508,
      0.023285018280148506,
      0.008853666484355927,
      0.0028034525457769632,
      0.0007699784473516047,
      0.00018865808669943362,
      4.2091880459338427e-05
    ],
    [
      0.02039932645857334,
      0.027042297646403313,
      0.018660375848412514,
      0.008936288766562939,
      0.003341004718095064,
      0.0010401038452982903,
      0.0002808349672704935,
      6.763939745724201e-05,
      1.4833378372713923e-05
    ],
    [
      0.006430851761251688,
      0.008384190499782562,
      0.0056892093271017075,
      0.002678889548406005,
      0.0009846825851127505,
      0.0003013532841578126,
      7.998193905223161e-05,
      1.8934197214548476e-05,
      4.0809486563375685e-06
    ],
    [
      0.0016896753804758191,
      0.0021662325598299503,
      0.001445294707082212,
      0.0006690747104585171,
      0.00024176246370188892,
      7.272808579728007e-05,
      1.8972103134728968e-05,
      4.414014256326482e-06,
      9.349327001473284e-07
    ],
    [
      0.00038540142122656107,
      0.00048581609735265374,
      0.00031866482459008694,
      0.00014501737314276397,
      5.150646029505879e-05,
      1.5228776646836195e-05,
      3.9042142816470005e-06,
      8.926371606321482e-07,
      1.8578708704808378e-07
    ],
    [
      7.84867734182626e-05,
      9.726648568175733e-05,
      6.271765596466139e-05,
      2.8054275389877148e-05,
      9.793225217435975e-06,
      2.8456288418965414e-06,
      7.16907038622594e-07,
      1.6106078248867561e-07,
      3.293727246500566e-08
    ],
    [
      1.4566981917596422e-05,
      1.7745951481629163e-05,
      1.1247266229474917e-05,
      4.94468122269609e-06,
      1.6963291500360356e-06,
      4.843662964049145e-07,
      1.199052093170394e-07,
      2.6467652958217514e-08,
      5.3178594860980866e-09
    ]
  ],
  "probs_results": [
    0.2552220821380615,
    0.30303117632865906,
    0.4417468011379242
  ]
}