{
  "skills_mean": [
    [
      0.33559107780456543,
      0.9168039560317993
    ],
    [
      0.22151321172714233,
      0.5051982998847961
    ]
  ],
  "skills_cov": [
    [
      [
        0.01790161430835724,
        0.009604678489267826
      ],
      [
        0.009604678489267826,
        0.02021101303398609
      ]
    ],
    [
      [
        0.019538644701242447,
        0.010729288682341576
      ],
      [
        0.010729288682341576,
        0.023526690900325775
      ]
    ]
  ],
  "probs_grid": [
    [
      0.07381570339202881,
      0.0719136893749237,
      0.03637455403804779,
      0.012735793367028236,
      0.0034723959397524595,
      0.000786346907261759,
      0.0001540588855277747,
      2.6857052944251336e-05,
      4.252658527548192e-06
    ],
    [
      0.11700312793254852,
      0.11233887821435928,
      0.05599121004343033,
      0.019314751029014587,
      0.005187677685171366,
      0.0011571284849196672,
      0.000223266746615991,
      3.832787842839025e-05,
      5.975677595415618e-06
    ],
    [
      0.096363864839077,
      0.09117162972688675,
      0.044771235436201096,
      0.01521448977291584,
      0.004025069531053305,
      0.0008842186653055251,
      0.00016800721641629934,
      2.8398542781360447e-05,
      4.35912852481124e-06
    ],
    [
      0.054979369044303894,
      0.05125119909644127,
      0.024793731048703194,
      0.008299297653138638,
      0.002162438351660967,
      0.0004678047844208777,
      8.752224675845355e-05,
      1.4565473975380883e-05,
      2.2010121938365046e-06
    ],
    [
      0.02444373071193695,
      0.022448111325502396,
      0.010697157122194767,
      0.0035266620106995106,
      0.0009049205691553652,
      0.00019276364764664322,
      3.55079973815009e-05,
      5.817476449010428e-06,
      8.65349193190923e-07
    ],
    [
      0.009032404981553555,
      0.008171040564775467,
      0.0038350624963641167,
      0.0012451516231521964,
      0.00031461016624234617,
      6.598483014386147e-05,
      1.1966190868406557e-05,
      1.9298895495012403e-06,
      2.825639171533112e-07
    ],
    [
      0.0028893088456243277,
      0.00257445708848536,
      0.0011899989331141114,
      0.0003804620064329356,
      9.465178300160915e-05,
      1.9544379028957337e-05,
      3.489087475827546e-06,
      5.538917093872442e-07,
      7.981897454101272e-08
    ],
    [
      0.0008228666265495121,
      0.0007221031119115651,
      0.00032869059941731393,
      0.00010347400530008599,
      2.5344394089188427e-05,
      5.151856385054998e-06,
      9.053175631379418e-07,
      1.4145594207093382e-07,
      2.0061884598021607e-08
    ],
    [
      0.00021297055354807526,
      0.00018404751608613878,
      8.24917369754985e-05,
      2.556821345933713e-05,
      6.165276772662764e-06,
      1.2336549843894318e-06,
      2.1337794464670878e-07,
      3.281332539017967e-08,
      4.579780998881233e-09
    ]
  ],
  "probs_results": [
    0.240237757563591,
    0.5290303826332092,
    0.2307317554950714
  ]
}