{
  "skills_mean": [
    [
      0.08165793865919113,
      0.7266110777854919
    ],
    [
      0.28752565383911133,
      0.8440069556236267
    ]
  ],
  "skills_cov": [
    [
      [
        0.02725033275783062,
        0.013392644003033638
      ],
      [
        0.013392644003033638,
        0.02443314716219902
      ]
    ],
    [
      [
        0.02116459235548973,
        0.011798624880611897
      ],
      [
        0.011798624880611897,
        0.025485588237643242
      ]
    ]
  ],
  "probs_grid": [
    [
      0.1140599325299263,
      0.14013877511024475,
      0.08983691781759262,
      0.040061045438051224,
      0.013978890143334866,
      0.00407091248780489,
      0.0010305370669811964,
      0.00023322596098296344,
      4.816575892618857e-05
    ],
    [
      0.1034557968378067,
      0.12490657716989517,
      0.07866805046796799,
      0.034458719193935394,
      0.011808780021965504,
      0.0033768126741051674,
      0.000839254935272038,
      0.0001864487276179716,
      3.779332109843381e-05
    ],
    [
      0.049302566796541214,
      0.058476872742176056,
      0.036174226552248,
      0.015560549683868885,
      0.0052358051761984825,
      0.0014698419254273176,
      0.00035857479088008404,
      7.818242738721892e-05,
      1.555157359689474e-05
    ],
    [
      0.016457753255963326,
      0.01917153224349022,
      0.011645744554698467,
      0.004918319173157215,
      0.0016245449660345912,
      0.00044762316974811256,
      0.00010716595716075972,
      2.2928035832592286e-05,
      4.4746834646502975e-06
    ],
    [
      0.00432876031845808,
      0.004951269831508398,
      0.002952725160866976,
      0.0012240578653290868,
      0.00039681108319200575,
      0.00010729333007475361,
      2.5204075427609496e-05,
      5.2903387768310495e-06,
      1.0128248959517805e-06
    ],
    [
      0.000956811651121825,
      0.001074358937330544,
      0.0006288684671744704,
      0.00025584708782844245,
      8.138524572132155e-05,
      2.159053474315442e-05,
      4.975524007022614e-06,
      1.0244275472359732e-06,
      1.9236139792155882e-07
    ],
    [
      0.0001851122360676527,
      0.00020400393987074494,
      0.00011718380119418725,
      4.6778772230027243e-05,
      1.4598891539208125e-05,
      3.79919993065414e-06,
      8.587649062974378e-07,
      1.7341184843644442e-07,
      3.193273911961114e-08
    ],
    [
      3.223810563213192e-05,
      3.486348214210011e-05,
      1.964897455764003e-05,
      7.69496455177432e-06,
      2.3556560790893855e-06,
      6.012708695379843e-07,
      1.332886654381582e-07,
      2.6393484731102035e-08,
      4.765560834840699e-09
    ],
    [
      5.158537533134222e-06,
      5.473309101944324e-06,
      3.0261251140473178e-06,
      1.162438934443344e-06,
      3.490145559226221e-07,
      8.736239465179096e-08,
      1.8990128580753662e-08,
      3.6869898245583954e-09,
      6.526693629993474e-10
    ]
  ],
  "probs_results": [
    0.28048622608184814,
    0.27565643191337585,
    0.4438571631908417
  ]
}