{
  "skills_mean": [
    [
      0.5380449891090393,
      0.9468455910682678
    ],
    [
      0.007218086160719395,
      0.5917258858680725
    ]
  ],
  "skills_cov": [
    [
      [
        0.019351758062839508,
        0.011647259816527367
      ],
      [
        0.011647259816527367,
        0.026485972106456757
      ]
    ],
    [
      [
        0.022219335660338402,
        0.011945115402340889
      ],
      [
        0.011945115402340889,
        0.024639792740345
      ]
    ]
  ],
  "probs_grid": [
    [
      0.07497396320104599,
      0.05804181098937988,
      0.023525157943367958,
      0.006655736826360226,
      0.0014786151004955173,
      0.00027510986546985805,
      4.465246092877351e-05,
      6.502375072159339e-06,
      8.671722753206268e-07
    ],
    [
      0.13182006776332855,
      0.10035103559494019,
      0.03998756781220436,
      0.011120102368295193,
      0.0024277358315885067,
      0.0004438181931618601,
      7.076541078276932e-05,
      1.0121706509380601e-05,
      1.3256421880214475e-06
    ],
    [
      0.12065736204385757,
      0.09031182527542114,
      0.035375725477933884,
      0.00966849084943533,
      0.0020741380285471678,
      0.0003725206188391894,
      5.8344812714494765e-05,
      8.196022463380359e-06,
      1.0540968560235342e-06
    ],
    [
      0.07665076851844788,
      0.056403107941150665,
      0.02171553298830986,
      0.005832385271787643,
      0.0012293301988393068,
      0.00021689513232558966,
      3.336570443934761e-05,
      4.602928129315842e-06,
      5.812771064483968e-07
    ],
    [
      0.038016363978385925,
      0.027498088777065277,
      0.010404713451862335,
      0.0027459017001092434,
      0.0005686046788468957,
      9.85423757811077e-05,
      1.4888052646711003e-05,
      2.0168436094536446e-06,
      2.5007074100358295e-07
    ],
    [
      0.015699705109000206,
      0.01116149965673685,
      0.004150182940065861,
      0.0010761215817183256,
      0.0002189037186326459,
      3.7261754187056795e-05,
      5.528536803467432e-06,
      7.353872319981747e-07,
      8.95201424100378e-08
    ],
    [
      0.0056227948516607285,
      0.003928621299564838,
      0.0014353656442835927,
      0.0003656454209703952,
      7.306084444280714e-05,
      1.2214092748763505e-05,
      1.77955632807425e-06,
      2.3241393876105576e-07,
      2.777513863350123e-08
    ],
    [
      0.0017961013363674283,
      0.0012332082260400057,
      0.00044269152567721903,
      0.00011078215902671218,
      2.174187102355063e-05,
      3.569533646441414e-06,
      5.106692810841196e-07,
      6.548027897679276e-08,
      7.681948410720452e-09
    ],
    [
      0.000522303394973278,
      0.0003523807681631297,
      0.00012427609181031585,
      3.054898843402043e-05,
      5.888428404432489e-06,
      9.49351601775561e-07,
      1.333551296056612e-07,
      1.6787254253358697e-08,
      1.933248894303574e-09
    ]
  ],
  "probs_results": [
    0.21722039580345154,
    0.6248418092727661,
    0.15793757140636444
  ]
}