{
  "skills_mean": [
    [
      -0.018186746165156364,
      0.3859512507915497
    ],
    [
      0.3511256277561188,
      0.6912881731987
    ]
  ],
  "skills_cov": [
    [
      [
        0.02025940828025341,
        0.009924760088324547
      ],
      [
        0.009924760088324547,
        0.020162029191851616
      ]
    ],
    [
      [
        0.016048314049839973,
        0.008806481957435608
      ],
      [
        0.008806481957435608,
        0.022015385329723358
      ]
    ]
  ],
  "probs_grid": [
    [
      0.059520427137613297,
      0.10752928256988525,
      0.10045371949672699,
      0.06469836831092834,
      0.032317034900188446,
      0.013352966867387295,
      0.0047536673955619335,
      0.001499637495726347,
      0.0004279287240933627
    ],
    [
      0.05722040683031082,
      0.10198544710874557,
      0.09398557245731354,
      0.059707917273044586,
      0.0294154342263937,
      0.01198646705597639,
      0.004208028316497803,
      0.0013090044958516955,
      0.00036830082535743713
    ],
    [
      0.02862771414220333,
      0.05033065006136894,
      0.04574829712510109,
      0.02866334840655327,
      0.013925690203905106,
      0.0055955806747078896,
      0.0019369289511814713,
      0.0005940574337728322,
      0.0001647837198106572
    ],
    [
      0.009937727823853493,
      0.01723172701895237,
      0.015446468256413937,
      0.009543422609567642,
      0.00457175774499774,
      0.0018112146062776446,
      0.0006181122153066099,
      0.00018688890850171447,
      5.1102884754072875e-05
    ],
    [
      0.0026926472783088684,
      0.0046042283065617085,
      0.004069655202329159,
      0.002479133429005742,
      0.0011708876118063927,
      0.0004573078767862171,
      0.0001538457436254248,
      4.58516733488068e-05,
      1.2357965715636965e-05
    ],
    [
      0.000607387803029269,
      0.0010240520350635052,
      0.0008924187859520316,
      0.0005359519273042679,
      0.00024953222600743175,
      9.606788080418482e-05,
      3.185573950759135e-05,
      9.357634553452954e-06,
      2.485672212060308e-06
    ],
    [
      0.00011880820238729939,
      0.00019748226623050869,
      0.00016965602117124945,
      0.00010043663496617228,
      4.609255483956076e-05,
      1.7490212485427037e-05,
      5.716004579880973e-06,
      1.654763536862447e-06,
      4.331699869908334e-07
    ],
    [
      2.072655115625821e-05,
      3.396129613975063e-05,
      2.8758877306245267e-05,
      1.678084117884282e-05,
      7.590067525597988e-06,
      2.8384311008267105e-06,
      9.141600116890913e-07,
      2.607898750284221e-07,
      6.726948953428291e-08
    ],
    [
      3.291793063908699e-06,
      5.316407168720616e-06,
      4.43717999587534e-06,
      2.5516676487313816e-06,
      1.13738383333839e-06,
      4.191485061255662e-07,
      1.3302042134455405e-07,
      3.7391561846789045e-08,
      9.503188458381828e-09
    ]
  ],
  "probs_results": [
    0.2181476652622223,
    0.19679813086986542,
    0.585054874420166
  ]
}