{
  "skills_mean": [
    [
      0.28057387471199036,
      0.9544596672058105
    ],
    [
      -0.24656474590301514,
      0.4853278696537018
    ]
  ],
  "skills_cov": [
    [
      [
        0.018454967066645622,
        0.01069957111030817
      ],
      [
        0.01069957111030817,
        0.02578740008175373
      ]
    ],
    [
      [
        0.02128961868584156,
        0.011221830733120441
      ],
      [
        0.011221830733120441,
        0.02307453379034996
      ]
    ]
  ],
  "probs_grid": [
    [
      0.11482493579387665,
      0.06851822882890701,
      0.021386059001088142,
      0.004655095748603344,
      0.0007949344580993056,
      0.00011359118070686236,
      1.4147299225442111e-05,
      1.5795287708897376e-06,
      1.61374771323608e-07
    ],
    [
      0.1749814748764038,
      0.10300345718860626,
      0.03170384094119072,
      0.006802991032600403,
      0.0011448684381321073,
      0.0001611730840522796,
      1.9770744984271005e-05,
      2.1735229438490933e-06,
      2.186005190196738e-07
    ],
    [
      0.13859158754348755,
      0.08046027272939682,
      0.024416374042630196,
      0.005163823254406452,
      0.0008562473813071847,
      0.00011873692710651085,
      1.4343331713462248e-05,
      1.5524421996815363e-06,
      1.53682194081739e-07
    ],
    [
      0.07606254518032074,
      0.04354133829474449,
      0.01302418578416109,
      0.0027143119368702173,
      0.00044338751467876136,
      6.055488847778179e-05,
      7.202486358437454e-06,
      7.67383767197316e-07,
      7.476304375586551e-08
    ],
    [
      0.0325392410159111,
      0.018362494185566902,
      0.0054130759090185165,
      0.0011114601511508226,
      0.00017883031978271902,
      2.4050261345109902e-05,
      2.8161812224425375e-06,
      2.953240709757665e-07,
      2.8313083433317843e-08
    ],
    [
      0.011572673916816711,
      0.0064367130398750305,
      0.0018696485785767436,
      0.000378160533728078,
      5.9920985222561285e-05,
      7.934278073662426e-06,
      9.145301760327129e-07,
      9.438238635084417e-08,
      8.903148440708719e-09
    ],
    [
      0.003563984762877226,
      0.0019533969461917877,
      0.0005589771899394691,
      0.00011135436943732202,
      1.7374064555042423e-05,
      2.2647511741524795e-06,
      2.5692477834127203e-07,
      2.6091736771149954e-08,
      2.421436162691748e-09
    ],
    [
      0.0009774725185707211,
      0.0005278452299535275,
      0.00014878094953019172,
      2.9187171094235964e-05,
      4.483499651541933e-06,
      5.752692686655791e-07,
      6.422440179676414e-08,
      6.41731068284912e-09,
      5.858640239608803e-10
    ],
    [
      0.00024369677703361958,
      0.00012963658082298934,
      3.5986449802294374e-05,
      6.951110208319733e-06,
      1.051122694661899e-06,
      1.3273636056965188e-07,
      1.4581891250031731e-08,
      1.4334358144907355e-09,
      1.287223799772974e-10
    ]
  ],
  "probs_results": [
    0.2451760321855545,
    0.6127926111221313,
    0.1420312523841858
  ]
}