{
  "skills_mean": [
    [
      0.8006958961486816,
      0.8134705424308777
    ],
    [
      0.10861314088106155,
      0.713910698890686
    ]
  ],
  "skills_cov": [
    [
      [
        0.017677031457424164,
        0.01021715346723795
      ],
      [
        0.01021715346723795,
        0.022951534017920494
      ]
    ],
    [
      [
        0.01990780234336853,
        0.010751781985163689
      ],
      [
        0.010751781985163689,
        0.02401469647884369
      ]
    ]
  ],
  "probs_grid": [
    [
      0.04703500494360924,
      0.04576635733246803,
      0.023182518780231476,
      0.008150403387844563,
      0.002237326232716441,
      0.0005114623345434666,
      0.00010142214159714058,
      1.7942929844139144e-05,
      2.8908134481753223e-06
    ],
    [
      0.0946393609046936,
      0.09066348522901535,
      0.045208949595689774,
      0.01564464531838894,
      0.004226563032716513,
      0.0009508114890195429,
      0.000185520009836182,
      3.2291285606333986e-05,
      5.118070930620888e-06
    ],
    [
      0.09890096634626389,
      0.09327410161495209,
      0.04578227549791336,
      0.015593023970723152,
      0.0041456627659499645,
      0.0009176905150525272,
      0.00017617472622077912,
      3.0168092052917928e-05,
      4.70369877803023e-06
    ],
    [
      0.0715646743774414,
      0.06643954664468765,
      0.03209789842367172,
      0.010759021155536175,
      0.0028148251585662365,
      0.0006130888941697776,
      0.00011579724377952516,
      1.9506966054905206e-05,
      2.991790779560688e-06
    ],
    [
      0.040333859622478485,
      0.03685830533504486,
      0.01752553880214691,
      0.005781019572168589,
      0.0014882433461025357,
      0.0003189283306710422,
      5.9261634305585176e-05,
      9.820470950216986e-06,
      1.4815099120824016e-06
    ],
    [
      0.018883900716900826,
      0.0169850941747427,
      0.007948128506541252,
      0.0025799523573368788,
      0.0006535064894706011,
      0.0001377829466946423,
      2.5186198399751447e-05,
      4.105541847820859e-06,
      6.091950695008563e-07
    ],
    [
      0.007649626117199659,
      0.0067717838101089,
      0.003118447493761778,
      0.0009960427414625883,
      0.00024823640706017613,
      5.148958007339388e-05,
      9.258831596525852e-06,
      1.4845576288280427e-06,
      2.1666150473720336e-07
    ],
    [
      0.002757377689704299,
      0.002402285113930702,
      0.001088625518605113,
      0.00034213080652989447,
      8.389031427213922e-05,
      1.7118201867560856e-05,
      3.0279559268819867e-06,
      4.775396860168257e-07,
      6.854568113112691e-08
    ],
    [
      0.0009027335909195244,
      0.0007739880820736289,
      0.00034513528225943446,
      0.00010672379721654579,
      2.5745315724634565e-05,
      5.168007191969082e-06,
      8.991999607133039e-07,
      1.3948375965355808e-07,
      1.969105412058525e-08
    ]
  ],
  "probs_results": [
    0.19604982435703278,
    0.6327188611030579,
    0.1712312400341034
  ]
}