{
  "skills_mean": [
    [
      0.3945465385913849,
      0.5962164402008057
    ],
    [
      0.08167260885238647,
      0.72674161195755
    ]
  ],
  "skills_cov": [
    [
      [
        0.02050803042948246,
        0.010681238025426865
      ],
      [
        0.010681238025426865,
        0.02174983359873295
      ]
    ],
    [
      [
        0.027102584019303322,
        0.013272101059556007
      ],
      [
        0.013272101059556007,
        0.024284394457936287
      ]
    ]
  ],
  "probs_grid": [
    [
      0.07713243365287781,
      0.08885790407657623,
      0.05356505140662193,
      0.022526200860738754,
      0.007433983962982893,
      0.002053346484899521,
      0.0004944102256558836,
      0.000106728111859411,
      2.1083184037706815e-05
    ],
    [
      0.10536076873540878,
      0.11925584822893143,
      0.0706213042140007,
      0.029170675203204155,
      0.009454168379306793,
      0.002564192283898592,
      0.0006061925087124109,
      0.000128466374007985,
      2.4911005311878398e-05
    ],
    [
      0.07501412183046341,
      0.08341173082590103,
      0.04851752892136574,
      0.019681671634316444,
      0.006263726856559515,
      0.0016680163098499179,
      0.00038712465902790427,
      8.053321653278545e-05,
      1.532784335722681e-05
    ],
    [
      0.03711312636733055,
      0.04053598642349243,
      0.023156700655817986,
      0.009224526584148407,
      0.002882459433749318,
      0.0007535764598287642,
      0.00017168301565106958,
      3.5055614716839045e-05,
      6.548326382471714e-06
    ],
    [
      0.014353032223880291,
      0.015396974980831146,
      0.008637499995529652,
      0.003378427354618907,
      0.0010364288464188576,
      0.0002659866586327553,
      5.94799748796504e-05,
      1.1919839380425401e-05,
      2.1851167275599437e-06
    ],
    [
      0.004627815913408995,
      0.004875280428677797,
      0.0026854986790567636,
      0.001031261868774891,
      0.0003105703217443079,
      7.823469786671922e-05,
      1.7170608771266416e-05,
      3.376919721631566e-06,
      6.074687917134725e-07
    ],
    [
      0.0012957090511918068,
      0.0013403550256043673,
      0.0007248985348269343,
      0.0002732753346208483,
      8.078329119598493e-05,
      1.9973100279457867e-05,
      4.30203772339155e-06,
      8.302583296426747e-07,
      1.4654990820872627e-07
    ],
    [
      0.0003239857323933393,
      0.0003290693857707083,
      0.00017471876344643533,
      6.465570186264813e-05,
      1.8759646991384216e-05,
      4.551991878543049e-06,
      9.621496701583965e-07,
      1.8220366371224372e-07,
      3.155520289510605e-08
    ],
    [
      7.384769560303539e-05,
      7.363966869888827e-05,
      3.8381771446438506e-05,
      1.3941327779321e-05,
      3.969980753026903e-06,
      9.453426628169836e-07,
      1.9607199419624521e-07,
      3.643168611233705e-08,
      6.190270518402485e-09
    ]
  ],
  "probs_results": [
    0.25526702404022217,
    0.42477476596832275,
    0.3199581205844879
  ]
}