{
  "skills_mean": [
    [
      0.2209477722644806,
      0.9666783809661865
    ],
    [
      0.7983092069625854,
      0.8113410472869873
    ]
  ],
  "skills_cov": [
    [
      [
        0.021847235038876534,
        0.011838921345770359
      ],
      [
        0.011838921345770359,
        0.02412698045372963
      ]
    ],
    [
      [
        0.017232773825526237,
        0.009865514934062958
      ],
      [
        0.009865514934062958,
        0.022525625303387642
      ]
    ]
  ],
  "probs_grid": [
    [
      0.06602536141872406,
      0.10513035953044891,
      0.08696562796831131,
      0.04982764273881912,
      0.022243864834308624,
      0.008251925930380821,
      0.002649674890562892,
      0.0007573797483928502,
      0.00019671116024255753
    ],
    [
      0.0711011067032814,
      0.11141395568847656,
      0.09068954735994339,
      0.051125042140483856,
      0.022453615441918373,
      0.008194191381335258,
      0.0025881067849695683,
      0.0007276295218616724,
      0.000185867102118209
    ],
    [
      0.03991137444972992,
      0.06153778359293938,
      0.04928293451666832,
      0.02733183093369007,
      0.011808041483163834,
      0.004238558933138847,
      0.0013166858116164804,
      0.00036405480932444334,
      9.14510092115961e-05
    ],
    [
      0.015569664537906647,
      0.023618187755346298,
      0.018607214093208313,
      0.010150650516152382,
      0.0043132733553647995,
      0.0015227084513753653,
      0.0004651785420719534,
      0.00012647775292862207,
      3.124062277493067e-05
    ],
    [
      0.004748375155031681,
      0.007085628341883421,
      0.005490842740982771,
      0.002946052234619856,
      0.0012311408063396811,
      0.00042740567005239427,
      0.00012839111150242388,
      3.432378434808925e-05,
      8.3356790128164e-06
    ],
    [
      0.0012075041886419058,
      0.0017722905613481998,
      0.001350739854387939,
      0.0007127114804461598,
      0.00029287918005138636,
      9.997651795856655e-05,
      2.952855902549345e-05,
      7.761150300211739e-06,
      1.8529856333771022e-06
    ],
    [
      0.0002666878281161189,
      0.0003849586355499923,
      0.0002885222202166915,
      0.0001496981712989509,
      6.048611248843372e-05,
      2.0300210962886922e-05,
      5.894590231037e-06,
      1.5230755252559902e-06,
      3.5746148796533816e-07
    ],
    [
      5.261229307507165e-05,
      7.468220428563654e-05,
      5.503855209099129e-05,
      2.8077425668016076e-05,
      1.115371378546115e-05,
      3.680107738546212e-06,
      1.0504718375159428e-06,
      2.6680871201278933e-07,
      6.15509279100479e-08
    ],
    [
      9.463622518524062e-06,
      1.3208810742071364e-05,
      9.571009286446497e-06,
      4.800224814971443e-06,
      1.8746053456197842e-06,
      6.080097136873519e-07,
      1.705964081111233e-07,
      4.258914287902371e-08,
      9.656657695700233e-09
    ]
  ],
  "probs_results": [
    0.23824936151504517,
    0.2574313282966614,
    0.5043191313743591
  ]
}