{
  "skills_mean": [
    [
      0.25439566373825073,
      0.8725783824920654
    ],
    [
      0.7976778149604797,
      1.1316744089126587
    ]
  ],
  "skills_cov": [
    [
      [
        0.0234389528632164,
        0.01388118602335453
      ],
      [
        0.01388118602335453,
        0.027714990079402924
      ]
    ],
    [
      [
        0.01667173020541668,
        0.010220563039183617
      ],
      [
        0.010220563039183617,
        0.025824081152677536
      ]
    ]
  ],
  "probs_grid": [
    [
      0.07398853451013565,
      0.12767210602760315,
      0.11473199725151062,
      0.07158438116312027,
      0.03488177806138992,
      0.014157954603433609,
      0.004985368344932795,
      0.0015662666410207748,
      0.00044812820851802826
    ],
    [
      0.06081283465027809,
      0.10312948375940323,
      0.0910690426826477,
      0.05582810938358307,
      0.026726027950644493,
      0.010655993595719337,
      0.003685605013743043,
      0.0011372604640200734,
      0.0003195558674633503
    ],
    [
      0.026179185137152672,
      0.04362209886312485,
      0.03784484043717384,
      0.022790435701608658,
      0.010716523975133896,
      0.004196560475975275,
      0.0014254491543397307,
      0.00043192930752411485,
      0.00011917380470549688
    ],
    [
      0.00786963663995266,
      0.012881957925856113,
      0.010977675206959248,
      0.006492935121059418,
      0.002998374169692397,
      0.001153006567619741,
      0.00038455845788121223,
      0.00011441041715443134,
      3.099189780186862e-05
    ],
    [
      0.001858277595601976,
      0.0029876779299229383,
      0.0025004216004163027,
      0.001452290453016758,
      0.0006585221271961927,
      0.0002486297453287989,
      8.141216676449403e-05,
      2.377772943873424e-05,
      6.322738045128062e-06
    ],
    [
      0.00036763650132343173,
      0.0005804453394375741,
      0.0004770006926264614,
      0.0002720187185332179,
      0.00012109320232411847,
      4.4882279325975105e-05,
      1.4426282177737448e-05,
      4.135727976972703e-06,
      1.0793947922138614e-06
    ],
    [
      6.347032467601821e-05,
      9.839256381383166e-05,
      7.93834260548465e-05,
      4.444101796252653e-05,
      1.9419869204284623e-05,
      7.06500804881216e-06,
      2.228823177574668e-06,
      6.270943799790984e-07,
      1.606200044079742e-07
    ],
    [
      9.834743650571909e-06,
      1.4967111383157317e-05,
      1.1853655450977385e-05,
      6.513569587696111e-06,
      2.7935957405134104e-06,
      9.974329486794886e-07,
      3.0879888868184935e-07,
      8.525877603915433e-08,
      2.142849631070476e-08
    ],
    [
      1.3960838032289757e-06,
      2.0854893136856845e-06,
      1.6210988178499974e-06,
      8.742436534703302e-07,
      3.679627980091027e-07,
      1.289214566213559e-07,
      3.9164660847745836e-08,
      1.0609953804419092e-08,
      2.6163946564849994e-09
    ]
  ],
  "probs_results": [
    0.22223281860351562,
    0.17338189482688904,
    0.6043854355812073
  ]
}