{
  "skills_mean": [
    [
      0.3324006497859955,
      0.9007042646408081
    ],
    [
      0.23846030235290527,
      0.7017745971679688
    ]
  ],
  "skills_cov": [
    [
      [
        0.018102826550602913,
        0.009771116077899933
      ],
      [
        0.009771116077899933,
        0.020427273586392403
      ]
    ],
    [
      [
        0.020218057557940483,
        0.011772176250815392
      ],
      [
        0.011772176250815392,
        0.02567836083471775
      ]
    ]
  ],
  "probs_grid": [
    [
      0.09526956081390381,
      0.09540538489818573,
      0.04964453727006912,
      0.017896434292197227,
      0.005027914885431528,
      0.0011741954367607832,
      0.000237425381783396,
      4.275206447346136e-05,
      6.997746822889894e-06
    ],
    [
      0.12505672872066498,
      0.12335638701915741,
      0.06321486085653305,
      0.02243884652853012,
      0.006206396035850048,
      0.0014267370570451021,
      0.0002839362423401326,
      5.031326145399362e-05,
      8.103262189251836e-06
    ],
    [
      0.085506871342659,
      0.0830642431974411,
      0.041913896799087524,
      0.014647283591330051,
      0.003987934906035662,
      0.0009022829472087324,
      0.0001767059147823602,
      3.0809780582785606e-05,
      4.881904715148266e-06
    ],
    [
      0.04060100018978119,
      0.03883615508675575,
      0.0192929245531559,
      0.00663666520267725,
      0.001778409699909389,
      0.00039596649003215134,
      7.630324398633093e-05,
      1.3088921150483657e-05,
      2.0402246718731476e-06
    ],
    [
      0.01506008580327034,
      0.01418226957321167,
      0.006935240235179663,
      0.0023480395320802927,
      0.0006191852153278887,
      0.00013565149856731296,
      2.571777622506488e-05,
      4.339783117757179e-06,
      6.653776836174075e-07
    ],
    [
      0.00465436652302742,
      0.004314538557082415,
      0.002076558768749237,
      0.0006918684230186045,
      0.0001795220741769299,
      3.8694397517247126e-05,
      7.21659671398811e-06,
      1.1978280554103549e-06,
      1.8062446827116219e-07
    ],
    [
      0.00124830799177289,
      0.0011389178689569235,
      0.0005394366453401744,
      0.00017684875638224185,
      4.514664760790765e-05,
      9.572689123160671e-06,
      1.7560952301209909e-06,
      2.866778743282339e-07,
      4.251251795039934e-08
    ],
    [
      0.0002988146443385631,
      0.000268296105787158,
      0.00012503993639256805,
      4.033139703096822e-05,
      1.0128588655788917e-05,
      2.1124719751242083e-06,
      3.811470605796785e-07,
      6.119024931194872e-08,
      8.922911298725467e-09
    ],
    [
      6.516429129987955e-05,
      5.7572306104702875e-05,
      2.6398914997116663e-05,
      8.376601726922672e-06,
      2.0692466478067217e-06,
      4.2446933434803213e-07,
      7.531750867428855e-08,
      1.1890261220059983e-08,
      1.704830276949565e-09
    ]
  ],
  "probs_results": [
    0.2678479552268982,
    0.4468834400177002,
    0.2852683365345001
  ]
}