{
  "skills_mean": [
    [
      0.0958050861954689,
      0.7913633584976196
    ],
    [
      0.6953445076942444,
      1.1045747995376587
    ]
  ],
  "skills_cov": [
    [
      [
        0.02511858008801937,
        0.011634759604930878
      ],
      [
        0.011634759604930878,
        0.02218569442629814
      ]
    ],
    [
      [
        0.017680007964372635,
        0.009986668825149536
      ],
      [
        0.009986668825149536,
        0.023550773039460182
      ]
    ]
  ],
  "probs_grid": [
    [
      0.08490680158138275,
      0.14387235045433044,
      0.12648558616638184,
      0.07691937685012817,
      0.03639790043234825,
      0.014293944463133812,
      0.004852335434406996,
      0.0014644203474745154,
      0.00040105931111611426
    ],
    [
      0.061211034655570984,
      0.10220016539096832,
      0.08851881325244904,
      0.053025856614112854,
      0.024713069200515747,
      0.009557527489960194,
      0.003194740740582347,
      0.0009492783574387431,
      0.0002559379208832979
    ],
    [
      0.023108962923288345,
      0.03800788149237633,
      0.03242408111691475,
      0.019128110259771347,
      0.008778272196650505,
      0.0033425260335206985,
      0.0010999280493706465,
      0.0003217193589080125,
      8.537521352991462e-05
    ],
    [
      0.006091238930821419,
      0.009866463951766491,
      0.008288229815661907,
      0.0048141456209123135,
      0.002174999564886093,
      0.0008152318187057972,
      0.00026404799427837133,
      7.600935350637883e-05,
      1.9849754608003423e-05
    ],
    [
      0.0012610399862751365,
      0.0020111538469791412,
      0.001663236995227635,
      0.0009509797673672438,
      0.0004228873585816473,
      0.00015599725884385407,
      4.9721991672413424e-05,
      1.4083969290368259e-05,
      3.6188475860399194e-06
    ],
    [
      0.00021869945339858532,
      0.0003433436795603484,
      0.00027948257047683,
      0.00015726913989055902,
      6.88218351569958e-05,
      2.4980887246783823e-05,
      7.834146344976034e-06,
      2.183158812840702e-06,
      5.518429020412441e-07
    ],
    [
      3.3094704122049734e-05,
      5.1134582463419065e-05,
      4.096106567885727e-05,
      2.268032585561741e-05,
      9.765218237589579e-06,
      3.487198682705639e-06,
      1.0758185453596525e-06,
      2.949030033505551e-07,
      7.332061358056308e-08
    ],
    [
      4.494298991630785e-06,
      6.832966391812079e-06,
      5.38537551619811e-06,
      2.933632003987441e-06,
      1.2425495015122578e-06,
      4.3646528524732275e-07,
      1.324407037373021e-07,
      3.570603368530101e-08,
      8.73053096484e-09
    ],
    [
      5.590841283265036e-07,
      8.362518997273582e-07,
      6.48363879918179e-07,
      3.474141010428866e-07,
      1.4473079090748797e-07,
      5.000010006028788e-08,
      1.4920631841164322e-08,
      3.955708649527878e-09,
      9.51075107558097e-10
    ]
  ],
  "probs_results": [
    0.22485047578811646,
    0.15375150740146637,
    0.6213982105255127
  ]
}