{
  "skills_mean": [
    [
      0.6013305187225342,
      1.0217454433441162
    ],
    [
      0.8144240379333496,
      1.1728949546813965
    ]
  ],
  "skills_cov": [
    [
      [
        0.018068181350827217,
        0.010411949828267097
      ],
      [
        0.010411949828267097,
        0.024633653461933136
      ]
    ],
    [
      [
        0.01602064073085785,
        0.009614587761461735
      ],
      [
        0.009614587761461735,
        0.024895621463656425
      ]
    ]
  ],
  "probs_grid": [
    [
      0.06891278922557831,
      0.10572294145822525,
      0.08422352373600006,
      0.04645109176635742,
      0.01995140314102173,
      0.00711797596886754,
      0.0021970237139612436,
      0.0006033959798514843,
      0.00015051272930577397
    ],
    [
      0.07534732669591904,
      0.11392924934625626,
      0.08944257348775864,
      0.04860735312104225,
      0.020569702610373497,
      0.007229630369693041,
      0.002198156900703907,
      0.0005946390447206795,
      0.00014608858327846974
    ],
    [
      0.04289138689637184,
      0.0639101043343544,
      0.0494379997253418,
      0.026469994336366653,
      0.01103497389703989,
      0.003820408834144473,
      0.0011441021924838424,
      0.00030481506837531924,
      7.374686538241804e-05
    ],
    [
      0.01694791205227375,
      0.024882018566131592,
      0.018962685018777847,
      0.010001654736697674,
      0.004107018932700157,
      0.0014004386030137539,
      0.0004130304732825607,
      0.00010836355795618147,
      2.5816014385782182e-05
    ],
    [
      0.005229115020483732,
      0.007563263177871704,
      0.005677938461303711,
      0.002949770074337721,
      0.0011929706670343876,
      0.0004006059898529202,
      0.00011634604743449017,
      3.0056460673222318e-05,
      7.0501714617421385e-06
    ],
    [
      0.001343701034784317,
      0.0019144340185448527,
      0.0014155873795971274,
      0.0007242854917421937,
      0.0002884630230255425,
      9.538548329146579e-05,
      2.7276524633634835e-05,
      6.937737452972215e-06,
      1.6021195961002377e-06
    ],
    [
      0.0002995261165779084,
      0.00042031766497530043,
      0.00030608344241045415,
      0.0001542203244753182,
      6.0480550018837675e-05,
      1.9691071429406293e-05,
      5.543792667594971e-06,
      1.388158239024051e-06,
      3.155682009037264e-07
    ],
    [
      5.9569607401499525e-05,
      8.232371328631416e-05,
      5.9034646255895495e-05,
      2.928825415438041e-05,
      1.1308875400573015e-05,
      3.6248820833861828e-06,
      1.0046716170108994e-06,
      2.4764051431702683e-07,
      5.541370740047569e-08
    ],
    [
      1.0789262887556106e-05,
      1.4682646906294394e-05,
      1.0367244613007642e-05,
      5.063999196863733e-06,
      1.925005790326395e-06,
      6.074208727113728e-07,
      1.6572033700867905e-07,
      4.020726507292238e-08,
      8.855385758010925e-09
    ]
  ],
  "probs_results": [
    0.24360652267932892,
    0.2716323435306549,
    0.48476147651672363
  ]
}