{
  "skills_mean": [
    [
      -0.1409243643283844,
      0.5721936225891113
    ],
    [
      0.007217220030725002,
      0.5916548371315002
    ]
  ],
  "skills_cov": [
    [
      [
        0.021413514390587807,
        0.010759323835372925
      ],
      [
        0.010759323835372925,
        0.022944502532482147
      ]
    ],
    [
      [
        0.022319156676530838,
        0.012025877833366394
      ],
      [
        0.012025877833366394,
        0.02473902516067028
      ]
    ]
  ],
  "probs_grid": [
    [
      0.12872284650802612,
      0.14016026258468628,
      0.07963110506534576,
      0.03147256374359131,
      0.009733954444527626,
      0.002512722508981824,
      0.0005638786242343485,
      0.00011313743743812665,
      2.0716603103210218e-05
    ],
    [
      0.11977939307689667,
      0.12847687304019928,
      0.07188592106103897,
      0.02797374501824379,
      0.008516603149473667,
      0.002163655124604702,
      0.0004777597787324339,
      9.430391946807504e-05,
      1.6985017282422632e-05
    ],
    [
      0.05821732431650162,
      0.061496227979660034,
      0.033878009766340256,
      0.012977076694369316,
      0.003888241946697235,
      0.0009719617664813995,
      0.00021113670663908124,
      4.099221769138239e-05,
      7.260799975483678e-06
    ],
    [
      0.019704852253198624,
      0.02049323543906212,
      0.01111282967031002,
      0.004189257975667715,
      0.0012350400211289525,
      0.00030371296452358365,
      6.489169754786417e-05,
      1.2389869880280457e-05,
      2.1578548512479756e-06
    ],
    [
      0.005224732682108879,
      0.005348560865968466,
      0.002854282269254327,
      0.0010586921125650406,
      0.00030703877564519644,
      7.426422962453216e-05,
      1.5604065993102267e-05,
      2.929413767560618e-06,
      5.015788815398992e-07
    ],
    [
      0.0011574954260140657,
      0.0011660815216600895,
      0.000612266652751714,
      0.00022340127907227725,
      6.372448115143925e-05,
      1.5157174857449718e-05,
      3.1313736599258846e-06,
      5.77927096401254e-07,
      9.726752381311599e-08
    ],
    [
      0.00022316719696391374,
      0.00022119918139651418,
      0.0001142510081990622,
      4.1000996134243906e-05,
      1.1500958862598054e-05,
      2.6896609597315546e-06,
      5.462640046971501e-07,
      9.909906140137537e-08,
      1.6392215584914993e-08
    ],
    [
      3.851187284453772e-05,
      3.7549511034740135e-05,
      1.907493242470082e-05,
      6.731465418852167e-06,
      1.8564959418654325e-06,
      4.2681486434048566e-07,
      8.520537875256196e-08,
      1.519150139017711e-08,
      2.469347171185632e-09
    ],
    [
      6.071944881114177e-06,
      5.822542334499303e-06,
      2.9085501864756225e-06,
      1.00916440715082e-06,
      2.736040585205046e-07,
      6.182793299558398e-08,
      1.2130319859693373e-08,
      2.1252632986801245e-09,
      3.3943106658718136e-10
    ]
  ],
  "probs_results": [
    0.2955937385559082,
    0.30925142765045166,
    0.3951547145843506
  ]
}