{
  "skills_mean": [
    [
      0.5361917018890381,
      0.8595120310783386
    ],
    [
      0.6138741374015808,
      1.0302057266235352
    ]
  ],
  "skills_cov": [
    [
      [
        0.02159372717142105,
        0.011840451508760452
      ],
      [
        0.011840451508760452,
        0.025732891634106636
      ]
    ],
    [
      [
        0.019491475075483322,
        0.011399760842323303
      ],
      [
        0.011399760842323303,
        0.025236451998353004
      ]
    ]
  ],
  "probs_grid": [
    [
      0.06665407121181488,
      0.09869609773159027,
      0.07618652284145355,
      0.04087481647729874,
      0.017145030200481415,
      0.00599660724401474,
      0.001821526326239109,
      0.000494208827149123,
      0.00012224495003465563
    ],
    [
      0.07852549105882645,
      0.11428309977054596,
      0.08669747412204742,
      0.04570705443620682,
      0.018837405368685722,
      0.006472968962043524,
      0.0019315771060064435,
      0.0005147926858626306,
      0.00012507442443165928
    ],
    [
      0.04831806570291519,
      0.06910619139671326,
      0.05151451379060745,
      0.026683902367949486,
      0.010804097168147564,
      0.0036469909828156233,
      0.0010689867194741964,
      0.0002798275963868946,
      6.677234341623262e-05
    ],
    [
      0.020702501758933067,
      0.02909437008202076,
      0.021308569237589836,
      0.010843377560377121,
      0.004312760196626186,
      0.0014299381291493773,
      0.0004116591007914394,
      0.00010583005496300757,
      2.479944669175893e-05
    ],
    [
      0.006948031019419432,
      0.009593416936695576,
      0.006902415305376053,
      0.003450268181040883,
      0.0013478699838742614,
      0.0004389154491946101,
      0.00012409119517542422,
      3.132739948341623e-05,
      7.2084858402376994e-06
    ],
    [
      0.0019481010967865586,
      0.0026424045208841562,
      0.0018675064202398062,
      0.0009168758406303823,
      0.00035177686368115246,
      0.00011249390081502497,
      3.123121496173553e-05,
      7.741865374555346e-06,
      1.749101215864357e-06
    ],
    [
      0.00047528641880489886,
      0.0006332480115815997,
      0.000439570372691378,
      0.00021194916917011142,
      7.985645061125979e-05,
      2.5076238671317697e-05,
      6.8357344389369246e-06,
      1.663716489019862e-06,
      3.6903142586197646e-07
    ],
    [
      0.00010377224680269137,
      0.00013579675578512251,
      9.257523197447881e-05,
      4.383442865218967e-05,
      1.6217292795772664e-05,
      5.000184046366485e-06,
      1.3382514225668274e-06,
      3.197690432443778e-07,
      6.963115595226554e-08
    ],
    [
      2.0696426872746088e-05,
      2.6598314434522763e-05,
      1.7806358300731517e-05,
      8.278992027044296e-06,
      3.00740475722705e-06,
      9.103799811782665e-07,
      2.3920608782646013e-07,
      5.611068587541013e-08,
      1.1994068849219275e-08
    ]
  ],
  "probs_results": [
    0.24479125440120697,
    0.30405279994010925,
    0.4511561393737793
  ]
}