{
  "skills_mean": [
    [
      -0.1409243792295456,
      0.5721936821937561
    ],
    [
      0.00721722049638629,
      0.591654896736145
    ]
  ],
  "skills_cov": [
    [
      [
        0.021413441747426987,
        0.010759267956018448
      ],
      [
        0.010759267956018448,
        0.02294442057609558
      ]
    ],
    [
      [
        0.022319085896015167,
        0.012025825679302216
      ],
      [
        0.012025825679302216,
        0.024738945066928864
      ]
    ]
  ],
  "probs_grid": [
    [
      0.12872286140918732,
      0.14016026258468628,
      0.07963110506534576,
      0.03147255256772041,
      0.009733946062624454,
      0.0025127187836915255,
      0.0005638774018734694,
      0.00011313713184790686,
      2.071652670565527e-05
    ],
    [
      0.11977940797805786,
      0.12847690284252167,
      0.07188592851161957,
      0.02797374129295349,
      0.008516600355505943,
      0.002163653029128909,
      0.0004777589056175202,
      9.4303693913389e-05,
      1.6984960893751122e-05
    ],
    [
      0.05821732059121132,
      0.06149622052907944,
      0.033878013491630554,
      0.012977076694369316,
      0.003888240549713373,
      0.0009719607187435031,
      0.00021113645925652236,
      4.099213037989102e-05,
      7.260779511852888e-06
    ],
    [
      0.019704844802618027,
      0.02049322985112667,
      0.011112827807664871,
      0.0041892570443451405,
      0.0012350395554676652,
      0.00030371281900443137,
      6.489163206424564e-05,
      1.2389848961902317e-05,
      2.157849849027116e-06
    ],
    [
      0.005224727559834719,
      0.00534855667501688,
      0.0028542811051011086,
      0.0010586912976577878,
      0.0003070386010222137,
      7.426417869282886e-05,
      1.5604049622197635e-05,
      2.9294094474607846e-06,
      5.015777446715219e-07
    ],
    [
      0.0011574929812923074,
      0.001166079891845584,
      0.0006122660124674439,
      0.00022340106079354882,
      6.372442294377834e-05,
      1.515716030553449e-05,
      3.1313691124523757e-06,
      5.779263005933899e-07,
      9.726731775572262e-08
    ],
    [
      0.00022316658578347415,
      0.00022119877394288778,
      0.000114250804472249,
      4.1000959754455835e-05,
      1.1500938853714615e-05,
      2.6896573217527475e-06,
      5.46263208889286e-07,
      9.909891218740086e-08,
      1.6392183610491884e-08
    ],
    [
      3.8511752791237086e-05,
      3.7549423723248765e-05,
      1.9074896044912748e-05,
      6.731453595421044e-06,
      1.8564927586339763e-06,
      4.2681421064116876e-07,
      8.520524374944216e-08,
      1.5191483626608715e-08,
      2.4693418421151136e-09
    ],
    [
      6.071919870009879e-06,
      5.822524144605268e-06,
      2.908541773649631e-06,
      1.00916190604039e-06,
      2.7360343324289715e-07,
      6.182779088703683e-08,
      1.2130293214340782e-08,
      2.125259079832631e-09,
      3.3943037269779097e-10
    ]
  ],
  "probs_results": [
    0.29559382796287537,
    0.30925145745277405,
    0.3951546847820282
  ]
}