{
  "skills_mean": [
    [
      0.5967305898666382,
      1.1758708953857422
    ],
    [
      0.7217454314231873,
      1.3161224126815796
    ]
  ],
  "skills_cov": [
    [
      [
        0.016641678288578987,
        0.009790000505745411
      ],
      [
        0.009790000505745411,
        0.025164034217596054
      ]
    ],
    [
      [
        0.016015397384762764,
        0.009805677458643913
      ],
      [
        0.009805677458643913,
        0.026189569383859634
      ]
    ]
  ],
  "probs_grid": [
    [
      0.11227405816316605,
      0.1358756422996521,
      0.08547566831111908,
      0.03726423531770706,
      0.012665149755775928,
      0.0035792705602943897,
      0.0008760696509853005,
      0.00019100427743978798,
      3.786399247474037e-05
    ],
    [
      0.10585731267929077,
      0.12647928297519684,
      0.0785350427031517,
      0.03378836810588837,
      0.011330697685480118,
      0.0031588785350322723,
      0.0007625974831171334,
      0.00016396392311435193,
      3.20490580634214e-05
    ],
    [
      0.05197674036026001,
      0.061296962201595306,
      0.037560176104307175,
      0.015943843871355057,
      0.0052743167616426945,
      0.0014502833364531398,
      0.00034526779199950397,
      7.319547876249999e-05,
      1.4104733054409735e-05
    ],
    [
      0.017719704657793045,
      0.02062145061790943,
      0.012466901913285255,
      0.005220327060669661,
      0.0017032269388437271,
      0.0004618391685653478,
      0.00010840786126209423,
      2.2656591681879945e-05,
      4.303507012082264e-06
    ],
    [
      0.004718336742371321,
      0.005417390260845423,
      0.00323066976852715,
      0.0013342059683054686,
      0.00042925929301418364,
      0.00011476134386612102,
      2.6555962904240005e-05,
      5.470592896017479e-06,
      1.024109906211379e-06
    ],
    [
      0.0010466600069776177,
      0.0011853808537125587,
      0.0006971720140427351,
      0.00028391083469614387,
      9.00588565855287e-05,
      2.3735041395411827e-05,
      5.41360032002558e-06,
      1.099091150535969e-06,
      2.0275423651128222e-07
    ],
    [
      0.0002014680067077279,
      0.00022502236242871732,
      0.00013049949484411627,
      5.239484744379297e-05,
      1.6383652109652758e-05,
      4.2559249777696095e-06,
      9.566572316543898e-07,
      1.913899438932276e-07,
      3.4787458247365066e-08
    ],
    [
      3.46093911502976e-05,
      3.811560964095406e-05,
      2.1792784536955878e-05,
      8.625012924312614e-06,
      2.658228140717256e-06,
      6.805074121984944e-07,
      1.5073050008140854e-07,
      2.9711335614024392e-08,
      5.320321960766705e-09
    ],
    [
      5.416168733063387e-06,
      5.880533535673749e-06,
      3.3142337088065688e-06,
      1.2927988564115367e-06,
      3.926554086319811e-07,
      9.904883313538448e-08,
      2.161559109481459e-08,
      4.197509451131509e-09,
      7.404028501412085e-10
    ]
  ],
  "probs_results": [
    0.28199443221092224,
    0.28870272636413574,
    0.42930281162261963
  ]
}