{
  "skills_mean": [
    [
      0.7796251177787781,
      0.7858494520187378
    ],
    [
      0.08445663750171661,
      0.7709171175956726
    ]
  ],
  "skills_cov": [
    [
      [
        0.01688695326447487,
        0.009551230818033218
      ],
      [
        0.009551230818033218,
        0.022067716345191002
      ]
    ],
    [
      [
        0.02580697275698185,
        0.012273266911506653
      ],
      [
        0.012273266911506653,
        0.023096410557627678
      ]
    ]
  ],
  "probs_grid": [
    [
      0.054384734481573105,
      0.05290103331208229,
      0.026910698041319847,
      0.009544724598526955,
      0.002655190182849765,
      0.000617891491856426,
      0.0001252853689948097,
      2.276425038871821e-05,
      3.7833995065739146e-06
    ],
    [
      0.10212219506502151,
      0.09774138033390045,
      0.048915013670921326,
      0.01706552691757679,
      0.004669081419706345,
      0.0010684920707717538,
      0.00021302548702806234,
      3.805476808338426e-05,
      6.217538611963391e-06
    ],
    [
      0.09946761280298233,
      0.0936642587184906,
      0.04611112177371979,
      0.015823014080524445,
      0.004257450345903635,
      0.0009580417536199093,
      0.0001877976901596412,
      3.298126102890819e-05,
      5.297045845509274e-06
    ],
    [
      0.06699788570404053,
      0.062065836042165756,
      0.0300552099943161,
      0.010143306106328964,
      0.0026838616468012333,
      0.0005938326939940453,
      0.000114443275379017,
      1.975802479137201e-05,
      3.119213943136856e-06
    ],
    [
      0.03510509431362152,
      0.03199107572436333,
      0.015237082727253437,
      0.00505719892680645,
      0.0013157862704247236,
      0.0002862420806195587,
      5.423228503786959e-05,
      9.203767149301711e-06,
      1.4281777112046257e-06
    ],
    [
      0.015261459164321423,
      0.013680183328688145,
      0.006408315617591143,
      0.0020915812347084284,
      0.0005350826540961862,
      0.00011444352276157588,
      2.131536530214362e-05,
      3.5557882256398443e-06,
      5.423119091574335e-07
    ],
    [
      0.0057335468009114265,
      0.005055105779320002,
      0.002328815869987011,
      0.0007474223966710269,
      0.00018800143152475357,
      3.9530648791696876e-05,
      7.237591489683837e-06,
      1.186738018077449e-06,
      1.7788853767797264e-07
    ],
    [
      0.001914443215355277,
      0.001660104258917272,
      0.0007520923390984535,
      0.00023734534624964,
      5.8695652114693075e-05,
      1.2132856682001147e-05,
      2.1835562620253768e-06,
      3.5190623748349026e-07,
      5.184244855627185e-08
    ],
    [
      0.0005799121572636068,
      0.0004945605178363621,
      0.00022032600827515125,
      6.83651669532992e-05,
      1.6621606846456416e-05,
      3.377519988134736e-06,
      5.974836199129641e-07,
      9.46403773127713e-08,
      1.3702102563684093e-08
    ]
  ],
  "probs_results": [
    0.2099262923002243,
    0.6001618504524231,
    0.18991191685199738
  ]
}