{
  "skills_mean": [
    [
      0.2879115641117096,
      0.9284552335739136
    ],
    [
      -0.30189865827560425,
      0.29537639021873474
    ]
  ],
  "skills_cov": [
    [
      [
        0.023462606593966484,
        0.013779065571725368
      ],
      [
        0.013779065571725368,
        0.027226770296692848
      ]
    ],
    [
      [
        0.023935722187161446,
        0.012066928669810295
      ],
      [
        0.012066928669810295,
        0.02532101795077324
      ]
    ]
  ],
  "probs_grid": [
    [
      0.08409750461578369,
      0.04938863590359688,
      0.015224235132336617,
      0.0032841672655194998,
      0.0005577320116572082,
      7.953158637974411e-05,
      9.919022886606399e-06,
      1.112805875891354e-06,
      1.1463450988458135e-07
    ],
    [
      0.152938112616539,
      0.08825578540563583,
      0.02672380581498146,
      0.005661169067025185,
      0.0009438509587198496,
      0.00013209925964474678,
      1.616611007193569e-05,
      1.779227545739559e-06,
      1.7976654476115073e-07
    ],
    [
      0.14536963403224945,
      0.08241408318281174,
      0.024509111419320107,
      0.00509781576693058,
      0.0008342856890521944,
      0.00011458725930424407,
      1.375827196170576e-05,
      1.4853069387754658e-06,
      1.4717343788106518e-07
    ],
    [
      0.09627773612737656,
      0.05361396074295044,
      0.015656888484954834,
      0.0031970315612852573,
      0.00051351438742131,
      6.920628220541403e-05,
      8.151669135258999e-06,
      8.631372452327923e-07,
      8.386632543988526e-08
    ],
    [
      0.04997501149773598,
      0.027331272140145302,
      0.007836555130779743,
      0.0015707011334598064,
      0.00024758311337791383,
      3.273681795690209e-05,
      3.7823883758392185e-06,
      3.927711134110723e-07,
      3.742004750506567e-08
    ],
    [
      0.021682457998394966,
      0.011644135229289532,
      0.003277575597167015,
      0.000644755840767175,
      9.972318366635591e-05,
      1.2935705854033586e-05,
      1.4659126463811845e-06,
      1.4927418590104935e-07,
      1.3943509458158587e-08
    ],
    [
      0.008189241401851177,
      0.004317947197705507,
      0.0011930285254493356,
      0.00023031383170746267,
      3.495033524814062e-05,
      4.44717306891107e-06,
      4.9425830184191e-07,
      4.935154862550917e-08,
      4.51939907719634e-09
    ],
    [
      0.0027689398266375065,
      0.0014332790160551667,
      0.0003886743215844035,
      7.36273723305203e-05,
      1.0961307452816982e-05,
      1.3680394204129698e-06,
      1.4910376933130465e-07,
      1.4597424602413867e-08,
      1.310454966763075e-09
    ],
    [
      0.0008554405649192631,
      0.0004346559289842844,
      0.00011567540786927566,
      2.150014552171342e-05,
      3.139944965369068e-06,
      3.84353683102745e-07,
      4.107837625610955e-08,
      3.942904669429481e-09,
      3.4698041662117873e-10
    ]
  ],
  "probs_results": [
    0.20043112337589264,
    0.6907918453216553,
    0.10877709835767746
  ]
}