{
  "skills_mean": [
    [
      0.2677375376224518,
      0.907390296459198
    ],
    [
      -0.27847790718078613,
      0.36244964599609375
    ]
  ],
  "skills_cov": [
    [
      [
        0.024256737902760506,
        0.014471412636339664
      ],
      [
        0.014471412636339664,
        0.028252502903342247
      ]
    ],
    [
      [
        0.02347472868859768,
        0.011243623681366444
      ],
      [
        0.011243623681366444,
        0.023638296872377396
      ]
    ]
  ],
  "probs_grid": [
    [
      0.09533010423183441,
      0.05823689326643944,
      0.0186840258538723,
      0.004197202157229185,
      0.0007426643860526383,
      0.0001103999384213239,
      1.4361055036715697e-05,
      1.6813112324598478e-06,
      1.8083152042436268e-07
    ],
    [
      0.1602366715669632,
      0.09620525687932968,
      0.03032476082444191,
      0.0066908178851008415,
      0.0011624625185504556,
      0.00016963043890427798,
      2.1655054297298193e-05,
      2.4874559585441602e-06,
      2.6243313300255977e-07
    ],
    [
      0.14070534706115723,
      0.08300938457250595,
      0.025702189654111862,
      0.005568906664848328,
      0.0009498773724772036,
      0.0001360435999231413,
      1.7041737010004e-05,
      1.92039647117781e-06,
      1.9872057066550042e-07
    ],
    [
      0.08605051785707474,
      0.04987315833568573,
      0.01516628172248602,
      0.003226467175409198,
      0.0005402060924097896,
      7.592717156512663e-05,
      9.331676665169653e-06,
      1.0314977316738805e-06,
      1.046798132620097e-07
    ],
    [
      0.04122666269540787,
      0.02346998266875744,
      0.007008489221334457,
      0.0014637173153460026,
      0.00024052802473306656,
      3.317242953926325e-05,
      3.999600266979542e-06,
      4.3362226165299944e-07,
      4.315260682119515e-08
    ],
    [
      0.016502410173416138,
      0.009226418100297451,
      0.0027050848584622145,
      0.0005545486346818507,
      8.942733256844804e-05,
      1.2100596904929262e-05,
      1.431126065654098e-06,
      1.5216591009448166e-07,
      1.4848263951705576e-08
    ],
    [
      0.005748047027736902,
      0.0031556866597384214,
      0.0009082778706215322,
      0.00018274706962984055,
      2.8917116651427932e-05,
      3.83858196073561e-06,
      4.452794541975891e-07,
      4.642788198339076e-08,
      4.441860212978099e-09
    ],
    [
      0.0017916783690452576,
      0.0009657478658482432,
      0.0002728432882577181,
      5.387280907598324e-05,
      8.363798770005815e-06,
      1.0890767043747474e-06,
      1.2390077586132975e-07,
      1.2667553228595807e-08,
      1.1881597927754228e-09
    ],
    [
      0.0005100917187519372,
      0.00026991681079380214,
      7.484396337531507e-05,
      1.4500869838229846e-05,
      2.2086019271227997e-06,
      2.8208168600940553e-07,
      3.147103200262791e-08,
      3.1548021972582774e-09,
      2.9008320745482763e-10
    ]
  ],
  "probs_results": [
    0.22078384459018707,
    0.6514781713485718,
    0.12773795425891876
  ]
}