{
  "skills_mean": [
    [
      0.26541218161582947,
      0.9815443754196167
    ],
    [
      -0.30660486221313477,
      0.02519741654396057
    ]
  ],
  "skills_cov": [
    [
      [
        0.022826628759503365,
        0.012413349002599716
      ],
      [
        0.012413349002599716,
        0.02452310547232628
      ]
    ],
    [
      [
        0.021498167887330055,
        0.010103575885295868
      ],
      [
        0.010103575885295868,
        0.022351713851094246
      ]
    ]
  ],
  "probs_grid": [
    [
      0.05241168662905693,
      0.02924015186727047,
      0.008521991781890392,
      0.0017299645114690065,
      0.0002751727297436446,
      3.658120840555057e-05,
      4.2335673242632765e-06,
      4.3869926003026194e-07,
      4.15503365047698e-08
    ],
    [
      0.11979945749044418,
      0.06582090258598328,
      0.018887458369135857,
      0.00377410720102489,
      0.0005907841841690242,
      7.727420597802848e-05,
      8.797263944870792e-06,
      8.965798770077527e-07,
      8.350230018550064e-08
    ],
    [
      0.14258502423763275,
      0.07713989913463593,
      0.021791188046336174,
      0.004285631701350212,
      0.0006601285422220826,
      8.494625944877043e-05,
      9.512233191344421e-06,
      9.533856655252748e-07,
      8.730651757105079e-08
    ],
    [
      0.11780306696891785,
      0.0627482607960701,
      0.017447948455810547,
      0.0033769477158784866,
      0.0005117928958497941,
      6.478589784819633e-05,
      7.135228770493995e-06,
      7.032438702481159e-07,
      6.331734425657487e-08
    ],
    [
      0.07599510252475739,
      0.039849210530519485,
      0.010905768722295761,
      0.0020770160481333733,
      0.0003096897271461785,
      3.8560978282475844e-05,
      4.176689799351152e-06,
      4.047739707857545e-07,
      3.58295118019214e-08
    ],
    [
      0.040824197232723236,
      0.021071450784802437,
      0.00567522132769227,
      0.0010634846985340118,
      0.00015599126345477998,
      1.91040089703165e-05,
      2.0348688849480823e-06,
      1.938977192139646e-07,
      1.6872863994876752e-08
    ],
    [
      0.019019853323698044,
      0.009662398137152195,
      0.0025608683936297894,
      0.0004721350269392133,
      6.812178617110476e-05,
      8.205121048376895e-06,
      8.594067253397952e-07,
      8.051333821867956e-08,
      6.887321379878131e-09
    ],
    [
      0.007903378456830978,
      0.003951432649046183,
      0.0010304742027074099,
      0.00018690286378841847,
      2.6525229259277694e-05,
      3.1420115647051716e-06,
      3.2359437796003476e-07,
      2.980454638645824e-08,
      2.5061877018117684e-09
    ],
    [
      0.002989587839692831,
      0.001470904448069632,
      0.0003774136130232364,
      6.733948248438537e-05,
      9.399659575137775e-06,
      1.0949365787382703e-06,
      1.1087728069014702e-07,
      1.0039671316519616e-08,
      8.298198794776113e-10
    ]
  ],
  "probs_results": [
    0.14409060776233673,
    0.7869179248809814,
    0.06899169832468033
  ]
}