{
  "skills_mean": [
    [
      -0.24946348369121552,
      0.3713996410369873
    ],
    [
      -0.23610863089561462,
      0.45625633001327515
    ]
  ],
  "skills_cov": [
    [
      [
        0.023210253566503525,
        0.01087215356528759
      ],
      [
        0.01087215356528759,
        0.022913135588169098
      ]
    ],
    [
      [
        0.01915546879172325,
        0.009286632761359215
      ],
      [
        0.009286632761359215,
        0.018768424168229103
      ]
    ]
  ],
  "probs_grid": [
    [
      0.1316545605659485,
      0.137649804353714,
      0.07488767802715302,
      0.028265174478292465,
      0.008325745351612568,
      0.002041376894339919,
      0.0004339591832831502,
      8.226261707022786e-05,
      1.4194019968272187e-05
    ],
    [
      0.12550485134124756,
      0.12956489622592926,
      0.06958184391260147,
      0.02591813914477825,
      0.0075325267389416695,
      0.001821841113269329,
      0.000381958088837564,
      7.13943736627698e-05,
      1.214455915032886e-05
    ],
    [
      0.062258318066596985,
      0.06344479322433472,
      0.03362565115094185,
      0.012357894331216812,
      0.00354284537024796,
      0.0008450903696939349,
      0.0001747047936078161,
      3.219360951334238e-05,
      5.397947006713366e-06
    ],
    [
      0.02142694592475891,
      0.02154872938990593,
      0.01126835122704506,
      0.004085112363100052,
      0.0011550287017598748,
      0.0002716692688409239,
      5.5368069297401235e-05,
      1.0056943210656755e-05,
      1.661864075686026e-06
    ],
    [
      0.005755408201366663,
      0.00571080157533288,
      0.0029457963537424803,
      0.0010532352607697248,
      0.0002936362288892269,
      6.808849866501987e-05,
      1.367836375720799e-05,
      2.4485616449965164e-06,
      3.9869769352662843e-07
    ],
    [
      0.0012869039783254266,
      0.0012595896841958165,
      0.0006407814216800034,
      0.00022590479056816548,
      6.209035927895457e-05,
      1.4191501577442978e-05,
      2.8096862934035016e-06,
      4.956064003636129e-07,
      7.950755076535643e-08
    ],
    [
      0.0002494998916517943,
      0.00024083693278953433,
      0.00012080710439477116,
      4.1987419535871595e-05,
      1.1375102076272015e-05,
      2.5622803150326945e-06,
      4.998693725610792e-07,
      8.68706280243714e-08,
      1.3728456593753435e-08
    ],
    [
      4.313747558626346e-05,
      4.1057268390432e-05,
      2.0303274141042493e-05,
      6.9554698711726815e-06,
      1.857063807619852e-06,
      4.1218876845050545e-07,
      7.922484712707956e-08,
      1.3562922340781824e-08,
      2.111157915152262e-09
    ],
    [
      6.789272447349504e-06,
      6.370291430357611e-06,
      3.105019004578935e-06,
      1.0482990546734072e-06,
      2.7579133643484965e-07,
      6.030908394905055e-08,
      1.1418814338526317e-08,
      1.9254380312361263e-09,
      2.9516161736964364e-10
    ]
  ],
  "probs_results": [
    0.29924169182777405,
    0.32519441843032837,
    0.37556394934654236
  ]
}