{
  "skills_mean": [
    [
      -0.27843618392944336,
      0.36239537596702576
    ],
    [
      -0.21404507756233215,
      0.486326664686203
    ]
  ],
  "skills_cov": [
    [
      [
        0.023598982021212578,
        0.011344712227582932
      ],
      [
        0.011344712227582932,
        0.023762501776218414
      ]
    ],
    [
      [
        0.01943141408264637,
        0.009714541956782341
      ],
      [
        0.009714541956782341,
        0.019578205421566963
      ]
    ]
  ],
  "probs_grid": [
    [
      0.1344435065984726,
      0.14467622339725494,
      0.08109015226364136,
      0.0315617099404335,
      0.009596108458936214,
      0.002430898603051901,
      0.0005344034289009869,
      0.00010485790699021891,
      1.8744764020084403e-05
    ],
    [
      0.1212088093161583,
      0.12870682775974274,
      0.07116489857435226,
      0.02731754258275032,
      0.008189469575881958,
      0.002045075409114361,
      0.0004431000561453402,
      8.567164331907406e-05,
      1.5088236978044733e-05
    ],
    [
      0.05692983418703079,
      0.05963428318500519,
      0.032519228756427765,
      0.012308169156312943,
      0.0036373725160956383,
      0.0008952209609560668,
      0.0001911283761728555,
      3.640675276983529e-05,
      6.315800874290289e-06
    ],
    [
      0.018572496250271797,
      0.019186707213521004,
      0.010316149331629276,
      0.003848995314911008,
      0.0011210570810362697,
      0.0002718755276873708,
      5.718525790143758e-05,
      1.072960458259331e-05,
      1.8331624005440972e-06
    ],
    [
      0.0047342549078166485,
      0.004822226706892252,
      0.002555852523073554,
      0.000939824793022126,
      0.00026972638443112373,
      6.444384052883834e-05,
      1.3351656889426522e-05,
      2.4671883238625014e-06,
      4.1506814341119025e-07
    ],
    [
      0.0010057378094643354,
      0.001009820494800806,
      0.0005274815484881401,
      0.0001911213039420545,
      5.4037685913499445e-05,
      1.2717167010123376e-05,
      2.594822717583156e-06,
      4.7214010123752814e-07,
      7.82024045520302e-08
    ],
    [
      0.00018546795763541013,
      0.00018352501501794904,
      9.445883188163862e-05,
      3.3717064070515335e-05,
      9.390048035129439e-06,
      2.176308271373273e-06,
      4.372497244276019e-07,
      7.832861115275591e-08,
      1.2771364410468777e-08
    ],
    [
      3.053578257095069e-05,
      2.9772232664981857e-05,
      1.5095828530320432e-05,
      5.3074813877174165e-06,
      1.4556609357896377e-06,
      3.3220013051504793e-07,
      6.571007560296493e-08,
      1.1587398596191179e-08,
      1.859552956062771e-09
    ],
    [
      4.5817255340807606e-06,
      4.400698344397824e-06,
      2.19778053178743e-06,
      7.609632461935689e-07,
      2.0550231738525326e-07,
      4.617154303332427e-08,
      8.990109101603139e-09,
      1.5603430769672855e-09,
      2.4642812790354185e-10
    ]
  ],
  "probs_results": [
    0.2998048663139343,
    0.3022955656051636,
    0.39789965748786926
  ]
}