{
  "skills_mean": [
    [
      0.5841055512428284,
      1.0144964456558228
    ],
    [
      -0.24659430980682373,
      0.48538604378700256
    ]
  ],
  "skills_cov": [
    [
      [
        0.019820742309093475,
        0.011723490431904793
      ],
      [
        0.011723490431904793,
        0.02571054734289646
      ]
    ],
    [
      [
        0.021189581602811813,
        0.011140885762870312
      ],
      [
        0.011140885762870312,
        0.02297491952776909
      ]
    ]
  ],
  "probs_grid": [
    [
      0.06970641016960144,
      0.03971850499510765,
      0.0118333101272583,
      0.0024577376898378134,
      0.00040032804827205837,
      5.45453185623046e-05,
      6.47543356535607e-06,
      6.889122801112535e-07,
      6.704639332610896e-08
    ],
    [
      0.14062541723251343,
      0.07890386879444122,
      0.023142261430621147,
      0.004730591084808111,
      0.0007581730023957789,
      0.00010162027319893241,
      1.1864950465678703e-05,
      1.2412066325850901e-06,
      1.1875523142634847e-07
    ],
    [
      0.1474950611591339,
      0.08148122578859329,
      0.023523181676864624,
      0.0047318171709775925,
      0.0007461055065505207,
      9.836353274295107e-05,
      1.1294030628050677e-05,
      1.1616330084507354e-06,
      1.092538397529097e-07
    ],
    [
      0.10722590982913971,
      0.05831247195601463,
      0.01656808890402317,
      0.003279237076640129,
      0.0005086452583782375,
      6.595157174160704e-05,
      7.446078143402701e-06,
      7.529239951509226e-07,
      6.960534193467538e-08
    ],
    [
      0.06077559292316437,
      0.03253219649195671,
      0.009095834568142891,
      0.0017711754189804196,
      0.0002702264755498618,
      3.445658876444213e-05,
      3.824931809504051e-06,
      3.802024366450496e-07,
      3.4545980298616996e-08
    ],
    [
      0.02864430472254753,
      0.015090038068592548,
      0.004151331726461649,
      0.0007952051819302142,
      0.0001193239149870351,
      1.4961235137889162e-05,
      1.6327968523910386e-06,
      1.595360146211533e-07,
      1.4246310797716433e-08
    ],
    [
      0.011692242696881294,
      0.006061324384063482,
      0.0016405385686084628,
      0.00030910689383745193,
      4.5614218834089115e-05,
      5.6234166549984366e-06,
      6.033172326169733e-07,
      5.793989998892357e-08,
      5.084580312342268e-09
    ],
    [
      0.004250919912010431,
      0.002168325474485755,
      0.0005773287848569453,
      0.0001069885547622107,
      1.5525183698628098e-05,
      1.8817609088728204e-06,
      1.9845457188694127e-07,
      1.873145372144336e-08,
      1.6153171022992296e-09
    ],
    [
      0.0014050370082259178,
      0.0007051136926747859,
      0.00018467119662091136,
      3.3656593586783856e-05,
      4.8022584451246075e-06,
      5.722314426748198e-07,
      5.9318889356063664e-08,
      5.502463373829869e-09,
      4.662623620532713e-10
    ]
  ],
  "probs_results": [
    0.17587070167064667,
    0.7346120476722717,
    0.08951745182275772
  ]
}